"=""Date""","=""Weight""","=""Round""","=""Winning Wrestler""","=""Winning Team""","=""Result""","=""Win Type""","=""Losing Wrestler""","=""Losing Team""","=""City""","=""State""","=""Event"""
"=""9/28/2024""","=""55""","=""RR Rnd 3""","=""Jack Sanders""","=""Mat Assassins""","=""12-3 1:23""","=""F""","=""Jacob Nelson""","=""Impact / Ranger Wrestling Club""","=""Manheim""","=""PA""","=""Journeymen Fall Classic and Women's World Classic"""
"=""9/28/2024""","=""106A""","=""RR Rnd 3""","=""Chase Phillips""","=""Ward Melville""","=""""","=""BYE""","=""""","=""""","=""Manheim""","=""PA""","=""Journeymen Fall Classic and Women's World Classic"""
"=""9/28/2024""","=""106A""","=""RR Rnd 3""","=""Jake Willliam Strickland""","=""Hard Rock""","=""""","=""BYE""","=""""","=""""","=""Manheim""","=""PA""","=""Journeymen Fall Classic and Women's World Classic"""
"=""9/28/2024""","=""106A""","=""RR Rnd 3""","=""Ethan Andreula""","=""Long Beach Hs/savage""","=""8-1 2:46""","=""F""","=""Logan Forgatch""","=""Scorpions""","=""Manheim""","=""PA""","=""Journeymen Fall Classic and Women's World Classic"""
"=""9/28/2024""","=""106A""","=""RR Rnd 3""","=""Turner Ross""","=""Edmond North""","=""""","=""BYE""","=""""","=""""","=""Manheim""","=""PA""","=""Journeymen Fall Classic and Women's World Classic"""
"=""9/28/2024""","=""75""","=""RR Rnd 3""","=""Vincent Kapral""","=""Ruthless""","=""""","=""BYE""","=""""","=""""","=""Manheim""","=""PA""","=""Journeymen Fall Classic and Women's World Classic"""
"=""9/28/2024""","=""106A""","=""RR Rnd 3""","=""Brock Humphrey""","=""Quest""","=""16-0 2:17""","=""TF""","=""Lucas Forman""","=""Wyoming Seminary""","=""Manheim""","=""PA""","=""Journeymen Fall Classic and Women's World Classic"""
"=""9/28/2024""","=""106A""","=""RR Rnd 3""","=""Tanner Connelly""","=""Ridge""","=""""","=""BYE""","=""""","=""""","=""Manheim""","=""PA""","=""Journeymen Fall Classic and Women's World Classic"""
"=""9/28/2024""","=""106A""","=""RR Rnd 3""","=""Braiden Lotier""","=""Bishop Mcdevitt""","=""10-0 1:27""","=""F""","=""Nikolas Duarte""","=""Cory Clark""","=""Manheim""","=""PA""","=""Journeymen Fall Classic and Women's World Classic"""
"=""9/28/2024""","=""75""","=""RR Rnd 3""","=""James Messina""","=""Ruthless Wrestling Club""","=""6-0""","=""DEC""","=""Andrew Allena""","=""Yale Street Wrestlign Club""","=""Manheim""","=""PA""","=""Journeymen Fall Classic and Women's World Classic"""
"=""9/28/2024""","=""106A""","=""RR Rnd 3""","=""William Soto""","=""Newburgh Free Academy""","=""7-0 0:57""","=""F""","=""Colton Schmiesing""","=""Vhw""","=""Manheim""","=""PA""","=""Journeymen Fall Classic and Women's World Classic"""
"=""9/28/2024""","=""75""","=""RR Rnd 3""","=""Dylan Verceles""","=""Loyola Blakefield""","=""11-0 3:44""","=""F""","=""Pearl Jewett""","=""General Brown""","=""Manheim""","=""PA""","=""Journeymen Fall Classic and Women's World Classic"""
"=""9/28/2024""","=""106A""","=""RR Rnd 3""","=""Brody Dicaprio""","=""Cba/ Journeymen""","=""15-4""","=""MD""","=""Chase Dubuque""","=""Njrtc""","=""Manheim""","=""PA""","=""Journeymen Fall Classic and Women's World Classic"""
"=""9/28/2024""","=""55""","=""RR Rnd 3""","=""Greyson Bosley""","=""Mayfield Mat Academy""","=""17-0 2:45""","=""TF""","=""Liam Donlon""","=""Ruthless Wrestling Club""","=""Manheim""","=""PA""","=""Journeymen Fall Classic and Women's World Classic"""
"=""9/28/2024""","=""75""","=""RR Rnd 3""","=""Georgie Dipsey""","=""Ruthless""","=""6-0""","=""DEC""","=""Dominick Defilippis""","=""Yale Street""","=""Manheim""","=""PA""","=""Journeymen Fall Classic and Women's World Classic"""
"=""9/28/2024""","=""106A""","=""RR Rnd 3""","=""Justin Farnsworth""","=""Malvern Prep""","=""""","=""BYE""","=""""","=""""","=""Manheim""","=""PA""","=""Journeymen Fall Classic and Women's World Classic"""
"=""9/28/2024""","=""106A""","=""RR Rnd 3""","=""Gabe Benyo""","=""Mat Assassins Wrestling Club""","=""11-0""","=""MD""","=""Trevor Patrovich""","=""Barn Brothers""","=""Manheim""","=""PA""","=""Journeymen Fall Classic and Women's World Classic"""
"=""9/28/2024""","=""106A""","=""RR Rnd 3""","=""Cael Muller""","=""Steller Trained""","=""""","=""BYE""","=""""","=""""","=""Manheim""","=""PA""","=""Journeymen Fall Classic and Women's World Classic"""
"=""9/28/2024""","=""106A""","=""RR Rnd 2""","=""Trevor Patrovich""","=""Barn Brothers""","=""14-7""","=""DEC""","=""Cael Muller""","=""Steller Trained""","=""Manheim""","=""PA""","=""Journeymen Fall Classic and Women's World Classic"""
"=""9/28/2024""","=""75""","=""RR Rnd 2""","=""Andrew Allena""","=""Yale Street Wrestlign Club""","=""""","=""BYE""","=""""","=""""","=""Manheim""","=""PA""","=""Journeymen Fall Classic and Women's World Classic"""
"=""9/28/2024""","=""55""","=""RR Rnd 2""","=""Jack Sanders""","=""Mat Assassins""","=""7-0 0:45""","=""F""","=""Liam Donlon""","=""Ruthless Wrestling Club""","=""Manheim""","=""PA""","=""Journeymen Fall Classic and Women's World Classic"""
"=""9/28/2024""","=""106A""","=""RR Rnd 2""","=""Ethan Andreula""","=""Long Beach Hs/savage""","=""""","=""BYE""","=""""","=""""","=""Manheim""","=""PA""","=""Journeymen Fall Classic and Women's World Classic"""
"=""9/28/2024""","=""55""","=""RR Rnd 2""","=""Greyson Bosley""","=""Mayfield Mat Academy""","=""3-0 0:31""","=""F""","=""Jacob Nelson""","=""Impact / Ranger Wrestling Club""","=""Manheim""","=""PA""","=""Journeymen Fall Classic and Women's World Classic"""
"=""9/28/2024""","=""106A""","=""RR Rnd 2""","=""Brock Humphrey""","=""Quest""","=""""","=""BYE""","=""""","=""""","=""Manheim""","=""PA""","=""Journeymen Fall Classic and Women's World Classic"""
"=""9/28/2024""","=""106A""","=""RR Rnd 2""","=""William Soto""","=""Newburgh Free Academy""","=""11-1""","=""MD""","=""Tanner Connelly""","=""Ridge""","=""Manheim""","=""PA""","=""Journeymen Fall Classic and Women's World Classic"""
"=""9/28/2024""","=""75""","=""RR Rnd 2""","=""Dylan Verceles""","=""Loyola Blakefield""","=""5-4""","=""DEC""","=""Dominick Defilippis""","=""Yale Street""","=""Manheim""","=""PA""","=""Journeymen Fall Classic and Women's World Classic"""
"=""9/28/2024""","=""106A""","=""RR Rnd 2""","=""Nikolas Duarte""","=""Cory Clark""","=""""","=""BYE""","=""""","=""""","=""Manheim""","=""PA""","=""Journeymen Fall Classic and Women's World Classic"""
"=""9/28/2024""","=""106A""","=""RR Rnd 2""","=""Chase Phillips""","=""Ward Melville""","=""3-1""","=""DEC""","=""Chase Dubuque""","=""Njrtc""","=""Manheim""","=""PA""","=""Journeymen Fall Classic and Women's World Classic"""
"=""9/28/2024""","=""106A""","=""RR Rnd 2""","=""Brody Dicaprio""","=""Cba/ Journeymen""","=""""","=""BYE""","=""""","=""""","=""Manheim""","=""PA""","=""Journeymen Fall Classic and Women's World Classic"""
"=""9/28/2024""","=""106A""","=""RR Rnd 2""","=""Jake Willliam Strickland""","=""Hard Rock""","=""3-0""","=""DEC""","=""Lucas Forman""","=""Wyoming Seminary""","=""Manheim""","=""PA""","=""Journeymen Fall Classic and Women's World Classic"""
"=""9/28/2024""","=""106A""","=""RR Rnd 2""","=""Gabe Benyo""","=""Mat Assassins Wrestling Club""","=""""","=""BYE""","=""""","=""""","=""Manheim""","=""PA""","=""Journeymen Fall Classic and Women's World Classic"""
"=""9/28/2024""","=""106A""","=""RR Rnd 2""","=""Justin Farnsworth""","=""Malvern Prep""","=""5-0""","=""DEC""","=""Braiden Lotier""","=""Bishop Mcdevitt""","=""Manheim""","=""PA""","=""Journeymen Fall Classic and Women's World Classic"""
"=""9/28/2024""","=""106A""","=""RR Rnd 2""","=""Turner Ross""","=""Edmond North""","=""15-0 1:54""","=""TF""","=""Logan Forgatch""","=""Scorpions""","=""Manheim""","=""PA""","=""Journeymen Fall Classic and Women's World Classic"""
"=""9/28/2024""","=""106A""","=""RR Rnd 2""","=""Colton Schmiesing""","=""Vhw""","=""""","=""BYE""","=""""","=""""","=""Manheim""","=""PA""","=""Journeymen Fall Classic and Women's World Classic"""
"=""9/28/2024""","=""75""","=""RR Rnd 2""","=""James Messina""","=""Ruthless Wrestling Club""","=""13-0 4:25""","=""F""","=""Vincent Kapral""","=""Ruthless""","=""Manheim""","=""PA""","=""Journeymen Fall Classic and Women's World Classic"""
"=""9/28/2024""","=""75""","=""RR Rnd 2""","=""Georgie Dipsey""","=""Ruthless""","=""19-3 2:14""","=""TF""","=""Pearl Jewett""","=""General Brown""","=""Manheim""","=""PA""","=""Journeymen Fall Classic and Women's World Classic"""
"=""9/28/2024""","=""75""","=""RR Rnd 1""","=""Andrew Allena""","=""Yale Street Wrestlign Club""","=""11-1""","=""MD""","=""Vincent Kapral""","=""Ruthless""","=""Manheim""","=""PA""","=""Journeymen Fall Classic and Women's World Classic"""
"=""9/28/2024""","=""106A""","=""RR Rnd 1""","=""Chase Dubuque""","=""Njrtc""","=""""","=""BYE""","=""""","=""""","=""Manheim""","=""PA""","=""Journeymen Fall Classic and Women's World Classic"""
"=""9/28/2024""","=""75""","=""RR Rnd 1""","=""Dominick Defilippis""","=""Yale Street""","=""16-2""","=""MD""","=""Pearl Jewett""","=""General Brown""","=""Manheim""","=""PA""","=""Journeymen Fall Classic and Women's World Classic"""
"=""9/28/2024""","=""106A""","=""RR Rnd 1""","=""Braiden Lotier""","=""Bishop Mcdevitt""","=""""","=""BYE""","=""""","=""""","=""Manheim""","=""PA""","=""Journeymen Fall Classic and Women's World Classic"""
"=""9/28/2024""","=""106A""","=""RR Rnd 1""","=""William Soto""","=""Newburgh Free Academy""","=""""","=""BYE""","=""""","=""""","=""Manheim""","=""PA""","=""Journeymen Fall Classic and Women's World Classic"""
"=""9/28/2024""","=""55""","=""RR Rnd 1""","=""Jacob Nelson""","=""Impact / Ranger Wrestling Club""","=""0-12 3:15""","=""F""","=""Liam Donlon""","=""Ruthless Wrestling Club""","=""Manheim""","=""PA""","=""Journeymen Fall Classic and Women's World Classic"""
"=""9/28/2024""","=""75""","=""RR Rnd 1""","=""James Messina""","=""Ruthless Wrestling Club""","=""""","=""BYE""","=""""","=""""","=""Manheim""","=""PA""","=""Journeymen Fall Classic and Women's World Classic"""
"=""9/28/2024""","=""106A""","=""RR Rnd 1""","=""Lucas Forman""","=""Wyoming Seminary""","=""""","=""BYE""","=""""","=""""","=""Manheim""","=""PA""","=""Journeymen Fall Classic and Women's World Classic"""
"=""9/28/2024""","=""106A""","=""RR Rnd 1""","=""Tanner Connelly""","=""Ridge""","=""11-4""","=""DEC""","=""Colton Schmiesing""","=""Vhw""","=""Manheim""","=""PA""","=""Journeymen Fall Classic and Women's World Classic"""
"=""9/28/2024""","=""55""","=""RR Rnd 1""","=""Jack Sanders""","=""Mat Assassins""","=""9-3""","=""DEC""","=""Greyson Bosley""","=""Mayfield Mat Academy""","=""Manheim""","=""PA""","=""Journeymen Fall Classic and Women's World Classic"""
"=""9/28/2024""","=""106A""","=""RR Rnd 1""","=""Brody Dicaprio""","=""Cba/ Journeymen""","=""3-1""","=""DEC""","=""Chase Phillips""","=""Ward Melville""","=""Manheim""","=""PA""","=""Journeymen Fall Classic and Women's World Classic"""
"=""9/28/2024""","=""106A""","=""RR Rnd 1""","=""Logan Forgatch""","=""Scorpions""","=""""","=""BYE""","=""""","=""""","=""Manheim""","=""PA""","=""Journeymen Fall Classic and Women's World Classic"""
"=""9/28/2024""","=""106A""","=""RR Rnd 1""","=""Turner Ross""","=""Edmond North""","=""4-0""","=""DEC""","=""Ethan Andreula""","=""Long Beach Hs/savage""","=""Manheim""","=""PA""","=""Journeymen Fall Classic and Women's World Classic"""
"=""9/28/2024""","=""106A""","=""RR Rnd 1""","=""Nathan Schuman""","=""Mat Assassins Wrestling Club""","=""13-4""","=""MD""","=""Vince Von Bernewitz""","=""Off Da Grid""","=""Manheim""","=""PA""","=""Journeymen Fall Classic and Women's World Classic"""
"=""9/28/2024""","=""106A""","=""RR Rnd 1""","=""Justin Farnsworth""","=""Malvern Prep""","=""9-2 1:10""","=""F""","=""Nikolas Duarte""","=""Cory Clark""","=""Manheim""","=""PA""","=""Journeymen Fall Classic and Women's World Classic"""
"=""9/28/2024""","=""106A""","=""RR Rnd 1""","=""Wyatt Stauffer""","=""Wyoming Seminary""","=""12-2""","=""MD""","=""Tyler Verceles""","=""Loyola Blakefield""","=""Manheim""","=""PA""","=""Journeymen Fall Classic and Women's World Classic"""
"=""9/28/2024""","=""75""","=""RR Rnd 1""","=""Pearl Jewett""","=""General Brown""","=""""","=""BYE""","=""""","=""""","=""Manheim""","=""PA""","=""Journeymen Fall Classic and Women's World Classic"""
"=""9/28/2024""","=""106A""","=""RR Rnd 1""","=""Gabe Benyo""","=""Mat Assassins Wrestling Club""","=""11-1""","=""MD""","=""Cael Muller""","=""Steller Trained""","=""Manheim""","=""PA""","=""Journeymen Fall Classic and Women's World Classic"""
"=""9/28/2024""","=""106A""","=""RR Rnd 1""","=""Brock Humphrey""","=""Quest""","=""16-0 3:18""","=""TF""","=""Jake Willliam Strickland""","=""Hard Rock""","=""Manheim""","=""PA""","=""Journeymen Fall Classic and Women's World Classic"""
"=""9/28/2024""","=""106A""","=""RR Rnd 1""","=""Trevor Patrovich""","=""Barn Brothers""","=""""","=""BYE""","=""""","=""""","=""Manheim""","=""PA""","=""Journeymen Fall Classic and Women's World Classic"""
"=""9/28/2024""","=""75""","=""RR Rnd 1""","=""Georgie Dipsey""","=""Ruthless""","=""12-1""","=""MD""","=""Dylan Verceles""","=""Loyola Blakefield""","=""Manheim""","=""PA""","=""Journeymen Fall Classic and Women's World Classic"""
"=""9/28/2024""","=""106""","=""Consi of 16 #1""","=""Lucus Pai""","=""Vhw/manhasset Hs""","=""""","=""BYE""","=""""","=""""","=""Manheim""","=""PA""","=""Journeymen Fall Classic and Women's World Classic"""
"=""9/28/2024""","=""106""","=""Consi of 16 #2""","=""Nico Dolson""","=""Vhw""","=""""","=""BYE""","=""""","=""""","=""Manheim""","=""PA""","=""Journeymen Fall Classic and Women's World Classic"""
"=""9/28/2024""","=""106""","=""Consi of 16 #2""","=""Mason Barbosa""","=""Top Flight Wrestling Academy""","=""""","=""BYE""","=""""","=""""","=""Manheim""","=""PA""","=""Journeymen Fall Classic and Women's World Classic"""
"=""9/28/2024""","=""106""","=""Consi of 16 #2""","=""David Serrano""","=""Merritt Island""","=""""","=""BYE""","=""""","=""""","=""Manheim""","=""PA""","=""Journeymen Fall Classic and Women's World Classic"""
"=""9/28/2024""","=""106""","=""Consi of 16 #2""","=""Michael Mccormack""","=""Bitetto Trained""","=""""","=""BYE""","=""""","=""""","=""Manheim""","=""PA""","=""Journeymen Fall Classic and Women's World Classic"""
"=""9/28/2024""","=""106""","=""Consi of 16 #2""","=""Alex Bahadur""","=""Wantagh""","=""7-0""","=""DEC""","=""Lucus Pai""","=""Vhw/manhasset Hs""","=""Manheim""","=""PA""","=""Journeymen Fall Classic and Women's World Classic"""
"=""9/28/2024""","=""106""","=""Consi of 16 #2""","=""Fuller Zach""","=""Va Slaughter House""","=""""","=""BYE""","=""""","=""""","=""Manheim""","=""PA""","=""Journeymen Fall Classic and Women's World Classic"""
"=""9/28/2024""","=""106""","=""Consi of 16 #2""","=""Joel Vincent Diaz""","=""Savage Wrestling""","=""""","=""BYE""","=""""","=""""","=""Manheim""","=""PA""","=""Journeymen Fall Classic and Women's World Classic"""
"=""9/28/2024""","=""106""","=""Consi of 16 #2""","=""Sebastian Rodriguez""","=""Hammer Wrestling Club""","=""""","=""BYE""","=""""","=""""","=""Manheim""","=""PA""","=""Journeymen Fall Classic and Women's World Classic"""
"=""9/28/2024""","=""106""","=""Consi of 8 #1""","=""David Serrano""","=""Merritt Island""","=""10-0""","=""MD""","=""Fuller Zach""","=""Va Slaughter House""","=""Manheim""","=""PA""","=""Journeymen Fall Classic and Women's World Classic"""
"=""9/28/2024""","=""106""","=""Consi of 8 #1""","=""Michael Mccormack""","=""Bitetto Trained""","=""9-3 3:17""","=""F""","=""Nico Dolson""","=""Vhw""","=""Manheim""","=""PA""","=""Journeymen Fall Classic and Women's World Classic"""
"=""9/28/2024""","=""106""","=""Consi of 8 #1""","=""Alex Bahadur""","=""Wantagh""","=""0-0 3:14""","=""F""","=""Mason Barbosa""","=""Top Flight Wrestling Academy""","=""Manheim""","=""PA""","=""Journeymen Fall Classic and Women's World Classic"""
"=""9/28/2024""","=""106""","=""Consi of 8 #1""","=""Joel Vincent Diaz""","=""Savage Wrestling""","=""3-0 0:45""","=""F""","=""Sebastian Rodriguez""","=""Hammer Wrestling Club""","=""Manheim""","=""PA""","=""Journeymen Fall Classic and Women's World Classic"""
"=""9/28/2024""","=""106""","=""Consi of 8 #2""","=""David Serrano""","=""Merritt Island""","=""10-4""","=""DEC""","=""Lincoln Glennon""","=""The Hill School""","=""Manheim""","=""PA""","=""Journeymen Fall Classic and Women's World Classic"""
"=""9/28/2024""","=""106""","=""Consi of 8 #2""","=""Joel Vincent Diaz""","=""Savage Wrestling""","=""3-0 0:32""","=""M FOR""","=""Xavier Seabury""","=""Acsend""","=""Manheim""","=""PA""","=""Journeymen Fall Classic and Women's World Classic"""
"=""9/28/2024""","=""106""","=""Consi of 8 #2""","=""Carlos Rivera-russe""","=""Hammer Wrestling Club""","=""12-9""","=""DEC""","=""Michael Mccormack""","=""Bitetto Trained""","=""Manheim""","=""PA""","=""Journeymen Fall Classic and Women's World Classic"""
"=""9/28/2024""","=""106""","=""Consi of 8 #2""","=""Peter Annis""","=""Fisheye""","=""1-0""","=""DEC""","=""Alex Bahadur""","=""Wantagh""","=""Manheim""","=""PA""","=""Journeymen Fall Classic and Women's World Classic"""
"=""9/28/2024""","=""106A""","=""Consi of 4""","=""Chase Phillips""","=""Ward Melville""","=""4-1 SV""","=""DEC""","=""Vince Von Bernewitz""","=""Off Da Grid""","=""Manheim""","=""PA""","=""Journeymen Fall Classic and Women's World Classic"""
"=""9/28/2024""","=""106""","=""Consi of 4""","=""Peter Annis""","=""Fisheye""","=""13-2 4:06""","=""F""","=""David Serrano""","=""Merritt Island""","=""Manheim""","=""PA""","=""Journeymen Fall Classic and Women's World Classic"""
"=""9/28/2024""","=""106A""","=""Consi of 4""","=""Brody Dicaprio""","=""Cba/ Journeymen""","=""12-2""","=""MD""","=""Nathan Schuman""","=""Mat Assassins Wrestling Club""","=""Manheim""","=""PA""","=""Journeymen Fall Classic and Women's World Classic"""
"=""9/28/2024""","=""106A""","=""Consi of 4""","=""Colton Schmiesing""","=""Vhw""","=""""","=""BYE""","=""""","=""""","=""Manheim""","=""PA""","=""Journeymen Fall Classic and Women's World Classic"""
"=""9/28/2024""","=""106""","=""Consi of 4""","=""Joel Vincent Diaz""","=""Savage Wrestling""","=""15-0 3:30""","=""TF""","=""Carlos Rivera-russe""","=""Hammer Wrestling Club""","=""Manheim""","=""PA""","=""Journeymen Fall Classic and Women's World Classic"""
"=""9/28/2024""","=""106A""","=""Consi of 4""","=""Tanner Connelly""","=""Ridge""","=""9-3""","=""DEC""","=""Tyler Verceles""","=""Loyola Blakefield""","=""Manheim""","=""PA""","=""Journeymen Fall Classic and Women's World Classic"""
"=""9/28/2024""","=""106A""","=""Consi of 4""","=""Gabe Benyo""","=""Mat Assassins Wrestling Club""","=""1-0""","=""DEC""","=""Wyatt Stauffer""","=""Wyoming Seminary""","=""Manheim""","=""PA""","=""Journeymen Fall Classic and Women's World Classic"""
"=""9/28/2024""","=""106A""","=""Consi of 4""","=""Lucas Forman""","=""Wyoming Seminary""","=""""","=""BYE""","=""""","=""""","=""Manheim""","=""PA""","=""Journeymen Fall Classic and Women's World Classic"""
"=""9/28/2024""","=""106""","=""Consi-Semis""","=""Peter Annis""","=""Fisheye""","=""3-0 0:55""","=""F""","=""Penn Boger""","=""Doughboys""","=""Manheim""","=""PA""","=""Journeymen Fall Classic and Women's World Classic"""
"=""9/28/2024""","=""106""","=""Consi-Semis""","=""Gregory Parani""","=""Shorething""","=""13-4""","=""MD""","=""Joel Vincent Diaz""","=""Savage Wrestling""","=""Manheim""","=""PA""","=""Journeymen Fall Classic and Women's World Classic"""
"=""9/28/2024""","=""106A""","=""7th Place""","=""Tyler Verceles""","=""Loyola Blakefield""","=""3-0 1:45""","=""F""","=""Vince Von Bernewitz""","=""Off Da Grid""","=""Manheim""","=""PA""","=""Journeymen Fall Classic and Women's World Classic"""
"=""9/28/2024""","=""106A""","=""7th Place""","=""Wyatt Stauffer""","=""Wyoming Seminary""","=""16-1 2:18""","=""TF""","=""Nathan Schuman""","=""Mat Assassins Wrestling Club""","=""Manheim""","=""PA""","=""Journeymen Fall Classic and Women's World Classic"""
"=""9/28/2024""","=""106A""","=""5th Place""","=""Gabe Benyo""","=""Mat Assassins Wrestling Club""","=""7-0 1:35""","=""F""","=""Brody Dicaprio""","=""Cba/ Journeymen""","=""Manheim""","=""PA""","=""Journeymen Fall Classic and Women's World Classic"""
"=""9/28/2024""","=""106A""","=""5th Place""","=""Lucas Forman""","=""Wyoming Seminary""","=""5-3 3:18""","=""F""","=""Colton Schmiesing""","=""Vhw""","=""Manheim""","=""PA""","=""Journeymen Fall Classic and Women's World Classic"""
"=""9/28/2024""","=""106A""","=""5th Place""","=""Tanner Connelly""","=""Ridge""","=""12-1""","=""MD""","=""Chase Phillips""","=""Ward Melville""","=""Manheim""","=""PA""","=""Journeymen Fall Classic and Women's World Classic"""
"=""9/28/2024""","=""106A""","=""3rd Place""","=""Ethan Andreula""","=""Long Beach Hs/savage""","=""6-3""","=""DEC""","=""Jake Willliam Strickland""","=""Hard Rock""","=""Manheim""","=""PA""","=""Journeymen Fall Classic and Women's World Classic"""
"=""9/28/2024""","=""106A""","=""3rd Place""","=""Cael Muller""","=""Steller Trained""","=""11-2""","=""MD""","=""Chase Dubuque""","=""Njrtc""","=""Manheim""","=""PA""","=""Journeymen Fall Classic and Women's World Classic"""
"=""9/28/2024""","=""106A""","=""3rd Place""","=""William Soto""","=""Newburgh Free Academy""","=""5-1""","=""DEC""","=""Brock Humphrey""","=""Quest""","=""Manheim""","=""PA""","=""Journeymen Fall Classic and Women's World Classic"""
"=""9/28/2024""","=""106""","=""3rd Place""","=""Peter Annis""","=""Fisheye""","=""15-4""","=""MD""","=""Gregory Parani""","=""Shorething""","=""Manheim""","=""PA""","=""Journeymen Fall Classic and Women's World Classic"""
"=""9/28/2024""","=""106""","=""Round of 32""","=""Michael Mccormack""","=""Bitetto Trained""","=""""","=""BYE""","=""""","=""""","=""Manheim""","=""PA""","=""Journeymen Fall Classic and Women's World Classic"""
"=""9/28/2024""","=""106""","=""Round of 32""","=""Penn Boger""","=""Doughboys""","=""""","=""BYE""","=""""","=""""","=""Manheim""","=""PA""","=""Journeymen Fall Classic and Women's World Classic"""
"=""9/28/2024""","=""106""","=""Round of 32""","=""Caden Hughes""","=""Ponaganset High School""","=""""","=""BYE""","=""""","=""""","=""Manheim""","=""PA""","=""Journeymen Fall Classic and Women's World Classic"""
"=""9/28/2024""","=""106""","=""Round of 32""","=""Aiden Morris""","=""Haverhill High School""","=""""","=""BYE""","=""""","=""""","=""Manheim""","=""PA""","=""Journeymen Fall Classic and Women's World Classic"""
"=""9/28/2024""","=""106""","=""Round of 32""","=""Nico Dolson""","=""Vhw""","=""""","=""BYE""","=""""","=""""","=""Manheim""","=""PA""","=""Journeymen Fall Classic and Women's World Classic"""
"=""9/28/2024""","=""106""","=""Round of 32""","=""Carlos Rivera-russe""","=""Hammer Wrestling Club""","=""""","=""BYE""","=""""","=""""","=""Manheim""","=""PA""","=""Journeymen Fall Classic and Women's World Classic"""
"=""9/28/2024""","=""106""","=""Round of 32""","=""David Serrano""","=""Merritt Island""","=""""","=""BYE""","=""""","=""""","=""Manheim""","=""PA""","=""Journeymen Fall Classic and Women's World Classic"""
"=""9/28/2024""","=""106""","=""Round of 32""","=""Peter Annis""","=""Fisheye""","=""""","=""BYE""","=""""","=""""","=""Manheim""","=""PA""","=""Journeymen Fall Classic and Women's World Classic"""
"=""9/28/2024""","=""106""","=""Round of 32""","=""Gregory Parani""","=""Shorething""","=""""","=""BYE""","=""""","=""""","=""Manheim""","=""PA""","=""Journeymen Fall Classic and Women's World Classic"""
"=""9/28/2024""","=""106""","=""Round of 32""","=""Fuller Zach""","=""Va Slaughter House""","=""""","=""BYE""","=""""","=""""","=""Manheim""","=""PA""","=""Journeymen Fall Classic and Women's World Classic"""
"=""9/28/2024""","=""106""","=""Round of 32""","=""Sebastian Rodriguez""","=""Hammer Wrestling Club""","=""16-8""","=""MD""","=""Lucus Pai""","=""Vhw/manhasset Hs""","=""Manheim""","=""PA""","=""Journeymen Fall Classic and Women's World Classic"""
"=""9/28/2024""","=""106""","=""Round of 32""","=""Xavier Seabury""","=""Acsend""","=""""","=""BYE""","=""""","=""""","=""Manheim""","=""PA""","=""Journeymen Fall Classic and Women's World Classic"""
"=""9/28/2024""","=""106""","=""Round of 32""","=""Joel Vincent Diaz""","=""Savage Wrestling""","=""""","=""BYE""","=""""","=""""","=""Manheim""","=""PA""","=""Journeymen Fall Classic and Women's World Classic"""
"=""9/28/2024""","=""106""","=""Round of 32""","=""Mason Barbosa""","=""Top Flight Wrestling Academy""","=""""","=""BYE""","=""""","=""""","=""Manheim""","=""PA""","=""Journeymen Fall Classic and Women's World Classic"""
"=""9/28/2024""","=""106""","=""Round of 32""","=""Alex Bahadur""","=""Wantagh""","=""""","=""BYE""","=""""","=""""","=""Manheim""","=""PA""","=""Journeymen Fall Classic and Women's World Classic"""
"=""9/28/2024""","=""106""","=""Round of 32""","=""Lincoln Glennon""","=""The Hill School""","=""""","=""BYE""","=""""","=""""","=""Manheim""","=""PA""","=""Journeymen Fall Classic and Women's World Classic"""
"=""9/28/2024""","=""106""","=""Round of 16""","=""Carlos Rivera-russe""","=""Hammer Wrestling Club""","=""6-3 1:16""","=""F""","=""Mason Barbosa""","=""Top Flight Wrestling Academy""","=""Manheim""","=""PA""","=""Journeymen Fall Classic and Women's World Classic"""
"=""9/28/2024""","=""106""","=""Round of 16""","=""Penn Boger""","=""Doughboys""","=""7-0""","=""DEC""","=""Alex Bahadur""","=""Wantagh""","=""Manheim""","=""PA""","=""Journeymen Fall Classic and Women's World Classic"""
"=""9/28/2024""","=""106""","=""Round of 16""","=""Gregory Parani""","=""Shorething""","=""3-0 0:55""","=""F""","=""Joel Vincent Diaz""","=""Savage Wrestling""","=""Manheim""","=""PA""","=""Journeymen Fall Classic and Women's World Classic"""
"=""9/28/2024""","=""106""","=""Round of 16""","=""Caden Hughes""","=""Ponaganset High School""","=""6-0 1:26""","=""F""","=""Fuller Zach""","=""Va Slaughter House""","=""Manheim""","=""PA""","=""Journeymen Fall Classic and Women's World Classic"""
"=""9/28/2024""","=""106""","=""Round of 16""","=""Xavier Seabury""","=""Acsend""","=""16-2""","=""MD""","=""David Serrano""","=""Merritt Island""","=""Manheim""","=""PA""","=""Journeymen Fall Classic and Women's World Classic"""
"=""9/28/2024""","=""106""","=""Round of 16""","=""Lincoln Glennon""","=""The Hill School""","=""7-0 1:27""","=""F""","=""Sebastian Rodriguez""","=""Hammer Wrestling Club""","=""Manheim""","=""PA""","=""Journeymen Fall Classic and Women's World Classic"""
"=""9/28/2024""","=""106""","=""Round of 16""","=""Peter Annis""","=""Fisheye""","=""12-1 3:40""","=""F""","=""Michael Mccormack""","=""Bitetto Trained""","=""Manheim""","=""PA""","=""Journeymen Fall Classic and Women's World Classic"""
"=""9/28/2024""","=""106""","=""Round of 16""","=""Aiden Morris""","=""Haverhill High School""","=""14-12""","=""DEC""","=""Nico Dolson""","=""Vhw""","=""Manheim""","=""PA""","=""Journeymen Fall Classic and Women's World Classic"""
"=""9/28/2024""","=""106A""","=""Quarter-Finals""","=""Cael Muller""","=""Steller Trained""","=""15-14""","=""DEC""","=""Colton Schmiesing""","=""Vhw""","=""Manheim""","=""PA""","=""Journeymen Fall Classic and Women's World Classic"""
"=""9/28/2024""","=""106""","=""Quarter-Finals""","=""Caden Hughes""","=""Ponaganset High School""","=""12-1""","=""MD""","=""Xavier Seabury""","=""Acsend""","=""Manheim""","=""PA""","=""Journeymen Fall Classic and Women's World Classic"""
"=""9/28/2024""","=""106A""","=""Quarter-Finals""","=""Trevor Patrovich""","=""Barn Brothers""","=""7-1""","=""DEC""","=""Tanner Connelly""","=""Ridge""","=""Manheim""","=""PA""","=""Journeymen Fall Classic and Women's World Classic"""
"=""9/28/2024""","=""106A""","=""Quarter-Finals""","=""Braiden Lotier""","=""Bishop Mcdevitt""","=""3-0 1:43""","=""F""","=""Vince Von Bernewitz""","=""Off Da Grid""","=""Manheim""","=""PA""","=""Journeymen Fall Classic and Women's World Classic"""
"=""9/28/2024""","=""106A""","=""Quarter-Finals""","=""Justin Farnsworth""","=""Malvern Prep""","=""3-0 1:17""","=""F""","=""Nathan Schuman""","=""Mat Assassins Wrestling Club""","=""Manheim""","=""PA""","=""Journeymen Fall Classic and Women's World Classic"""
"=""9/28/2024""","=""106A""","=""Quarter-Finals""","=""Brock Humphrey""","=""Quest""","=""13-0""","=""MD""","=""Brody Dicaprio""","=""Cba/ Journeymen""","=""Manheim""","=""PA""","=""Journeymen Fall Classic and Women's World Classic"""
"=""9/28/2024""","=""106A""","=""Quarter-Finals""","=""William Soto""","=""Newburgh Free Academy""","=""7-0""","=""DEC""","=""Gabe Benyo""","=""Mat Assassins Wrestling Club""","=""Manheim""","=""PA""","=""Journeymen Fall Classic and Women's World Classic"""
"=""9/28/2024""","=""106A""","=""Quarter-Finals""","=""Turner Ross""","=""Edmond North""","=""8-2""","=""DEC""","=""Wyatt Stauffer""","=""Wyoming Seminary""","=""Manheim""","=""PA""","=""Journeymen Fall Classic and Women's World Classic"""
"=""9/28/2024""","=""106""","=""Quarter-Finals""","=""Penn Boger""","=""Doughboys""","=""7-0 1:34""","=""F""","=""Carlos Rivera-russe""","=""Hammer Wrestling Club""","=""Manheim""","=""PA""","=""Journeymen Fall Classic and Women's World Classic"""
"=""9/28/2024""","=""106""","=""Quarter-Finals""","=""Gregory Parani""","=""Shorething""","=""15-0 1:44""","=""TF""","=""Lincoln Glennon""","=""The Hill School""","=""Manheim""","=""PA""","=""Journeymen Fall Classic and Women's World Classic"""
"=""9/28/2024""","=""106""","=""Quarter-Finals""","=""Aiden Morris""","=""Haverhill High School""","=""15-7""","=""MD""","=""Peter Annis""","=""Fisheye""","=""Manheim""","=""PA""","=""Journeymen Fall Classic and Women's World Classic"""
"=""9/28/2024""","=""106A""","=""Quarter-Finals""","=""Logan Forgatch""","=""Scorpions""","=""""","=""BYE""","=""""","=""""","=""Manheim""","=""PA""","=""Journeymen Fall Classic and Women's World Classic"""
"=""9/28/2024""","=""106A""","=""Quarter-Finals""","=""Jake Willliam Strickland""","=""Hard Rock""","=""7-4""","=""DEC""","=""Chase Phillips""","=""Ward Melville""","=""Manheim""","=""PA""","=""Journeymen Fall Classic and Women's World Classic"""
"=""9/28/2024""","=""106A""","=""Quarter-Finals""","=""Nikolas Duarte""","=""Cory Clark""","=""""","=""BYE""","=""""","=""""","=""Manheim""","=""PA""","=""Journeymen Fall Classic and Women's World Classic"""
"=""9/28/2024""","=""106A""","=""Quarter-Finals""","=""Chase Dubuque""","=""Njrtc""","=""3-2""","=""DEC""","=""Lucas Forman""","=""Wyoming Seminary""","=""Manheim""","=""PA""","=""Journeymen Fall Classic and Women's World Classic"""
"=""9/28/2024""","=""106A""","=""Quarter-Finals""","=""Ethan Andreula""","=""Long Beach Hs/savage""","=""7-1""","=""DEC""","=""Tyler Verceles""","=""Loyola Blakefield""","=""Manheim""","=""PA""","=""Journeymen Fall Classic and Women's World Classic"""
"=""9/28/2024""","=""106A""","=""Semi-Finals""","=""Nikolas Duarte""","=""Cory Clark""","=""6-3""","=""DEC""","=""Chase Dubuque""","=""Njrtc""","=""Manheim""","=""PA""","=""Journeymen Fall Classic and Women's World Classic"""
"=""9/28/2024""","=""106A""","=""Semi-Finals""","=""Logan Forgatch""","=""Scorpions""","=""9-7""","=""DEC""","=""Cael Muller""","=""Steller Trained""","=""Manheim""","=""PA""","=""Journeymen Fall Classic and Women's World Classic"""
"=""9/28/2024""","=""106A""","=""Semi-Finals""","=""Trevor Patrovich""","=""Barn Brothers""","=""10-8""","=""DEC""","=""Ethan Andreula""","=""Long Beach Hs/savage""","=""Manheim""","=""PA""","=""Journeymen Fall Classic and Women's World Classic"""
"=""9/28/2024""","=""106""","=""Semi-Finals""","=""Caden Hughes""","=""Ponaganset High School""","=""15-0 3:44""","=""TF""","=""Penn Boger""","=""Doughboys""","=""Manheim""","=""PA""","=""Journeymen Fall Classic and Women's World Classic"""
"=""9/28/2024""","=""106A""","=""Semi-Finals""","=""Braiden Lotier""","=""Bishop Mcdevitt""","=""3-0 1:01""","=""F""","=""Jake Willliam Strickland""","=""Hard Rock""","=""Manheim""","=""PA""","=""Journeymen Fall Classic and Women's World Classic"""
"=""9/28/2024""","=""106A""","=""Semi-Finals""","=""Justin Farnsworth""","=""Malvern Prep""","=""2-1""","=""DEC""","=""Brock Humphrey""","=""Quest""","=""Manheim""","=""PA""","=""Journeymen Fall Classic and Women's World Classic"""
"=""9/28/2024""","=""106A""","=""Semi-Finals""","=""Turner Ross""","=""Edmond North""","=""6-4""","=""DEC""","=""William Soto""","=""Newburgh Free Academy""","=""Manheim""","=""PA""","=""Journeymen Fall Classic and Women's World Classic"""
"=""9/28/2024""","=""106""","=""Semi-Finals""","=""Aiden Morris""","=""Haverhill High School""","=""5-2""","=""DEC""","=""Gregory Parani""","=""Shorething""","=""Manheim""","=""PA""","=""Journeymen Fall Classic and Women's World Classic"""
"=""9/28/2024""","=""75""","=""Finals""","=""Vincent Kapral""","=""Ruthless""","=""5-3""","=""DEC""","=""Dominick Defilippis""","=""Yale Street""","=""Manheim""","=""PA""","=""Journeymen Fall Classic and Women's World Classic"""
"=""9/28/2024""","=""106""","=""Finals""","=""Caden Hughes""","=""Ponaganset High School""","=""17-11""","=""DEC""","=""Aiden Morris""","=""Haverhill High School""","=""Manheim""","=""PA""","=""Journeymen Fall Classic and Women's World Classic"""
"=""9/28/2024""","=""75""","=""Finals""","=""Dylan Verceles""","=""Loyola Blakefield""","=""0-0 1:27""","=""F""","=""Andrew Allena""","=""Yale Street Wrestlign Club""","=""Manheim""","=""PA""","=""Journeymen Fall Classic and Women's World Classic"""
"=""9/28/2024""","=""106A""","=""Finals""","=""Justin Farnsworth""","=""Malvern Prep""","=""4-2""","=""DEC""","=""Turner Ross""","=""Edmond North""","=""Manheim""","=""PA""","=""Journeymen Fall Classic and Women's World Classic"""
"=""9/28/2024""","=""75""","=""Finals""","=""Georgie Dipsey""","=""Ruthless""","=""8-7 4:03""","=""F""","=""James Messina""","=""Ruthless Wrestling Club""","=""Manheim""","=""PA""","=""Journeymen Fall Classic and Women's World Classic"""
"=""9/28/2024""","=""106A""","=""Finals""","=""Nikolas Duarte""","=""Cory Clark""","=""6-2""","=""DEC""","=""Logan Forgatch""","=""Scorpions""","=""Manheim""","=""PA""","=""Journeymen Fall Classic and Women's World Classic"""
"=""9/28/2024""","=""106A""","=""Finals""","=""Braiden Lotier""","=""Bishop Mcdevitt""","=""15-0 2:50""","=""TF""","=""Trevor Patrovich""","=""Barn Brothers""","=""Manheim""","=""PA""","=""Journeymen Fall Classic and Women's World Classic"""
"=""9/28/2024""","=""80""","=""RR Rnd 5""","=""Braylon Butts""","=""Raw""","=""3-0""","=""DEC""","=""Adam Hagenbuch""","=""York Suburban""","=""Manheim""","=""PA""","=""Journeymen Fall Classic and Women's World Classic"""
"=""9/28/2024""","=""60""","=""RR Rnd 5""","=""Christian Bernard""","=""Hammer Wrestling""","=""12-1 1:40""","=""F""","=""Killian Ohora""","=""West Scranton""","=""Manheim""","=""PA""","=""Journeymen Fall Classic and Women's World Classic"""
"=""9/28/2024""","=""106B""","=""RR Rnd 5""","=""Caden Hughes""","=""Ponaganset""","=""8-3""","=""DEC""","=""Dorian Hidalgo""","=""Empire Wrestling Academy""","=""Manheim""","=""PA""","=""Journeymen Fall Classic and Women's World Classic"""
"=""9/28/2024""","=""60""","=""RR Rnd 5""","=""Lucas Schuman""","=""Mat Assassins Wrestling Club""","=""15-0 0:56""","=""TF""","=""Ash Henecker""","=""Rednose Wrestling School""","=""Manheim""","=""PA""","=""Journeymen Fall Classic and Women's World Classic"""
"=""9/28/2024""","=""80""","=""RR Rnd 5""","=""Nick Hobson""","=""Gps""","=""""","=""BYE""","=""""","=""""","=""Manheim""","=""PA""","=""Journeymen Fall Classic and Women's World Classic"""
"=""9/28/2024""","=""60""","=""RR Rnd 5""","=""Deaglan Harrison""","=""Steel Valley Renegades""","=""""","=""BYE""","=""""","=""""","=""Manheim""","=""PA""","=""Journeymen Fall Classic and Women's World Classic"""
"=""9/28/2024""","=""80""","=""RR Rnd 5""","=""Jj Sullivan""","=""Apex/ Monroe Woodbury""","=""3-0 0:59""","=""F""","=""Michael Vasi""","=""Jersey 74""","=""Manheim""","=""PA""","=""Journeymen Fall Classic and Women's World Classic"""
"=""9/28/2024""","=""106B""","=""RR Rnd 5""","=""Kameron Harrell""","=""Poquoson High School""","=""21-2 3:53""","=""TF""","=""Brody Sayers""","=""Doughboy""","=""Manheim""","=""PA""","=""Journeymen Fall Classic and Women's World Classic"""
"=""9/28/2024""","=""106B""","=""RR Rnd 5""","=""Max Co""","=""Lake Highland Prep""","=""""","=""BYE""","=""""","=""""","=""Manheim""","=""PA""","=""Journeymen Fall Classic and Women's World Classic"""
"=""9/28/2024""","=""106B""","=""RR Rnd 4""","=""Brody Sayers""","=""Doughboy""","=""3-0 1:33""","=""F""","=""Max Co""","=""Lake Highland Prep""","=""Manheim""","=""PA""","=""Journeymen Fall Classic and Women's World Classic"""
"=""9/28/2024""","=""60""","=""RR Rnd 4""","=""Deaglan Harrison""","=""Steel Valley Renegades""","=""21-11""","=""MD""","=""Killian Ohora""","=""West Scranton""","=""Manheim""","=""PA""","=""Journeymen Fall Classic and Women's World Classic"""
"=""9/28/2024""","=""60""","=""RR Rnd 4""","=""Lucas Schuman""","=""Mat Assassins Wrestling Club""","=""""","=""BYE""","=""""","=""""","=""Manheim""","=""PA""","=""Journeymen Fall Classic and Women's World Classic"""
"=""9/28/2024""","=""80""","=""RR Rnd 4""","=""Braylon Butts""","=""Raw""","=""20-2 2:27""","=""TF""","=""Nick Hobson""","=""Gps""","=""Manheim""","=""PA""","=""Journeymen Fall Classic and Women's World Classic"""
"=""9/28/2024""","=""80""","=""RR Rnd 4""","=""Jj Sullivan""","=""Apex/ Monroe Woodbury""","=""11-0 3:22""","=""F""","=""Adam Hagenbuch""","=""York Suburban""","=""Manheim""","=""PA""","=""Journeymen Fall Classic and Women's World Classic"""
"=""9/28/2024""","=""106B""","=""RR Rnd 4""","=""Caden Hughes""","=""Ponaganset""","=""""","=""BYE""","=""""","=""""","=""Manheim""","=""PA""","=""Journeymen Fall Classic and Women's World Classic"""
"=""9/28/2024""","=""60""","=""RR Rnd 4""","=""Christian Bernard""","=""Hammer Wrestling""","=""20-4 3:36""","=""TF""","=""Ash Henecker""","=""Rednose Wrestling School""","=""Manheim""","=""PA""","=""Journeymen Fall Classic and Women's World Classic"""
"=""9/28/2024""","=""106B""","=""RR Rnd 4""","=""Dorian Hidalgo""","=""Empire Wrestling Academy""","=""6-15 4:08""","=""M FOR""","=""Kameron Harrell""","=""Poquoson High School""","=""Manheim""","=""PA""","=""Journeymen Fall Classic and Women's World Classic"""
"=""9/28/2024""","=""80""","=""RR Rnd 4""","=""Michael Vasi""","=""Jersey 74""","=""""","=""BYE""","=""""","=""""","=""Manheim""","=""PA""","=""Journeymen Fall Classic and Women's World Classic"""
"=""9/28/2024""","=""80""","=""RR Rnd 3""","=""Braylon Butts""","=""Raw""","=""""","=""BYE""","=""""","=""""","=""Manheim""","=""PA""","=""Journeymen Fall Classic and Women's World Classic"""
"=""9/28/2024""","=""80""","=""RR Rnd 3""","=""Adam Hagenbuch""","=""York Suburban""","=""7-3""","=""DEC""","=""Michael Vasi""","=""Jersey 74""","=""Manheim""","=""PA""","=""Journeymen Fall Classic and Women's World Classic"""
"=""9/28/2024""","=""60""","=""RR Rnd 3""","=""Killian Ohora""","=""West Scranton""","=""""","=""BYE""","=""""","=""""","=""Manheim""","=""PA""","=""Journeymen Fall Classic and Women's World Classic"""
"=""9/28/2024""","=""80""","=""RR Rnd 3""","=""Troy Migliaccio""","=""The Hunt""","=""15-0""","=""TF""","=""Sam Mazin""","=""Red Nose Wrestling School""","=""Manheim""","=""PA""","=""Journeymen Fall Classic and Women's World Classic"""
"=""9/28/2024""","=""106B""","=""RR Rnd 3""","=""Dorian Hidalgo""","=""Empire Wrestling Academy""","=""9-4""","=""DEC""","=""Max Co""","=""Lake Highland Prep""","=""Manheim""","=""PA""","=""Journeymen Fall Classic and Women's World Classic"""
"=""9/28/2024""","=""60""","=""RR Rnd 3""","=""Christian Bernard""","=""Hammer Wrestling""","=""12-5""","=""DEC""","=""Lucas Schuman""","=""Mat Assassins Wrestling Club""","=""Manheim""","=""PA""","=""Journeymen Fall Classic and Women's World Classic"""
"=""9/28/2024""","=""60""","=""RR Rnd 3""","=""Ash Henecker""","=""Rednose Wrestling School""","=""11-3""","=""MD""","=""Deaglan Harrison""","=""Steel Valley Renegades""","=""Manheim""","=""PA""","=""Journeymen Fall Classic and Women's World Classic"""
"=""9/28/2024""","=""106B""","=""RR Rnd 3""","=""Brody Sayers""","=""Doughboy""","=""""","=""BYE""","=""""","=""""","=""Manheim""","=""PA""","=""Journeymen Fall Classic and Women's World Classic"""
"=""9/28/2024""","=""106B""","=""RR Rnd 3""","=""Caden Hughes""","=""Ponaganset""","=""5-2""","=""DEC""","=""Kameron Harrell""","=""Poquoson High School""","=""Manheim""","=""PA""","=""Journeymen Fall Classic and Women's World Classic"""
"=""9/28/2024""","=""80""","=""RR Rnd 3""","=""Joshua Schaub""","=""Wrestling Prep""","=""6-4""","=""DEC""","=""Joshua Garcia""","=""Savage House""","=""Manheim""","=""PA""","=""Journeymen Fall Classic and Women's World Classic"""
"=""9/28/2024""","=""80""","=""RR Rnd 3""","=""Jj Sullivan""","=""Apex/ Monroe Woodbury""","=""7-0 0:58""","=""F""","=""Nick Hobson""","=""Gps""","=""Manheim""","=""PA""","=""Journeymen Fall Classic and Women's World Classic"""
"=""9/28/2024""","=""106B""","=""RR Rnd 2""","=""Dorian Hidalgo""","=""Empire Wrestling Academy""","=""17-1 4:23""","=""TF""","=""Brody Sayers""","=""Doughboy""","=""Manheim""","=""PA""","=""Journeymen Fall Classic and Women's World Classic"""
"=""9/28/2024""","=""60""","=""RR Rnd 2""","=""Ash Henecker""","=""Rednose Wrestling School""","=""10-4""","=""DEC""","=""Killian Ohora""","=""West Scranton""","=""Manheim""","=""PA""","=""Journeymen Fall Classic and Women's World Classic"""
"=""9/28/2024""","=""60""","=""RR Rnd 2""","=""Lucas Schuman""","=""Mat Assassins Wrestling Club""","=""15-0 3:51""","=""TF""","=""Deaglan Harrison""","=""Steel Valley Renegades""","=""Manheim""","=""PA""","=""Journeymen Fall Classic and Women's World Classic"""
"=""9/28/2024""","=""80""","=""RR Rnd 2""","=""Michael Vasi""","=""Jersey 74""","=""2-3 0:40""","=""F""","=""Nick Hobson""","=""Gps""","=""Manheim""","=""PA""","=""Journeymen Fall Classic and Women's World Classic"""
"=""9/28/2024""","=""80""","=""RR Rnd 2""","=""Joshua Garcia""","=""Savage House""","=""5-2""","=""DEC""","=""Troy Migliaccio""","=""The Hunt""","=""Manheim""","=""PA""","=""Journeymen Fall Classic and Women's World Classic"""
"=""9/28/2024""","=""80""","=""RR Rnd 2""","=""Jj Sullivan""","=""Apex/ Monroe Woodbury""","=""8-1 2:46""","=""F""","=""Braylon Butts""","=""Raw""","=""Manheim""","=""PA""","=""Journeymen Fall Classic and Women's World Classic"""
"=""9/28/2024""","=""106B""","=""RR Rnd 2""","=""Kameron Harrell""","=""Poquoson High School""","=""""","=""BYE""","=""""","=""""","=""Manheim""","=""PA""","=""Journeymen Fall Classic and Women's World Classic"""
"=""9/28/2024""","=""106B""","=""RR Rnd 2""","=""Caden Hughes""","=""Ponaganset""","=""13-10 SV""","=""DEC""","=""Max Co""","=""Lake Highland Prep""","=""Manheim""","=""PA""","=""Journeymen Fall Classic and Women's World Classic"""
"=""9/28/2024""","=""60""","=""RR Rnd 2""","=""Christian Bernard""","=""Hammer Wrestling""","=""""","=""BYE""","=""""","=""""","=""Manheim""","=""PA""","=""Journeymen Fall Classic and Women's World Classic"""
"=""9/28/2024""","=""80""","=""RR Rnd 2""","=""Joshua Schaub""","=""Wrestling Prep""","=""3-0 0:45""","=""F""","=""Sam Mazin""","=""Red Nose Wrestling School""","=""Manheim""","=""PA""","=""Journeymen Fall Classic and Women's World Classic"""
"=""9/28/2024""","=""80""","=""RR Rnd 2""","=""Adam Hagenbuch""","=""York Suburban""","=""""","=""BYE""","=""""","=""""","=""Manheim""","=""PA""","=""Journeymen Fall Classic and Women's World Classic"""
"=""9/28/2024""","=""106B""","=""RR Rnd 1""","=""Dorian Hidalgo""","=""Empire Wrestling Academy""","=""""","=""BYE""","=""""","=""""","=""Manheim""","=""PA""","=""Journeymen Fall Classic and Women's World Classic"""
"=""9/28/2024""","=""106B""","=""RR Rnd 1""","=""Caden Hughes""","=""Ponaganset""","=""16-2""","=""MD""","=""Brody Sayers""","=""Doughboy""","=""Manheim""","=""PA""","=""Journeymen Fall Classic and Women's World Classic"""
"=""9/28/2024""","=""80""","=""RR Rnd 1""","=""Jj Sullivan""","=""Apex/ Monroe Woodbury""","=""""","=""BYE""","=""""","=""""","=""Manheim""","=""PA""","=""Journeymen Fall Classic and Women's World Classic"""
"=""9/28/2024""","=""80""","=""RR Rnd 1""","=""Adam Hagenbuch""","=""York Suburban""","=""6-0 1:58""","=""F""","=""Nick Hobson""","=""Gps""","=""Manheim""","=""PA""","=""Journeymen Fall Classic and Women's World Classic"""
"=""9/28/2024""","=""80""","=""RR Rnd 1""","=""Joshua Schaub""","=""Wrestling Prep""","=""9-1""","=""MD""","=""Troy Migliaccio""","=""The Hunt""","=""Manheim""","=""PA""","=""Journeymen Fall Classic and Women's World Classic"""
"=""9/28/2024""","=""60""","=""RR Rnd 1""","=""Ash Henecker""","=""Rednose Wrestling School""","=""""","=""BYE""","=""""","=""""","=""Manheim""","=""PA""","=""Journeymen Fall Classic and Women's World Classic"""
"=""9/28/2024""","=""60""","=""RR Rnd 1""","=""Lucas Schuman""","=""Mat Assassins Wrestling Club""","=""3-0 0:38""","=""F""","=""Killian Ohora""","=""West Scranton""","=""Manheim""","=""PA""","=""Journeymen Fall Classic and Women's World Classic"""
"=""9/28/2024""","=""80""","=""RR Rnd 1""","=""Braylon Butts""","=""Raw""","=""12-3""","=""MD""","=""Michael Vasi""","=""Jersey 74""","=""Manheim""","=""PA""","=""Journeymen Fall Classic and Women's World Classic"""
"=""9/28/2024""","=""80""","=""RR Rnd 1""","=""Joshua Garcia""","=""Savage House""","=""11-0""","=""MD""","=""Sam Mazin""","=""Red Nose Wrestling School""","=""Manheim""","=""PA""","=""Journeymen Fall Classic and Women's World Classic"""
"=""9/28/2024""","=""106B""","=""RR Rnd 1""","=""Kameron Harrell""","=""Poquoson High School""","=""7-9 3:48""","=""F""","=""Max Co""","=""Lake Highland Prep""","=""Manheim""","=""PA""","=""Journeymen Fall Classic and Women's World Classic"""
"=""9/28/2024""","=""60""","=""RR Rnd 1""","=""Christian Bernard""","=""Hammer Wrestling""","=""14-2""","=""MD""","=""Deaglan Harrison""","=""Steel Valley Renegades""","=""Manheim""","=""PA""","=""Journeymen Fall Classic and Women's World Classic"""
"=""9/28/2024""","=""113""","=""Consi of 16 #1""","=""Amro Ahmed""","=""Hammer Wrestling Club""","=""""","=""BYE""","=""""","=""""","=""Manheim""","=""PA""","=""Journeymen Fall Classic and Women's World Classic"""
"=""9/28/2024""","=""113""","=""Consi of 16 #1""","=""Zac Hartley""","=""Impact""","=""""","=""BYE""","=""""","=""""","=""Manheim""","=""PA""","=""Journeymen Fall Classic and Women's World Classic"""
"=""9/28/2024""","=""113""","=""Consi of 16 #1""","=""Loghan Dwyer""","=""Empire""","=""""","=""BYE""","=""""","=""""","=""Manheim""","=""PA""","=""Journeymen Fall Classic and Women's World Classic"""
"=""9/28/2024""","=""113""","=""Consi of 16 #2""","=""Cole Blaney""","=""Wantagh""","=""6-0 2:53""","=""F""","=""Loghan Dwyer""","=""Empire""","=""Manheim""","=""PA""","=""Journeymen Fall Classic and Women's World Classic"""
"=""9/28/2024""","=""113""","=""Consi of 16 #2""","=""Messiah Grant""","=""Hammer Wrestling Club""","=""22-5 3:46""","=""TF""","=""Amro Ahmed""","=""Hammer Wrestling Club""","=""Manheim""","=""PA""","=""Journeymen Fall Classic and Women's World Classic"""
"=""9/28/2024""","=""113""","=""Consi of 16 #2""","=""Fotis Koufalis""","=""Empire Wrestling Academy""","=""""","=""BYE""","=""""","=""""","=""Manheim""","=""PA""","=""Journeymen Fall Classic and Women's World Classic"""
"=""9/28/2024""","=""113""","=""Consi of 16 #2""","=""Lucas Pelc""","=""Yale Street""","=""""","=""BYE""","=""""","=""""","=""Manheim""","=""PA""","=""Journeymen Fall Classic and Women's World Classic"""
"=""9/28/2024""","=""113""","=""Consi of 16 #2""","=""Kelly Sullivan""","=""Apex/ Monroe Woodbury""","=""""","=""BYE""","=""""","=""""","=""Manheim""","=""PA""","=""Journeymen Fall Classic and Women's World Classic"""
"=""9/28/2024""","=""113""","=""Consi of 16 #2""","=""Zac Hartley""","=""Impact""","=""3-0 0:49""","=""F""","=""Blake Cronk""","=""Journeymen Wrestling Club""","=""Manheim""","=""PA""","=""Journeymen Fall Classic and Women's World Classic"""
"=""9/28/2024""","=""113""","=""Consi of 16 #2""","=""Justus Giglietti""","=""Brevard Fca""","=""""","=""BYE""","=""""","=""""","=""Manheim""","=""PA""","=""Journeymen Fall Classic and Women's World Classic"""
"=""9/28/2024""","=""113""","=""Consi of 16 #2""","=""Kai Napadow Baquero""","=""Metrowest United""","=""""","=""BYE""","=""""","=""""","=""Manheim""","=""PA""","=""Journeymen Fall Classic and Women's World Classic"""
"=""9/28/2024""","=""113""","=""Consi of 8 #1""","=""Lucas Pelc""","=""Yale Street""","=""15-0 3:30""","=""TF""","=""Justus Giglietti""","=""Brevard Fca""","=""Manheim""","=""PA""","=""Journeymen Fall Classic and Women's World Classic"""
"=""9/28/2024""","=""113""","=""Consi of 8 #1""","=""Kai Napadow Baquero""","=""Metrowest United""","=""9-2""","=""DEC""","=""Cole Blaney""","=""Wantagh""","=""Manheim""","=""PA""","=""Journeymen Fall Classic and Women's World Classic"""
"=""9/28/2024""","=""113""","=""Consi of 8 #1""","=""Kelly Sullivan""","=""Apex/ Monroe Woodbury""","=""11-9""","=""DEC""","=""Messiah Grant""","=""Hammer Wrestling Club""","=""Manheim""","=""PA""","=""Journeymen Fall Classic and Women's World Classic"""
"=""9/28/2024""","=""113""","=""Consi of 8 #1""","=""Fotis Koufalis""","=""Empire Wrestling Academy""","=""13-3""","=""MD""","=""Zac Hartley""","=""Impact""","=""Manheim""","=""PA""","=""Journeymen Fall Classic and Women's World Classic"""
"=""9/28/2024""","=""113""","=""Consi of 8 #2""","=""Kelly Sullivan""","=""Apex/ Monroe Woodbury""","=""7-0""","=""DEC""","=""Joel Puri""","=""Metrowest United""","=""Manheim""","=""PA""","=""Journeymen Fall Classic and Women's World Classic"""
"=""9/28/2024""","=""113""","=""Consi of 8 #2""","=""Holt Quincy""","=""Raleigh Area Wrestling""","=""17-1 3:37""","=""TF""","=""Kai Napadow Baquero""","=""Metrowest United""","=""Manheim""","=""PA""","=""Journeymen Fall Classic and Women's World Classic"""
"=""9/28/2024""","=""113""","=""Consi of 8 #2""","=""Logan Costello""","=""Metrowest United""","=""3-0 3:00""","=""F""","=""Fotis Koufalis""","=""Empire Wrestling Academy""","=""Manheim""","=""PA""","=""Journeymen Fall Classic and Women's World Classic"""
"=""9/28/2024""","=""113""","=""Consi of 8 #2""","=""Lucas Pelc""","=""Yale Street""","=""4-2""","=""DEC""","=""Ayden Clancy""","=""Rednose""","=""Manheim""","=""PA""","=""Journeymen Fall Classic and Women's World Classic"""
"=""9/28/2024""","=""113""","=""Consi of 4""","=""Kelly Sullivan""","=""Apex/ Monroe Woodbury""","=""0-0""","=""FOR""","=""Lucas Pelc""","=""Yale Street""","=""Manheim""","=""PA""","=""Journeymen Fall Classic and Women's World Classic"""
"=""9/28/2024""","=""113""","=""Consi of 4""","=""Holt Quincy""","=""Raleigh Area Wrestling""","=""0-3 2:57""","=""F""","=""Logan Costello""","=""Metrowest United""","=""Manheim""","=""PA""","=""Journeymen Fall Classic and Women's World Classic"""
"=""9/28/2024""","=""113""","=""Consi-Semis""","=""Kelly Sullivan""","=""Apex/ Monroe Woodbury""","=""2-1""","=""DEC""","=""Damian Tebano""","=""Hammer""","=""Manheim""","=""PA""","=""Journeymen Fall Classic and Women's World Classic"""
"=""9/28/2024""","=""113""","=""Consi-Semis""","=""Holt Quincy""","=""Raleigh Area Wrestling""","=""9-0""","=""MD""","=""Bryson Galofaro""","=""Heritage Hs""","=""Manheim""","=""PA""","=""Journeymen Fall Classic and Women's World Classic"""
"=""9/28/2024""","=""113""","=""3rd Place""","=""Kelly Sullivan""","=""Apex/ Monroe Woodbury""","=""6-5""","=""DEC""","=""Holt Quincy""","=""Raleigh Area Wrestling""","=""Manheim""","=""PA""","=""Journeymen Fall Classic and Women's World Classic"""
"=""9/28/2024""","=""113""","=""Round of 32""","=""Holt Quincy""","=""Raleigh Area Wrestling""","=""""","=""BYE""","=""""","=""""","=""Manheim""","=""PA""","=""Journeymen Fall Classic and Women's World Classic"""
"=""9/28/2024""","=""113""","=""Round of 32""","=""Kelly Sullivan""","=""Apex/ Monroe Woodbury""","=""""","=""BYE""","=""""","=""""","=""Manheim""","=""PA""","=""Journeymen Fall Classic and Women's World Classic"""
"=""9/28/2024""","=""113""","=""Round of 32""","=""Justus Giglietti""","=""Brevard Fca""","=""""","=""BYE""","=""""","=""""","=""Manheim""","=""PA""","=""Journeymen Fall Classic and Women's World Classic"""
"=""9/28/2024""","=""113""","=""Round of 32""","=""Damian Tebano""","=""Hammer""","=""""","=""BYE""","=""""","=""""","=""Manheim""","=""PA""","=""Journeymen Fall Classic and Women's World Classic"""
"=""9/28/2024""","=""113""","=""Round of 32""","=""Cole Blaney""","=""Wantagh""","=""""","=""BYE""","=""""","=""""","=""Manheim""","=""PA""","=""Journeymen Fall Classic and Women's World Classic"""
"=""9/28/2024""","=""113""","=""Round of 32""","=""Andrew Poh""","=""Vhw""","=""""","=""BYE""","=""""","=""""","=""Manheim""","=""PA""","=""Journeymen Fall Classic and Women's World Classic"""
"=""9/28/2024""","=""113""","=""Round of 32""","=""Messiah Grant""","=""Hammer Wrestling Club""","=""21-6 4:30""","=""TF""","=""Zac Hartley""","=""Impact""","=""Manheim""","=""PA""","=""Journeymen Fall Classic and Women's World Classic"""
"=""9/28/2024""","=""113""","=""Round of 32""","=""Logan Costello""","=""Metrowest United""","=""""","=""BYE""","=""""","=""""","=""Manheim""","=""PA""","=""Journeymen Fall Classic and Women's World Classic"""
"=""9/28/2024""","=""113""","=""Round of 32""","=""Riley Alcantar""","=""Wyoming Seminary""","=""""","=""BYE""","=""""","=""""","=""Manheim""","=""PA""","=""Journeymen Fall Classic and Women's World Classic"""
"=""9/28/2024""","=""113""","=""Round of 32""","=""Fotis Koufalis""","=""Empire Wrestling Academy""","=""""","=""BYE""","=""""","=""""","=""Manheim""","=""PA""","=""Journeymen Fall Classic and Women's World Classic"""
"=""9/28/2024""","=""113""","=""Round of 32""","=""Kai Napadow Baquero""","=""Metrowest United""","=""""","=""BYE""","=""""","=""""","=""Manheim""","=""PA""","=""Journeymen Fall Classic and Women's World Classic"""
"=""9/28/2024""","=""113""","=""Round of 32""","=""Ayden Clancy""","=""Rednose""","=""""","=""BYE""","=""""","=""""","=""Manheim""","=""PA""","=""Journeymen Fall Classic and Women's World Classic"""
"=""9/28/2024""","=""113""","=""Round of 32""","=""Joel Puri""","=""Metrowest United""","=""""","=""BYE""","=""""","=""""","=""Manheim""","=""PA""","=""Journeymen Fall Classic and Women's World Classic"""
"=""9/28/2024""","=""113""","=""Round of 32""","=""Blake Cronk""","=""Journeymen Wrestling Club""","=""11-9""","=""DEC""","=""Amro Ahmed""","=""Hammer Wrestling Club""","=""Manheim""","=""PA""","=""Journeymen Fall Classic and Women's World Classic"""
"=""9/28/2024""","=""113""","=""Round of 32""","=""Lucas Pelc""","=""Yale Street""","=""15-0 3:23""","=""TF""","=""Loghan Dwyer""","=""Empire""","=""Manheim""","=""PA""","=""Journeymen Fall Classic and Women's World Classic"""
"=""9/28/2024""","=""113""","=""Round of 32""","=""Bryson Galofaro""","=""Heritage Hs""","=""""","=""BYE""","=""""","=""""","=""Manheim""","=""PA""","=""Journeymen Fall Classic and Women's World Classic"""
"=""9/28/2024""","=""113""","=""Round of 16""","=""Logan Costello""","=""Metrowest United""","=""7-0 1:42""","=""F""","=""Lucas Pelc""","=""Yale Street""","=""Manheim""","=""PA""","=""Journeymen Fall Classic and Women's World Classic"""
"=""9/28/2024""","=""113""","=""Round of 16""","=""Andrew Poh""","=""Vhw""","=""3-0 1:42""","=""F""","=""Messiah Grant""","=""Hammer Wrestling Club""","=""Manheim""","=""PA""","=""Journeymen Fall Classic and Women's World Classic"""
"=""9/28/2024""","=""113""","=""Round of 16""","=""Bryson Galofaro""","=""Heritage Hs""","=""7-0 1:58""","=""F""","=""Kai Napadow Baquero""","=""Metrowest United""","=""Manheim""","=""PA""","=""Journeymen Fall Classic and Women's World Classic"""
"=""9/28/2024""","=""113""","=""Round of 16""","=""Riley Alcantar""","=""Wyoming Seminary""","=""13-0 3:55""","=""F""","=""Fotis Koufalis""","=""Empire Wrestling Academy""","=""Manheim""","=""PA""","=""Journeymen Fall Classic and Women's World Classic"""
"=""9/28/2024""","=""113""","=""Round of 16""","=""Damian Tebano""","=""Hammer""","=""16-6""","=""MD""","=""Justus Giglietti""","=""Brevard Fca""","=""Manheim""","=""PA""","=""Journeymen Fall Classic and Women's World Classic"""
"=""9/28/2024""","=""113""","=""Round of 16""","=""Holt Quincy""","=""Raleigh Area Wrestling""","=""11-3""","=""MD""","=""Kelly Sullivan""","=""Apex/ Monroe Woodbury""","=""Manheim""","=""PA""","=""Journeymen Fall Classic and Women's World Classic"""
"=""9/28/2024""","=""113""","=""Round of 16""","=""Joel Puri""","=""Metrowest United""","=""3-0""","=""DEC""","=""Cole Blaney""","=""Wantagh""","=""Manheim""","=""PA""","=""Journeymen Fall Classic and Women's World Classic"""
"=""9/28/2024""","=""113""","=""Round of 16""","=""Ayden Clancy""","=""Rednose""","=""3-0 0:48""","=""F""","=""Blake Cronk""","=""Journeymen Wrestling Club""","=""Manheim""","=""PA""","=""Journeymen Fall Classic and Women's World Classic"""
"=""9/28/2024""","=""113""","=""Quarter-Finals""","=""Bryson Galofaro""","=""Heritage Hs""","=""15-0 2:20""","=""TF""","=""Joel Puri""","=""Metrowest United""","=""Manheim""","=""PA""","=""Journeymen Fall Classic and Women's World Classic"""
"=""9/28/2024""","=""113""","=""Quarter-Finals""","=""Andrew Poh""","=""Vhw""","=""5-0""","=""DEC""","=""Holt Quincy""","=""Raleigh Area Wrestling""","=""Manheim""","=""PA""","=""Journeymen Fall Classic and Women's World Classic"""
"=""9/28/2024""","=""113""","=""Quarter-Finals""","=""Riley Alcantar""","=""Wyoming Seminary""","=""5-0""","=""DEC""","=""Ayden Clancy""","=""Rednose""","=""Manheim""","=""PA""","=""Journeymen Fall Classic and Women's World Classic"""
"=""9/28/2024""","=""113""","=""Quarter-Finals""","=""Damian Tebano""","=""Hammer""","=""3-0 0:29""","=""F""","=""Logan Costello""","=""Metrowest United""","=""Manheim""","=""PA""","=""Journeymen Fall Classic and Women's World Classic"""
"=""9/28/2024""","=""113""","=""Semi-Finals""","=""Riley Alcantar""","=""Wyoming Seminary""","=""6-0""","=""DEC""","=""Bryson Galofaro""","=""Heritage Hs""","=""Manheim""","=""PA""","=""Journeymen Fall Classic and Women's World Classic"""
"=""9/28/2024""","=""113""","=""Semi-Finals""","=""Andrew Poh""","=""Vhw""","=""12-0""","=""MD""","=""Damian Tebano""","=""Hammer""","=""Manheim""","=""PA""","=""Journeymen Fall Classic and Women's World Classic"""
"=""9/28/2024""","=""113""","=""Finals""","=""Andrew Poh""","=""Vhw""","=""14-1""","=""MD""","=""Riley Alcantar""","=""Wyoming Seminary""","=""Manheim""","=""PA""","=""Journeymen Fall Classic and Women's World Classic"""
"=""9/28/2024""","=""80""","=""Finals""","=""Michael Vasi""","=""Jersey 74""","=""15-7""","=""MD""","=""Sam Mazin""","=""Red Nose Wrestling School""","=""Manheim""","=""PA""","=""Journeymen Fall Classic and Women's World Classic"""
"=""9/28/2024""","=""80""","=""Finals""","=""Jj Sullivan""","=""Apex/ Monroe Woodbury""","=""3-0 1:09""","=""F""","=""Joshua Schaub""","=""Wrestling Prep""","=""Manheim""","=""PA""","=""Journeymen Fall Classic and Women's World Classic"""
"=""9/28/2024""","=""80""","=""Finals""","=""Adam Hagenbuch""","=""York Suburban""","=""1-0 SV""","=""DEC""","=""Troy Migliaccio""","=""The Hunt""","=""Manheim""","=""PA""","=""Journeymen Fall Classic and Women's World Classic"""
"=""9/28/2024""","=""80""","=""Finals""","=""Joshua Garcia""","=""Savage House""","=""17-1 4:21""","=""TF""","=""Braylon Butts""","=""Raw""","=""Manheim""","=""PA""","=""Journeymen Fall Classic and Women's World Classic"""
"=""9/28/2024""","=""85""","=""RR Rnd 5""","=""David Krantz""","=""Mat Assassin's""","=""9-2 3:40""","=""F""","=""Christopher Baldo""","=""Bitetto Trained Wrestling Club""","=""Manheim""","=""PA""","=""Journeymen Fall Classic and Women's World Classic"""
"=""9/28/2024""","=""85""","=""RR Rnd 5""","=""Jaxson Weber""","=""Js74""","=""""","=""BYE""","=""""","=""""","=""Manheim""","=""PA""","=""Journeymen Fall Classic and Women's World Classic"""
"=""9/28/2024""","=""65""","=""RR Rnd 5""","=""Vincent Foster""","=""Mat Assassins""","=""8-1 2:17""","=""F""","=""Vincent Mcquone""","=""Yale St""","=""Manheim""","=""PA""","=""Journeymen Fall Classic and Women's World Classic"""
"=""9/28/2024""","=""65""","=""RR Rnd 5""","=""Logan Vallalla""","=""Mat Assassins""","=""9-0""","=""MD""","=""John Cambra Iv""","=""Mat Assassins""","=""Manheim""","=""PA""","=""Journeymen Fall Classic and Women's World Classic"""
"=""9/28/2024""","=""85""","=""RR Rnd 5""","=""Nelson Villafane""","=""Mat Assassins""","=""21-6 1:02""","=""TF""","=""Kody Dott""","=""Journeymen Wrestling Club""","=""Manheim""","=""PA""","=""Journeymen Fall Classic and Women's World Classic"""
"=""9/28/2024""","=""65""","=""RR Rnd 5""","=""Leo Mastrosimone""","=""Gps""","=""""","=""BYE""","=""""","=""""","=""Manheim""","=""PA""","=""Journeymen Fall Classic and Women's World Classic"""
"=""9/28/2024""","=""85""","=""RR Rnd 4""","=""Nelson Villafane""","=""Mat Assassins""","=""18-5 1:30""","=""F""","=""David Krantz""","=""Mat Assassin's""","=""Manheim""","=""PA""","=""Journeymen Fall Classic and Women's World Classic"""
"=""9/28/2024""","=""85""","=""RR Rnd 4""","=""Jaxson Weber""","=""Js74""","=""5-4""","=""DEC""","=""Christopher Baldo""","=""Bitetto Trained Wrestling Club""","=""Manheim""","=""PA""","=""Journeymen Fall Classic and Women's World Classic"""
"=""9/28/2024""","=""65""","=""RR Rnd 4""","=""Logan Vallalla""","=""Mat Assassins""","=""13-2 0:55""","=""F""","=""Leo Mastrosimone""","=""Gps""","=""Manheim""","=""PA""","=""Journeymen Fall Classic and Women's World Classic"""
"=""9/28/2024""","=""65""","=""RR Rnd 4""","=""Vincent Foster""","=""Mat Assassins""","=""7-0""","=""DEC""","=""John Cambra Iv""","=""Mat Assassins""","=""Manheim""","=""PA""","=""Journeymen Fall Classic and Women's World Classic"""
"=""9/28/2024""","=""85""","=""RR Rnd 4""","=""Kody Dott""","=""Journeymen Wrestling Club""","=""""","=""BYE""","=""""","=""""","=""Manheim""","=""PA""","=""Journeymen Fall Classic and Women's World Classic"""
"=""9/28/2024""","=""65""","=""RR Rnd 4""","=""Vincent Mcquone""","=""Yale St""","=""""","=""BYE""","=""""","=""""","=""Manheim""","=""PA""","=""Journeymen Fall Classic and Women's World Classic"""
"=""9/28/2024""","=""65""","=""RR Rnd 3""","=""Logan Vallalla""","=""Mat Assassins""","=""""","=""BYE""","=""""","=""""","=""Manheim""","=""PA""","=""Journeymen Fall Classic and Women's World Classic"""
"=""9/28/2024""","=""85""","=""RR Rnd 3""","=""Nelson Villafane""","=""Mat Assassins""","=""20-4 3:41""","=""TF""","=""Jaxson Weber""","=""Js74""","=""Manheim""","=""PA""","=""Journeymen Fall Classic and Women's World Classic"""
"=""9/28/2024""","=""65""","=""RR Rnd 3""","=""Vincent Foster""","=""Mat Assassins""","=""12-3 1:12""","=""F""","=""Leo Mastrosimone""","=""Gps""","=""Manheim""","=""PA""","=""Journeymen Fall Classic and Women's World Classic"""
"=""9/28/2024""","=""85""","=""RR Rnd 3""","=""Zavier Olver""","=""Mat Assassins Wc""","=""0-0 0:16""","=""F""","=""Marvin Vasquez""","=""Top Flight Wrestling Academy""","=""Manheim""","=""PA""","=""Journeymen Fall Classic and Women's World Classic"""
"=""9/28/2024""","=""85""","=""RR Rnd 3""","=""David Krantz""","=""Mat Assassin's""","=""5-0 1:58""","=""F""","=""Kody Dott""","=""Journeymen Wrestling Club""","=""Manheim""","=""PA""","=""Journeymen Fall Classic and Women's World Classic"""
"=""9/28/2024""","=""85""","=""RR Rnd 3""","=""Dane Malone""","=""X-calibur""","=""10-3""","=""DEC""","=""Dominic Schuman""","=""Mat Assassins Wrestling Club""","=""Manheim""","=""PA""","=""Journeymen Fall Classic and Women's World Classic"""
"=""9/28/2024""","=""85""","=""RR Rnd 3""","=""Christopher Baldo""","=""Bitetto Trained Wrestling Club""","=""""","=""BYE""","=""""","=""""","=""Manheim""","=""PA""","=""Journeymen Fall Classic and Women's World Classic"""
"=""9/28/2024""","=""65""","=""RR Rnd 3""","=""John Cambra Iv""","=""Mat Assassins""","=""16-1 3:06""","=""TF""","=""Vincent Mcquone""","=""Yale St""","=""Manheim""","=""PA""","=""Journeymen Fall Classic and Women's World Classic"""
"=""9/28/2024""","=""85""","=""RR Rnd 2""","=""Dominic Schuman""","=""Mat Assassins Wrestling Club""","=""5-1""","=""DEC""","=""Zavier Olver""","=""Mat Assassins Wc""","=""Manheim""","=""PA""","=""Journeymen Fall Classic and Women's World Classic"""
"=""9/28/2024""","=""85""","=""RR Rnd 2""","=""Dane Malone""","=""X-calibur""","=""7-0 1:08""","=""F""","=""Marvin Vasquez""","=""Top Flight Wrestling Academy""","=""Manheim""","=""PA""","=""Journeymen Fall Classic and Women's World Classic"""
"=""9/28/2024""","=""65""","=""RR Rnd 2""","=""Vincent Foster""","=""Mat Assassins""","=""7-3""","=""DEC""","=""Logan Vallalla""","=""Mat Assassins""","=""Manheim""","=""PA""","=""Journeymen Fall Classic and Women's World Classic"""
"=""9/28/2024""","=""85""","=""RR Rnd 2""","=""Jaxson Weber""","=""Js74""","=""4-3""","=""DEC""","=""Kody Dott""","=""Journeymen Wrestling Club""","=""Manheim""","=""PA""","=""Journeymen Fall Classic and Women's World Classic"""
"=""9/28/2024""","=""85""","=""RR Rnd 2""","=""David Krantz""","=""Mat Assassin's""","=""""","=""BYE""","=""""","=""""","=""Manheim""","=""PA""","=""Journeymen Fall Classic and Women's World Classic"""
"=""9/28/2024""","=""65""","=""RR Rnd 2""","=""Vincent Mcquone""","=""Yale St""","=""11-0""","=""MD""","=""Leo Mastrosimone""","=""Gps""","=""Manheim""","=""PA""","=""Journeymen Fall Classic and Women's World Classic"""
"=""9/28/2024""","=""65""","=""RR Rnd 2""","=""John Cambra Iv""","=""Mat Assassins""","=""""","=""BYE""","=""""","=""""","=""Manheim""","=""PA""","=""Journeymen Fall Classic and Women's World Classic"""
"=""9/28/2024""","=""85""","=""RR Rnd 2""","=""Nelson Villafane""","=""Mat Assassins""","=""18-4 1:16""","=""F""","=""Christopher Baldo""","=""Bitetto Trained Wrestling Club""","=""Manheim""","=""PA""","=""Journeymen Fall Classic and Women's World Classic"""
"=""9/28/2024""","=""85""","=""RR Rnd 1""","=""Jaxson Weber""","=""Js74""","=""5-4""","=""DEC""","=""David Krantz""","=""Mat Assassin's""","=""Manheim""","=""PA""","=""Journeymen Fall Classic and Women's World Classic"""
"=""9/28/2024""","=""65""","=""RR Rnd 1""","=""Logan Vallalla""","=""Mat Assassins""","=""17-4""","=""MD""","=""Vincent Mcquone""","=""Yale St""","=""Manheim""","=""PA""","=""Journeymen Fall Classic and Women's World Classic"""
"=""9/28/2024""","=""85""","=""RR Rnd 1""","=""Dominic Schuman""","=""Mat Assassins Wrestling Club""","=""3-0 0:20""","=""F""","=""Marvin Vasquez""","=""Top Flight Wrestling Academy""","=""Manheim""","=""PA""","=""Journeymen Fall Classic and Women's World Classic"""
"=""9/28/2024""","=""85""","=""RR Rnd 1""","=""Christopher Baldo""","=""Bitetto Trained Wrestling Club""","=""14-2""","=""MD""","=""Kody Dott""","=""Journeymen Wrestling Club""","=""Manheim""","=""PA""","=""Journeymen Fall Classic and Women's World Classic"""
"=""9/28/2024""","=""65""","=""RR Rnd 1""","=""John Cambra Iv""","=""Mat Assassins""","=""7-0 0:57""","=""F""","=""Leo Mastrosimone""","=""Gps""","=""Manheim""","=""PA""","=""Journeymen Fall Classic and Women's World Classic"""
"=""9/28/2024""","=""85""","=""RR Rnd 1""","=""Nelson Villafane""","=""Mat Assassins""","=""""","=""BYE""","=""""","=""""","=""Manheim""","=""PA""","=""Journeymen Fall Classic and Women's World Classic"""
"=""9/28/2024""","=""85""","=""RR Rnd 1""","=""Dane Malone""","=""X-calibur""","=""6-3""","=""DEC""","=""Zavier Olver""","=""Mat Assassins Wc""","=""Manheim""","=""PA""","=""Journeymen Fall Classic and Women's World Classic"""
"=""9/28/2024""","=""65""","=""RR Rnd 1""","=""Vincent Foster""","=""Mat Assassins""","=""""","=""BYE""","=""""","=""""","=""Manheim""","=""PA""","=""Journeymen Fall Classic and Women's World Classic"""
"=""9/28/2024""","=""119""","=""Consi of 8 #1""","=""Cameron Guffey""","=""Webster Thomas""","=""""","=""BYE""","=""""","=""""","=""Manheim""","=""PA""","=""Journeymen Fall Classic and Women's World Classic"""
"=""9/28/2024""","=""119""","=""Consi of 8 #1""","=""Kylen Smith""","=""Hard Rock""","=""""","=""BYE""","=""""","=""""","=""Manheim""","=""PA""","=""Journeymen Fall Classic and Women's World Classic"""
"=""9/28/2024""","=""119""","=""Consi of 8 #1""","=""Lucas Villanueva""","=""Yale Street""","=""""","=""BYE""","=""""","=""""","=""Manheim""","=""PA""","=""Journeymen Fall Classic and Women's World Classic"""
"=""9/28/2024""","=""119""","=""Consi of 8 #1""","=""Dominic Simpson""","=""Wrestlers Way""","=""6-0 1:22""","=""F""","=""Grady Carroll""","=""Fisheye""","=""Manheim""","=""PA""","=""Journeymen Fall Classic and Women's World Classic"""
"=""9/28/2024""","=""119""","=""Consi of 8 #2""","=""Ivan Rego""","=""Yale St Wrestling Club""","=""16-0 3:43""","=""TF""","=""Kylen Smith""","=""Hard Rock""","=""Manheim""","=""PA""","=""Journeymen Fall Classic and Women's World Classic"""
"=""9/28/2024""","=""119""","=""Consi of 8 #2""","=""Izaiah Santiago""","=""Smittysbarn""","=""12-0""","=""MD""","=""Dominic Simpson""","=""Wrestlers Way""","=""Manheim""","=""PA""","=""Journeymen Fall Classic and Women's World Classic"""
"=""9/28/2024""","=""119""","=""Consi of 8 #2""","=""Lucas Villanueva""","=""Yale Street""","=""7-3""","=""DEC""","=""Justin Quiros""","=""Jersey 74""","=""Manheim""","=""PA""","=""Journeymen Fall Classic and Women's World Classic"""
"=""9/28/2024""","=""119""","=""Consi of 8 #2""","=""Cameron Guffey""","=""Webster Thomas""","=""14-6""","=""MD""","=""Makana Tieri""","=""Brevard Fca""","=""Manheim""","=""PA""","=""Journeymen Fall Classic and Women's World Classic"""
"=""9/28/2024""","=""113A""","=""Consi of 4""","=""Wyatt Spencer""","=""Wyoming Seminary""","=""10-1 1:16""","=""F""","=""Peyton Van Hoven""","=""Legacy Dragons""","=""Manheim""","=""PA""","=""Journeymen Fall Classic and Women's World Classic"""
"=""9/28/2024""","=""113A""","=""Consi of 4""","=""Vincent Orandello""","=""Vhw""","=""6-0 2:23""","=""F""","=""Ryan Haynes""","=""Wyoming Seminary""","=""Manheim""","=""PA""","=""Journeymen Fall Classic and Women's World Classic"""
"=""9/28/2024""","=""113A""","=""Consi of 4""","=""Andrew Poh""","=""Vhw""","=""8-1 3:39""","=""M FOR""","=""Liam Mcgettigan""","=""Gilman""","=""Manheim""","=""PA""","=""Journeymen Fall Classic and Women's World Classic"""
"=""9/28/2024""","=""113A""","=""Consi of 4""","=""Lucas Griffin""","=""Ascend Wc / Chaminade Hs""","=""""","=""BYE""","=""""","=""""","=""Manheim""","=""PA""","=""Journeymen Fall Classic and Women's World Classic"""
"=""9/28/2024""","=""119""","=""Consi of 4""","=""Cameron Guffey""","=""Webster Thomas""","=""9-8""","=""DEC""","=""Lucas Villanueva""","=""Yale Street""","=""Manheim""","=""PA""","=""Journeymen Fall Classic and Women's World Classic"""
"=""9/28/2024""","=""119""","=""Consi of 4""","=""Ivan Rego""","=""Yale St Wrestling Club""","=""15-0 4:04""","=""TF""","=""Izaiah Santiago""","=""Smittysbarn""","=""Manheim""","=""PA""","=""Journeymen Fall Classic and Women's World Classic"""
"=""9/28/2024""","=""113A""","=""Consi of 4""","=""Liam Collins""","=""Pinnacle""","=""10-7""","=""DEC""","=""Zane Crouse""","=""Team Nauman""","=""Manheim""","=""PA""","=""Journeymen Fall Classic and Women's World Classic"""
"=""9/28/2024""","=""113A""","=""Consi of 4""","=""Brighton Karvoski""","=""South Side Wrestling Club""","=""7-0 0:52""","=""F""","=""Ethan Michaels""","=""Triumph""","=""Manheim""","=""PA""","=""Journeymen Fall Classic and Women's World Classic"""
"=""9/28/2024""","=""113A""","=""Consi of 4""","=""Zachary Belverio""","=""Yale Street""","=""13-1""","=""MD""","=""Lucas Reeves""","=""Steel Valley Renegades""","=""Manheim""","=""PA""","=""Journeymen Fall Classic and Women's World Classic"""
"=""9/28/2024""","=""119""","=""Consi-Semis""","=""Alex Rosciano""","=""Delbarton""","=""7-2""","=""DEC""","=""Ivan Rego""","=""Yale St Wrestling Club""","=""Manheim""","=""PA""","=""Journeymen Fall Classic and Women's World Classic"""
"=""9/28/2024""","=""119""","=""Consi-Semis""","=""Rocco Graffeo""","=""Bitetto Trained""","=""10-1 1:10""","=""F""","=""Cameron Guffey""","=""Webster Thomas""","=""Manheim""","=""PA""","=""Journeymen Fall Classic and Women's World Classic"""
"=""9/28/2024""","=""113A""","=""7th Place""","=""Ethan Michaels""","=""Triumph""","=""0-0""","=""FOR""","=""Liam Mcgettigan""","=""Gilman""","=""Manheim""","=""PA""","=""Journeymen Fall Classic and Women's World Classic"""
"=""9/28/2024""","=""113A""","=""7th Place""","=""Ryan Haynes""","=""Wyoming Seminary""","=""3-0 0:52""","=""F""","=""Lucas Reeves""","=""Steel Valley Renegades""","=""Manheim""","=""PA""","=""Journeymen Fall Classic and Women's World Classic"""
"=""9/28/2024""","=""113A""","=""7th Place""","=""Zane Crouse""","=""Team Nauman""","=""17-9""","=""MD""","=""Peyton Van Hoven""","=""Legacy Dragons""","=""Manheim""","=""PA""","=""Journeymen Fall Classic and Women's World Classic"""
"=""9/28/2024""","=""113A""","=""5th Place""","=""Lucas Griffin""","=""Ascend Wc / Chaminade Hs""","=""""","=""BYE""","=""""","=""""","=""Manheim""","=""PA""","=""Journeymen Fall Classic and Women's World Classic"""
"=""9/28/2024""","=""113A""","=""5th Place""","=""Liam Collins""","=""Pinnacle""","=""0-0 0:08""","=""M FOR""","=""Wyatt Spencer""","=""Wyoming Seminary""","=""Manheim""","=""PA""","=""Journeymen Fall Classic and Women's World Classic"""
"=""9/28/2024""","=""113A""","=""5th Place""","=""Zachary Belverio""","=""Yale Street""","=""13-8""","=""DEC""","=""Vincent Orandello""","=""Vhw""","=""Manheim""","=""PA""","=""Journeymen Fall Classic and Women's World Classic"""
"=""9/28/2024""","=""113A""","=""5th Place""","=""Brighton Karvoski""","=""South Side Wrestling Club""","=""3-0 1:23""","=""F""","=""Andrew Poh""","=""Vhw""","=""Manheim""","=""PA""","=""Journeymen Fall Classic and Women's World Classic"""
"=""9/28/2024""","=""113A""","=""3rd Place""","=""Allen Woo""","=""Cory Clark""","=""13-6""","=""DEC""","=""Brennan Sprague""","=""Monsignor Farrell""","=""Manheim""","=""PA""","=""Journeymen Fall Classic and Women's World Classic"""
"=""9/28/2024""","=""119""","=""3rd Place""","=""Rocco Graffeo""","=""Bitetto Trained""","=""9-0""","=""MD""","=""Alex Rosciano""","=""Delbarton""","=""Manheim""","=""PA""","=""Journeymen Fall Classic and Women's World Classic"""
"=""9/28/2024""","=""113A""","=""3rd Place""","=""Ryan A Mcgrail""","=""Hard Rock""","=""1-0""","=""DEC""","=""Garrett Judd""","=""Deep Roots Wrestling Club""","=""Manheim""","=""PA""","=""Journeymen Fall Classic and Women's World Classic"""
"=""9/28/2024""","=""113A""","=""3rd Place""","=""Liam Davis""","=""Lake Highland Prep""","=""4-1""","=""DEC""","=""Peter Rincan""","=""Dwc""","=""Manheim""","=""PA""","=""Journeymen Fall Classic and Women's World Classic"""
"=""9/28/2024""","=""113A""","=""3rd Place""","=""Carmine Sipper""","=""James Caldwell Hs""","=""7-0""","=""DEC""","=""Kole Davidheiser""","=""The Hill School""","=""Manheim""","=""PA""","=""Journeymen Fall Classic and Women's World Classic"""
"=""9/28/2024""","=""113A""","=""Round of 32""","=""Wyatt Spencer""","=""Wyoming Seminary""","=""18-7""","=""MD""","=""Oliver Lester""","=""Pursuit Wrestling""","=""Manheim""","=""PA""","=""Journeymen Fall Classic and Women's World Classic"""
"=""9/28/2024""","=""113A""","=""Round of 32""","=""Samuel Comes""","=""Tnwa""","=""3-2""","=""DEC""","=""Lucas Reeves""","=""Steel Valley Renegades""","=""Manheim""","=""PA""","=""Journeymen Fall Classic and Women's World Classic"""
"=""9/28/2024""","=""113A""","=""Round of 32""","=""Brendan Kelly""","=""Malvern Prep""","=""4-0""","=""DEC""","=""Colin Logalbo""","=""Little Falls""","=""Manheim""","=""PA""","=""Journeymen Fall Classic and Women's World Classic"""
"=""9/28/2024""","=""113A""","=""Round of 32""","=""Liam Collins""","=""Pinnacle""","=""""","=""BYE""","=""""","=""""","=""Manheim""","=""PA""","=""Journeymen Fall Classic and Women's World Classic"""
"=""9/28/2024""","=""113A""","=""Round of 32""","=""Peyton Van Hoven""","=""Legacy Dragons""","=""19-3 3:28""","=""TF""","=""Lucas Griffin""","=""Ascend Wc / Chaminade Hs""","=""Manheim""","=""PA""","=""Journeymen Fall Classic and Women's World Classic"""
"=""9/28/2024""","=""113A""","=""Round of 32""","=""Dominick Morrison""","=""Hatboro Horsham Warriors""","=""""","=""BYE""","=""""","=""""","=""Manheim""","=""PA""","=""Journeymen Fall Classic and Women's World Classic"""
"=""9/28/2024""","=""113A""","=""Round of 32""","=""Kole Davidheiser""","=""The Hill School""","=""17-1 4:44""","=""TF""","=""Connor Guffey""","=""Webster Thomas""","=""Manheim""","=""PA""","=""Journeymen Fall Classic and Women's World Classic"""
"=""9/28/2024""","=""113A""","=""Round of 32""","=""Liam Mcgettigan""","=""Gilman""","=""7-0 1:10""","=""F""","=""Ryan A Mcgrail""","=""Hard Rock""","=""Manheim""","=""PA""","=""Journeymen Fall Classic and Women's World Classic"""
"=""9/28/2024""","=""113A""","=""Round of 32""","=""Carmine Sipper""","=""James Caldwell Hs""","=""7-1""","=""DEC""","=""Matthew Mulligan""","=""Bergen Catholic""","=""Manheim""","=""PA""","=""Journeymen Fall Classic and Women's World Classic"""
"=""9/28/2024""","=""113A""","=""Round of 32""","=""Peter Rincan""","=""Dwc""","=""5-2""","=""DEC""","=""Zachary Belverio""","=""Yale Street""","=""Manheim""","=""PA""","=""Journeymen Fall Classic and Women's World Classic"""
"=""9/28/2024""","=""113A""","=""Round of 32""","=""Brighton Karvoski""","=""South Side Wrestling Club""","=""3-0 0:19""","=""F""","=""Garrett Judd""","=""Deep Roots Wrestling Club""","=""Manheim""","=""PA""","=""Journeymen Fall Classic and Women's World Classic"""
"=""9/28/2024""","=""113A""","=""Round of 32""","=""Ethan Michaels""","=""Triumph""","=""7-0""","=""DEC""","=""Brennan Sprague""","=""Monsignor Farrell""","=""Manheim""","=""PA""","=""Journeymen Fall Classic and Women's World Classic"""
"=""9/28/2024""","=""113A""","=""Round of 32""","=""Liam Davis""","=""Lake Highland Prep""","=""10-0""","=""MD""","=""Vincent Orandello""","=""Vhw""","=""Manheim""","=""PA""","=""Journeymen Fall Classic and Women's World Classic"""
"=""9/28/2024""","=""113A""","=""Round of 32""","=""Dunia Sibomana""","=""Long Beach""","=""""","=""BYE""","=""""","=""""","=""Manheim""","=""PA""","=""Journeymen Fall Classic and Women's World Classic"""
"=""9/28/2024""","=""113A""","=""Round of 32""","=""Andrew Poh""","=""Vhw""","=""6-2""","=""DEC""","=""Allen Woo""","=""Cory Clark""","=""Manheim""","=""PA""","=""Journeymen Fall Classic and Women's World Classic"""
"=""9/28/2024""","=""113A""","=""Round of 32""","=""Zane Crouse""","=""Team Nauman""","=""5-0 3:28""","=""F""","=""Ryan Haynes""","=""Wyoming Seminary""","=""Manheim""","=""PA""","=""Journeymen Fall Classic and Women's World Classic"""
"=""9/28/2024""","=""113A""","=""Round of 16""","=""Dominick Morrison""","=""Hatboro Horsham Warriors""","=""15-1""","=""MD""","=""Wyatt Spencer""","=""Wyoming Seminary""","=""Manheim""","=""PA""","=""Journeymen Fall Classic and Women's World Classic"""
"=""9/28/2024""","=""113A""","=""Round of 16""","=""Allen Woo""","=""Cory Clark""","=""17-2 4:47""","=""F""","=""Lucas Griffin""","=""Ascend Wc / Chaminade Hs""","=""Manheim""","=""PA""","=""Journeymen Fall Classic and Women's World Classic"""
"=""9/28/2024""","=""113A""","=""Round of 16""","=""Oliver Lester""","=""Pursuit Wrestling""","=""""","=""BYE""","=""""","=""""","=""Manheim""","=""PA""","=""Journeymen Fall Classic and Women's World Classic"""
"=""9/28/2024""","=""113A""","=""Round of 16""","=""Brennan Sprague""","=""Monsignor Farrell""","=""""","=""BYE""","=""""","=""""","=""Manheim""","=""PA""","=""Journeymen Fall Classic and Women's World Classic"""
"=""9/28/2024""","=""119""","=""Round of 16""","=""Alex Rosciano""","=""Delbarton""","=""""","=""BYE""","=""""","=""""","=""Manheim""","=""PA""","=""Journeymen Fall Classic and Women's World Classic"""
"=""9/28/2024""","=""119""","=""Round of 16""","=""Dawson Bowden""","=""Wtf Witchduck Training Facility""","=""""","=""BYE""","=""""","=""""","=""Manheim""","=""PA""","=""Journeymen Fall Classic and Women's World Classic"""
"=""9/28/2024""","=""119""","=""Round of 16""","=""David Vazquez""","=""Btwc""","=""3-0 0:16""","=""F""","=""Grady Carroll""","=""Fisheye""","=""Manheim""","=""PA""","=""Journeymen Fall Classic and Women's World Classic"""
"=""9/28/2024""","=""113A""","=""Round of 16""","=""Ethan Michaels""","=""Triumph""","=""12-0""","=""MD""","=""Liam Collins""","=""Pinnacle""","=""Manheim""","=""PA""","=""Journeymen Fall Classic and Women's World Classic"""
"=""9/28/2024""","=""113A""","=""Round of 16""","=""Ryan Haynes""","=""Wyoming Seminary""","=""3-0 0:58""","=""F""","=""Garrett Judd""","=""Deep Roots Wrestling Club""","=""Manheim""","=""PA""","=""Journeymen Fall Classic and Women's World Classic"""
"=""9/28/2024""","=""113A""","=""Round of 16""","=""Peter Rincan""","=""Dwc""","=""12-0""","=""MD""","=""Kole Davidheiser""","=""The Hill School""","=""Manheim""","=""PA""","=""Journeymen Fall Classic and Women's World Classic"""
"=""9/28/2024""","=""113A""","=""Round of 16""","=""Dunia Sibomana""","=""Long Beach""","=""7-1""","=""DEC""","=""Carmine Sipper""","=""James Caldwell Hs""","=""Manheim""","=""PA""","=""Journeymen Fall Classic and Women's World Classic"""
"=""9/28/2024""","=""119""","=""Round of 16""","=""Izaiah Santiago""","=""Smittysbarn""","=""""","=""BYE""","=""""","=""""","=""Manheim""","=""PA""","=""Journeymen Fall Classic and Women's World Classic"""
"=""9/28/2024""","=""113A""","=""Round of 16""","=""Brighton Karvoski""","=""South Side Wrestling Club""","=""3-0 2:20""","=""F""","=""Zane Crouse""","=""Team Nauman""","=""Manheim""","=""PA""","=""Journeymen Fall Classic and Women's World Classic"""
"=""9/28/2024""","=""113A""","=""Round of 16""","=""Vincent Orandello""","=""Vhw""","=""3-0 0:34""","=""F""","=""Colin Logalbo""","=""Little Falls""","=""Manheim""","=""PA""","=""Journeymen Fall Classic and Women's World Classic"""
"=""9/28/2024""","=""113A""","=""Round of 16""","=""Liam Mcgettigan""","=""Gilman""","=""7-0""","=""DEC""","=""Samuel Comes""","=""Tnwa""","=""Manheim""","=""PA""","=""Journeymen Fall Classic and Women's World Classic"""
"=""9/28/2024""","=""113A""","=""Round of 16""","=""Liam Davis""","=""Lake Highland Prep""","=""10-2""","=""MD""","=""Brendan Kelly""","=""Malvern Prep""","=""Manheim""","=""PA""","=""Journeymen Fall Classic and Women's World Classic"""
"=""9/28/2024""","=""119""","=""Round of 16""","=""Makana Tieri""","=""Brevard Fca""","=""7-2 2:43""","=""F""","=""Kylen Smith""","=""Hard Rock""","=""Manheim""","=""PA""","=""Journeymen Fall Classic and Women's World Classic"""
"=""9/28/2024""","=""113A""","=""Round of 16""","=""Lucas Reeves""","=""Steel Valley Renegades""","=""7-0 1:54""","=""F""","=""Ryan A Mcgrail""","=""Hard Rock""","=""Manheim""","=""PA""","=""Journeymen Fall Classic and Women's World Classic"""
"=""9/28/2024""","=""119""","=""Round of 16""","=""Rocco Graffeo""","=""Bitetto Trained""","=""12-2""","=""MD""","=""Lucas Villanueva""","=""Yale Street""","=""Manheim""","=""PA""","=""Journeymen Fall Classic and Women's World Classic"""
"=""9/28/2024""","=""113A""","=""Round of 16""","=""Andrew Poh""","=""Vhw""","=""21-4 2:28""","=""TF""","=""Peyton Van Hoven""","=""Legacy Dragons""","=""Manheim""","=""PA""","=""Journeymen Fall Classic and Women's World Classic"""
"=""9/28/2024""","=""119""","=""Round of 16""","=""Justin Quiros""","=""Jersey 74""","=""10-2""","=""MD""","=""Dominic Simpson""","=""Wrestlers Way""","=""Manheim""","=""PA""","=""Journeymen Fall Classic and Women's World Classic"""
"=""9/28/2024""","=""113A""","=""Round of 16""","=""Matthew Mulligan""","=""Bergen Catholic""","=""""","=""BYE""","=""""","=""""","=""Manheim""","=""PA""","=""Journeymen Fall Classic and Women's World Classic"""
"=""9/28/2024""","=""119""","=""Round of 16""","=""Ivan Rego""","=""Yale St Wrestling Club""","=""12-2""","=""MD""","=""Cameron Guffey""","=""Webster Thomas""","=""Manheim""","=""PA""","=""Journeymen Fall Classic and Women's World Classic"""
"=""9/28/2024""","=""113A""","=""Round of 16""","=""Zachary Belverio""","=""Yale Street""","=""7-1 3:27""","=""F""","=""Connor Guffey""","=""Webster Thomas""","=""Manheim""","=""PA""","=""Journeymen Fall Classic and Women's World Classic"""
"=""9/28/2024""","=""113A""","=""Quarter-Finals""","=""Carmine Sipper""","=""James Caldwell Hs""","=""4-2""","=""DEC""","=""Zane Crouse""","=""Team Nauman""","=""Manheim""","=""PA""","=""Journeymen Fall Classic and Women's World Classic"""
"=""9/28/2024""","=""113A""","=""Quarter-Finals""","=""Connor Guffey""","=""Webster Thomas""","=""15-4""","=""MD""","=""Lucas Griffin""","=""Ascend Wc / Chaminade Hs""","=""Manheim""","=""PA""","=""Journeymen Fall Classic and Women's World Classic"""
"=""9/28/2024""","=""113A""","=""Quarter-Finals""","=""Ryan A Mcgrail""","=""Hard Rock""","=""""","=""BYE""","=""""","=""""","=""Manheim""","=""PA""","=""Journeymen Fall Classic and Women's World Classic"""
"=""9/28/2024""","=""113A""","=""Quarter-Finals""","=""Liam Davis""","=""Lake Highland Prep""","=""5-2""","=""DEC""","=""Ethan Michaels""","=""Triumph""","=""Manheim""","=""PA""","=""Journeymen Fall Classic and Women's World Classic"""
"=""9/28/2024""","=""113A""","=""Quarter-Finals""","=""Allen Woo""","=""Cory Clark""","=""4-2""","=""DEC""","=""Zachary Belverio""","=""Yale Street""","=""Manheim""","=""PA""","=""Journeymen Fall Classic and Women's World Classic"""
"=""9/28/2024""","=""113A""","=""Quarter-Finals""","=""Oliver Lester""","=""Pursuit Wrestling""","=""3-0 1:16""","=""F""","=""Lucas Reeves""","=""Steel Valley Renegades""","=""Manheim""","=""PA""","=""Journeymen Fall Classic and Women's World Classic"""
"=""9/28/2024""","=""119""","=""Quarter-Finals""","=""Rocco Graffeo""","=""Bitetto Trained""","=""9-0 4:51""","=""F""","=""Izaiah Santiago""","=""Smittysbarn""","=""Manheim""","=""PA""","=""Journeymen Fall Classic and Women's World Classic"""
"=""9/28/2024""","=""113A""","=""Quarter-Finals""","=""Peter Rincan""","=""Dwc""","=""9-0 2:35""","=""F""","=""Andrew Poh""","=""Vhw""","=""Manheim""","=""PA""","=""Journeymen Fall Classic and Women's World Classic"""
"=""9/28/2024""","=""113A""","=""Quarter-Finals""","=""Dunia Sibomana""","=""Long Beach""","=""12-2""","=""MD""","=""Brighton Karvoski""","=""South Side Wrestling Club""","=""Manheim""","=""PA""","=""Journeymen Fall Classic and Women's World Classic"""
"=""9/28/2024""","=""113A""","=""Quarter-Finals""","=""Brennan Sprague""","=""Monsignor Farrell""","=""15-5""","=""MD""","=""Vincent Orandello""","=""Vhw""","=""Manheim""","=""PA""","=""Journeymen Fall Classic and Women's World Classic"""
"=""9/28/2024""","=""119""","=""Quarter-Finals""","=""David Vazquez""","=""Btwc""","=""10-0""","=""MD""","=""Justin Quiros""","=""Jersey 74""","=""Manheim""","=""PA""","=""Journeymen Fall Classic and Women's World Classic"""
"=""9/28/2024""","=""119""","=""Quarter-Finals""","=""Alex Rosciano""","=""Delbarton""","=""3-0 0:27""","=""F""","=""Makana Tieri""","=""Brevard Fca""","=""Manheim""","=""PA""","=""Journeymen Fall Classic and Women's World Classic"""
"=""9/28/2024""","=""113A""","=""Quarter-Finals""","=""Kole Davidheiser""","=""The Hill School""","=""20-10""","=""MD""","=""Peyton Van Hoven""","=""Legacy Dragons""","=""Manheim""","=""PA""","=""Journeymen Fall Classic and Women's World Classic"""
"=""9/28/2024""","=""113A""","=""Quarter-Finals""","=""Matthew Mulligan""","=""Bergen Catholic""","=""7-0 4:42""","=""F""","=""Ryan Haynes""","=""Wyoming Seminary""","=""Manheim""","=""PA""","=""Journeymen Fall Classic and Women's World Classic"""
"=""9/28/2024""","=""113A""","=""Quarter-Finals""","=""Garrett Judd""","=""Deep Roots Wrestling Club""","=""""","=""BYE""","=""""","=""""","=""Manheim""","=""PA""","=""Journeymen Fall Classic and Women's World Classic"""
"=""9/28/2024""","=""113A""","=""Quarter-Finals""","=""Dominick Morrison""","=""Hatboro Horsham Warriors""","=""1-0""","=""DEC""","=""Liam Mcgettigan""","=""Gilman""","=""Manheim""","=""PA""","=""Journeymen Fall Classic and Women's World Classic"""
"=""9/28/2024""","=""113A""","=""Quarter-Finals""","=""Brendan Kelly""","=""Malvern Prep""","=""16-10""","=""DEC""","=""Liam Collins""","=""Pinnacle""","=""Manheim""","=""PA""","=""Journeymen Fall Classic and Women's World Classic"""
"=""9/28/2024""","=""113A""","=""Quarter-Finals""","=""Colin Logalbo""","=""Little Falls""","=""""","=""BYE""","=""""","=""""","=""Manheim""","=""PA""","=""Journeymen Fall Classic and Women's World Classic"""
"=""9/28/2024""","=""119""","=""Quarter-Finals""","=""Dawson Bowden""","=""Wtf Witchduck Training Facility""","=""4-1""","=""DEC""","=""Ivan Rego""","=""Yale St Wrestling Club""","=""Manheim""","=""PA""","=""Journeymen Fall Classic and Women's World Classic"""
"=""9/28/2024""","=""113A""","=""Quarter-Finals""","=""Samuel Comes""","=""Tnwa""","=""6-3""","=""DEC""","=""Wyatt Spencer""","=""Wyoming Seminary""","=""Manheim""","=""PA""","=""Journeymen Fall Classic and Women's World Classic"""
"=""9/28/2024""","=""113A""","=""Semi-Finals""","=""Dominick Morrison""","=""Hatboro Horsham Warriors""","=""4-0""","=""DEC""","=""Peter Rincan""","=""Dwc""","=""Manheim""","=""PA""","=""Journeymen Fall Classic and Women's World Classic"""
"=""9/28/2024""","=""113A""","=""Semi-Finals""","=""Samuel Comes""","=""Tnwa""","=""11-4""","=""DEC""","=""Kole Davidheiser""","=""The Hill School""","=""Manheim""","=""PA""","=""Journeymen Fall Classic and Women's World Classic"""
"=""9/28/2024""","=""113A""","=""Semi-Finals""","=""Colin Logalbo""","=""Little Falls""","=""16-2""","=""MD""","=""Garrett Judd""","=""Deep Roots Wrestling Club""","=""Manheim""","=""PA""","=""Journeymen Fall Classic and Women's World Classic"""
"=""9/28/2024""","=""113A""","=""Semi-Finals""","=""Matthew Mulligan""","=""Bergen Catholic""","=""17-4""","=""MD""","=""Brennan Sprague""","=""Monsignor Farrell""","=""Manheim""","=""PA""","=""Journeymen Fall Classic and Women's World Classic"""
"=""9/28/2024""","=""113A""","=""Semi-Finals""","=""Connor Guffey""","=""Webster Thomas""","=""24-9 3:42""","=""TF""","=""Ryan A Mcgrail""","=""Hard Rock""","=""Manheim""","=""PA""","=""Journeymen Fall Classic and Women's World Classic"""
"=""9/28/2024""","=""113A""","=""Semi-Finals""","=""Oliver Lester""","=""Pursuit Wrestling""","=""8-1 1:54""","=""F""","=""Allen Woo""","=""Cory Clark""","=""Manheim""","=""PA""","=""Journeymen Fall Classic and Women's World Classic"""
"=""9/28/2024""","=""119""","=""Semi-Finals""","=""David Vazquez""","=""Btwc""","=""9-2""","=""DEC""","=""Alex Rosciano""","=""Delbarton""","=""Manheim""","=""PA""","=""Journeymen Fall Classic and Women's World Classic"""
"=""9/28/2024""","=""119""","=""Semi-Finals""","=""Dawson Bowden""","=""Wtf Witchduck Training Facility""","=""8-2""","=""DEC""","=""Rocco Graffeo""","=""Bitetto Trained""","=""Manheim""","=""PA""","=""Journeymen Fall Classic and Women's World Classic"""
"=""9/28/2024""","=""113A""","=""Semi-Finals""","=""Dunia Sibomana""","=""Long Beach""","=""1-0""","=""DEC""","=""Liam Davis""","=""Lake Highland Prep""","=""Manheim""","=""PA""","=""Journeymen Fall Classic and Women's World Classic"""
"=""9/28/2024""","=""113A""","=""Semi-Finals""","=""Brendan Kelly""","=""Malvern Prep""","=""3-2""","=""DEC""","=""Carmine Sipper""","=""James Caldwell Hs""","=""Manheim""","=""PA""","=""Journeymen Fall Classic and Women's World Classic"""
"=""9/28/2024""","=""85""","=""Finals""","=""Nelson Villafane""","=""Mat Assassins""","=""20-6""","=""MD""","=""Dane Malone""","=""X-calibur""","=""Manheim""","=""PA""","=""Journeymen Fall Classic and Women's World Classic"""
"=""9/28/2024""","=""113A""","=""Finals""","=""Brendan Kelly""","=""Malvern Prep""","=""8-3""","=""DEC""","=""Samuel Comes""","=""Tnwa""","=""Manheim""","=""PA""","=""Journeymen Fall Classic and Women's World Classic"""
"=""9/28/2024""","=""85""","=""Finals""","=""David Krantz""","=""Mat Assassin's""","=""9-3""","=""DEC""","=""Zavier Olver""","=""Mat Assassins Wc""","=""Manheim""","=""PA""","=""Journeymen Fall Classic and Women's World Classic"""
"=""9/28/2024""","=""85""","=""Finals""","=""Dominic Schuman""","=""Mat Assassins Wrestling Club""","=""12-4""","=""MD""","=""Jaxson Weber""","=""Js74""","=""Manheim""","=""PA""","=""Journeymen Fall Classic and Women's World Classic"""
"=""9/28/2024""","=""113A""","=""Finals""","=""Colin Logalbo""","=""Little Falls""","=""4-2""","=""DEC""","=""Connor Guffey""","=""Webster Thomas""","=""Manheim""","=""PA""","=""Journeymen Fall Classic and Women's World Classic"""
"=""9/28/2024""","=""113A""","=""Finals""","=""Oliver Lester""","=""Pursuit Wrestling""","=""5-0 1:17""","=""F""","=""Matthew Mulligan""","=""Bergen Catholic""","=""Manheim""","=""PA""","=""Journeymen Fall Classic and Women's World Classic"""
"=""9/28/2024""","=""113A""","=""Finals""","=""Dominick Morrison""","=""Hatboro Horsham Warriors""","=""5-2""","=""DEC""","=""Dunia Sibomana""","=""Long Beach""","=""Manheim""","=""PA""","=""Journeymen Fall Classic and Women's World Classic"""
"=""9/28/2024""","=""85""","=""Finals""","=""Christopher Baldo""","=""Bitetto Trained Wrestling Club""","=""13-0 2:24""","=""F""","=""Marvin Vasquez""","=""Top Flight Wrestling Academy""","=""Manheim""","=""PA""","=""Journeymen Fall Classic and Women's World Classic"""
"=""9/28/2024""","=""119""","=""Finals""","=""David Vazquez""","=""Btwc""","=""7-5""","=""DEC""","=""Dawson Bowden""","=""Wtf Witchduck Training Facility""","=""Manheim""","=""PA""","=""Journeymen Fall Classic and Women's World Classic"""
"=""9/28/2024""","=""119A""","=""RR Rnd 3""","=""Landon Quiroga""","=""Brevard Fca / Merritt Island""","=""""","=""BYE""","=""""","=""""","=""Manheim""","=""PA""","=""Journeymen Fall Classic and Women's World Classic"""
"=""9/28/2024""","=""119A""","=""RR Rnd 3""","=""James Mcginty""","=""Scorpions""","=""11-0 3:29""","=""F""","=""Bennet Palmeri""","=""Superior Wrestling Academy""","=""Manheim""","=""PA""","=""Journeymen Fall Classic and Women's World Classic"""
"=""9/28/2024""","=""119A""","=""RR Rnd 3""","=""Ezekiel Keel""","=""Chantilly""","=""11-1""","=""MD""","=""Eamon Fry""","=""Rumson Fair Haven""","=""Manheim""","=""PA""","=""Journeymen Fall Classic and Women's World Classic"""
"=""9/28/2024""","=""75""","=""RR Rnd 3""","=""Sebastian Andidero""","=""Deep Roots""","=""7-0""","=""DEC""","=""Zayne Young""","=""Steel Valley Renegades""","=""Manheim""","=""PA""","=""Journeymen Fall Classic and Women's World Classic"""
"=""9/28/2024""","=""75""","=""RR Rnd 3""","=""Chase Simonton""","=""Barn Brothers""","=""8-0 3:49""","=""F""","=""Bennett Kocher""","=""Shwa""","=""Manheim""","=""PA""","=""Journeymen Fall Classic and Women's World Classic"""
"=""9/28/2024""","=""90""","=""RR Rnd 3""","=""Ryder Fuller""","=""Va Slaughter House""","=""3-3 2:31""","=""F""","=""Henry Mcgovern""","=""Iron Faith Wrestling Club""","=""Manheim""","=""PA""","=""Journeymen Fall Classic and Women's World Classic"""
"=""9/28/2024""","=""90""","=""RR Rnd 3""","=""Elias Taylor""","=""Raleigh Area Wrestling (Raw)""","=""""","=""BYE""","=""""","=""""","=""Manheim""","=""PA""","=""Journeymen Fall Classic and Women's World Classic"""
"=""9/28/2024""","=""90""","=""RR Rnd 3""","=""Spencer Lee""","=""Vhw""","=""""","=""BYE""","=""""","=""""","=""Manheim""","=""PA""","=""Journeymen Fall Classic and Women's World Classic"""
"=""9/28/2024""","=""90""","=""RR Rnd 3""","=""Matthew Simonton""","=""Barn Brothers""","=""4-0 3:35""","=""F""","=""Gavin Lovell""","=""Mat Assassins""","=""Manheim""","=""PA""","=""Journeymen Fall Classic and Women's World Classic"""
"=""9/28/2024""","=""75""","=""RR Rnd 3""","=""Liam Reeves""","=""Steel Valley Renegades""","=""19-2 2:23""","=""TF""","=""Holden Libertucci""","=""Journeymen Wrestling Club""","=""Manheim""","=""PA""","=""Journeymen Fall Classic and Women's World Classic"""
"=""9/28/2024""","=""90""","=""RR Rnd 3""","=""Carson Raper""","=""Darkhorse Wrestling""","=""0-0 0:00""","=""F""","=""John Matter""","=""Yale Street Wrestling Club""","=""Manheim""","=""PA""","=""Journeymen Fall Classic and Women's World Classic"""
"=""9/28/2024""","=""119A""","=""RR Rnd 3""","=""Joseph Viola""","=""Seton Hall Prep""","=""""","=""BYE""","=""""","=""""","=""Manheim""","=""PA""","=""Journeymen Fall Classic and Women's World Classic"""
"=""9/28/2024""","=""90""","=""RR Rnd 3""","=""Hunter Phillips""","=""Ward Melville""","=""7-3""","=""DEC""","=""Liam Arroyo""","=""Apex/olympic""","=""Manheim""","=""PA""","=""Journeymen Fall Classic and Women's World Classic"""
"=""9/28/2024""","=""75""","=""RR Rnd 3""","=""Hudson Judd""","=""Deep Roots Wrestling Club""","=""""","=""BYE""","=""""","=""""","=""Manheim""","=""PA""","=""Journeymen Fall Classic and Women's World Classic"""
"=""9/28/2024""","=""119A""","=""RR Rnd 3""","=""Gabe Rogers""","=""Nc United""","=""""","=""M FOR""","=""Anthony Pellegrino""","=""Edge""","=""Manheim""","=""PA""","=""Journeymen Fall Classic and Women's World Classic"""
"=""9/28/2024""","=""119A""","=""RR Rnd 3""","=""Conner Whitely""","=""St.edwards""","=""14-0""","=""MD""","=""Louis Kennedy""","=""Vhw""","=""Manheim""","=""PA""","=""Journeymen Fall Classic and Women's World Classic"""
"=""9/28/2024""","=""90""","=""RR Rnd 3""","=""Marcarlo Mannello""","=""Gps""","=""4-3""","=""DEC""","=""Sam Winship""","=""Smittys Barn""","=""Manheim""","=""PA""","=""Journeymen Fall Classic and Women's World Classic"""
"=""9/28/2024""","=""119A""","=""RR Rnd 3""","=""Tommy Marchetti""","=""Delbarton""","=""6-1 1:05""","=""F""","=""Cahota Lafond""","=""Journeymen""","=""Manheim""","=""PA""","=""Journeymen Fall Classic and Women's World Classic"""
"=""9/28/2024""","=""119A""","=""RR Rnd 3""","=""Evin Gursoy""","=""Midwood Hs""","=""""","=""BYE""","=""""","=""""","=""Manheim""","=""PA""","=""Journeymen Fall Classic and Women's World Classic"""
"=""9/28/2024""","=""119A""","=""RR Rnd 3""","=""Shamus Regan""","=""Wyoming Seminary""","=""""","=""BYE""","=""""","=""""","=""Manheim""","=""PA""","=""Journeymen Fall Classic and Women's World Classic"""
"=""9/28/2024""","=""90""","=""RR Rnd 3""","=""John Tarantino""","=""Shore Thing Wrestling Club""","=""12-3""","=""MD""","=""Daniel Corbin""","=""Mat Assasins""","=""Manheim""","=""PA""","=""Journeymen Fall Classic and Women's World Classic"""
"=""9/28/2024""","=""119A""","=""RR Rnd 3""","=""Sean Willcox""","=""Monster Garage""","=""""","=""BYE""","=""""","=""""","=""Manheim""","=""PA""","=""Journeymen Fall Classic and Women's World Classic"""
"=""9/28/2024""","=""119A""","=""RR Rnd 2""","=""Tommy Marchetti""","=""Delbarton""","=""""","=""BYE""","=""""","=""""","=""Manheim""","=""PA""","=""Journeymen Fall Classic and Women's World Classic"""
"=""9/28/2024""","=""90""","=""RR Rnd 2""","=""Daniel Corbin""","=""Mat Assasins""","=""""","=""BYE""","=""""","=""""","=""Manheim""","=""PA""","=""Journeymen Fall Classic and Women's World Classic"""
"=""9/28/2024""","=""90""","=""RR Rnd 2""","=""Sam Winship""","=""Smittys Barn""","=""3-0 0:45""","=""F""","=""Henry Mcgovern""","=""Iron Faith Wrestling Club""","=""Manheim""","=""PA""","=""Journeymen Fall Classic and Women's World Classic"""
"=""9/28/2024""","=""90""","=""RR Rnd 2""","=""John Tarantino""","=""Shore Thing Wrestling Club""","=""""","=""M FOR""","=""Elias Taylor""","=""Raleigh Area Wrestling (Raw)""","=""Manheim""","=""PA""","=""Journeymen Fall Classic and Women's World Classic"""
"=""9/28/2024""","=""119A""","=""RR Rnd 2""","=""Eamon Fry""","=""Rumson Fair Haven""","=""5-2 SV""","=""DEC""","=""Joseph Viola""","=""Seton Hall Prep""","=""Manheim""","=""PA""","=""Journeymen Fall Classic and Women's World Classic"""
"=""9/28/2024""","=""75""","=""RR Rnd 2""","=""Holden Libertucci""","=""Journeymen Wrestling Club""","=""""","=""BYE""","=""""","=""""","=""Manheim""","=""PA""","=""Journeymen Fall Classic and Women's World Classic"""
"=""9/28/2024""","=""90""","=""RR Rnd 2""","=""John Matter""","=""Yale Street Wrestling Club""","=""""","=""BYE""","=""""","=""""","=""Manheim""","=""PA""","=""Journeymen Fall Classic and Women's World Classic"""
"=""9/28/2024""","=""75""","=""RR Rnd 2""","=""Liam Reeves""","=""Steel Valley Renegades""","=""17-1 3:30""","=""TF""","=""Hudson Judd""","=""Deep Roots Wrestling Club""","=""Manheim""","=""PA""","=""Journeymen Fall Classic and Women's World Classic"""
"=""9/28/2024""","=""90""","=""RR Rnd 2""","=""Marcarlo Mannello""","=""Gps""","=""3-0 0:55""","=""F""","=""Ryder Fuller""","=""Va Slaughter House""","=""Manheim""","=""PA""","=""Journeymen Fall Classic and Women's World Classic"""
"=""9/28/2024""","=""119A""","=""RR Rnd 2""","=""Conner Whitely""","=""St.edwards""","=""""","=""BYE""","=""""","=""""","=""Manheim""","=""PA""","=""Journeymen Fall Classic and Women's World Classic"""
"=""9/28/2024""","=""75""","=""RR Rnd 2""","=""Zayne Young""","=""Steel Valley Renegades""","=""7-0""","=""DEC""","=""Bennett Kocher""","=""Shwa""","=""Manheim""","=""PA""","=""Journeymen Fall Classic and Women's World Classic"""
"=""9/28/2024""","=""119A""","=""RR Rnd 2""","=""Sean Willcox""","=""Monster Garage""","=""13-2""","=""MD""","=""Gabe Rogers""","=""Nc United""","=""Manheim""","=""PA""","=""Journeymen Fall Classic and Women's World Classic"""
"=""9/28/2024""","=""90""","=""RR Rnd 2""","=""Liam Arroyo""","=""Apex/olympic""","=""5-0 2:38""","=""F""","=""Gavin Lovell""","=""Mat Assassins""","=""Manheim""","=""PA""","=""Journeymen Fall Classic and Women's World Classic"""
"=""9/28/2024""","=""119A""","=""RR Rnd 2""","=""Bennet Palmeri""","=""Superior Wrestling Academy""","=""""","=""BYE""","=""""","=""""","=""Manheim""","=""PA""","=""Journeymen Fall Classic and Women's World Classic"""
"=""9/28/2024""","=""119A""","=""RR Rnd 2""","=""Evin Gursoy""","=""Midwood Hs""","=""16-0 3:53""","=""TF""","=""James Mcginty""","=""Scorpions""","=""Manheim""","=""PA""","=""Journeymen Fall Classic and Women's World Classic"""
"=""9/28/2024""","=""119A""","=""RR Rnd 2""","=""Cahota Lafond""","=""Journeymen""","=""14-7""","=""DEC""","=""Landon Quiroga""","=""Brevard Fca / Merritt Island""","=""Manheim""","=""PA""","=""Journeymen Fall Classic and Women's World Classic"""
"=""9/28/2024""","=""90""","=""RR Rnd 2""","=""Hunter Phillips""","=""Ward Melville""","=""16-0 4:07""","=""TF""","=""Matthew Simonton""","=""Barn Brothers""","=""Manheim""","=""PA""","=""Journeymen Fall Classic and Women's World Classic"""
"=""9/28/2024""","=""90""","=""RR Rnd 2""","=""Carson Raper""","=""Darkhorse Wrestling""","=""6-1 2:14""","=""F""","=""Spencer Lee""","=""Vhw""","=""Manheim""","=""PA""","=""Journeymen Fall Classic and Women's World Classic"""
"=""9/28/2024""","=""119A""","=""RR Rnd 2""","=""Anthony Pellegrino""","=""Edge""","=""""","=""BYE""","=""""","=""""","=""Manheim""","=""PA""","=""Journeymen Fall Classic and Women's World Classic"""
"=""9/28/2024""","=""75""","=""RR Rnd 2""","=""Sebastian Andidero""","=""Deep Roots""","=""15-0 3:23""","=""TF""","=""Chase Simonton""","=""Barn Brothers""","=""Manheim""","=""PA""","=""Journeymen Fall Classic and Women's World Classic"""
"=""9/28/2024""","=""119A""","=""RR Rnd 2""","=""Ezekiel Keel""","=""Chantilly""","=""""","=""BYE""","=""""","=""""","=""Manheim""","=""PA""","=""Journeymen Fall Classic and Women's World Classic"""
"=""9/28/2024""","=""119A""","=""RR Rnd 2""","=""Shamus Regan""","=""Wyoming Seminary""","=""15-0 1:03""","=""TF""","=""Louis Kennedy""","=""Vhw""","=""Manheim""","=""PA""","=""Journeymen Fall Classic and Women's World Classic"""
"=""9/28/2024""","=""75""","=""RR Rnd 1""","=""Liam Reeves""","=""Steel Valley Renegades""","=""""","=""BYE""","=""""","=""""","=""Manheim""","=""PA""","=""Journeymen Fall Classic and Women's World Classic"""
"=""9/28/2024""","=""75""","=""RR Rnd 1""","=""Zayne Young""","=""Steel Valley Renegades""","=""7-2""","=""DEC""","=""Chase Simonton""","=""Barn Brothers""","=""Manheim""","=""PA""","=""Journeymen Fall Classic and Women's World Classic"""
"=""9/28/2024""","=""90""","=""RR Rnd 1""","=""Sam Winship""","=""Smittys Barn""","=""3-0 0:38""","=""F""","=""Ryder Fuller""","=""Va Slaughter House""","=""Manheim""","=""PA""","=""Journeymen Fall Classic and Women's World Classic"""
"=""9/28/2024""","=""75""","=""RR Rnd 1""","=""Hudson Judd""","=""Deep Roots Wrestling Club""","=""12-2""","=""MD""","=""Holden Libertucci""","=""Journeymen Wrestling Club""","=""Manheim""","=""PA""","=""Journeymen Fall Classic and Women's World Classic"""
"=""9/28/2024""","=""119A""","=""RR Rnd 1""","=""Shamus Regan""","=""Wyoming Seminary""","=""7-0""","=""DEC""","=""Conner Whitely""","=""St.edwards""","=""Manheim""","=""PA""","=""Journeymen Fall Classic and Women's World Classic"""
"=""9/28/2024""","=""119A""","=""RR Rnd 1""","=""Cahota Lafond""","=""Journeymen""","=""""","=""BYE""","=""""","=""""","=""Manheim""","=""PA""","=""Journeymen Fall Classic and Women's World Classic"""
"=""9/28/2024""","=""75""","=""RR Rnd 1""","=""Sebastian Andidero""","=""Deep Roots""","=""14-0 3:01""","=""F""","=""Bennett Kocher""","=""Shwa""","=""Manheim""","=""PA""","=""Journeymen Fall Classic and Women's World Classic"""
"=""9/28/2024""","=""119A""","=""RR Rnd 1""","=""Ezekiel Keel""","=""Chantilly""","=""14-0 4:02""","=""F""","=""Joseph Viola""","=""Seton Hall Prep""","=""Manheim""","=""PA""","=""Journeymen Fall Classic and Women's World Classic"""
"=""9/28/2024""","=""119A""","=""RR Rnd 1""","=""Sean Willcox""","=""Monster Garage""","=""11-5 3:16""","=""DEF""","=""Anthony Pellegrino""","=""Edge""","=""Manheim""","=""PA""","=""Journeymen Fall Classic and Women's World Classic"""
"=""9/28/2024""","=""119A""","=""RR Rnd 1""","=""Eamon Fry""","=""Rumson Fair Haven""","=""""","=""BYE""","=""""","=""""","=""Manheim""","=""PA""","=""Journeymen Fall Classic and Women's World Classic"""
"=""9/28/2024""","=""119A""","=""RR Rnd 1""","=""Evin Gursoy""","=""Midwood Hs""","=""6-0 2:22""","=""F""","=""Bennet Palmeri""","=""Superior Wrestling Academy""","=""Manheim""","=""PA""","=""Journeymen Fall Classic and Women's World Classic"""
"=""9/28/2024""","=""119A""","=""RR Rnd 1""","=""Marco Futia""","=""Wallkill""","=""12-0""","=""MD""","=""Luke Galipeau""","=""Northfield Mount Hermon""","=""Manheim""","=""PA""","=""Journeymen Fall Classic and Women's World Classic"""
"=""9/28/2024""","=""90""","=""RR Rnd 1""","=""Carson Raper""","=""Darkhorse Wrestling""","=""""","=""BYE""","=""""","=""""","=""Manheim""","=""PA""","=""Journeymen Fall Classic and Women's World Classic"""
"=""9/28/2024""","=""119A""","=""RR Rnd 1""","=""Tommy Marchetti""","=""Delbarton""","=""15-1""","=""MD""","=""Landon Quiroga""","=""Brevard Fca / Merritt Island""","=""Manheim""","=""PA""","=""Journeymen Fall Classic and Women's World Classic"""
"=""9/28/2024""","=""119A""","=""RR Rnd 1""","=""James Mcginty""","=""Scorpions""","=""""","=""BYE""","=""""","=""""","=""Manheim""","=""PA""","=""Journeymen Fall Classic and Women's World Classic"""
"=""9/28/2024""","=""119A""","=""RR Rnd 1""","=""Michael Morris""","=""Metrowest United""","=""3-0 0:35""","=""F""","=""Logan Keesee""","=""Pwa""","=""Manheim""","=""PA""","=""Journeymen Fall Classic and Women's World Classic"""
"=""9/28/2024""","=""119A""","=""RR Rnd 1""","=""Louis Kennedy""","=""Vhw""","=""""","=""BYE""","=""""","=""""","=""Manheim""","=""PA""","=""Journeymen Fall Classic and Women's World Classic"""
"=""9/28/2024""","=""90""","=""RR Rnd 1""","=""Liam Arroyo""","=""Apex/olympic""","=""9-2""","=""DEC""","=""Matthew Simonton""","=""Barn Brothers""","=""Manheim""","=""PA""","=""Journeymen Fall Classic and Women's World Classic"""
"=""9/28/2024""","=""90""","=""RR Rnd 1""","=""Hunter Phillips""","=""Ward Melville""","=""15-0 2:23""","=""TF""","=""Gavin Lovell""","=""Mat Assassins""","=""Manheim""","=""PA""","=""Journeymen Fall Classic and Women's World Classic"""
"=""9/28/2024""","=""119A""","=""RR Rnd 1""","=""Gabe Rogers""","=""Nc United""","=""""","=""BYE""","=""""","=""""","=""Manheim""","=""PA""","=""Journeymen Fall Classic and Women's World Classic"""
"=""9/28/2024""","=""90""","=""RR Rnd 1""","=""Marcarlo Mannello""","=""Gps""","=""12-0 2:10""","=""F""","=""Henry Mcgovern""","=""Iron Faith Wrestling Club""","=""Manheim""","=""PA""","=""Journeymen Fall Classic and Women's World Classic"""
"=""9/28/2024""","=""90""","=""RR Rnd 1""","=""John Tarantino""","=""Shore Thing Wrestling Club""","=""""","=""BYE""","=""""","=""""","=""Manheim""","=""PA""","=""Journeymen Fall Classic and Women's World Classic"""
"=""9/28/2024""","=""90""","=""RR Rnd 1""","=""Spencer Lee""","=""Vhw""","=""5-0""","=""DEC""","=""John Matter""","=""Yale Street Wrestling Club""","=""Manheim""","=""PA""","=""Journeymen Fall Classic and Women's World Classic"""
"=""9/28/2024""","=""90""","=""RR Rnd 1""","=""Daniel Corbin""","=""Mat Assasins""","=""0-0""","=""FOR""","=""Elias Taylor""","=""Raleigh Area Wrestling (Raw)""","=""Manheim""","=""PA""","=""Journeymen Fall Classic and Women's World Classic"""
"=""9/28/2024""","=""119A""","=""RR Rnd 1""","=""Michael Dibiase""","=""Triumph Trained""","=""6-3 SV""","=""DEC""","=""Marlo Clark""","=""Lake Highland Prep""","=""Manheim""","=""PA""","=""Journeymen Fall Classic and Women's World Classic"""
"=""9/28/2024""","=""125""","=""Consi of 16 #1""","=""Andre Gordon""","=""Btsnyc""","=""""","=""BYE""","=""""","=""""","=""Manheim""","=""PA""","=""Journeymen Fall Classic and Women's World Classic"""
"=""9/28/2024""","=""125""","=""Consi of 16 #1""","=""Muhammad Abughoush""","=""Legacy Dragons""","=""""","=""BYE""","=""""","=""""","=""Manheim""","=""PA""","=""Journeymen Fall Classic and Women's World Classic"""
"=""9/28/2024""","=""125""","=""Consi of 16 #2""","=""Courage Dunn""","=""Journeymen Wrestling Club""","=""""","=""BYE""","=""""","=""""","=""Manheim""","=""PA""","=""Journeymen Fall Classic and Women's World Classic"""
"=""9/28/2024""","=""125""","=""Consi of 16 #2""","=""Hobe Givens""","=""Mcdonalds Wrestling Academy""","=""""","=""BYE""","=""""","=""""","=""Manheim""","=""PA""","=""Journeymen Fall Classic and Women's World Classic"""
"=""9/28/2024""","=""125""","=""Consi of 16 #2""","=""Jeremiah Chinyere-okiyi Ii""","=""Legacy Dragons""","=""""","=""BYE""","=""""","=""""","=""Manheim""","=""PA""","=""Journeymen Fall Classic and Women's World Classic"""
"=""9/28/2024""","=""125""","=""Consi of 16 #2""","=""Seamus Hallinan""","=""Xavier""","=""""","=""BYE""","=""""","=""""","=""Manheim""","=""PA""","=""Journeymen Fall Classic and Women's World Classic"""
"=""9/28/2024""","=""125""","=""Consi of 16 #2""","=""Evan Boulard""","=""Smittys Barn""","=""""","=""BYE""","=""""","=""""","=""Manheim""","=""PA""","=""Journeymen Fall Classic and Women's World Classic"""
"=""9/28/2024""","=""125""","=""Consi of 16 #2""","=""Alex Giglietti""","=""Brevard Fca""","=""16-0 3:58""","=""TF""","=""Andre Gordon""","=""Btsnyc""","=""Manheim""","=""PA""","=""Journeymen Fall Classic and Women's World Classic"""
"=""9/28/2024""","=""125""","=""Consi of 16 #2""","=""Nicholas Raptis""","=""Poly Prep""","=""""","=""BYE""","=""""","=""""","=""Manheim""","=""PA""","=""Journeymen Fall Classic and Women's World Classic"""
"=""9/28/2024""","=""125""","=""Consi of 16 #2""","=""Muhammad Abughoush""","=""Legacy Dragons""","=""15-0 2:00""","=""TF""","=""Jude Grammatico""","=""Southside Wrestling Club/warde Highschool""","=""Manheim""","=""PA""","=""Journeymen Fall Classic and Women's World Classic"""
"=""9/28/2024""","=""125""","=""Consi of 8 #1""","=""Hobe Givens""","=""Mcdonalds Wrestling Academy""","=""15-0 1:32""","=""TF""","=""Muhammad Abughoush""","=""Legacy Dragons""","=""Manheim""","=""PA""","=""Journeymen Fall Classic and Women's World Classic"""
"=""9/28/2024""","=""125""","=""Consi of 8 #1""","=""Nicholas Raptis""","=""Poly Prep""","=""7-1 4:45""","=""F""","=""Jeremiah Chinyere-okiyi Ii""","=""Legacy Dragons""","=""Manheim""","=""PA""","=""Journeymen Fall Classic and Women's World Classic"""
"=""9/28/2024""","=""125""","=""Consi of 8 #1""","=""Alex Giglietti""","=""Brevard Fca""","=""4-3""","=""DEC""","=""Evan Boulard""","=""Smittys Barn""","=""Manheim""","=""PA""","=""Journeymen Fall Classic and Women's World Classic"""
"=""9/28/2024""","=""125""","=""Consi of 8 #1""","=""Seamus Hallinan""","=""Xavier""","=""3-0 0:50""","=""F""","=""Courage Dunn""","=""Journeymen Wrestling Club""","=""Manheim""","=""PA""","=""Journeymen Fall Classic and Women's World Classic"""
"=""9/28/2024""","=""125""","=""Consi of 8 #2""","=""Seamus Hallinan""","=""Xavier""","=""0-0""","=""FOR""","=""Jason Nguyen""","=""Metrowest United""","=""Manheim""","=""PA""","=""Journeymen Fall Classic and Women's World Classic"""
"=""9/28/2024""","=""125""","=""Consi of 8 #2""","=""Robert Douangmala""","=""Ponaganset""","=""8-0 2:14""","=""DEF""","=""Nicholas Raptis""","=""Poly Prep""","=""Manheim""","=""PA""","=""Journeymen Fall Classic and Women's World Classic"""
"=""9/28/2024""","=""125""","=""Consi of 8 #2""","=""Hobe Givens""","=""Mcdonalds Wrestling Academy""","=""3-0 1:05""","=""F""","=""Pj Katz""","=""Metrowest United""","=""Manheim""","=""PA""","=""Journeymen Fall Classic and Women's World Classic"""
"=""9/28/2024""","=""125""","=""Consi of 8 #2""","=""Alex Giglietti""","=""Brevard Fca""","=""16-0 2:00""","=""TF""","=""James Nalbone""","=""Hammer""","=""Manheim""","=""PA""","=""Journeymen Fall Classic and Women's World Classic"""
"=""9/28/2024""","=""119A""","=""Consi of 4""","=""Michael Morris""","=""Metrowest United""","=""16-7""","=""MD""","=""Marco Futia""","=""Wallkill""","=""Manheim""","=""PA""","=""Journeymen Fall Classic and Women's World Classic"""
"=""9/28/2024""","=""125""","=""Consi of 4""","=""Robert Douangmala""","=""Ponaganset""","=""6-2 SV""","=""DEC""","=""Hobe Givens""","=""Mcdonalds Wrestling Academy""","=""Manheim""","=""PA""","=""Journeymen Fall Classic and Women's World Classic"""
"=""9/28/2024""","=""119A""","=""Consi of 4""","=""Luke Galipeau""","=""Northfield Mount Hermon""","=""6-0""","=""DEC""","=""Logan Keesee""","=""Pwa""","=""Manheim""","=""PA""","=""Journeymen Fall Classic and Women's World Classic"""
"=""9/28/2024""","=""119A""","=""Consi of 4""","=""Cahota Lafond""","=""Journeymen""","=""0-0""","=""FOR""","=""Conner Whitely""","=""St.edwards""","=""Manheim""","=""PA""","=""Journeymen Fall Classic and Women's World Classic"""
"=""9/28/2024""","=""119A""","=""Consi of 4""","=""Joseph Viola""","=""Seton Hall Prep""","=""""","=""BYE""","=""""","=""""","=""Manheim""","=""PA""","=""Journeymen Fall Classic and Women's World Classic"""
"=""9/28/2024""","=""125""","=""Consi of 4""","=""Alex Giglietti""","=""Brevard Fca""","=""15-8""","=""DEC""","=""Seamus Hallinan""","=""Xavier""","=""Manheim""","=""PA""","=""Journeymen Fall Classic and Women's World Classic"""
"=""9/28/2024""","=""119A""","=""Consi of 4""","=""Ezekiel Keel""","=""Chantilly""","=""4-1""","=""DEC""","=""Michael Dibiase""","=""Triumph Trained""","=""Manheim""","=""PA""","=""Journeymen Fall Classic and Women's World Classic"""
"=""9/28/2024""","=""125""","=""Consi-Semis""","=""Robert Douangmala""","=""Ponaganset""","=""15-5""","=""MD""","=""Drew Schiavo""","=""Journeymen Wrestling Club""","=""Manheim""","=""PA""","=""Journeymen Fall Classic and Women's World Classic"""
"=""9/28/2024""","=""125""","=""Consi-Semis""","=""Alex Giglietti""","=""Brevard Fca""","=""7-5""","=""DEC""","=""Derek Marcolini""","=""Top Flight/milford High School""","=""Manheim""","=""PA""","=""Journeymen Fall Classic and Women's World Classic"""
"=""9/28/2024""","=""119A""","=""7th Place""","=""Logan Keesee""","=""Pwa""","=""0-0""","=""FOR""","=""Conner Whitely""","=""St.edwards""","=""Manheim""","=""PA""","=""Journeymen Fall Classic and Women's World Classic"""
"=""9/28/2024""","=""119A""","=""7th Place""","=""Michael Dibiase""","=""Triumph Trained""","=""3-0 0:12""","=""F""","=""Marco Futia""","=""Wallkill""","=""Manheim""","=""PA""","=""Journeymen Fall Classic and Women's World Classic"""
"=""9/28/2024""","=""119A""","=""5th Place""","=""Cahota Lafond""","=""Journeymen""","=""6-8 4:28""","=""F""","=""Luke Galipeau""","=""Northfield Mount Hermon""","=""Manheim""","=""PA""","=""Journeymen Fall Classic and Women's World Classic"""
"=""9/28/2024""","=""119A""","=""5th Place""","=""Joseph Viola""","=""Seton Hall Prep""","=""""","=""BYE""","=""""","=""""","=""Manheim""","=""PA""","=""Journeymen Fall Classic and Women's World Classic"""
"=""9/28/2024""","=""119A""","=""5th Place""","=""Ezekiel Keel""","=""Chantilly""","=""7-2""","=""DEC""","=""Michael Morris""","=""Metrowest United""","=""Manheim""","=""PA""","=""Journeymen Fall Classic and Women's World Classic"""
"=""9/28/2024""","=""90""","=""3rd Place""","=""Sam Winship""","=""Smittys Barn""","=""8-0 1:47""","=""F""","=""Daniel Corbin""","=""Mat Assasins""","=""Manheim""","=""PA""","=""Journeymen Fall Classic and Women's World Classic"""
"=""9/28/2024""","=""90""","=""3rd Place""","=""Ryder Fuller""","=""Va Slaughter House""","=""0-0""","=""FOR""","=""Elias Taylor""","=""Raleigh Area Wrestling (Raw)""","=""Manheim""","=""PA""","=""Journeymen Fall Classic and Women's World Classic"""
"=""9/28/2024""","=""119A""","=""3rd Place""","=""Sean Willcox""","=""Monster Garage""","=""6-0""","=""DEC""","=""Tommy Marchetti""","=""Delbarton""","=""Manheim""","=""PA""","=""Journeymen Fall Classic and Women's World Classic"""
"=""9/28/2024""","=""119A""","=""3rd Place""","=""Louis Kennedy""","=""Vhw""","=""0-0 0:00""","=""M FOR""","=""Anthony Pellegrino""","=""Edge""","=""Manheim""","=""PA""","=""Journeymen Fall Classic and Women's World Classic"""
"=""9/28/2024""","=""90""","=""3rd Place""","=""Marcarlo Mannello""","=""Gps""","=""3-0""","=""DEC""","=""Hunter Phillips""","=""Ward Melville""","=""Manheim""","=""PA""","=""Journeymen Fall Classic and Women's World Classic"""
"=""9/28/2024""","=""119A""","=""3rd Place""","=""Eamon Fry""","=""Rumson Fair Haven""","=""14-2""","=""MD""","=""James Mcginty""","=""Scorpions""","=""Manheim""","=""PA""","=""Journeymen Fall Classic and Women's World Classic"""
"=""9/28/2024""","=""125""","=""3rd Place""","=""Alex Giglietti""","=""Brevard Fca""","=""5-2""","=""DEC""","=""Robert Douangmala""","=""Ponaganset""","=""Manheim""","=""PA""","=""Journeymen Fall Classic and Women's World Classic"""
"=""9/28/2024""","=""125""","=""Round of 32""","=""Jeremiah Chinyere-okiyi Ii""","=""Legacy Dragons""","=""""","=""BYE""","=""""","=""""","=""Manheim""","=""PA""","=""Journeymen Fall Classic and Women's World Classic"""
"=""9/28/2024""","=""125""","=""Round of 32""","=""Jude Grammatico""","=""Southside Wrestling Club/warde Highschool""","=""5-5 3:28""","=""F""","=""Andre Gordon""","=""Btsnyc""","=""Manheim""","=""PA""","=""Journeymen Fall Classic and Women's World Classic"""
"=""9/28/2024""","=""125""","=""Round of 32""","=""Evan Boulard""","=""Smittys Barn""","=""""","=""BYE""","=""""","=""""","=""Manheim""","=""PA""","=""Journeymen Fall Classic and Women's World Classic"""
"=""9/28/2024""","=""125""","=""Round of 32""","=""Robert Douangmala""","=""Ponaganset""","=""""","=""BYE""","=""""","=""""","=""Manheim""","=""PA""","=""Journeymen Fall Classic and Women's World Classic"""
"=""9/28/2024""","=""125""","=""Round of 32""","=""Derek Marcolini""","=""Top Flight/milford High School""","=""""","=""BYE""","=""""","=""""","=""Manheim""","=""PA""","=""Journeymen Fall Classic and Women's World Classic"""
"=""9/28/2024""","=""125""","=""Round of 32""","=""Alex Giglietti""","=""Brevard Fca""","=""""","=""BYE""","=""""","=""""","=""Manheim""","=""PA""","=""Journeymen Fall Classic and Women's World Classic"""
"=""9/28/2024""","=""125""","=""Round of 32""","=""Kenna Gioffre""","=""Newtown Hs""","=""""","=""BYE""","=""""","=""""","=""Manheim""","=""PA""","=""Journeymen Fall Classic and Women's World Classic"""
"=""9/28/2024""","=""125""","=""Round of 32""","=""Hobe Givens""","=""Mcdonalds Wrestling Academy""","=""""","=""BYE""","=""""","=""""","=""Manheim""","=""PA""","=""Journeymen Fall Classic and Women's World Classic"""
"=""9/28/2024""","=""125""","=""Round of 32""","=""Jason Nguyen""","=""Metrowest United""","=""""","=""BYE""","=""""","=""""","=""Manheim""","=""PA""","=""Journeymen Fall Classic and Women's World Classic"""
"=""9/28/2024""","=""125""","=""Round of 32""","=""Drew Schiavo""","=""Journeymen Wrestling Club""","=""""","=""BYE""","=""""","=""""","=""Manheim""","=""PA""","=""Journeymen Fall Classic and Women's World Classic"""
"=""9/28/2024""","=""125""","=""Round of 32""","=""Nicholas Raptis""","=""Poly Prep""","=""""","=""BYE""","=""""","=""""","=""Manheim""","=""PA""","=""Journeymen Fall Classic and Women's World Classic"""
"=""9/28/2024""","=""125""","=""Round of 32""","=""Seamus Hallinan""","=""Xavier""","=""""","=""BYE""","=""""","=""""","=""Manheim""","=""PA""","=""Journeymen Fall Classic and Women's World Classic"""
"=""9/28/2024""","=""125""","=""Round of 32""","=""James Nalbone""","=""Hammer""","=""""","=""BYE""","=""""","=""""","=""Manheim""","=""PA""","=""Journeymen Fall Classic and Women's World Classic"""
"=""9/28/2024""","=""125""","=""Round of 32""","=""Courage Dunn""","=""Journeymen Wrestling Club""","=""""","=""BYE""","=""""","=""""","=""Manheim""","=""PA""","=""Journeymen Fall Classic and Women's World Classic"""
"=""9/28/2024""","=""125""","=""Round of 32""","=""Anthony Borrometi""","=""Saint Peters Prep Hs""","=""3-0""","=""DEC""","=""Muhammad Abughoush""","=""Legacy Dragons""","=""Manheim""","=""PA""","=""Journeymen Fall Classic and Women's World Classic"""
"=""9/28/2024""","=""125""","=""Round of 32""","=""Pj Katz""","=""Metrowest United""","=""""","=""BYE""","=""""","=""""","=""Manheim""","=""PA""","=""Journeymen Fall Classic and Women's World Classic"""
"=""9/28/2024""","=""125""","=""Round of 16""","=""Derek Marcolini""","=""Top Flight/milford High School""","=""6-1 1:02""","=""F""","=""Courage Dunn""","=""Journeymen Wrestling Club""","=""Manheim""","=""PA""","=""Journeymen Fall Classic and Women's World Classic"""
"=""9/28/2024""","=""125""","=""Round of 16""","=""Robert Douangmala""","=""Ponaganset""","=""1-0""","=""DEC""","=""Evan Boulard""","=""Smittys Barn""","=""Manheim""","=""PA""","=""Journeymen Fall Classic and Women's World Classic"""
"=""9/28/2024""","=""125""","=""Round of 16""","=""Jason Nguyen""","=""Metrowest United""","=""9-9 4:39""","=""F""","=""Hobe Givens""","=""Mcdonalds Wrestling Academy""","=""Manheim""","=""PA""","=""Journeymen Fall Classic and Women's World Classic"""
"=""9/28/2024""","=""125""","=""Round of 16""","=""James Nalbone""","=""Hammer""","=""7-3""","=""DEC""","=""Jeremiah Chinyere-okiyi Ii""","=""Legacy Dragons""","=""Manheim""","=""PA""","=""Journeymen Fall Classic and Women's World Classic"""
"=""9/28/2024""","=""125""","=""Round of 16""","=""Kenna Gioffre""","=""Newtown Hs""","=""2-0""","=""DEC""","=""Nicholas Raptis""","=""Poly Prep""","=""Manheim""","=""PA""","=""Journeymen Fall Classic and Women's World Classic"""
"=""9/28/2024""","=""125""","=""Round of 16""","=""Drew Schiavo""","=""Journeymen Wrestling Club""","=""3-0 0:58""","=""F""","=""Jude Grammatico""","=""Southside Wrestling Club/warde Highschool""","=""Manheim""","=""PA""","=""Journeymen Fall Classic and Women's World Classic"""
"=""9/28/2024""","=""125""","=""Round of 16""","=""Anthony Borrometi""","=""Saint Peters Prep Hs""","=""12-5""","=""DEC""","=""Alex Giglietti""","=""Brevard Fca""","=""Manheim""","=""PA""","=""Journeymen Fall Classic and Women's World Classic"""
"=""9/28/2024""","=""125""","=""Round of 16""","=""Pj Katz""","=""Metrowest United""","=""7-6""","=""DEC""","=""Seamus Hallinan""","=""Xavier""","=""Manheim""","=""PA""","=""Journeymen Fall Classic and Women's World Classic"""
"=""9/28/2024""","=""119A""","=""Quarter-Finals""","=""Evin Gursoy""","=""Midwood Hs""","=""5-4""","=""DEC""","=""Michael Morris""","=""Metrowest United""","=""Manheim""","=""PA""","=""Journeymen Fall Classic and Women's World Classic"""
"=""9/28/2024""","=""119A""","=""Quarter-Finals""","=""Gabe Rogers""","=""Nc United""","=""7-3""","=""DEC""","=""Luke Galipeau""","=""Northfield Mount Hermon""","=""Manheim""","=""PA""","=""Journeymen Fall Classic and Women's World Classic"""
"=""9/28/2024""","=""119A""","=""Quarter-Finals""","=""James Mcginty""","=""Scorpions""","=""9-0""","=""MD""","=""Logan Keesee""","=""Pwa""","=""Manheim""","=""PA""","=""Journeymen Fall Classic and Women's World Classic"""
"=""9/28/2024""","=""125""","=""Quarter-Finals""","=""Drew Schiavo""","=""Journeymen Wrestling Club""","=""3-0 0:34""","=""M FOR""","=""Jason Nguyen""","=""Metrowest United""","=""Manheim""","=""PA""","=""Journeymen Fall Classic and Women's World Classic"""
"=""9/28/2024""","=""119A""","=""Quarter-Finals""","=""Louis Kennedy""","=""Vhw""","=""""","=""BYE""","=""""","=""""","=""Manheim""","=""PA""","=""Journeymen Fall Classic and Women's World Classic"""
"=""9/28/2024""","=""119A""","=""Quarter-Finals""","=""Bennet Palmeri""","=""Superior Wrestling Academy""","=""""","=""BYE""","=""""","=""""","=""Manheim""","=""PA""","=""Journeymen Fall Classic and Women's World Classic"""
"=""9/28/2024""","=""119A""","=""Quarter-Finals""","=""Anthony Pellegrino""","=""Edge""","=""""","=""BYE""","=""""","=""""","=""Manheim""","=""PA""","=""Journeymen Fall Classic and Women's World Classic"""
"=""9/28/2024""","=""125""","=""Quarter-Finals""","=""Anthony Borrometi""","=""Saint Peters Prep Hs""","=""9-0""","=""MD""","=""Robert Douangmala""","=""Ponaganset""","=""Manheim""","=""PA""","=""Journeymen Fall Classic and Women's World Classic"""
"=""9/28/2024""","=""119A""","=""Quarter-Finals""","=""Eamon Fry""","=""Rumson Fair Haven""","=""7-0""","=""DEC""","=""Cahota Lafond""","=""Journeymen""","=""Manheim""","=""PA""","=""Journeymen Fall Classic and Women's World Classic"""
"=""9/28/2024""","=""125""","=""Quarter-Finals""","=""Kenna Gioffre""","=""Newtown Hs""","=""8-4""","=""DEC""","=""James Nalbone""","=""Hammer""","=""Manheim""","=""PA""","=""Journeymen Fall Classic and Women's World Classic"""
"=""9/28/2024""","=""119A""","=""Quarter-Finals""","=""Sean Willcox""","=""Monster Garage""","=""15-4 1:48""","=""F""","=""Marco Futia""","=""Wallkill""","=""Manheim""","=""PA""","=""Journeymen Fall Classic and Women's World Classic"""
"=""9/28/2024""","=""119A""","=""Quarter-Finals""","=""Landon Quiroga""","=""Brevard Fca / Merritt Island""","=""2-1 4:58""","=""F""","=""Joseph Viola""","=""Seton Hall Prep""","=""Manheim""","=""PA""","=""Journeymen Fall Classic and Women's World Classic"""
"=""9/28/2024""","=""119A""","=""Quarter-Finals""","=""Marlo Clark""","=""Lake Highland Prep""","=""7-3 4:46""","=""M FOR""","=""Conner Whitely""","=""St.edwards""","=""Manheim""","=""PA""","=""Journeymen Fall Classic and Women's World Classic"""
"=""9/28/2024""","=""125""","=""Quarter-Finals""","=""Derek Marcolini""","=""Top Flight/milford High School""","=""13-3""","=""MD""","=""Pj Katz""","=""Metrowest United""","=""Manheim""","=""PA""","=""Journeymen Fall Classic and Women's World Classic"""
"=""9/28/2024""","=""119A""","=""Quarter-Finals""","=""Tommy Marchetti""","=""Delbarton""","=""9-3""","=""DEC""","=""Ezekiel Keel""","=""Chantilly""","=""Manheim""","=""PA""","=""Journeymen Fall Classic and Women's World Classic"""
"=""9/28/2024""","=""119A""","=""Quarter-Finals""","=""Shamus Regan""","=""Wyoming Seminary""","=""4-3""","=""DEC""","=""Michael Dibiase""","=""Triumph Trained""","=""Manheim""","=""PA""","=""Journeymen Fall Classic and Women's World Classic"""
"=""9/28/2024""","=""90""","=""Semi-Finals""","=""Liam Arroyo""","=""Apex/olympic""","=""14-1""","=""MD""","=""Daniel Corbin""","=""Mat Assasins""","=""Manheim""","=""PA""","=""Journeymen Fall Classic and Women's World Classic"""
"=""9/28/2024""","=""119A""","=""Semi-Finals""","=""Landon Quiroga""","=""Brevard Fca / Merritt Island""","=""6-0 2:39""","=""F""","=""Louis Kennedy""","=""Vhw""","=""Manheim""","=""PA""","=""Journeymen Fall Classic and Women's World Classic"""
"=""9/28/2024""","=""125""","=""Semi-Finals""","=""Kenna Gioffre""","=""Newtown Hs""","=""7-0""","=""DEC""","=""Drew Schiavo""","=""Journeymen Wrestling Club""","=""Manheim""","=""PA""","=""Journeymen Fall Classic and Women's World Classic"""
"=""9/28/2024""","=""125""","=""Semi-Finals""","=""Anthony Borrometi""","=""Saint Peters Prep Hs""","=""16-0 4:35""","=""TF""","=""Derek Marcolini""","=""Top Flight/milford High School""","=""Manheim""","=""PA""","=""Journeymen Fall Classic and Women's World Classic"""
"=""9/28/2024""","=""90""","=""Semi-Finals""","=""Spencer Lee""","=""Vhw""","=""7-6""","=""DEC""","=""Sam Winship""","=""Smittys Barn""","=""Manheim""","=""PA""","=""Journeymen Fall Classic and Women's World Classic"""
"=""9/28/2024""","=""119A""","=""Semi-Finals""","=""Shamus Regan""","=""Wyoming Seminary""","=""1-0""","=""DEC""","=""Tommy Marchetti""","=""Delbarton""","=""Manheim""","=""PA""","=""Journeymen Fall Classic and Women's World Classic"""
"=""9/28/2024""","=""90""","=""Semi-Finals""","=""Carson Raper""","=""Darkhorse Wrestling""","=""11-3""","=""MD""","=""Marcarlo Mannello""","=""Gps""","=""Manheim""","=""PA""","=""Journeymen Fall Classic and Women's World Classic"""
"=""9/28/2024""","=""119A""","=""Semi-Finals""","=""Bennet Palmeri""","=""Superior Wrestling Academy""","=""0-0 0:00""","=""M FOR""","=""Anthony Pellegrino""","=""Edge""","=""Manheim""","=""PA""","=""Journeymen Fall Classic and Women's World Classic"""
"=""9/28/2024""","=""90""","=""Semi-Finals""","=""John Tarantino""","=""Shore Thing Wrestling Club""","=""3-0""","=""DEC""","=""Hunter Phillips""","=""Ward Melville""","=""Manheim""","=""PA""","=""Journeymen Fall Classic and Women's World Classic"""
"=""9/28/2024""","=""90""","=""Semi-Finals""","=""Matthew Simonton""","=""Barn Brothers""","=""0-0""","=""FOR""","=""Elias Taylor""","=""Raleigh Area Wrestling (Raw)""","=""Manheim""","=""PA""","=""Journeymen Fall Classic and Women's World Classic"""
"=""9/28/2024""","=""119A""","=""Semi-Finals""","=""Marlo Clark""","=""Lake Highland Prep""","=""5-2""","=""DEC""","=""Eamon Fry""","=""Rumson Fair Haven""","=""Manheim""","=""PA""","=""Journeymen Fall Classic and Women's World Classic"""
"=""9/28/2024""","=""119A""","=""Semi-Finals""","=""Evin Gursoy""","=""Midwood Hs""","=""11-0""","=""MD""","=""Sean Willcox""","=""Monster Garage""","=""Manheim""","=""PA""","=""Journeymen Fall Classic and Women's World Classic"""
"=""9/28/2024""","=""90""","=""Semi-Finals""","=""John Matter""","=""Yale Street Wrestling Club""","=""3-0 1:25""","=""F""","=""Ryder Fuller""","=""Va Slaughter House""","=""Manheim""","=""PA""","=""Journeymen Fall Classic and Women's World Classic"""
"=""9/28/2024""","=""119A""","=""Semi-Finals""","=""Gabe Rogers""","=""Nc United""","=""17-2 3:18""","=""TF""","=""James Mcginty""","=""Scorpions""","=""Manheim""","=""PA""","=""Journeymen Fall Classic and Women's World Classic"""
"=""9/28/2024""","=""125""","=""Finals""","=""Anthony Borrometi""","=""Saint Peters Prep Hs""","=""5-0""","=""DEC""","=""Kenna Gioffre""","=""Newtown Hs""","=""Manheim""","=""PA""","=""Journeymen Fall Classic and Women's World Classic"""
"=""9/28/2024""","=""90""","=""Finals""","=""Spencer Lee""","=""Vhw""","=""6-3""","=""DEC""","=""Liam Arroyo""","=""Apex/olympic""","=""Manheim""","=""PA""","=""Journeymen Fall Classic and Women's World Classic"""
"=""9/28/2024""","=""75""","=""Finals""","=""Hudson Judd""","=""Deep Roots Wrestling Club""","=""2-0""","=""DEC""","=""Zayne Young""","=""Steel Valley Renegades""","=""Manheim""","=""PA""","=""Journeymen Fall Classic and Women's World Classic"""
"=""9/28/2024""","=""90""","=""Finals""","=""Gavin Lovell""","=""Mat Assassins""","=""10-0 2:22""","=""F""","=""Henry Mcgovern""","=""Iron Faith Wrestling Club""","=""Manheim""","=""PA""","=""Journeymen Fall Classic and Women's World Classic"""
"=""9/28/2024""","=""119A""","=""Finals""","=""Landon Quiroga""","=""Brevard Fca / Merritt Island""","=""3-0 2:46""","=""F""","=""Bennet Palmeri""","=""Superior Wrestling Academy""","=""Manheim""","=""PA""","=""Journeymen Fall Classic and Women's World Classic"""
"=""9/28/2024""","=""119A""","=""Finals""","=""Marlo Clark""","=""Lake Highland Prep""","=""10-3""","=""DEC""","=""Gabe Rogers""","=""Nc United""","=""Manheim""","=""PA""","=""Journeymen Fall Classic and Women's World Classic"""
"=""9/28/2024""","=""119A""","=""Finals""","=""Evin Gursoy""","=""Midwood Hs""","=""6-3 SV""","=""DEC""","=""Shamus Regan""","=""Wyoming Seminary""","=""Manheim""","=""PA""","=""Journeymen Fall Classic and Women's World Classic"""
"=""9/28/2024""","=""90""","=""Finals""","=""John Tarantino""","=""Shore Thing Wrestling Club""","=""4-1""","=""DEC""","=""Carson Raper""","=""Darkhorse Wrestling""","=""Manheim""","=""PA""","=""Journeymen Fall Classic and Women's World Classic"""
"=""9/28/2024""","=""75""","=""Finals""","=""Chase Simonton""","=""Barn Brothers""","=""0-0""","=""FOR""","=""Holden Libertucci""","=""Journeymen Wrestling Club""","=""Manheim""","=""PA""","=""Journeymen Fall Classic and Women's World Classic"""
"=""9/28/2024""","=""75""","=""Finals""","=""Bennett Kocher""","=""Shwa""","=""8-4""","=""DEC""","=""Holden Libertucci""","=""Journeymen Wrestling Club""","=""Manheim""","=""PA""","=""Journeymen Fall Classic and Women's World Classic"""
"=""9/28/2024""","=""75""","=""Finals""","=""Liam Reeves""","=""Steel Valley Renegades""","=""9-2 SV""","=""DEC""","=""Sebastian Andidero""","=""Deep Roots""","=""Manheim""","=""PA""","=""Journeymen Fall Classic and Women's World Classic"""
"=""9/28/2024""","=""90""","=""Finals""","=""John Matter""","=""Yale Street Wrestling Club""","=""4-3""","=""DEC""","=""Matthew Simonton""","=""Barn Brothers""","=""Manheim""","=""PA""","=""Journeymen Fall Classic and Women's World Classic"""
"=""9/28/2024""","=""119B""","=""RR Rnd 3""","=""Dawson Bowden""","=""Wtf Witchduck Training Facility""","=""16-1 2:52""","=""TF""","=""Joshua Pfeiffer""","=""Iroquois""","=""Manheim""","=""PA""","=""Journeymen Fall Classic and Women's World Classic"""
"=""9/28/2024""","=""95""","=""RR Rnd 3""","=""Alesandro Restrepo""","=""Vougar's Honors/sachem 3 Style""","=""4-2""","=""DEC""","=""Brennen Veverka""","=""Orchard Wc""","=""Manheim""","=""PA""","=""Journeymen Fall Classic and Women's World Classic"""
"=""9/28/2024""","=""119B""","=""RR Rnd 3""","=""Ethan Reilly""","=""Lake Highland Prep""","=""15-0 1:50""","=""TF""","=""Braiden Salter""","=""Superior Wrestling Academy""","=""Manheim""","=""PA""","=""Journeymen Fall Classic and Women's World Classic"""
"=""9/28/2024""","=""119B""","=""RR Rnd 3""","=""David Vazquez""","=""Btwc""","=""3-0 0:24""","=""F""","=""Santiago Chrisjohn""","=""Saugerties""","=""Manheim""","=""PA""","=""Journeymen Fall Classic and Women's World Classic"""
"=""9/28/2024""","=""95""","=""RR Rnd 3""","=""Christian Stamis""","=""Bitetto Trained""","=""10-6 4:10""","=""F""","=""Ryder Walsh""","=""Wrestlers Way""","=""Manheim""","=""PA""","=""Journeymen Fall Classic and Women's World Classic"""
"=""9/28/2024""","=""95""","=""RR Rnd 3""","=""George Jolley Iv""","=""Wolfgang""","=""""","=""BYE""","=""""","=""""","=""Manheim""","=""PA""","=""Journeymen Fall Classic and Women's World Classic"""
"=""9/28/2024""","=""95""","=""RR Rnd 3""","=""Brady Genard""","=""Mat Assassins""","=""18-2 3:00""","=""TF""","=""Derek Danbe""","=""Rednose""","=""Manheim""","=""PA""","=""Journeymen Fall Classic and Women's World Classic"""
"=""9/28/2024""","=""80""","=""RR Rnd 3""","=""Avery Haber""","=""X-calibur/sem""","=""3-0 1:01""","=""F""","=""Declan Doyle""","=""Sswc""","=""Manheim""","=""PA""","=""Journeymen Fall Classic and Women's World Classic"""
"=""9/28/2024""","=""95""","=""RR Rnd 3""","=""Shiloh Joyce""","=""Ruthless""","=""16-0 3:16""","=""TF""","=""Michael Rankin""","=""Ruthless Wrestling Club""","=""Manheim""","=""PA""","=""Journeymen Fall Classic and Women's World Classic"""
"=""9/28/2024""","=""80""","=""RR Rnd 3""","=""Max Garcia""","=""Rangers/impact""","=""5-4 1:08""","=""F""","=""Carson Logalbo""","=""District 3""","=""Manheim""","=""PA""","=""Journeymen Fall Classic and Women's World Classic"""
"=""9/28/2024""","=""95""","=""RR Rnd 3""","=""Will Hughes""","=""Roundtree Wrestling Academy""","=""15-1""","=""MD""","=""Marco Lettini""","=""Ruthless Wrestling Club""","=""Manheim""","=""PA""","=""Journeymen Fall Classic and Women's World Classic"""
"=""9/28/2024""","=""80""","=""RR Rnd 3""","=""Bryce Dulin""","=""Va Slaughter House""","=""""","=""BYE""","=""""","=""""","=""Manheim""","=""PA""","=""Journeymen Fall Classic and Women's World Classic"""
"=""9/28/2024""","=""95""","=""RR Rnd 3""","=""Stephen Bagocius""","=""Steller Trained""","=""15-0 1:30""","=""TF""","=""Jake Appello""","=""Yale Street""","=""Manheim""","=""PA""","=""Journeymen Fall Classic and Women's World Classic"""
"=""9/28/2024""","=""95""","=""RR Rnd 3""","=""Steven Abreu""","=""Gps Wrestling""","=""15-6""","=""MD""","=""Aryan Vazquez""","=""Btwc""","=""Manheim""","=""PA""","=""Journeymen Fall Classic and Women's World Classic"""
"=""9/28/2024""","=""80""","=""RR Rnd 3""","=""Jonathan Quesada""","=""Fisheye""","=""""","=""BYE""","=""""","=""""","=""Manheim""","=""PA""","=""Journeymen Fall Classic and Women's World Classic"""
"=""9/28/2024""","=""119B""","=""RR Rnd 3""","=""Luca Popolizio""","=""Journeymen""","=""12-4""","=""MD""","=""Owen Oleary""","=""Ridge High School""","=""Manheim""","=""PA""","=""Journeymen Fall Classic and Women's World Classic"""
"=""9/28/2024""","=""95""","=""RR Rnd 2""","=""Shiloh Joyce""","=""Ruthless""","=""15-0 2:37""","=""TF""","=""George Jolley Iv""","=""Wolfgang""","=""Manheim""","=""PA""","=""Journeymen Fall Classic and Women's World Classic"""
"=""9/28/2024""","=""95""","=""RR Rnd 2""","=""Derek Danbe""","=""Rednose""","=""10-5 4:17""","=""F""","=""Marco Lettini""","=""Ruthless Wrestling Club""","=""Manheim""","=""PA""","=""Journeymen Fall Classic and Women's World Classic"""
"=""9/28/2024""","=""95""","=""RR Rnd 2""","=""Brennen Veverka""","=""Orchard Wc""","=""9-2 1:28""","=""F""","=""Steven Abreu""","=""Gps Wrestling""","=""Manheim""","=""PA""","=""Journeymen Fall Classic and Women's World Classic"""
"=""9/28/2024""","=""80""","=""RR Rnd 2""","=""Carson Logalbo""","=""District 3""","=""""","=""BYE""","=""""","=""""","=""Manheim""","=""PA""","=""Journeymen Fall Classic and Women's World Classic"""
"=""9/28/2024""","=""119B""","=""RR Rnd 2""","=""Ethan Reilly""","=""Lake Highland Prep""","=""8-5 SV""","=""DEC""","=""David Vazquez""","=""Btwc""","=""Manheim""","=""PA""","=""Journeymen Fall Classic and Women's World Classic"""
"=""9/28/2024""","=""119B""","=""RR Rnd 2""","=""Santiago Chrisjohn""","=""Saugerties""","=""8-6""","=""DEC""","=""Braiden Salter""","=""Superior Wrestling Academy""","=""Manheim""","=""PA""","=""Journeymen Fall Classic and Women's World Classic"""
"=""9/28/2024""","=""95""","=""RR Rnd 2""","=""Michael Rankin""","=""Ruthless Wrestling Club""","=""""","=""BYE""","=""""","=""""","=""Manheim""","=""PA""","=""Journeymen Fall Classic and Women's World Classic"""
"=""9/28/2024""","=""80""","=""RR Rnd 2""","=""Avery Haber""","=""X-calibur/sem""","=""16-0 1:30""","=""TF""","=""Bryce Dulin""","=""Va Slaughter House""","=""Manheim""","=""PA""","=""Journeymen Fall Classic and Women's World Classic"""
"=""9/28/2024""","=""119B""","=""RR Rnd 2""","=""Luca Popolizio""","=""Journeymen""","=""9-2""","=""DEC""","=""Dawson Bowden""","=""Wtf Witchduck Training Facility""","=""Manheim""","=""PA""","=""Journeymen Fall Classic and Women's World Classic"""
"=""9/28/2024""","=""80""","=""RR Rnd 2""","=""Declan Doyle""","=""Sswc""","=""""","=""BYE""","=""""","=""""","=""Manheim""","=""PA""","=""Journeymen Fall Classic and Women's World Classic"""
"=""9/28/2024""","=""95""","=""RR Rnd 2""","=""Brady Genard""","=""Mat Assassins""","=""13-1""","=""MD""","=""Will Hughes""","=""Roundtree Wrestling Academy""","=""Manheim""","=""PA""","=""Journeymen Fall Classic and Women's World Classic"""
"=""9/28/2024""","=""80""","=""RR Rnd 2""","=""Max Garcia""","=""Rangers/impact""","=""11-2 3:14""","=""F""","=""Jonathan Quesada""","=""Fisheye""","=""Manheim""","=""PA""","=""Journeymen Fall Classic and Women's World Classic"""
"=""9/28/2024""","=""95""","=""RR Rnd 2""","=""Alesandro Restrepo""","=""Vougar's Honors/sachem 3 Style""","=""3-0 1:13""","=""F""","=""Aryan Vazquez""","=""Btwc""","=""Manheim""","=""PA""","=""Journeymen Fall Classic and Women's World Classic"""
"=""9/28/2024""","=""119B""","=""RR Rnd 2""","=""Owen Oleary""","=""Ridge High School""","=""12-0""","=""MD""","=""Joshua Pfeiffer""","=""Iroquois""","=""Manheim""","=""PA""","=""Journeymen Fall Classic and Women's World Classic"""
"=""9/28/2024""","=""95""","=""RR Rnd 2""","=""Stephen Bagocius""","=""Steller Trained""","=""17-1 2:04""","=""TF""","=""Christian Stamis""","=""Bitetto Trained""","=""Manheim""","=""PA""","=""Journeymen Fall Classic and Women's World Classic"""
"=""9/28/2024""","=""95""","=""RR Rnd 2""","=""Jake Appello""","=""Yale Street""","=""5-4""","=""DEC""","=""Ryder Walsh""","=""Wrestlers Way""","=""Manheim""","=""PA""","=""Journeymen Fall Classic and Women's World Classic"""
"=""9/28/2024""","=""80""","=""RR Rnd 1""","=""Max Garcia""","=""Rangers/impact""","=""""","=""BYE""","=""""","=""""","=""Manheim""","=""PA""","=""Journeymen Fall Classic and Women's World Classic"""
"=""9/28/2024""","=""119B""","=""RR Rnd 1""","=""David Vazquez""","=""Btwc""","=""15-0 1:58""","=""TF""","=""Braiden Salter""","=""Superior Wrestling Academy""","=""Manheim""","=""PA""","=""Journeymen Fall Classic and Women's World Classic"""
"=""9/28/2024""","=""95""","=""RR Rnd 1""","=""Alesandro Restrepo""","=""Vougar's Honors/sachem 3 Style""","=""9-0""","=""MD""","=""Steven Abreu""","=""Gps Wrestling""","=""Manheim""","=""PA""","=""Journeymen Fall Classic and Women's World Classic"""
"=""9/28/2024""","=""80""","=""RR Rnd 1""","=""Jonathan Quesada""","=""Fisheye""","=""16-1 3:38""","=""TF""","=""Carson Logalbo""","=""District 3""","=""Manheim""","=""PA""","=""Journeymen Fall Classic and Women's World Classic"""
"=""9/28/2024""","=""95""","=""RR Rnd 1""","=""Michael Rankin""","=""Ruthless Wrestling Club""","=""18-3 2:36""","=""TF""","=""George Jolley Iv""","=""Wolfgang""","=""Manheim""","=""PA""","=""Journeymen Fall Classic and Women's World Classic"""
"=""9/28/2024""","=""95""","=""RR Rnd 1""","=""Brady Genard""","=""Mat Assassins""","=""3-0 1:17""","=""F""","=""Marco Lettini""","=""Ruthless Wrestling Club""","=""Manheim""","=""PA""","=""Journeymen Fall Classic and Women's World Classic"""
"=""9/28/2024""","=""95""","=""RR Rnd 1""","=""Brennen Veverka""","=""Orchard Wc""","=""15-0 0:44""","=""TF""","=""Aryan Vazquez""","=""Btwc""","=""Manheim""","=""PA""","=""Journeymen Fall Classic and Women's World Classic"""
"=""9/28/2024""","=""95""","=""RR Rnd 1""","=""Stephen Bagocius""","=""Steller Trained""","=""3-0 0:31""","=""F""","=""Ryder Walsh""","=""Wrestlers Way""","=""Manheim""","=""PA""","=""Journeymen Fall Classic and Women's World Classic"""
"=""9/28/2024""","=""80""","=""RR Rnd 1""","=""Avery Haber""","=""X-calibur/sem""","=""""","=""BYE""","=""""","=""""","=""Manheim""","=""PA""","=""Journeymen Fall Classic and Women's World Classic"""
"=""9/28/2024""","=""95""","=""RR Rnd 1""","=""Christian Stamis""","=""Bitetto Trained""","=""10-2""","=""MD""","=""Jake Appello""","=""Yale Street""","=""Manheim""","=""PA""","=""Journeymen Fall Classic and Women's World Classic"""
"=""9/28/2024""","=""119B""","=""RR Rnd 1""","=""Luca Popolizio""","=""Journeymen""","=""17-0 2:28""","=""TF""","=""Joshua Pfeiffer""","=""Iroquois""","=""Manheim""","=""PA""","=""Journeymen Fall Classic and Women's World Classic"""
"=""9/28/2024""","=""119B""","=""RR Rnd 1""","=""Dawson Bowden""","=""Wtf Witchduck Training Facility""","=""13-4""","=""MD""","=""Owen Oleary""","=""Ridge High School""","=""Manheim""","=""PA""","=""Journeymen Fall Classic and Women's World Classic"""
"=""9/28/2024""","=""119B""","=""RR Rnd 1""","=""Ethan Reilly""","=""Lake Highland Prep""","=""10-3""","=""DEC""","=""Santiago Chrisjohn""","=""Saugerties""","=""Manheim""","=""PA""","=""Journeymen Fall Classic and Women's World Classic"""
"=""9/28/2024""","=""95""","=""RR Rnd 1""","=""Shiloh Joyce""","=""Ruthless""","=""""","=""BYE""","=""""","=""""","=""Manheim""","=""PA""","=""Journeymen Fall Classic and Women's World Classic"""
"=""9/28/2024""","=""80""","=""RR Rnd 1""","=""Declan Doyle""","=""Sswc""","=""11-0""","=""MD""","=""Bryce Dulin""","=""Va Slaughter House""","=""Manheim""","=""PA""","=""Journeymen Fall Classic and Women's World Classic"""
"=""9/28/2024""","=""95""","=""RR Rnd 1""","=""Will Hughes""","=""Roundtree Wrestling Academy""","=""3-0""","=""DEC""","=""Derek Danbe""","=""Rednose""","=""Manheim""","=""PA""","=""Journeymen Fall Classic and Women's World Classic"""
"=""9/28/2024""","=""130""","=""Consi of 8 #1""","=""Yiannis Thomas""","=""Savage Wrestling Academy""","=""13-9""","=""DEC""","=""Piero Di Nicola""","=""Empire Wrestling Academy""","=""Manheim""","=""PA""","=""Journeymen Fall Classic and Women's World Classic"""
"=""9/28/2024""","=""130""","=""Consi of 8 #1""","=""John Foote""","=""Poly Prep""","=""10-5 3:55""","=""F""","=""Aydin Schifino""","=""Iron Faith Wrestling""","=""Manheim""","=""PA""","=""Journeymen Fall Classic and Women's World Classic"""
"=""9/28/2024""","=""130""","=""Consi of 8 #1""","=""Spartan Koslov""","=""Legend Wrestling/ Georgetown Prep""","=""3-0 0:40""","=""F""","=""Gavin Robertson""","=""Combat School""","=""Manheim""","=""PA""","=""Journeymen Fall Classic and Women's World Classic"""
"=""9/28/2024""","=""130""","=""Consi of 8 #1""","=""Christopher Cifelli""","=""Nutley High School/ Olympic Wrestling Club""","=""""","=""BYE""","=""""","=""""","=""Manheim""","=""PA""","=""Journeymen Fall Classic and Women's World Classic"""
"=""9/28/2024""","=""130""","=""Consi of 8 #2""","=""Evan Sheils""","=""Lansing""","=""18-2 4:32""","=""TF""","=""Spartan Koslov""","=""Legend Wrestling/ Georgetown Prep""","=""Manheim""","=""PA""","=""Journeymen Fall Classic and Women's World Classic"""
"=""9/28/2024""","=""130""","=""Consi of 8 #2""","=""Thomas Nguyen""","=""Metrowest United""","=""17-11""","=""DEC""","=""Yiannis Thomas""","=""Savage Wrestling Academy""","=""Manheim""","=""PA""","=""Journeymen Fall Classic and Women's World Classic"""
"=""9/28/2024""","=""130""","=""Consi of 8 #2""","=""Braxton Bohinc""","=""Legend Wrestling""","=""10-2""","=""MD""","=""John Foote""","=""Poly Prep""","=""Manheim""","=""PA""","=""Journeymen Fall Classic and Women's World Classic"""
"=""9/28/2024""","=""130""","=""Consi of 8 #2""","=""Christopher Cifelli""","=""Nutley High School/ Olympic Wrestling Club""","=""11-9 SV""","=""DEC""","=""Hudson Platt""","=""Colonia Hs""","=""Manheim""","=""PA""","=""Journeymen Fall Classic and Women's World Classic"""
"=""9/28/2024""","=""130""","=""Consi of 4""","=""Christopher Cifelli""","=""Nutley High School/ Olympic Wrestling Club""","=""10-0 3:28""","=""F""","=""Thomas Nguyen""","=""Metrowest United""","=""Manheim""","=""PA""","=""Journeymen Fall Classic and Women's World Classic"""
"=""9/28/2024""","=""130""","=""Consi of 4""","=""Evan Sheils""","=""Lansing""","=""12-0""","=""MD""","=""Braxton Bohinc""","=""Legend Wrestling""","=""Manheim""","=""PA""","=""Journeymen Fall Classic and Women's World Classic"""
"=""9/28/2024""","=""130""","=""Consi-Semis""","=""Chris Edel""","=""Btsnyv""","=""3-0 0:43""","=""F""","=""Evan Sheils""","=""Lansing""","=""Manheim""","=""PA""","=""Journeymen Fall Classic and Women's World Classic"""
"=""9/28/2024""","=""130""","=""Consi-Semis""","=""Dawson Wojtaszczyk""","=""Leroy""","=""5-0 2:26""","=""F""","=""Christopher Cifelli""","=""Nutley High School/ Olympic Wrestling Club""","=""Manheim""","=""PA""","=""Journeymen Fall Classic and Women's World Classic"""
"=""9/28/2024""","=""130""","=""3rd Place""","=""Dawson Wojtaszczyk""","=""Leroy""","=""3-0 1:38""","=""F""","=""Chris Edel""","=""Btsnyv""","=""Manheim""","=""PA""","=""Journeymen Fall Classic and Women's World Classic"""
"=""9/28/2024""","=""95""","=""3rd Place""","=""Alesandro Restrepo""","=""Vougar's Honors/sachem 3 Style""","=""7-0""","=""DEC""","=""Brady Genard""","=""Mat Assassins""","=""Manheim""","=""PA""","=""Journeymen Fall Classic and Women's World Classic"""
"=""9/28/2024""","=""95""","=""3rd Place""","=""Ryder Walsh""","=""Wrestlers Way""","=""""","=""BYE""","=""""","=""""","=""Manheim""","=""PA""","=""Journeymen Fall Classic and Women's World Classic"""
"=""9/28/2024""","=""95""","=""3rd Place""","=""Christian Stamis""","=""Bitetto Trained""","=""7-1""","=""DEC""","=""Will Hughes""","=""Roundtree Wrestling Academy""","=""Manheim""","=""PA""","=""Journeymen Fall Classic and Women's World Classic"""
"=""9/28/2024""","=""95""","=""3rd Place""","=""Steven Abreu""","=""Gps Wrestling""","=""7-3""","=""DEC""","=""George Jolley Iv""","=""Wolfgang""","=""Manheim""","=""PA""","=""Journeymen Fall Classic and Women's World Classic"""
"=""9/28/2024""","=""130""","=""Round of 16""","=""Wallace Pooler Iv""","=""The Hill School""","=""""","=""BYE""","=""""","=""""","=""Manheim""","=""PA""","=""Journeymen Fall Classic and Women's World Classic"""
"=""9/28/2024""","=""130""","=""Round of 16""","=""Thomas Nguyen""","=""Metrowest United""","=""3-0 0:20""","=""F""","=""Gavin Robertson""","=""Combat School""","=""Manheim""","=""PA""","=""Journeymen Fall Classic and Women's World Classic"""
"=""9/28/2024""","=""130""","=""Round of 16""","=""Hudson Platt""","=""Colonia Hs""","=""19-11""","=""MD""","=""Aydin Schifino""","=""Iron Faith Wrestling""","=""Manheim""","=""PA""","=""Journeymen Fall Classic and Women's World Classic"""
"=""9/28/2024""","=""130""","=""Round of 16""","=""Dawson Wojtaszczyk""","=""Leroy""","=""7-0 1:31""","=""F""","=""Yiannis Thomas""","=""Savage Wrestling Academy""","=""Manheim""","=""PA""","=""Journeymen Fall Classic and Women's World Classic"""
"=""9/28/2024""","=""130""","=""Round of 16""","=""Duncan Harrington""","=""Mt. Anthony Union High School""","=""7-0 2:49""","=""F""","=""Spartan Koslov""","=""Legend Wrestling/ Georgetown Prep""","=""Manheim""","=""PA""","=""Journeymen Fall Classic and Women's World Classic"""
"=""9/28/2024""","=""130""","=""Round of 16""","=""Braxton Bohinc""","=""Legend Wrestling""","=""7-3""","=""DEC""","=""Christopher Cifelli""","=""Nutley High School/ Olympic Wrestling Club""","=""Manheim""","=""PA""","=""Journeymen Fall Classic and Women's World Classic"""
"=""9/28/2024""","=""130""","=""Round of 16""","=""Evan Sheils""","=""Lansing""","=""3-0 0:55""","=""F""","=""Piero Di Nicola""","=""Empire Wrestling Academy""","=""Manheim""","=""PA""","=""Journeymen Fall Classic and Women's World Classic"""
"=""9/28/2024""","=""130""","=""Round of 16""","=""Chris Edel""","=""Btsnyv""","=""5-2""","=""DEC""","=""John Foote""","=""Poly Prep""","=""Manheim""","=""PA""","=""Journeymen Fall Classic and Women's World Classic"""
"=""9/28/2024""","=""130""","=""Quarter-Finals""","=""Wallace Pooler Iv""","=""The Hill School""","=""12-2 4:14""","=""F""","=""Braxton Bohinc""","=""Legend Wrestling""","=""Manheim""","=""PA""","=""Journeymen Fall Classic and Women's World Classic"""
"=""9/28/2024""","=""130""","=""Quarter-Finals""","=""Dawson Wojtaszczyk""","=""Leroy""","=""13-11""","=""DEC""","=""Evan Sheils""","=""Lansing""","=""Manheim""","=""PA""","=""Journeymen Fall Classic and Women's World Classic"""
"=""9/28/2024""","=""130""","=""Quarter-Finals""","=""Duncan Harrington""","=""Mt. Anthony Union High School""","=""5-0 3:16""","=""F""","=""Thomas Nguyen""","=""Metrowest United""","=""Manheim""","=""PA""","=""Journeymen Fall Classic and Women's World Classic"""
"=""9/28/2024""","=""130""","=""Quarter-Finals""","=""Chris Edel""","=""Btsnyv""","=""7-1""","=""DEC""","=""Hudson Platt""","=""Colonia Hs""","=""Manheim""","=""PA""","=""Journeymen Fall Classic and Women's World Classic"""
"=""9/28/2024""","=""95""","=""Semi-Finals""","=""Stephen Bagocius""","=""Steller Trained""","=""13-2""","=""MD""","=""Alesandro Restrepo""","=""Vougar's Honors/sachem 3 Style""","=""Manheim""","=""PA""","=""Journeymen Fall Classic and Women's World Classic"""
"=""9/28/2024""","=""95""","=""Semi-Finals""","=""Derek Danbe""","=""Rednose""","=""9-8""","=""DEC""","=""George Jolley Iv""","=""Wolfgang""","=""Manheim""","=""PA""","=""Journeymen Fall Classic and Women's World Classic"""
"=""9/28/2024""","=""130""","=""Semi-Finals""","=""Duncan Harrington""","=""Mt. Anthony Union High School""","=""5-5 4:18""","=""F""","=""Chris Edel""","=""Btsnyv""","=""Manheim""","=""PA""","=""Journeymen Fall Classic and Women's World Classic"""
"=""9/28/2024""","=""95""","=""Semi-Finals""","=""Jake Appello""","=""Yale Street""","=""4-3""","=""DEC""","=""Steven Abreu""","=""Gps Wrestling""","=""Manheim""","=""PA""","=""Journeymen Fall Classic and Women's World Classic"""
"=""9/28/2024""","=""95""","=""Semi-Finals""","=""Brennen Veverka""","=""Orchard Wc""","=""3-4 1:13""","=""F""","=""Christian Stamis""","=""Bitetto Trained""","=""Manheim""","=""PA""","=""Journeymen Fall Classic and Women's World Classic"""
"=""9/28/2024""","=""95""","=""Semi-Finals""","=""Marco Lettini""","=""Ruthless Wrestling Club""","=""""","=""BYE""","=""""","=""""","=""Manheim""","=""PA""","=""Journeymen Fall Classic and Women's World Classic"""
"=""9/28/2024""","=""130""","=""Semi-Finals""","=""Wallace Pooler Iv""","=""The Hill School""","=""3-0 1:51""","=""F""","=""Dawson Wojtaszczyk""","=""Leroy""","=""Manheim""","=""PA""","=""Journeymen Fall Classic and Women's World Classic"""
"=""9/28/2024""","=""95""","=""Semi-Finals""","=""Shiloh Joyce""","=""Ruthless""","=""12-0""","=""MD""","=""Brady Genard""","=""Mat Assassins""","=""Manheim""","=""PA""","=""Journeymen Fall Classic and Women's World Classic"""
"=""9/28/2024""","=""95""","=""Semi-Finals""","=""Michael Rankin""","=""Ruthless Wrestling Club""","=""12-3""","=""MD""","=""Will Hughes""","=""Roundtree Wrestling Academy""","=""Manheim""","=""PA""","=""Journeymen Fall Classic and Women's World Classic"""
"=""9/28/2024""","=""95""","=""Semi-Finals""","=""Aryan Vazquez""","=""Btwc""","=""""","=""M FOR""","=""Ryder Walsh""","=""Wrestlers Way""","=""Manheim""","=""PA""","=""Journeymen Fall Classic and Women's World Classic"""
"=""9/28/2024""","=""95""","=""Finals""","=""Marco Lettini""","=""Ruthless Wrestling Club""","=""10-1""","=""MD""","=""Aryan Vazquez""","=""Btwc""","=""Manheim""","=""PA""","=""Journeymen Fall Classic and Women's World Classic"""
"=""9/28/2024""","=""119B""","=""Finals""","=""Braiden Salter""","=""Superior Wrestling Academy""","=""0-0""","=""FOR""","=""Joshua Pfeiffer""","=""Iroquois""","=""Manheim""","=""PA""","=""Journeymen Fall Classic and Women's World Classic"""
"=""9/28/2024""","=""95""","=""Finals""","=""Jake Appello""","=""Yale Street""","=""8-0""","=""MD""","=""Derek Danbe""","=""Rednose""","=""Manheim""","=""PA""","=""Journeymen Fall Classic and Women's World Classic"""
"=""9/28/2024""","=""119B""","=""Finals""","=""Dawson Bowden""","=""Wtf Witchduck Training Facility""","=""4-3""","=""DEC""","=""David Vazquez""","=""Btwc""","=""Manheim""","=""PA""","=""Journeymen Fall Classic and Women's World Classic"""
"=""9/28/2024""","=""119B""","=""Finals""","=""Owen Oleary""","=""Ridge High School""","=""8-5 SV""","=""DEC""","=""Santiago Chrisjohn""","=""Saugerties""","=""Manheim""","=""PA""","=""Journeymen Fall Classic and Women's World Classic"""
"=""9/28/2024""","=""80""","=""Finals""","=""Carson Logalbo""","=""District 3""","=""13-2 0:43""","=""F""","=""Bryce Dulin""","=""Va Slaughter House""","=""Manheim""","=""PA""","=""Journeymen Fall Classic and Women's World Classic"""
"=""9/28/2024""","=""95""","=""Finals""","=""Shiloh Joyce""","=""Ruthless""","=""7-0 2:48""","=""F""","=""Stephen Bagocius""","=""Steller Trained""","=""Manheim""","=""PA""","=""Journeymen Fall Classic and Women's World Classic"""
"=""9/28/2024""","=""119B""","=""Finals""","=""Luca Popolizio""","=""Journeymen""","=""5-3""","=""DEC""","=""Ethan Reilly""","=""Lake Highland Prep""","=""Manheim""","=""PA""","=""Journeymen Fall Classic and Women's World Classic"""
"=""9/28/2024""","=""95""","=""Finals""","=""Brennen Veverka""","=""Orchard Wc""","=""12-1""","=""MD""","=""Michael Rankin""","=""Ruthless Wrestling Club""","=""Manheim""","=""PA""","=""Journeymen Fall Classic and Women's World Classic"""
"=""9/28/2024""","=""130""","=""Finals""","=""Wallace Pooler Iv""","=""The Hill School""","=""11-5""","=""DEC""","=""Duncan Harrington""","=""Mt. Anthony Union High School""","=""Manheim""","=""PA""","=""Journeymen Fall Classic and Women's World Classic"""
"=""9/28/2024""","=""80""","=""Finals""","=""Avery Haber""","=""X-calibur/sem""","=""17-0 1:49""","=""TF""","=""Max Garcia""","=""Rangers/impact""","=""Manheim""","=""PA""","=""Journeymen Fall Classic and Women's World Classic"""
"=""9/28/2024""","=""80""","=""Finals""","=""Jonathan Quesada""","=""Fisheye""","=""3-0 0:59""","=""F""","=""Declan Doyle""","=""Sswc""","=""Manheim""","=""PA""","=""Journeymen Fall Classic and Women's World Classic"""
"=""9/28/2024""","=""100""","=""RR Rnd 3""","=""Caleb Jordan""","=""Hammer Wrestling / Colonie Hs""","=""""","=""BYE""","=""""","=""""","=""Manheim""","=""PA""","=""Journeymen Fall Classic and Women's World Classic"""
"=""9/28/2024""","=""100""","=""RR Rnd 3""","=""Lucas Copper""","=""Smitty's Wrestling Barn""","=""""","=""BYE""","=""""","=""""","=""Manheim""","=""PA""","=""Journeymen Fall Classic and Women's World Classic"""
"=""9/28/2024""","=""100""","=""RR Rnd 3""","=""Colton A Schultz""","=""Callan Wrestling Academy""","=""4-18 1:37""","=""F""","=""Peppe Bozzi""","=""Mat Assassins""","=""Manheim""","=""PA""","=""Journeymen Fall Classic and Women's World Classic"""
"=""9/28/2024""","=""85""","=""RR Rnd 3""","=""Hunter Rock""","=""Journeymen Wrestling Club""","=""5-0 2:16""","=""F""","=""Blake Decker""","=""Reese Rasslin""","=""Manheim""","=""PA""","=""Journeymen Fall Classic and Women's World Classic"""
"=""9/28/2024""","=""85""","=""RR Rnd 3""","=""Colton Louderback""","=""Lizak U""","=""3-0 1:09""","=""F""","=""Keller Sherer""","=""Mayfield/manheim Central""","=""Manheim""","=""PA""","=""Journeymen Fall Classic and Women's World Classic"""
"=""9/28/2024""","=""100""","=""RR Rnd 3""","=""Nikita Ceban""","=""Combat School""","=""""","=""BYE""","=""""","=""""","=""Manheim""","=""PA""","=""Journeymen Fall Classic and Women's World Classic"""
"=""9/28/2024""","=""85""","=""RR Rnd 3""","=""Aime Coles""","=""Combat School""","=""18-6""","=""MD""","=""Logan Quiroga""","=""Brevard Fca / Merritt Island""","=""Manheim""","=""PA""","=""Journeymen Fall Classic and Women's World Classic"""
"=""9/28/2024""","=""85""","=""RR Rnd 3""","=""Preston Dorn""","=""Shwa""","=""11-0 2:39""","=""F""","=""Andrew Cosgrove""","=""Rednose Wrestling School""","=""Manheim""","=""PA""","=""Journeymen Fall Classic and Women's World Classic"""
"=""9/28/2024""","=""100""","=""RR Rnd 3""","=""Jack Anello""","=""Ruthless Wcnj""","=""3-0 1:07""","=""F""","=""Max Kennedy""","=""Vhw""","=""Manheim""","=""PA""","=""Journeymen Fall Classic and Women's World Classic"""
"=""9/28/2024""","=""100""","=""RR Rnd 3""","=""Dakota Sandy""","=""Mat Assassins Wrestling Club""","=""3-0 0:44""","=""F""","=""Cleiber Cabrera-""","=""Top Flight Wrestling Academy""","=""Manheim""","=""PA""","=""Journeymen Fall Classic and Women's World Classic"""
"=""9/28/2024""","=""85""","=""RR Rnd 2""","=""Colton Louderback""","=""Lizak U""","=""18-0 3:45""","=""TF""","=""Hunter Rock""","=""Journeymen Wrestling Club""","=""Manheim""","=""PA""","=""Journeymen Fall Classic and Women's World Classic"""
"=""9/28/2024""","=""100""","=""RR Rnd 2""","=""Cleiber Cabrera-""","=""Top Flight Wrestling Academy""","=""""","=""BYE""","=""""","=""""","=""Manheim""","=""PA""","=""Journeymen Fall Classic and Women's World Classic"""
"=""9/28/2024""","=""100""","=""RR Rnd 2""","=""Dakota Sandy""","=""Mat Assassins Wrestling Club""","=""10-5 1:17""","=""F""","=""Caleb Jordan""","=""Hammer Wrestling / Colonie Hs""","=""Manheim""","=""PA""","=""Journeymen Fall Classic and Women's World Classic"""
"=""9/28/2024""","=""100""","=""RR Rnd 2""","=""Peppe Bozzi""","=""Mat Assassins""","=""""","=""BYE""","=""""","=""""","=""Manheim""","=""PA""","=""Journeymen Fall Classic and Women's World Classic"""
"=""9/28/2024""","=""85""","=""RR Rnd 2""","=""Keller Sherer""","=""Mayfield/manheim Central""","=""0-3 1:29""","=""F""","=""Blake Decker""","=""Reese Rasslin""","=""Manheim""","=""PA""","=""Journeymen Fall Classic and Women's World Classic"""
"=""9/28/2024""","=""100""","=""RR Rnd 2""","=""Jack Anello""","=""Ruthless Wcnj""","=""1-0 UTB""","=""DEC""","=""Lucas Copper""","=""Smitty's Wrestling Barn""","=""Manheim""","=""PA""","=""Journeymen Fall Classic and Women's World Classic"""
"=""9/28/2024""","=""85""","=""RR Rnd 2""","=""Preston Dorn""","=""Shwa""","=""8-6""","=""DEC""","=""Logan Quiroga""","=""Brevard Fca / Merritt Island""","=""Manheim""","=""PA""","=""Journeymen Fall Classic and Women's World Classic"""
"=""9/28/2024""","=""100""","=""RR Rnd 2""","=""Colton A Schultz""","=""Callan Wrestling Academy""","=""9-0 1:15""","=""F""","=""Nikita Ceban""","=""Combat School""","=""Manheim""","=""PA""","=""Journeymen Fall Classic and Women's World Classic"""
"=""9/28/2024""","=""85""","=""RR Rnd 2""","=""Aime Coles""","=""Combat School""","=""15-0 2:03""","=""TF""","=""Andrew Cosgrove""","=""Rednose Wrestling School""","=""Manheim""","=""PA""","=""Journeymen Fall Classic and Women's World Classic"""
"=""9/28/2024""","=""100""","=""RR Rnd 2""","=""Max Kennedy""","=""Vhw""","=""""","=""BYE""","=""""","=""""","=""Manheim""","=""PA""","=""Journeymen Fall Classic and Women's World Classic"""
"=""9/28/2024""","=""100""","=""RR Rnd 1""","=""Jacob Saunders""","=""Fight Club""","=""8-0 2:29""","=""F""","=""Kurt Pellegrino""","=""Shore Thing Wrestling Club""","=""Manheim""","=""PA""","=""Journeymen Fall Classic and Women's World Classic"""
"=""9/28/2024""","=""85""","=""RR Rnd 1""","=""Aime Coles""","=""Combat School""","=""10-0""","=""MD""","=""Preston Dorn""","=""Shwa""","=""Manheim""","=""PA""","=""Journeymen Fall Classic and Women's World Classic"""
"=""9/28/2024""","=""85""","=""RR Rnd 1""","=""Logan Quiroga""","=""Brevard Fca / Merritt Island""","=""11-0 2:36""","=""F""","=""Andrew Cosgrove""","=""Rednose Wrestling School""","=""Manheim""","=""PA""","=""Journeymen Fall Classic and Women's World Classic"""
"=""9/28/2024""","=""85""","=""RR Rnd 1""","=""Hunter Rock""","=""Journeymen Wrestling Club""","=""7-2""","=""DEC""","=""Keller Sherer""","=""Mayfield/manheim Central""","=""Manheim""","=""PA""","=""Journeymen Fall Classic and Women's World Classic"""
"=""9/28/2024""","=""100""","=""RR Rnd 1""","=""Dakota Sandy""","=""Mat Assassins Wrestling Club""","=""""","=""BYE""","=""""","=""""","=""Manheim""","=""PA""","=""Journeymen Fall Classic and Women's World Classic"""
"=""9/28/2024""","=""100""","=""RR Rnd 1""","=""Cleiber Cabrera-""","=""Top Flight Wrestling Academy""","=""9-4""","=""DEC""","=""Caleb Jordan""","=""Hammer Wrestling / Colonie Hs""","=""Manheim""","=""PA""","=""Journeymen Fall Classic and Women's World Classic"""
"=""9/28/2024""","=""100""","=""RR Rnd 1""","=""Colton A Schultz""","=""Callan Wrestling Academy""","=""""","=""BYE""","=""""","=""""","=""Manheim""","=""PA""","=""Journeymen Fall Classic and Women's World Classic"""
"=""9/28/2024""","=""100""","=""RR Rnd 1""","=""Peppe Bozzi""","=""Mat Assassins""","=""8-7 2:49""","=""F""","=""Nikita Ceban""","=""Combat School""","=""Manheim""","=""PA""","=""Journeymen Fall Classic and Women's World Classic"""
"=""9/28/2024""","=""100""","=""RR Rnd 1""","=""Lucas Copper""","=""Smitty's Wrestling Barn""","=""3-0 0:22""","=""F""","=""Max Kennedy""","=""Vhw""","=""Manheim""","=""PA""","=""Journeymen Fall Classic and Women's World Classic"""
"=""9/28/2024""","=""85""","=""RR Rnd 1""","=""Colton Louderback""","=""Lizak U""","=""3-0 0:36""","=""F""","=""Blake Decker""","=""Reese Rasslin""","=""Manheim""","=""PA""","=""Journeymen Fall Classic and Women's World Classic"""
"=""9/28/2024""","=""100""","=""RR Rnd 1""","=""Jack Anello""","=""Ruthless Wcnj""","=""""","=""BYE""","=""""","=""""","=""Manheim""","=""PA""","=""Journeymen Fall Classic and Women's World Classic"""
"=""9/28/2024""","=""135""","=""Consi of 16 #1""","=""Harden Nashuan""","=""Va Slaughter House""","=""""","=""BYE""","=""""","=""""","=""Manheim""","=""PA""","=""Journeymen Fall Classic and Women's World Classic"""
"=""9/28/2024""","=""135""","=""Consi of 16 #1""","=""Keagan Tan""","=""Journeymen Wrestling Club""","=""""","=""BYE""","=""""","=""""","=""Manheim""","=""PA""","=""Journeymen Fall Classic and Women's World Classic"""
"=""9/28/2024""","=""135""","=""Consi of 16 #1""","=""Caiden Skidgell""","=""Wrestlers Way""","=""""","=""BYE""","=""""","=""""","=""Manheim""","=""PA""","=""Journeymen Fall Classic and Women's World Classic"""
"=""9/28/2024""","=""135""","=""Consi of 16 #1""","=""Tai Russo""","=""Journeymen Wrestling Club""","=""""","=""BYE""","=""""","=""""","=""Manheim""","=""PA""","=""Journeymen Fall Classic and Women's World Classic"""
"=""9/28/2024""","=""135""","=""Consi of 16 #1""","=""Jordon Blais""","=""Combat School""","=""""","=""BYE""","=""""","=""""","=""Manheim""","=""PA""","=""Journeymen Fall Classic and Women's World Classic"""
"=""9/28/2024""","=""135""","=""Consi of 16 #2""","=""Daniel Dennis""","=""Central Bucks West""","=""""","=""BYE""","=""""","=""""","=""Manheim""","=""PA""","=""Journeymen Fall Classic and Women's World Classic"""
"=""9/28/2024""","=""135""","=""Consi of 16 #2""","=""Tai Russo""","=""Journeymen Wrestling Club""","=""14-5""","=""MD""","=""Nicholas Konopka""","=""Paramus Catholic""","=""Manheim""","=""PA""","=""Journeymen Fall Classic and Women's World Classic"""
"=""9/28/2024""","=""135""","=""Consi of 16 #2""","=""Benjamin Walton""","=""Agoge Wrestling Club/goffstown High School""","=""""","=""BYE""","=""""","=""""","=""Manheim""","=""PA""","=""Journeymen Fall Classic and Women's World Classic"""
"=""9/28/2024""","=""135""","=""Consi of 16 #2""","=""Jordon Blais""","=""Combat School""","=""12-9 4:41""","=""F""","=""Eric Ivry""","=""Elite Wrestling Academy""","=""Manheim""","=""PA""","=""Journeymen Fall Classic and Women's World Classic"""
"=""9/28/2024""","=""135""","=""Consi of 16 #2""","=""Shad Henry""","=""Huntington High School""","=""16-3 2:41""","=""F""","=""Keagan Tan""","=""Journeymen Wrestling Club""","=""Manheim""","=""PA""","=""Journeymen Fall Classic and Women's World Classic"""
"=""9/28/2024""","=""135""","=""Consi of 16 #2""","=""Caiden Skidgell""","=""Wrestlers Way""","=""10-0""","=""MD""","=""Tyler Vargas""","=""Top Flight Wrestling""","=""Manheim""","=""PA""","=""Journeymen Fall Classic and Women's World Classic"""
"=""9/28/2024""","=""135""","=""Consi of 16 #2""","=""Maksim Pandorf""","=""Olympic Wrestling Club""","=""""","=""BYE""","=""""","=""""","=""Manheim""","=""PA""","=""Journeymen Fall Classic and Women's World Classic"""
"=""9/28/2024""","=""135""","=""Consi of 16 #2""","=""Shea Morris""","=""Haverhill High School""","=""17-2 4:47""","=""TF""","=""Harden Nashuan""","=""Va Slaughter House""","=""Manheim""","=""PA""","=""Journeymen Fall Classic and Women's World Classic"""
"=""9/28/2024""","=""135""","=""Consi of 8 #1""","=""Benjamin Walton""","=""Agoge Wrestling Club/goffstown High School""","=""3-0 1:37""","=""F""","=""Tai Russo""","=""Journeymen Wrestling Club""","=""Manheim""","=""PA""","=""Journeymen Fall Classic and Women's World Classic"""
"=""9/28/2024""","=""135""","=""Consi of 8 #1""","=""Jordon Blais""","=""Combat School""","=""19-3 3:40""","=""TF""","=""Maksim Pandorf""","=""Olympic Wrestling Club""","=""Manheim""","=""PA""","=""Journeymen Fall Classic and Women's World Classic"""
"=""9/28/2024""","=""135""","=""Consi of 8 #1""","=""Daniel Dennis""","=""Central Bucks West""","=""17-0 1:38""","=""TF""","=""Shad Henry""","=""Huntington High School""","=""Manheim""","=""PA""","=""Journeymen Fall Classic and Women's World Classic"""
"=""9/28/2024""","=""135""","=""Consi of 8 #1""","=""Shea Morris""","=""Haverhill High School""","=""20-3 1:51""","=""TF""","=""Caiden Skidgell""","=""Wrestlers Way""","=""Manheim""","=""PA""","=""Journeymen Fall Classic and Women's World Classic"""
"=""9/28/2024""","=""135""","=""Consi of 8 #2""","=""Shea Morris""","=""Haverhill High School""","=""13-1""","=""MD""","=""Ethan Buonanducci""","=""Fisheye""","=""Manheim""","=""PA""","=""Journeymen Fall Classic and Women's World Classic"""
"=""9/28/2024""","=""135""","=""Consi of 8 #2""","=""Erick Largo""","=""Btsnyc""","=""3-0 1:28""","=""F""","=""Jordon Blais""","=""Combat School""","=""Manheim""","=""PA""","=""Journeymen Fall Classic and Women's World Classic"""
"=""9/28/2024""","=""135""","=""Consi of 8 #2""","=""Benjamin Walton""","=""Agoge Wrestling Club/goffstown High School""","=""0-0""","=""FOR""","=""Ryan Talon-kelly""","=""Metrowest United""","=""Manheim""","=""PA""","=""Journeymen Fall Classic and Women's World Classic"""
"=""9/28/2024""","=""135""","=""Consi of 8 #2""","=""Daniel Dennis""","=""Central Bucks West""","=""1-0""","=""DEC""","=""Ethan Aftewicz""","=""Wyoming Seminary""","=""Manheim""","=""PA""","=""Journeymen Fall Classic and Women's World Classic"""
"=""9/28/2024""","=""125A""","=""Consi of 4""","=""River Hibler""","=""Apex Wrestling""","=""8-0""","=""MD""","=""Max Mooney""","=""Impact Wrestling Academy""","=""Manheim""","=""PA""","=""Journeymen Fall Classic and Women's World Classic"""
"=""9/28/2024""","=""125A""","=""Consi of 4""","=""Mason Jakob""","=""Tnwa""","=""14-12""","=""DEC""","=""Jason Goodin""","=""Edmond North""","=""Manheim""","=""PA""","=""Journeymen Fall Classic and Women's World Classic"""
"=""9/28/2024""","=""125A""","=""Consi of 4""","=""Will Russell""","=""Kd Training Center""","=""3-0 1:13""","=""F""","=""Firdavs Ahmadzoda""","=""Nyma""","=""Manheim""","=""PA""","=""Journeymen Fall Classic and Women's World Classic"""
"=""9/28/2024""","=""125A""","=""Consi of 4""","=""Timmy Boda""","=""Brevard Fca""","=""0-5 4:49""","=""F""","=""Gianni Bottone""","=""Reverence Wc""","=""Manheim""","=""PA""","=""Journeymen Fall Classic and Women's World Classic"""
"=""9/28/2024""","=""125A""","=""Consi of 4""","=""Preston White""","=""Darkhorse Wrestling""","=""4-0""","=""DEC""","=""Isaac Novod""","=""Doughboy""","=""Manheim""","=""PA""","=""Journeymen Fall Classic and Women's World Classic"""
"=""9/28/2024""","=""125A""","=""Consi of 4""","=""Jack Baron""","=""Grit Mat Club""","=""15-0 3:48""","=""TF""","=""Zachary Brzoska""","=""South Side Wrestling Club""","=""Manheim""","=""PA""","=""Journeymen Fall Classic and Women's World Classic"""
"=""9/28/2024""","=""135""","=""Consi of 4""","=""Benjamin Walton""","=""Agoge Wrestling Club/goffstown High School""","=""5-5 3:03""","=""F""","=""Erick Largo""","=""Btsnyc""","=""Manheim""","=""PA""","=""Journeymen Fall Classic and Women's World Classic"""
"=""9/28/2024""","=""135""","=""Consi of 4""","=""Shea Morris""","=""Haverhill High School""","=""7-2""","=""DEC""","=""Daniel Dennis""","=""Central Bucks West""","=""Manheim""","=""PA""","=""Journeymen Fall Classic and Women's World Classic"""
"=""9/28/2024""","=""135""","=""Consi-Semis""","=""Benjamin Walton""","=""Agoge Wrestling Club/goffstown High School""","=""4-2""","=""DEC""","=""Chase Matter""","=""Journeymen Wrestling Club""","=""Manheim""","=""PA""","=""Journeymen Fall Classic and Women's World Classic"""
"=""9/28/2024""","=""135""","=""Consi-Semis""","=""Shea Morris""","=""Haverhill High School""","=""8-8 4:20""","=""F""","=""Camden Murray""","=""Impact Wrestling""","=""Manheim""","=""PA""","=""Journeymen Fall Classic and Women's World Classic"""
"=""9/28/2024""","=""125A""","=""7th Place""","=""Gianni Bottone""","=""Reverence Wc""","=""6-0 1:37""","=""F""","=""Zachary Brzoska""","=""South Side Wrestling Club""","=""Manheim""","=""PA""","=""Journeymen Fall Classic and Women's World Classic"""
"=""9/28/2024""","=""125A""","=""7th Place""","=""Max Mooney""","=""Impact Wrestling Academy""","=""""","=""M FOR""","=""Firdavs Ahmadzoda""","=""Nyma""","=""Manheim""","=""PA""","=""Journeymen Fall Classic and Women's World Classic"""
"=""9/28/2024""","=""125A""","=""7th Place""","=""Isaac Novod""","=""Doughboy""","=""""","=""M FOR""","=""Jason Goodin""","=""Edmond North""","=""Manheim""","=""PA""","=""Journeymen Fall Classic and Women's World Classic"""
"=""9/28/2024""","=""125A""","=""5th Place""","=""Preston White""","=""Darkhorse Wrestling""","=""9-5""","=""DEC""","=""Mason Jakob""","=""Tnwa""","=""Manheim""","=""PA""","=""Journeymen Fall Classic and Women's World Classic"""
"=""9/28/2024""","=""125A""","=""5th Place""","=""Jack Baron""","=""Grit Mat Club""","=""4-2""","=""DEC""","=""Timmy Boda""","=""Brevard Fca""","=""Manheim""","=""PA""","=""Journeymen Fall Classic and Women's World Classic"""
"=""9/28/2024""","=""125A""","=""5th Place""","=""Will Russell""","=""Kd Training Center""","=""14-4""","=""MD""","=""River Hibler""","=""Apex Wrestling""","=""Manheim""","=""PA""","=""Journeymen Fall Classic and Women's World Classic"""
"=""9/28/2024""","=""100""","=""3rd Place""","=""Colton A Schultz""","=""Callan Wrestling Academy""","=""7-3""","=""DEC""","=""Jacob Saunders""","=""Fight Club""","=""Manheim""","=""PA""","=""Journeymen Fall Classic and Women's World Classic"""
"=""9/28/2024""","=""125A""","=""3rd Place""","=""Finnegan Obrien""","=""Chaminade""","=""8-3""","=""DEC""","=""Adaias Ortiz""","=""Lake Highland Prep""","=""Manheim""","=""PA""","=""Journeymen Fall Classic and Women's World Classic"""
"=""9/28/2024""","=""135""","=""3rd Place""","=""Shea Morris""","=""Haverhill High School""","=""17-4""","=""MD""","=""Benjamin Walton""","=""Agoge Wrestling Club/goffstown High School""","=""Manheim""","=""PA""","=""Journeymen Fall Classic and Women's World Classic"""
"=""9/28/2024""","=""100""","=""3rd Place""","=""Kurt Pellegrino""","=""Shore Thing Wrestling Club""","=""5-0 1:21""","=""F""","=""Cleiber Cabrera-""","=""Top Flight Wrestling Academy""","=""Manheim""","=""PA""","=""Journeymen Fall Classic and Women's World Classic"""
"=""9/28/2024""","=""125A""","=""3rd Place""","=""Joe Scott""","=""Superior Wrestling Academy""","=""3-0 0:36""","=""F""","=""Cole Faircloth""","=""Aniciete Training Club""","=""Manheim""","=""PA""","=""Journeymen Fall Classic and Women's World Classic"""
"=""9/28/2024""","=""125A""","=""3rd Place""","=""Jack Abramson""","=""Pingry""","=""5-8 2:19""","=""F""","=""Neal Krysty""","=""Bishop Waterson""","=""Manheim""","=""PA""","=""Journeymen Fall Classic and Women's World Classic"""
"=""9/28/2024""","=""125A""","=""3rd Place""","=""Vincent Augello""","=""Barn Brothers""","=""6-3 SV""","=""DEC""","=""Brady Judd""","=""Deep Roots Wrestling Club""","=""Manheim""","=""PA""","=""Journeymen Fall Classic and Women's World Classic"""
"=""9/28/2024""","=""100""","=""3rd Place""","=""Caleb Jordan""","=""Hammer Wrestling / Colonie Hs""","=""""","=""BYE""","=""""","=""""","=""Manheim""","=""PA""","=""Journeymen Fall Classic and Women's World Classic"""
"=""9/28/2024""","=""125A""","=""Round of 32""","=""Jack Baron""","=""Grit Mat Club""","=""7-5""","=""DEC""","=""Joe Scott""","=""Superior Wrestling Academy""","=""Manheim""","=""PA""","=""Journeymen Fall Classic and Women's World Classic"""
"=""9/28/2024""","=""125A""","=""Round of 32""","=""Vincent Mastrianni""","=""Journeymen""","=""5-2""","=""DEC""","=""Anthony Borrometi""","=""Saint Peters Prep Hs""","=""Manheim""","=""PA""","=""Journeymen Fall Classic and Women's World Classic"""
"=""9/28/2024""","=""135""","=""Round of 32""","=""Daniel Dennis""","=""Central Bucks West""","=""""","=""BYE""","=""""","=""""","=""Manheim""","=""PA""","=""Journeymen Fall Classic and Women's World Classic"""
"=""9/28/2024""","=""135""","=""Round of 32""","=""Tyler Vargas""","=""Top Flight Wrestling""","=""""","=""BYE""","=""""","=""""","=""Manheim""","=""PA""","=""Journeymen Fall Classic and Women's World Classic"""
"=""9/28/2024""","=""125A""","=""Round of 32""","=""Jack Abramson""","=""Pingry""","=""3-0 1:29""","=""F""","=""Vincent Augello""","=""Barn Brothers""","=""Manheim""","=""PA""","=""Journeymen Fall Classic and Women's World Classic"""
"=""9/28/2024""","=""125A""","=""Round of 32""","=""Kavin Muyleart""","=""American Dream""","=""""","=""BYE""","=""""","=""""","=""Manheim""","=""PA""","=""Journeymen Fall Classic and Women's World Classic"""
"=""9/28/2024""","=""135""","=""Round of 32""","=""Maksim Pandorf""","=""Olympic Wrestling Club""","=""""","=""BYE""","=""""","=""""","=""Manheim""","=""PA""","=""Journeymen Fall Classic and Women's World Classic"""
"=""9/28/2024""","=""135""","=""Round of 32""","=""Benjamin Walton""","=""Agoge Wrestling Club/goffstown High School""","=""""","=""BYE""","=""""","=""""","=""Manheim""","=""PA""","=""Journeymen Fall Classic and Women's World Classic"""
"=""9/28/2024""","=""135""","=""Round of 32""","=""Shad Henry""","=""Huntington High School""","=""""","=""BYE""","=""""","=""""","=""Manheim""","=""PA""","=""Journeymen Fall Classic and Women's World Classic"""
"=""9/28/2024""","=""135""","=""Round of 32""","=""Isaias Hernandez""","=""Depaul Catholic""","=""4-12 4:04""","=""F""","=""Jordon Blais""","=""Combat School""","=""Manheim""","=""PA""","=""Journeymen Fall Classic and Women's World Classic"""
"=""9/28/2024""","=""135""","=""Round of 32""","=""Chase Matter""","=""Journeymen Wrestling Club""","=""""","=""BYE""","=""""","=""""","=""Manheim""","=""PA""","=""Journeymen Fall Classic and Women's World Classic"""
"=""9/28/2024""","=""125A""","=""Round of 32""","=""Timmy Boda""","=""Brevard Fca""","=""14-4""","=""MD""","=""Will Russell""","=""Kd Training Center""","=""Manheim""","=""PA""","=""Journeymen Fall Classic and Women's World Classic"""
"=""9/28/2024""","=""135""","=""Round of 32""","=""Ethan Aftewicz""","=""Wyoming Seminary""","=""16-2 3:25""","=""F""","=""Caiden Skidgell""","=""Wrestlers Way""","=""Manheim""","=""PA""","=""Journeymen Fall Classic and Women's World Classic"""
"=""9/28/2024""","=""125A""","=""Round of 32""","=""Zachary Brzoska""","=""South Side Wrestling Club""","=""8-7""","=""DEC""","=""River Hibler""","=""Apex Wrestling""","=""Manheim""","=""PA""","=""Journeymen Fall Classic and Women's World Classic"""
"=""9/28/2024""","=""125A""","=""Round of 32""","=""Neal Krysty""","=""Bishop Waterson""","=""18-3 3:48""","=""TF""","=""Reid Buzby""","=""Yale Street""","=""Manheim""","=""PA""","=""Journeymen Fall Classic and Women's World Classic"""
"=""9/28/2024""","=""135""","=""Round of 32""","=""Shea Morris""","=""Haverhill High School""","=""""","=""BYE""","=""""","=""""","=""Manheim""","=""PA""","=""Journeymen Fall Classic and Women's World Classic"""
"=""9/28/2024""","=""125A""","=""Round of 32""","=""Isaac Novod""","=""Doughboy""","=""6-1""","=""DEC""","=""Eric Casula""","=""Cowboy Wrestling Club""","=""Manheim""","=""PA""","=""Journeymen Fall Classic and Women's World Classic"""
"=""9/28/2024""","=""125A""","=""Round of 32""","=""Jason Goodin""","=""Edmond North""","=""15-3 4:01""","=""F""","=""Max Mooney""","=""Impact Wrestling Academy""","=""Manheim""","=""PA""","=""Journeymen Fall Classic and Women's World Classic"""
"=""9/28/2024""","=""135""","=""Round of 32""","=""Clint Plotner-legg""","=""Lake Highland Prep""","=""""","=""BYE""","=""""","=""""","=""Manheim""","=""PA""","=""Journeymen Fall Classic and Women's World Classic"""
"=""9/28/2024""","=""135""","=""Round of 32""","=""Erick Largo""","=""Btsnyc""","=""3-0 0:53""","=""F""","=""Tai Russo""","=""Journeymen Wrestling Club""","=""Manheim""","=""PA""","=""Journeymen Fall Classic and Women's World Classic"""
"=""9/28/2024""","=""125A""","=""Round of 32""","=""Dale Corbin""","=""Wyoming Seminary""","=""""","=""BYE""","=""""","=""""","=""Manheim""","=""PA""","=""Journeymen Fall Classic and Women's World Classic"""
"=""9/28/2024""","=""135""","=""Round of 32""","=""Ryan Talon-kelly""","=""Metrowest United""","=""""","=""BYE""","=""""","=""""","=""Manheim""","=""PA""","=""Journeymen Fall Classic and Women's World Classic"""
"=""9/28/2024""","=""135""","=""Round of 32""","=""Eric Ivry""","=""Elite Wrestling Academy""","=""9-1 2:50""","=""F""","=""Harden Nashuan""","=""Va Slaughter House""","=""Manheim""","=""PA""","=""Journeymen Fall Classic and Women's World Classic"""
"=""9/28/2024""","=""125A""","=""Round of 32""","=""Mason Jakob""","=""Tnwa""","=""""","=""BYE""","=""""","=""""","=""Manheim""","=""PA""","=""Journeymen Fall Classic and Women's World Classic"""
"=""9/28/2024""","=""125A""","=""Round of 32""","=""Preston White""","=""Darkhorse Wrestling""","=""14-0""","=""MD""","=""Firdavs Ahmadzoda""","=""Nyma""","=""Manheim""","=""PA""","=""Journeymen Fall Classic and Women's World Classic"""
"=""9/28/2024""","=""125A""","=""Round of 32""","=""Adaias Ortiz""","=""Lake Highland Prep""","=""19-2 3:30""","=""TF""","=""Brady Judd""","=""Deep Roots Wrestling Club""","=""Manheim""","=""PA""","=""Journeymen Fall Classic and Women's World Classic"""
"=""9/28/2024""","=""135""","=""Round of 32""","=""Ethan Buonanducci""","=""Fisheye""","=""""","=""BYE""","=""""","=""""","=""Manheim""","=""PA""","=""Journeymen Fall Classic and Women's World Classic"""
"=""9/28/2024""","=""125A""","=""Round of 32""","=""Finnegan Obrien""","=""Chaminade""","=""11-0 2:26""","=""F""","=""Elijah Bayne""","=""Rumson Fair Haven""","=""Manheim""","=""PA""","=""Journeymen Fall Classic and Women's World Classic"""
"=""9/28/2024""","=""125A""","=""Round of 32""","=""Salvatore Borrometi""","=""Saint Peters Prep Hs""","=""""","=""BYE""","=""""","=""""","=""Manheim""","=""PA""","=""Journeymen Fall Classic and Women's World Classic"""
"=""9/28/2024""","=""125A""","=""Round of 32""","=""Gianni Bottone""","=""Reverence Wc""","=""7-3""","=""DEC""","=""Cole Faircloth""","=""Aniciete Training Club""","=""Manheim""","=""PA""","=""Journeymen Fall Classic and Women's World Classic"""
"=""9/28/2024""","=""135""","=""Round of 32""","=""Camden Murray""","=""Impact Wrestling""","=""""","=""BYE""","=""""","=""""","=""Manheim""","=""PA""","=""Journeymen Fall Classic and Women's World Classic"""
"=""9/28/2024""","=""135""","=""Round of 32""","=""Nicholas Konopka""","=""Paramus Catholic""","=""17-1 4:17""","=""TF""","=""Keagan Tan""","=""Journeymen Wrestling Club""","=""Manheim""","=""PA""","=""Journeymen Fall Classic and Women's World Classic"""
"=""9/28/2024""","=""125A""","=""Round of 16""","=""Kavin Muyleart""","=""American Dream""","=""11-0""","=""MD""","=""Jack Baron""","=""Grit Mat Club""","=""Manheim""","=""PA""","=""Journeymen Fall Classic and Women's World Classic"""
"=""9/28/2024""","=""125A""","=""Round of 16""","=""Eric Casula""","=""Cowboy Wrestling Club""","=""4-1""","=""DEC""","=""Reid Buzby""","=""Yale Street""","=""Manheim""","=""PA""","=""Journeymen Fall Classic and Women's World Classic"""
"=""9/28/2024""","=""135""","=""Round of 16""","=""Ethan Aftewicz""","=""Wyoming Seminary""","=""20-4 2:51""","=""TF""","=""Maksim Pandorf""","=""Olympic Wrestling Club""","=""Manheim""","=""PA""","=""Journeymen Fall Classic and Women's World Classic"""
"=""9/28/2024""","=""135""","=""Round of 16""","=""Ethan Buonanducci""","=""Fisheye""","=""7-0 3:14""","=""F""","=""Benjamin Walton""","=""Agoge Wrestling Club/goffstown High School""","=""Manheim""","=""PA""","=""Journeymen Fall Classic and Women's World Classic"""
"=""9/28/2024""","=""135""","=""Round of 16""","=""Chase Matter""","=""Journeymen Wrestling Club""","=""12-7""","=""DEC""","=""Eric Ivry""","=""Elite Wrestling Academy""","=""Manheim""","=""PA""","=""Journeymen Fall Classic and Women's World Classic"""
"=""9/28/2024""","=""125A""","=""Round of 16""","=""Will Russell""","=""Kd Training Center""","=""""","=""BYE""","=""""","=""""","=""Manheim""","=""PA""","=""Journeymen Fall Classic and Women's World Classic"""
"=""9/28/2024""","=""135""","=""Round of 16""","=""Isaias Hernandez""","=""Depaul Catholic""","=""13-5""","=""MD""","=""Shea Morris""","=""Haverhill High School""","=""Manheim""","=""PA""","=""Journeymen Fall Classic and Women's World Classic"""
"=""9/28/2024""","=""125A""","=""Round of 16""","=""Finnegan Obrien""","=""Chaminade""","=""3-0 1:41""","=""F""","=""Vincent Mastrianni""","=""Journeymen""","=""Manheim""","=""PA""","=""Journeymen Fall Classic and Women's World Classic"""
"=""9/28/2024""","=""125A""","=""Round of 16""","=""Jason Goodin""","=""Edmond North""","=""20-8""","=""MD""","=""Jack Abramson""","=""Pingry""","=""Manheim""","=""PA""","=""Journeymen Fall Classic and Women's World Classic"""
"=""9/28/2024""","=""135""","=""Round of 16""","=""Ryan Talon-kelly""","=""Metrowest United""","=""10-0 4:36""","=""DEF""","=""Tyler Vargas""","=""Top Flight Wrestling""","=""Manheim""","=""PA""","=""Journeymen Fall Classic and Women's World Classic"""
"=""9/28/2024""","=""135""","=""Round of 16""","=""Erick Largo""","=""Btsnyc""","=""8-2 2:26""","=""F""","=""Shad Henry""","=""Huntington High School""","=""Manheim""","=""PA""","=""Journeymen Fall Classic and Women's World Classic"""
"=""9/28/2024""","=""125A""","=""Round of 16""","=""Adaias Ortiz""","=""Lake Highland Prep""","=""5-1""","=""DEC""","=""Gianni Bottone""","=""Reverence Wc""","=""Manheim""","=""PA""","=""Journeymen Fall Classic and Women's World Classic"""
"=""9/28/2024""","=""125A""","=""Round of 16""","=""Max Mooney""","=""Impact Wrestling Academy""","=""1-0""","=""DEC""","=""Vincent Augello""","=""Barn Brothers""","=""Manheim""","=""PA""","=""Journeymen Fall Classic and Women's World Classic"""
"=""9/28/2024""","=""125A""","=""Round of 16""","=""Isaac Novod""","=""Doughboy""","=""12-9""","=""DEC""","=""Neal Krysty""","=""Bishop Waterson""","=""Manheim""","=""PA""","=""Journeymen Fall Classic and Women's World Classic"""
"=""9/28/2024""","=""125A""","=""Round of 16""","=""Anthony Borrometi""","=""Saint Peters Prep Hs""","=""7-3""","=""DEC""","=""Elijah Bayne""","=""Rumson Fair Haven""","=""Manheim""","=""PA""","=""Journeymen Fall Classic and Women's World Classic"""
"=""9/28/2024""","=""135""","=""Round of 16""","=""Clint Plotner-legg""","=""Lake Highland Prep""","=""19-3 3:30""","=""TF""","=""Nicholas Konopka""","=""Paramus Catholic""","=""Manheim""","=""PA""","=""Journeymen Fall Classic and Women's World Classic"""
"=""9/28/2024""","=""125A""","=""Round of 16""","=""Preston White""","=""Darkhorse Wrestling""","=""0-3 3:08""","=""F""","=""Salvatore Borrometi""","=""Saint Peters Prep Hs""","=""Manheim""","=""PA""","=""Journeymen Fall Classic and Women's World Classic"""
"=""9/28/2024""","=""125A""","=""Round of 16""","=""Dale Corbin""","=""Wyoming Seminary""","=""18-3 3:46""","=""TF""","=""Timmy Boda""","=""Brevard Fca""","=""Manheim""","=""PA""","=""Journeymen Fall Classic and Women's World Classic"""
"=""9/28/2024""","=""125A""","=""Round of 16""","=""Joe Scott""","=""Superior Wrestling Academy""","=""""","=""BYE""","=""""","=""""","=""Manheim""","=""PA""","=""Journeymen Fall Classic and Women's World Classic"""
"=""9/28/2024""","=""125A""","=""Round of 16""","=""Mason Jakob""","=""Tnwa""","=""19-4 2:00""","=""TF""","=""Zachary Brzoska""","=""South Side Wrestling Club""","=""Manheim""","=""PA""","=""Journeymen Fall Classic and Women's World Classic"""
"=""9/28/2024""","=""125A""","=""Round of 16""","=""Firdavs Ahmadzoda""","=""Nyma""","=""""","=""BYE""","=""""","=""""","=""Manheim""","=""PA""","=""Journeymen Fall Classic and Women's World Classic"""
"=""9/28/2024""","=""135""","=""Round of 16""","=""Camden Murray""","=""Impact Wrestling""","=""3-1""","=""DEC""","=""Daniel Dennis""","=""Central Bucks West""","=""Manheim""","=""PA""","=""Journeymen Fall Classic and Women's World Classic"""
"=""9/28/2024""","=""125A""","=""Round of 16""","=""Cole Faircloth""","=""Aniciete Training Club""","=""9-0 2:27""","=""F""","=""Brady Judd""","=""Deep Roots Wrestling Club""","=""Manheim""","=""PA""","=""Journeymen Fall Classic and Women's World Classic"""
"=""9/28/2024""","=""125A""","=""Round of 16""","=""River Hibler""","=""Apex Wrestling""","=""""","=""BYE""","=""""","=""""","=""Manheim""","=""PA""","=""Journeymen Fall Classic and Women's World Classic"""
"=""9/28/2024""","=""125A""","=""Quarter-Finals""","=""Cole Faircloth""","=""Aniciete Training Club""","=""15-0 1:58""","=""TF""","=""Firdavs Ahmadzoda""","=""Nyma""","=""Manheim""","=""PA""","=""Journeymen Fall Classic and Women's World Classic"""
"=""9/28/2024""","=""135""","=""Quarter-Finals""","=""Camden Murray""","=""Impact Wrestling""","=""13-3 4:25""","=""F""","=""Erick Largo""","=""Btsnyc""","=""Manheim""","=""PA""","=""Journeymen Fall Classic and Women's World Classic"""
"=""9/28/2024""","=""135""","=""Quarter-Finals""","=""Chase Matter""","=""Journeymen Wrestling Club""","=""4-1 SV""","=""DEC""","=""Ethan Aftewicz""","=""Wyoming Seminary""","=""Manheim""","=""PA""","=""Journeymen Fall Classic and Women's World Classic"""
"=""9/28/2024""","=""135""","=""Quarter-Finals""","=""Isaias Hernandez""","=""Depaul Catholic""","=""2-3 1:36""","=""F""","=""Ryan Talon-kelly""","=""Metrowest United""","=""Manheim""","=""PA""","=""Journeymen Fall Classic and Women's World Classic"""
"=""9/28/2024""","=""125A""","=""Quarter-Finals""","=""Anthony Borrometi""","=""Saint Peters Prep Hs""","=""11-2""","=""MD""","=""River Hibler""","=""Apex Wrestling""","=""Manheim""","=""PA""","=""Journeymen Fall Classic and Women's World Classic"""
"=""9/28/2024""","=""125A""","=""Quarter-Finals""","=""Vincent Mastrianni""","=""Journeymen""","=""13-6""","=""DEC""","=""Zachary Brzoska""","=""South Side Wrestling Club""","=""Manheim""","=""PA""","=""Journeymen Fall Classic and Women's World Classic"""
"=""9/28/2024""","=""125A""","=""Quarter-Finals""","=""Neal Krysty""","=""Bishop Waterson""","=""5-4""","=""DEC""","=""Timmy Boda""","=""Brevard Fca""","=""Manheim""","=""PA""","=""Journeymen Fall Classic and Women's World Classic"""
"=""9/28/2024""","=""125A""","=""Quarter-Finals""","=""Adaias Ortiz""","=""Lake Highland Prep""","=""6-0""","=""DEC""","=""Preston White""","=""Darkhorse Wrestling""","=""Manheim""","=""PA""","=""Journeymen Fall Classic and Women's World Classic"""
"=""9/28/2024""","=""125A""","=""Quarter-Finals""","=""Kavin Muyleart""","=""American Dream""","=""16-1 2:29""","=""TF""","=""Jason Goodin""","=""Edmond North""","=""Manheim""","=""PA""","=""Journeymen Fall Classic and Women's World Classic"""
"=""9/28/2024""","=""125A""","=""Quarter-Finals""","=""Dale Corbin""","=""Wyoming Seminary""","=""7-0""","=""DEC""","=""Isaac Novod""","=""Doughboy""","=""Manheim""","=""PA""","=""Journeymen Fall Classic and Women's World Classic"""
"=""9/28/2024""","=""125A""","=""Quarter-Finals""","=""Joe Scott""","=""Superior Wrestling Academy""","=""13-4""","=""MD""","=""Max Mooney""","=""Impact Wrestling Academy""","=""Manheim""","=""PA""","=""Journeymen Fall Classic and Women's World Classic"""
"=""9/28/2024""","=""125A""","=""Quarter-Finals""","=""Finnegan Obrien""","=""Chaminade""","=""5-4""","=""DEC""","=""Mason Jakob""","=""Tnwa""","=""Manheim""","=""PA""","=""Journeymen Fall Classic and Women's World Classic"""
"=""9/28/2024""","=""125A""","=""Quarter-Finals""","=""Salvatore Borrometi""","=""Saint Peters Prep Hs""","=""4-0""","=""DEC""","=""Gianni Bottone""","=""Reverence Wc""","=""Manheim""","=""PA""","=""Journeymen Fall Classic and Women's World Classic"""
"=""9/28/2024""","=""135""","=""Quarter-Finals""","=""Clint Plotner-legg""","=""Lake Highland Prep""","=""4-2""","=""DEC""","=""Ethan Buonanducci""","=""Fisheye""","=""Manheim""","=""PA""","=""Journeymen Fall Classic and Women's World Classic"""
"=""9/28/2024""","=""125A""","=""Quarter-Finals""","=""Jack Abramson""","=""Pingry""","=""3-0 3:15""","=""F""","=""Jack Baron""","=""Grit Mat Club""","=""Manheim""","=""PA""","=""Journeymen Fall Classic and Women's World Classic"""
"=""9/28/2024""","=""125A""","=""Quarter-Finals""","=""Eric Casula""","=""Cowboy Wrestling Club""","=""11-0""","=""MD""","=""Will Russell""","=""Kd Training Center""","=""Manheim""","=""PA""","=""Journeymen Fall Classic and Women's World Classic"""
"=""9/28/2024""","=""100""","=""Semi-Finals""","=""Peppe Bozzi""","=""Mat Assassins""","=""11-3 2:49""","=""F""","=""Cleiber Cabrera-""","=""Top Flight Wrestling Academy""","=""Manheim""","=""PA""","=""Journeymen Fall Classic and Women's World Classic"""
"=""9/28/2024""","=""125A""","=""Semi-Finals""","=""Anthony Borrometi""","=""Saint Peters Prep Hs""","=""6-0 2:19""","=""F""","=""Joe Scott""","=""Superior Wrestling Academy""","=""Manheim""","=""PA""","=""Journeymen Fall Classic and Women's World Classic"""
"=""9/28/2024""","=""125A""","=""Semi-Finals""","=""Eric Casula""","=""Cowboy Wrestling Club""","=""2-1""","=""DEC""","=""Cole Faircloth""","=""Aniciete Training Club""","=""Manheim""","=""PA""","=""Journeymen Fall Classic and Women's World Classic"""
"=""9/28/2024""","=""100""","=""Semi-Finals""","=""Dakota Sandy""","=""Mat Assassins Wrestling Club""","=""5-0""","=""DEC""","=""Colton A Schultz""","=""Callan Wrestling Academy""","=""Manheim""","=""PA""","=""Journeymen Fall Classic and Women's World Classic"""
"=""9/28/2024""","=""125A""","=""Semi-Finals""","=""Reid Buzby""","=""Yale Street""","=""12-0""","=""MD""","=""Brady Judd""","=""Deep Roots Wrestling Club""","=""Manheim""","=""PA""","=""Journeymen Fall Classic and Women's World Classic"""
"=""9/28/2024""","=""100""","=""Semi-Finals""","=""Max Kennedy""","=""Vhw""","=""""","=""BYE""","=""""","=""""","=""Manheim""","=""PA""","=""Journeymen Fall Classic and Women's World Classic"""
"=""9/28/2024""","=""125A""","=""Semi-Finals""","=""Kavin Muyleart""","=""American Dream""","=""2-0""","=""DEC""","=""Finnegan Obrien""","=""Chaminade""","=""Manheim""","=""PA""","=""Journeymen Fall Classic and Women's World Classic"""
"=""9/28/2024""","=""100""","=""Semi-Finals""","=""Nikita Ceban""","=""Combat School""","=""12-3""","=""MD""","=""Caleb Jordan""","=""Hammer Wrestling / Colonie Hs""","=""Manheim""","=""PA""","=""Journeymen Fall Classic and Women's World Classic"""
"=""9/28/2024""","=""125A""","=""Semi-Finals""","=""Vincent Mastrianni""","=""Journeymen""","=""4-1""","=""DEC""","=""Jack Abramson""","=""Pingry""","=""Manheim""","=""PA""","=""Journeymen Fall Classic and Women's World Classic"""
"=""9/28/2024""","=""135""","=""Semi-Finals""","=""Isaias Hernandez""","=""Depaul Catholic""","=""14-7""","=""DEC""","=""Camden Murray""","=""Impact Wrestling""","=""Manheim""","=""PA""","=""Journeymen Fall Classic and Women's World Classic"""
"=""9/28/2024""","=""125A""","=""Semi-Finals""","=""Elijah Bayne""","=""Rumson Fair Haven""","=""3-0 2:32""","=""F""","=""Vincent Augello""","=""Barn Brothers""","=""Manheim""","=""PA""","=""Journeymen Fall Classic and Women's World Classic"""
"=""9/28/2024""","=""125A""","=""Semi-Finals""","=""Dale Corbin""","=""Wyoming Seminary""","=""4-0""","=""DEC""","=""Adaias Ortiz""","=""Lake Highland Prep""","=""Manheim""","=""PA""","=""Journeymen Fall Classic and Women's World Classic"""
"=""9/28/2024""","=""125A""","=""Semi-Finals""","=""Salvatore Borrometi""","=""Saint Peters Prep Hs""","=""6-0""","=""DEC""","=""Neal Krysty""","=""Bishop Waterson""","=""Manheim""","=""PA""","=""Journeymen Fall Classic and Women's World Classic"""
"=""9/28/2024""","=""100""","=""Semi-Finals""","=""Lucas Copper""","=""Smitty's Wrestling Barn""","=""16-1 4:06""","=""TF""","=""Kurt Pellegrino""","=""Shore Thing Wrestling Club""","=""Manheim""","=""PA""","=""Journeymen Fall Classic and Women's World Classic"""
"=""9/28/2024""","=""135""","=""Semi-Finals""","=""Clint Plotner-legg""","=""Lake Highland Prep""","=""16-1 4:44""","=""TF""","=""Chase Matter""","=""Journeymen Wrestling Club""","=""Manheim""","=""PA""","=""Journeymen Fall Classic and Women's World Classic"""
"=""9/28/2024""","=""100""","=""Semi-Finals""","=""Jack Anello""","=""Ruthless Wcnj""","=""9-1""","=""MD""","=""Jacob Saunders""","=""Fight Club""","=""Manheim""","=""PA""","=""Journeymen Fall Classic and Women's World Classic"""
"=""9/28/2024""","=""85""","=""Finals""","=""Aime Coles""","=""Combat School""","=""10-0 3:50""","=""M FOR""","=""Colton Louderback""","=""Lizak U""","=""Manheim""","=""PA""","=""Journeymen Fall Classic and Women's World Classic"""
"=""9/28/2024""","=""100""","=""Finals""","=""Jack Anello""","=""Ruthless Wcnj""","=""4-0""","=""DEC""","=""Dakota Sandy""","=""Mat Assassins Wrestling Club""","=""Manheim""","=""PA""","=""Journeymen Fall Classic and Women's World Classic"""
"=""9/28/2024""","=""100""","=""Finals""","=""Lucas Copper""","=""Smitty's Wrestling Barn""","=""15-0 1:47""","=""TF""","=""Peppe Bozzi""","=""Mat Assassins""","=""Manheim""","=""PA""","=""Journeymen Fall Classic and Women's World Classic"""
"=""9/28/2024""","=""135""","=""Finals""","=""Clint Plotner-legg""","=""Lake Highland Prep""","=""8-1""","=""DEC""","=""Isaias Hernandez""","=""Depaul Catholic""","=""Manheim""","=""PA""","=""Journeymen Fall Classic and Women's World Classic"""
"=""9/28/2024""","=""125A""","=""Finals""","=""Eric Casula""","=""Cowboy Wrestling Club""","=""3-1""","=""DEC""","=""Anthony Borrometi""","=""Saint Peters Prep Hs""","=""Manheim""","=""PA""","=""Journeymen Fall Classic and Women's World Classic"""
"=""9/28/2024""","=""85""","=""Finals""","=""Blake Decker""","=""Reese Rasslin""","=""3-0 0:28""","=""F""","=""Andrew Cosgrove""","=""Rednose Wrestling School""","=""Manheim""","=""PA""","=""Journeymen Fall Classic and Women's World Classic"""
"=""9/28/2024""","=""125A""","=""Finals""","=""Dale Corbin""","=""Wyoming Seminary""","=""15-0 2:43""","=""TF""","=""Kavin Muyleart""","=""American Dream""","=""Manheim""","=""PA""","=""Journeymen Fall Classic and Women's World Classic"""
"=""9/28/2024""","=""85""","=""Finals""","=""Logan Quiroga""","=""Brevard Fca / Merritt Island""","=""16-9""","=""DEC""","=""Keller Sherer""","=""Mayfield/manheim Central""","=""Manheim""","=""PA""","=""Journeymen Fall Classic and Women's World Classic"""
"=""9/28/2024""","=""85""","=""Finals""","=""Preston Dorn""","=""Shwa""","=""1-0""","=""DEC""","=""Hunter Rock""","=""Journeymen Wrestling Club""","=""Manheim""","=""PA""","=""Journeymen Fall Classic and Women's World Classic"""
"=""9/28/2024""","=""100""","=""Finals""","=""Nikita Ceban""","=""Combat School""","=""13-9 4:29""","=""F""","=""Max Kennedy""","=""Vhw""","=""Manheim""","=""PA""","=""Journeymen Fall Classic and Women's World Classic"""
"=""9/28/2024""","=""125A""","=""Finals""","=""Elijah Bayne""","=""Rumson Fair Haven""","=""3-0 1:28""","=""F""","=""Reid Buzby""","=""Yale Street""","=""Manheim""","=""PA""","=""Journeymen Fall Classic and Women's World Classic"""
"=""9/28/2024""","=""125A""","=""Finals""","=""Salvatore Borrometi""","=""Saint Peters Prep Hs""","=""15-0 2:11""","=""TF""","=""Vincent Mastrianni""","=""Journeymen""","=""Manheim""","=""PA""","=""Journeymen Fall Classic and Women's World Classic"""
"=""9/28/2024""","=""100""","=""RR Rnd 5""","=""Brian Danbe""","=""Rednose""","=""10-0 3:50""","=""F""","=""Brian Flynn""","=""Smwc Wolfpack""","=""Manheim""","=""PA""","=""Journeymen Fall Classic and Women's World Classic"""
"=""9/28/2024""","=""100""","=""RR Rnd 5""","=""Rocco Augello""","=""Barn Brothers""","=""""","=""BYE""","=""""","=""""","=""Manheim""","=""PA""","=""Journeymen Fall Classic and Women's World Classic"""
"=""9/28/2024""","=""100""","=""RR Rnd 5""","=""Benton Alt""","=""Orchard Wc""","=""3-0 0:23""","=""F""","=""Cayden Carannante""","=""Steel Valley Renegades""","=""Manheim""","=""PA""","=""Journeymen Fall Classic and Women's World Classic"""
"=""9/28/2024""","=""100""","=""RR Rnd 4""","=""Benton Alt""","=""Orchard Wc""","=""11-2""","=""MD""","=""Brian Danbe""","=""Rednose""","=""Manheim""","=""PA""","=""Journeymen Fall Classic and Women's World Classic"""
"=""9/28/2024""","=""100""","=""RR Rnd 4""","=""Rocco Augello""","=""Barn Brothers""","=""3-0 0:39""","=""F""","=""Cayden Carannante""","=""Steel Valley Renegades""","=""Manheim""","=""PA""","=""Journeymen Fall Classic and Women's World Classic"""
"=""9/28/2024""","=""100""","=""RR Rnd 4""","=""Brian Flynn""","=""Smwc Wolfpack""","=""""","=""BYE""","=""""","=""""","=""Manheim""","=""PA""","=""Journeymen Fall Classic and Women's World Classic"""
"=""9/28/2024""","=""130A""","=""RR Rnd 3""","=""Maverick Beckwith""","=""Gorilla Grapplers""","=""7-0 3:15""","=""F""","=""Dominic Marinilli""","=""Nmh""","=""Manheim""","=""PA""","=""Journeymen Fall Classic and Women's World Classic"""
"=""9/28/2024""","=""105""","=""RR Rnd 3""","=""Hunter Kapitula""","=""Mat Assassins""","=""3-0 0:10""","=""F""","=""Brodie Odell""","=""Corning""","=""Manheim""","=""PA""","=""Journeymen Fall Classic and Women's World Classic"""
"=""9/28/2024""","=""105""","=""RR Rnd 3""","=""Nutter Stiles""","=""Le Roy""","=""3-0 0:20""","=""F""","=""Adrian Velazquez""","=""Top Flight Wrestling Academy""","=""Manheim""","=""PA""","=""Journeymen Fall Classic and Women's World Classic"""
"=""9/28/2024""","=""130A""","=""RR Rnd 3""","=""Jacob Inserra""","=""Rednose""","=""13-4""","=""MD""","=""Apollo Bellini""","=""Ponogansett""","=""Manheim""","=""PA""","=""Journeymen Fall Classic and Women's World Classic"""
"=""9/28/2024""","=""130A""","=""RR Rnd 3""","=""Greyson Music""","=""Bishop Mcdevitt""","=""""","=""BYE""","=""""","=""""","=""Manheim""","=""PA""","=""Journeymen Fall Classic and Women's World Classic"""
"=""9/28/2024""","=""105""","=""RR Rnd 3""","=""Alessandro Camargo""","=""Bitetto Trained""","=""""","=""BYE""","=""""","=""""","=""Manheim""","=""PA""","=""Journeymen Fall Classic and Women's World Classic"""
"=""9/28/2024""","=""130A""","=""RR Rnd 3""","=""Lance Bordeleau""","=""Pinkerton Academy""","=""""","=""BYE""","=""""","=""""","=""Manheim""","=""PA""","=""Journeymen Fall Classic and Women's World Classic"""
"=""9/28/2024""","=""130A""","=""RR Rnd 3""","=""Yandel Morales""","=""Prophecy""","=""19-5""","=""MD""","=""Taylor Beaury""","=""Journeymen""","=""Manheim""","=""PA""","=""Journeymen Fall Classic and Women's World Classic"""
"=""9/28/2024""","=""130A""","=""RR Rnd 3""","=""Wallace Pooler Iv""","=""The Hill School""","=""""","=""BYE""","=""""","=""""","=""Manheim""","=""PA""","=""Journeymen Fall Classic and Women's World Classic"""
"=""9/28/2024""","=""130A""","=""RR Rnd 3""","=""Deven Casey""","=""Izzy Style""","=""""","=""BYE""","=""""","=""""","=""Manheim""","=""PA""","=""Journeymen Fall Classic and Women's World Classic"""
"=""9/28/2024""","=""130A""","=""RR Rnd 3""","=""Marcus Heck""","=""Wyoming Seminary""","=""""","=""BYE""","=""""","=""""","=""Manheim""","=""PA""","=""Journeymen Fall Classic and Women's World Classic"""
"=""9/28/2024""","=""100""","=""RR Rnd 3""","=""Rocco Augello""","=""Barn Brothers""","=""7-0""","=""DEC""","=""Brian Danbe""","=""Rednose""","=""Manheim""","=""PA""","=""Journeymen Fall Classic and Women's World Classic"""
"=""9/28/2024""","=""130A""","=""RR Rnd 3""","=""Trey Lechase""","=""Fairport High School""","=""""","=""BYE""","=""""","=""""","=""Manheim""","=""PA""","=""Journeymen Fall Classic and Women's World Classic"""
"=""9/28/2024""","=""130A""","=""RR Rnd 3""","=""Luke Satriano""","=""Valley Central""","=""15-0 1:27""","=""TF""","=""Nathan Sayers""","=""Doughboy""","=""Manheim""","=""PA""","=""Journeymen Fall Classic and Women's World Classic"""
"=""9/28/2024""","=""105""","=""RR Rnd 3""","=""Brian A Corbin""","=""Mat Assasins""","=""12-10""","=""DEC""","=""Matteo Walsh""","=""Deeproots - Rondout Valley""","=""Manheim""","=""PA""","=""Journeymen Fall Classic and Women's World Classic"""
"=""9/28/2024""","=""130A""","=""RR Rnd 3""","=""Ryan Ball""","=""Empire Wrestling Academy""","=""""","=""BYE""","=""""","=""""","=""Manheim""","=""PA""","=""Journeymen Fall Classic and Women's World Classic"""
"=""9/28/2024""","=""130A""","=""RR Rnd 3""","=""Matthew Mcdermott""","=""Smithtown East""","=""8-3""","=""DEC""","=""Dylan Kadish""","=""Metrowest United""","=""Manheim""","=""PA""","=""Journeymen Fall Classic and Women's World Classic"""
"=""9/28/2024""","=""105""","=""RR Rnd 3""","=""Vincenzo Mannello""","=""Gps""","=""19-3 2:59""","=""F""","=""Gino Bozzi""","=""Mat Assassins""","=""Manheim""","=""PA""","=""Journeymen Fall Classic and Women's World Classic"""
"=""9/28/2024""","=""100""","=""RR Rnd 3""","=""Benton Alt""","=""Orchard Wc""","=""9-0""","=""MD""","=""Brian Flynn""","=""Smwc Wolfpack""","=""Manheim""","=""PA""","=""Journeymen Fall Classic and Women's World Classic"""
"=""9/28/2024""","=""105""","=""RR Rnd 3""","=""Nick Perry""","=""Little Falls""","=""""","=""BYE""","=""""","=""""","=""Manheim""","=""PA""","=""Journeymen Fall Classic and Women's World Classic"""
"=""9/28/2024""","=""130A""","=""RR Rnd 3""","=""Anthony Mucci""","=""Tdwc""","=""1-0""","=""DEC""","=""Tyler Conroy""","=""Malvern Prep""","=""Manheim""","=""PA""","=""Journeymen Fall Classic and Women's World Classic"""
"=""9/28/2024""","=""130A""","=""RR Rnd 3""","=""Dalton Weber""","=""Pope John""","=""""","=""BYE""","=""""","=""""","=""Manheim""","=""PA""","=""Journeymen Fall Classic and Women's World Classic"""
"=""9/28/2024""","=""100""","=""RR Rnd 3""","=""Cayden Carannante""","=""Steel Valley Renegades""","=""""","=""BYE""","=""""","=""""","=""Manheim""","=""PA""","=""Journeymen Fall Classic and Women's World Classic"""
"=""9/28/2024""","=""130A""","=""RR Rnd 3""","=""Israel Borge""","=""Team Shutt""","=""8-5""","=""DEC""","=""Tanner Halling""","=""Boonsboro Hs""","=""Manheim""","=""PA""","=""Journeymen Fall Classic and Women's World Classic"""
"=""9/28/2024""","=""130A""","=""RR Rnd 3""","=""Musa Tamaradze""","=""Nyma""","=""15-0 1:21""","=""TF""","=""Cristian Pote""","=""Empire Wrestling Academy""","=""Manheim""","=""PA""","=""Journeymen Fall Classic and Women's World Classic"""
"=""9/28/2024""","=""105""","=""RR Rnd 3""","=""Ryan Bozelli""","=""Garden City""","=""""","=""BYE""","=""""","=""""","=""Manheim""","=""PA""","=""Journeymen Fall Classic and Women's World Classic"""
"=""9/28/2024""","=""105""","=""RR Rnd 3""","=""Harry Rondinelli""","=""Bitetto""","=""21-5 4:05""","=""TF""","=""Steven Vigeant""","=""Top Flight Wrestling Academy / Winman Middle School""","=""Manheim""","=""PA""","=""Journeymen Fall Classic and Women's World Classic"""
"=""9/28/2024""","=""130A""","=""RR Rnd 2""","=""Deven Casey""","=""Izzy Style""","=""16-2 4:46""","=""F""","=""Dylan Kadish""","=""Metrowest United""","=""Manheim""","=""PA""","=""Journeymen Fall Classic and Women's World Classic"""
"=""9/28/2024""","=""105""","=""RR Rnd 2""","=""Matteo Walsh""","=""Deeproots - Rondout Valley""","=""""","=""BYE""","=""""","=""""","=""Manheim""","=""PA""","=""Journeymen Fall Classic and Women's World Classic"""
"=""9/28/2024""","=""130A""","=""RR Rnd 2""","=""Marcus Heck""","=""Wyoming Seminary""","=""3-1""","=""DEC""","=""Cristian Pote""","=""Empire Wrestling Academy""","=""Manheim""","=""PA""","=""Journeymen Fall Classic and Women's World Classic"""
"=""9/28/2024""","=""105""","=""RR Rnd 2""","=""Hunter Kapitula""","=""Mat Assassins""","=""4-3 1:13""","=""F""","=""Steven Vigeant""","=""Top Flight Wrestling Academy / Winman Middle School""","=""Manheim""","=""PA""","=""Journeymen Fall Classic and Women's World Classic"""
"=""9/28/2024""","=""100""","=""RR Rnd 2""","=""Brian Danbe""","=""Rednose""","=""3-0 0:17""","=""F""","=""Cayden Carannante""","=""Steel Valley Renegades""","=""Manheim""","=""PA""","=""Journeymen Fall Classic and Women's World Classic"""
"=""9/28/2024""","=""130A""","=""RR Rnd 2""","=""Greyson Music""","=""Bishop Mcdevitt""","=""19-4 5:00""","=""TF""","=""Dominic Marinilli""","=""Nmh""","=""Manheim""","=""PA""","=""Journeymen Fall Classic and Women's World Classic"""
"=""9/28/2024""","=""130A""","=""RR Rnd 2""","=""Apollo Bellini""","=""Ponogansett""","=""""","=""BYE""","=""""","=""""","=""Manheim""","=""PA""","=""Journeymen Fall Classic and Women's World Classic"""
"=""9/28/2024""","=""130A""","=""RR Rnd 2""","=""Tanner Halling""","=""Boonsboro Hs""","=""14-0""","=""MD""","=""Lance Bordeleau""","=""Pinkerton Academy""","=""Manheim""","=""PA""","=""Journeymen Fall Classic and Women's World Classic"""
"=""9/28/2024""","=""105""","=""RR Rnd 2""","=""Alessandro Camargo""","=""Bitetto Trained""","=""3-0 1:30""","=""F""","=""Adrian Velazquez""","=""Top Flight Wrestling Academy""","=""Manheim""","=""PA""","=""Journeymen Fall Classic and Women's World Classic"""
"=""9/28/2024""","=""105""","=""RR Rnd 2""","=""Harry Rondinelli""","=""Bitetto""","=""0-0 0:39""","=""F""","=""Brodie Odell""","=""Corning""","=""Manheim""","=""PA""","=""Journeymen Fall Classic and Women's World Classic"""
"=""9/28/2024""","=""105""","=""RR Rnd 2""","=""Nutter Stiles""","=""Le Roy""","=""""","=""BYE""","=""""","=""""","=""Manheim""","=""PA""","=""Journeymen Fall Classic and Women's World Classic"""
"=""9/28/2024""","=""130A""","=""RR Rnd 2""","=""Nathan Sayers""","=""Doughboy""","=""10-2""","=""MD""","=""Ryan Ball""","=""Empire Wrestling Academy""","=""Manheim""","=""PA""","=""Journeymen Fall Classic and Women's World Classic"""
"=""9/28/2024""","=""130A""","=""RR Rnd 2""","=""Matthew Mcdermott""","=""Smithtown East""","=""""","=""BYE""","=""""","=""""","=""Manheim""","=""PA""","=""Journeymen Fall Classic and Women's World Classic"""
"=""9/28/2024""","=""130A""","=""RR Rnd 2""","=""Anthony Mucci""","=""Tdwc""","=""""","=""BYE""","=""""","=""""","=""Manheim""","=""PA""","=""Journeymen Fall Classic and Women's World Classic"""
"=""9/28/2024""","=""105""","=""RR Rnd 2""","=""Brian A Corbin""","=""Mat Assasins""","=""15-2 1:49""","=""F""","=""Nick Perry""","=""Little Falls""","=""Manheim""","=""PA""","=""Journeymen Fall Classic and Women's World Classic"""
"=""9/28/2024""","=""105""","=""RR Rnd 2""","=""Gino Bozzi""","=""Mat Assassins""","=""""","=""BYE""","=""""","=""""","=""Manheim""","=""PA""","=""Journeymen Fall Classic and Women's World Classic"""
"=""9/28/2024""","=""100""","=""RR Rnd 2""","=""Benton Alt""","=""Orchard Wc""","=""""","=""BYE""","=""""","=""""","=""Manheim""","=""PA""","=""Journeymen Fall Classic and Women's World Classic"""
"=""9/28/2024""","=""100""","=""RR Rnd 2""","=""Rocco Augello""","=""Barn Brothers""","=""15-0 3:24""","=""TF""","=""Brian Flynn""","=""Smwc Wolfpack""","=""Manheim""","=""PA""","=""Journeymen Fall Classic and Women's World Classic"""
"=""9/28/2024""","=""130A""","=""RR Rnd 2""","=""Tyler Conroy""","=""Malvern Prep""","=""9-0""","=""MD""","=""Trey Lechase""","=""Fairport High School""","=""Manheim""","=""PA""","=""Journeymen Fall Classic and Women's World Classic"""
"=""9/28/2024""","=""130A""","=""RR Rnd 2""","=""Musa Tamaradze""","=""Nyma""","=""""","=""BYE""","=""""","=""""","=""Manheim""","=""PA""","=""Journeymen Fall Classic and Women's World Classic"""
"=""9/28/2024""","=""130A""","=""RR Rnd 2""","=""Maverick Beckwith""","=""Gorilla Grapplers""","=""""","=""BYE""","=""""","=""""","=""Manheim""","=""PA""","=""Journeymen Fall Classic and Women's World Classic"""
"=""9/28/2024""","=""130A""","=""RR Rnd 2""","=""Dalton Weber""","=""Pope John""","=""9-1""","=""MD""","=""Jacob Inserra""","=""Rednose""","=""Manheim""","=""PA""","=""Journeymen Fall Classic and Women's World Classic"""
"=""9/28/2024""","=""130A""","=""RR Rnd 2""","=""Luke Satriano""","=""Valley Central""","=""""","=""BYE""","=""""","=""""","=""Manheim""","=""PA""","=""Journeymen Fall Classic and Women's World Classic"""
"=""9/28/2024""","=""130A""","=""RR Rnd 2""","=""Israel Borge""","=""Team Shutt""","=""""","=""BYE""","=""""","=""""","=""Manheim""","=""PA""","=""Journeymen Fall Classic and Women's World Classic"""
"=""9/28/2024""","=""105""","=""RR Rnd 2""","=""Vincenzo Mannello""","=""Gps""","=""3-0 0:51""","=""F""","=""Ryan Bozelli""","=""Garden City""","=""Manheim""","=""PA""","=""Journeymen Fall Classic and Women's World Classic"""
"=""9/28/2024""","=""130A""","=""RR Rnd 2""","=""Taylor Beaury""","=""Journeymen""","=""11-0 1:34""","=""F""","=""Wallace Pooler Iv""","=""The Hill School""","=""Manheim""","=""PA""","=""Journeymen Fall Classic and Women's World Classic"""
"=""9/28/2024""","=""130A""","=""RR Rnd 2""","=""Yandel Morales""","=""Prophecy""","=""""","=""BYE""","=""""","=""""","=""Manheim""","=""PA""","=""Journeymen Fall Classic and Women's World Classic"""
"=""9/28/2024""","=""105""","=""RR Rnd 1""","=""Alessandro Camargo""","=""Bitetto Trained""","=""13-3""","=""MD""","=""Nutter Stiles""","=""Le Roy""","=""Manheim""","=""PA""","=""Journeymen Fall Classic and Women's World Classic"""
"=""9/28/2024""","=""130A""","=""RR Rnd 1""","=""Nathan Sayers""","=""Doughboy""","=""""","=""BYE""","=""""","=""""","=""Manheim""","=""PA""","=""Journeymen Fall Classic and Women's World Classic"""
"=""9/28/2024""","=""130A""","=""RR Rnd 1""","=""Musa Tamaradze""","=""Nyma""","=""8-0""","=""MD""","=""Marcus Heck""","=""Wyoming Seminary""","=""Manheim""","=""PA""","=""Journeymen Fall Classic and Women's World Classic"""
"=""9/28/2024""","=""130A""","=""RR Rnd 1""","=""Tanner Halling""","=""Boonsboro Hs""","=""""","=""BYE""","=""""","=""""","=""Manheim""","=""PA""","=""Journeymen Fall Classic and Women's World Classic"""
"=""9/28/2024""","=""105""","=""RR Rnd 1""","=""Matteo Walsh""","=""Deeproots - Rondout Valley""","=""3-0 0:52""","=""F""","=""Nick Perry""","=""Little Falls""","=""Manheim""","=""PA""","=""Journeymen Fall Classic and Women's World Classic"""
"=""9/28/2024""","=""130A""","=""RR Rnd 1""","=""Cristian Pote""","=""Empire Wrestling Academy""","=""""","=""BYE""","=""""","=""""","=""Manheim""","=""PA""","=""Journeymen Fall Classic and Women's World Classic"""
"=""9/28/2024""","=""130A""","=""RR Rnd 1""","=""Israel Borge""","=""Team Shutt""","=""19-4 4:20""","=""TF""","=""Lance Bordeleau""","=""Pinkerton Academy""","=""Manheim""","=""PA""","=""Journeymen Fall Classic and Women's World Classic"""
"=""9/28/2024""","=""130A""","=""RR Rnd 1""","=""Greyson Music""","=""Bishop Mcdevitt""","=""7-1""","=""DEC""","=""Maverick Beckwith""","=""Gorilla Grapplers""","=""Manheim""","=""PA""","=""Journeymen Fall Classic and Women's World Classic"""
"=""9/28/2024""","=""100""","=""RR Rnd 1""","=""Brian Flynn""","=""Smwc Wolfpack""","=""3-0 0:25""","=""F""","=""Cayden Carannante""","=""Steel Valley Renegades""","=""Manheim""","=""PA""","=""Journeymen Fall Classic and Women's World Classic"""
"=""9/28/2024""","=""105""","=""RR Rnd 1""","=""Brodie Odell""","=""Corning""","=""""","=""BYE""","=""""","=""""","=""Manheim""","=""PA""","=""Journeymen Fall Classic and Women's World Classic"""
"=""9/28/2024""","=""105""","=""RR Rnd 1""","=""Harry Rondinelli""","=""Bitetto""","=""3-0 1:23""","=""F""","=""Hunter Kapitula""","=""Mat Assassins""","=""Manheim""","=""PA""","=""Journeymen Fall Classic and Women's World Classic"""
"=""9/28/2024""","=""130A""","=""RR Rnd 1""","=""Dominic Marinilli""","=""Nmh""","=""""","=""BYE""","=""""","=""""","=""Manheim""","=""PA""","=""Journeymen Fall Classic and Women's World Classic"""
"=""9/28/2024""","=""105""","=""RR Rnd 1""","=""Ryan Bozelli""","=""Garden City""","=""9-5""","=""DEC""","=""Gino Bozzi""","=""Mat Assassins""","=""Manheim""","=""PA""","=""Journeymen Fall Classic and Women's World Classic"""
"=""9/28/2024""","=""130A""","=""RR Rnd 1""","=""Tyler Conroy""","=""Malvern Prep""","=""""","=""BYE""","=""""","=""""","=""Manheim""","=""PA""","=""Journeymen Fall Classic and Women's World Classic"""
"=""9/28/2024""","=""105""","=""RR Rnd 1""","=""Vincenzo Mannello""","=""Gps""","=""""","=""BYE""","=""""","=""""","=""Manheim""","=""PA""","=""Journeymen Fall Classic and Women's World Classic"""
"=""9/28/2024""","=""105""","=""RR Rnd 1""","=""Brian A Corbin""","=""Mat Assasins""","=""""","=""BYE""","=""""","=""""","=""Manheim""","=""PA""","=""Journeymen Fall Classic and Women's World Classic"""
"=""9/28/2024""","=""130A""","=""RR Rnd 1""","=""Luke Satriano""","=""Valley Central""","=""19-3 2:52""","=""TF""","=""Ryan Ball""","=""Empire Wrestling Academy""","=""Manheim""","=""PA""","=""Journeymen Fall Classic and Women's World Classic"""
"=""9/28/2024""","=""130A""","=""RR Rnd 1""","=""Dylan Kadish""","=""Metrowest United""","=""""","=""BYE""","=""""","=""""","=""Manheim""","=""PA""","=""Journeymen Fall Classic and Women's World Classic"""
"=""9/28/2024""","=""130A""","=""RR Rnd 1""","=""Anthony Mucci""","=""Tdwc""","=""16-3""","=""MD""","=""Trey Lechase""","=""Fairport High School""","=""Manheim""","=""PA""","=""Journeymen Fall Classic and Women's World Classic"""
"=""9/28/2024""","=""130A""","=""RR Rnd 1""","=""Yandel Morales""","=""Prophecy""","=""12-3 1:35""","=""F""","=""Wallace Pooler Iv""","=""The Hill School""","=""Manheim""","=""PA""","=""Journeymen Fall Classic and Women's World Classic"""
"=""9/28/2024""","=""130A""","=""RR Rnd 1""","=""Deven Casey""","=""Izzy Style""","=""5-3""","=""DEC""","=""Matthew Mcdermott""","=""Smithtown East""","=""Manheim""","=""PA""","=""Journeymen Fall Classic and Women's World Classic"""
"=""9/28/2024""","=""105""","=""RR Rnd 1""","=""Adrian Velazquez""","=""Top Flight Wrestling Academy""","=""""","=""BYE""","=""""","=""""","=""Manheim""","=""PA""","=""Journeymen Fall Classic and Women's World Classic"""
"=""9/28/2024""","=""105""","=""RR Rnd 1""","=""Steven Vigeant""","=""Top Flight Wrestling Academy / Winman Middle School""","=""6-3 1:11""","=""F""","=""Brodie Odell""","=""Corning""","=""Manheim""","=""PA""","=""Journeymen Fall Classic and Women's World Classic"""
"=""9/28/2024""","=""130A""","=""RR Rnd 1""","=""Jacob Inserra""","=""Rednose""","=""""","=""BYE""","=""""","=""""","=""Manheim""","=""PA""","=""Journeymen Fall Classic and Women's World Classic"""
"=""9/28/2024""","=""130A""","=""RR Rnd 1""","=""Taylor Beaury""","=""Journeymen""","=""""","=""BYE""","=""""","=""""","=""Manheim""","=""PA""","=""Journeymen Fall Classic and Women's World Classic"""
"=""9/28/2024""","=""100""","=""RR Rnd 1""","=""Rocco Augello""","=""Barn Brothers""","=""4-0""","=""DEC""","=""Benton Alt""","=""Orchard Wc""","=""Manheim""","=""PA""","=""Journeymen Fall Classic and Women's World Classic"""
"=""9/28/2024""","=""100""","=""RR Rnd 1""","=""Brian Danbe""","=""Rednose""","=""""","=""BYE""","=""""","=""""","=""Manheim""","=""PA""","=""Journeymen Fall Classic and Women's World Classic"""
"=""9/28/2024""","=""130A""","=""RR Rnd 1""","=""Dalton Weber""","=""Pope John""","=""10-1 4:10""","=""F""","=""Apollo Bellini""","=""Ponogansett""","=""Manheim""","=""PA""","=""Journeymen Fall Classic and Women's World Classic"""
"=""9/28/2024""","=""140""","=""Consi of 8 #1""","=""Tharin Svetanant""","=""Blacksburg Hs""","=""18-2 3:03""","=""TF""","=""Hudson Aponte""","=""Hard Rock""","=""Manheim""","=""PA""","=""Journeymen Fall Classic and Women's World Classic"""
"=""9/28/2024""","=""140""","=""Consi of 8 #1""","=""Michael Grasso""","=""Warhorse, Green Mountain Wrestling""","=""3-0""","=""DEC""","=""Gavin Winnie""","=""Warhorse""","=""Manheim""","=""PA""","=""Journeymen Fall Classic and Women's World Classic"""
"=""9/28/2024""","=""140""","=""Consi of 8 #1""","=""Kolya Krisa""","=""Journeymen Wrestling Club""","=""8-1""","=""DEC""","=""Lenin I Guerrero""","=""Island Trees""","=""Manheim""","=""PA""","=""Journeymen Fall Classic and Women's World Classic"""
"=""9/28/2024""","=""140""","=""Consi of 8 #1""","=""Hunter Edge""","=""Frost Gang""","=""10-0""","=""MD""","=""Coby Cortese""","=""Hard Rock""","=""Manheim""","=""PA""","=""Journeymen Fall Classic and Women's World Classic"""
"=""9/28/2024""","=""140""","=""Consi of 8 #2""","=""Alberico Mancini""","=""Top Flight""","=""15-4""","=""MD""","=""Kolya Krisa""","=""Journeymen Wrestling Club""","=""Manheim""","=""PA""","=""Journeymen Fall Classic and Women's World Classic"""
"=""9/28/2024""","=""140""","=""Consi of 8 #2""","=""Hunter Edge""","=""Frost Gang""","=""9-0""","=""MD""","=""Nolan West""","=""Brevard  Fca""","=""Manheim""","=""PA""","=""Journeymen Fall Classic and Women's World Classic"""
"=""9/28/2024""","=""140""","=""Consi of 8 #2""","=""Elias Kalat""","=""Warhorse Wrestling Club""","=""13-0""","=""MD""","=""Michael Grasso""","=""Warhorse, Green Mountain Wrestling""","=""Manheim""","=""PA""","=""Journeymen Fall Classic and Women's World Classic"""
"=""9/28/2024""","=""140""","=""Consi of 8 #2""","=""Tharin Svetanant""","=""Blacksburg Hs""","=""10-0""","=""MD""","=""Austin Horender""","=""Journeymen Wrestling Club""","=""Manheim""","=""PA""","=""Journeymen Fall Classic and Women's World Classic"""
"=""9/28/2024""","=""130A""","=""Consi of 4""","=""Ryan Ball""","=""Empire Wrestling Academy""","=""7-3""","=""DEC""","=""Wallace Pooler Iv""","=""The Hill School""","=""Manheim""","=""PA""","=""Journeymen Fall Classic and Women's World Classic"""
"=""9/28/2024""","=""130A""","=""Consi of 4""","=""Matthew Mcdermott""","=""Smithtown East""","=""10-0""","=""MD""","=""Jacob Inserra""","=""Rednose""","=""Manheim""","=""PA""","=""Journeymen Fall Classic and Women's World Classic"""
"=""9/28/2024""","=""130A""","=""Consi of 4""","=""Taylor Beaury""","=""Journeymen""","=""3-0 2:59""","=""F""","=""Nathan Sayers""","=""Doughboy""","=""Manheim""","=""PA""","=""Journeymen Fall Classic and Women's World Classic"""
"=""9/28/2024""","=""140""","=""Consi of 4""","=""Hunter Edge""","=""Frost Gang""","=""17-4 4:53""","=""F""","=""Alberico Mancini""","=""Top Flight""","=""Manheim""","=""PA""","=""Journeymen Fall Classic and Women's World Classic"""
"=""9/28/2024""","=""130A""","=""Consi of 4""","=""Yandel Morales""","=""Prophecy""","=""2-1""","=""DEC""","=""Musa Tamaradze""","=""Nyma""","=""Manheim""","=""PA""","=""Journeymen Fall Classic and Women's World Classic"""
"=""9/28/2024""","=""140""","=""Consi of 4""","=""Tharin Svetanant""","=""Blacksburg Hs""","=""7-3""","=""DEC""","=""Elias Kalat""","=""Warhorse Wrestling Club""","=""Manheim""","=""PA""","=""Journeymen Fall Classic and Women's World Classic"""
"=""9/28/2024""","=""130A""","=""Consi of 4""","=""Deven Casey""","=""Izzy Style""","=""16-3""","=""MD""","=""Anthony Mucci""","=""Tdwc""","=""Manheim""","=""PA""","=""Journeymen Fall Classic and Women's World Classic"""
"=""9/28/2024""","=""130A""","=""Consi of 4""","=""Dylan Kadish""","=""Metrowest United""","=""11-3""","=""MD""","=""Apollo Bellini""","=""Ponogansett""","=""Manheim""","=""PA""","=""Journeymen Fall Classic and Women's World Classic"""
"=""9/28/2024""","=""140""","=""Consi-Semis""","=""Henry Santini""","=""Metrowest United""","=""8-3""","=""DEC""","=""Hunter Edge""","=""Frost Gang""","=""Manheim""","=""PA""","=""Journeymen Fall Classic and Women's World Classic"""
"=""9/28/2024""","=""140""","=""Consi-Semis""","=""Caden Jarrett""","=""Ponagansett""","=""5-2""","=""DEC""","=""Tharin Svetanant""","=""Blacksburg Hs""","=""Manheim""","=""PA""","=""Journeymen Fall Classic and Women's World Classic"""
"=""9/28/2024""","=""130A""","=""7th Place""","=""Anthony Mucci""","=""Tdwc""","=""""","=""M FOR""","=""Musa Tamaradze""","=""Nyma""","=""Manheim""","=""PA""","=""Journeymen Fall Classic and Women's World Classic"""
"=""9/28/2024""","=""130A""","=""7th Place""","=""Jacob Inserra""","=""Rednose""","=""11-6 4:50""","=""F""","=""Nathan Sayers""","=""Doughboy""","=""Manheim""","=""PA""","=""Journeymen Fall Classic and Women's World Classic"""
"=""9/28/2024""","=""130A""","=""7th Place""","=""Wallace Pooler Iv""","=""The Hill School""","=""10-8""","=""DEC""","=""Apollo Bellini""","=""Ponogansett""","=""Manheim""","=""PA""","=""Journeymen Fall Classic and Women's World Classic"""
"=""9/28/2024""","=""130A""","=""5th Place""","=""Deven Casey""","=""Izzy Style""","=""5-3""","=""DEC""","=""Yandel Morales""","=""Prophecy""","=""Manheim""","=""PA""","=""Journeymen Fall Classic and Women's World Classic"""
"=""9/28/2024""","=""130A""","=""5th Place""","=""Matthew Mcdermott""","=""Smithtown East""","=""6-0 4:10""","=""F""","=""Taylor Beaury""","=""Journeymen""","=""Manheim""","=""PA""","=""Journeymen Fall Classic and Women's World Classic"""
"=""9/28/2024""","=""130A""","=""5th Place""","=""Dylan Kadish""","=""Metrowest United""","=""7-2""","=""DEC""","=""Ryan Ball""","=""Empire Wrestling Academy""","=""Manheim""","=""PA""","=""Journeymen Fall Classic and Women's World Classic"""
"=""9/28/2024""","=""105""","=""3rd Place""","=""Nutter Stiles""","=""Le Roy""","=""0-0""","=""FOR""","=""Ryan Bozelli""","=""Garden City""","=""Manheim""","=""PA""","=""Journeymen Fall Classic and Women's World Classic"""
"=""9/28/2024""","=""130A""","=""3rd Place""","=""Dominic Marinilli""","=""Nmh""","=""10-2""","=""MD""","=""Trey Lechase""","=""Fairport High School""","=""Manheim""","=""PA""","=""Journeymen Fall Classic and Women's World Classic"""
"=""9/28/2024""","=""140""","=""3rd Place""","=""Caden Jarrett""","=""Ponagansett""","=""5-4 1:53""","=""F""","=""Henry Santini""","=""Metrowest United""","=""Manheim""","=""PA""","=""Journeymen Fall Classic and Women's World Classic"""
"=""9/28/2024""","=""130A""","=""3rd Place""","=""Greyson Music""","=""Bishop Mcdevitt""","=""13-4""","=""MD""","=""Dalton Weber""","=""Pope John""","=""Manheim""","=""PA""","=""Journeymen Fall Classic and Women's World Classic"""
"=""9/28/2024""","=""105""","=""3rd Place""","=""Alessandro Camargo""","=""Bitetto Trained""","=""21-2 2:55""","=""TF""","=""Harry Rondinelli""","=""Bitetto""","=""Manheim""","=""PA""","=""Journeymen Fall Classic and Women's World Classic"""
"=""9/28/2024""","=""105""","=""3rd Place""","=""Gino Bozzi""","=""Mat Assassins""","=""4-0 4:06""","=""F""","=""Nick Perry""","=""Little Falls""","=""Manheim""","=""PA""","=""Journeymen Fall Classic and Women's World Classic"""
"=""9/28/2024""","=""130A""","=""3rd Place""","=""Tanner Halling""","=""Boonsboro Hs""","=""11-0""","=""MD""","=""Maverick Beckwith""","=""Gorilla Grapplers""","=""Manheim""","=""PA""","=""Journeymen Fall Classic and Women's World Classic"""
"=""9/28/2024""","=""140""","=""Round of 16""","=""Harry Kittredge""","=""South Side""","=""16-0 4:23""","=""TF""","=""Lenin I Guerrero""","=""Island Trees""","=""Manheim""","=""PA""","=""Journeymen Fall Classic and Women's World Classic"""
"=""9/28/2024""","=""140""","=""Round of 16""","=""Caden Jarrett""","=""Ponagansett""","=""3-0 1:29""","=""F""","=""Michael Grasso""","=""Warhorse, Green Mountain Wrestling""","=""Manheim""","=""PA""","=""Journeymen Fall Classic and Women's World Classic"""
"=""9/28/2024""","=""140""","=""Round of 16""","=""Elias Kalat""","=""Warhorse Wrestling Club""","=""16-0 4:01""","=""TF""","=""Kolya Krisa""","=""Journeymen Wrestling Club""","=""Manheim""","=""PA""","=""Journeymen Fall Classic and Women's World Classic"""
"=""9/28/2024""","=""140""","=""Round of 16""","=""Nolan West""","=""Brevard  Fca""","=""9-3""","=""DEC""","=""Hudson Aponte""","=""Hard Rock""","=""Manheim""","=""PA""","=""Journeymen Fall Classic and Women's World Classic"""
"=""9/28/2024""","=""140""","=""Round of 16""","=""Austin Horender""","=""Journeymen Wrestling Club""","=""13-1""","=""MD""","=""Coby Cortese""","=""Hard Rock""","=""Manheim""","=""PA""","=""Journeymen Fall Classic and Women's World Classic"""
"=""9/28/2024""","=""140""","=""Round of 16""","=""Francis Burke""","=""Elizabethtown""","=""4-2""","=""DEC""","=""Tharin Svetanant""","=""Blacksburg Hs""","=""Manheim""","=""PA""","=""Journeymen Fall Classic and Women's World Classic"""
"=""9/28/2024""","=""140""","=""Round of 16""","=""Henry Santini""","=""Metrowest United""","=""3-1""","=""DEC""","=""Hunter Edge""","=""Frost Gang""","=""Manheim""","=""PA""","=""Journeymen Fall Classic and Women's World Classic"""
"=""9/28/2024""","=""140""","=""Round of 16""","=""Alberico Mancini""","=""Top Flight""","=""12-0""","=""MD""","=""Gavin Winnie""","=""Warhorse""","=""Manheim""","=""PA""","=""Journeymen Fall Classic and Women's World Classic"""
"=""9/28/2024""","=""130A""","=""Quarter-Finals""","=""Marcus Heck""","=""Wyoming Seminary""","=""6-2""","=""DEC""","=""Nathan Sayers""","=""Doughboy""","=""Manheim""","=""PA""","=""Journeymen Fall Classic and Women's World Classic"""
"=""9/28/2024""","=""130A""","=""Quarter-Finals""","=""Lance Bordeleau""","=""Pinkerton Academy""","=""4-1 SV""","=""DEC""","=""Dylan Kadish""","=""Metrowest United""","=""Manheim""","=""PA""","=""Journeymen Fall Classic and Women's World Classic"""
"=""9/28/2024""","=""130A""","=""Quarter-Finals""","=""Luke Satriano""","=""Valley Central""","=""7-7 4:41""","=""F""","=""Musa Tamaradze""","=""Nyma""","=""Manheim""","=""PA""","=""Journeymen Fall Classic and Women's World Classic"""
"=""9/28/2024""","=""130A""","=""Quarter-Finals""","=""Cristian Pote""","=""Empire Wrestling Academy""","=""3-2""","=""DEC""","=""Ryan Ball""","=""Empire Wrestling Academy""","=""Manheim""","=""PA""","=""Journeymen Fall Classic and Women's World Classic"""
"=""9/28/2024""","=""130A""","=""Quarter-Finals""","=""Greyson Music""","=""Bishop Mcdevitt""","=""4-0""","=""DEC""","=""Yandel Morales""","=""Prophecy""","=""Manheim""","=""PA""","=""Journeymen Fall Classic and Women's World Classic"""
"=""9/28/2024""","=""140""","=""Quarter-Finals""","=""Francis Burke""","=""Elizabethtown""","=""3-0 0:55""","=""F""","=""Nolan West""","=""Brevard  Fca""","=""Manheim""","=""PA""","=""Journeymen Fall Classic and Women's World Classic"""
"=""9/28/2024""","=""130A""","=""Quarter-Finals""","=""Tyler Conroy""","=""Malvern Prep""","=""15-3""","=""MD""","=""Jacob Inserra""","=""Rednose""","=""Manheim""","=""PA""","=""Journeymen Fall Classic and Women's World Classic"""
"=""9/28/2024""","=""130A""","=""Quarter-Finals""","=""Dominic Marinilli""","=""Nmh""","=""7-1""","=""DEC""","=""Wallace Pooler Iv""","=""The Hill School""","=""Manheim""","=""PA""","=""Journeymen Fall Classic and Women's World Classic"""
"=""9/28/2024""","=""130A""","=""Quarter-Finals""","=""Trey Lechase""","=""Fairport High School""","=""3-0""","=""DEC""","=""Apollo Bellini""","=""Ponogansett""","=""Manheim""","=""PA""","=""Journeymen Fall Classic and Women's World Classic"""
"=""9/28/2024""","=""140""","=""Quarter-Finals""","=""Henry Santini""","=""Metrowest United""","=""6-5 4:51""","=""F""","=""Austin Horender""","=""Journeymen Wrestling Club""","=""Manheim""","=""PA""","=""Journeymen Fall Classic and Women's World Classic"""
"=""9/28/2024""","=""130A""","=""Quarter-Finals""","=""Israel Borge""","=""Team Shutt""","=""10-3""","=""DEC""","=""Deven Casey""","=""Izzy Style""","=""Manheim""","=""PA""","=""Journeymen Fall Classic and Women's World Classic"""
"=""9/28/2024""","=""130A""","=""Quarter-Finals""","=""Tanner Halling""","=""Boonsboro Hs""","=""10-0""","=""MD""","=""Matthew Mcdermott""","=""Smithtown East""","=""Manheim""","=""PA""","=""Journeymen Fall Classic and Women's World Classic"""
"=""9/28/2024""","=""130A""","=""Quarter-Finals""","=""Dalton Weber""","=""Pope John""","=""9-6""","=""DEC""","=""Anthony Mucci""","=""Tdwc""","=""Manheim""","=""PA""","=""Journeymen Fall Classic and Women's World Classic"""
"=""9/28/2024""","=""140""","=""Quarter-Finals""","=""Harry Kittredge""","=""South Side""","=""13-4""","=""MD""","=""Elias Kalat""","=""Warhorse Wrestling Club""","=""Manheim""","=""PA""","=""Journeymen Fall Classic and Women's World Classic"""
"=""9/28/2024""","=""140""","=""Quarter-Finals""","=""Caden Jarrett""","=""Ponagansett""","=""10-1 1:38""","=""F""","=""Alberico Mancini""","=""Top Flight""","=""Manheim""","=""PA""","=""Journeymen Fall Classic and Women's World Classic"""
"=""9/28/2024""","=""130A""","=""Quarter-Finals""","=""Maverick Beckwith""","=""Gorilla Grapplers""","=""10-2""","=""MD""","=""Taylor Beaury""","=""Journeymen""","=""Manheim""","=""PA""","=""Journeymen Fall Classic and Women's World Classic"""
"=""9/28/2024""","=""130A""","=""Semi-Finals""","=""Marcus Heck""","=""Wyoming Seminary""","=""9-2""","=""DEC""","=""Maverick Beckwith""","=""Gorilla Grapplers""","=""Manheim""","=""PA""","=""Journeymen Fall Classic and Women's World Classic"""
"=""9/28/2024""","=""105""","=""Semi-Finals""","=""Vincenzo Mannello""","=""Gps""","=""3-0 0:20""","=""F""","=""Harry Rondinelli""","=""Bitetto""","=""Manheim""","=""PA""","=""Journeymen Fall Classic and Women's World Classic"""
"=""9/28/2024""","=""105""","=""Semi-Finals""","=""Hunter Kapitula""","=""Mat Assassins""","=""0-0""","=""FOR""","=""Ryan Bozelli""","=""Garden City""","=""Manheim""","=""PA""","=""Journeymen Fall Classic and Women's World Classic"""
"=""9/28/2024""","=""130A""","=""Semi-Finals""","=""Cristian Pote""","=""Empire Wrestling Academy""","=""13-0""","=""MD""","=""Dominic Marinilli""","=""Nmh""","=""Manheim""","=""PA""","=""Journeymen Fall Classic and Women's World Classic"""
"=""9/28/2024""","=""130A""","=""Semi-Finals""","=""Israel Borge""","=""Team Shutt""","=""4-0""","=""DEC""","=""Dalton Weber""","=""Pope John""","=""Manheim""","=""PA""","=""Journeymen Fall Classic and Women's World Classic"""
"=""9/28/2024""","=""140""","=""Semi-Finals""","=""Francis Burke""","=""Elizabethtown""","=""4-2""","=""DEC""","=""Caden Jarrett""","=""Ponagansett""","=""Manheim""","=""PA""","=""Journeymen Fall Classic and Women's World Classic"""
"=""9/28/2024""","=""105""","=""Semi-Finals""","=""Brian A Corbin""","=""Mat Assasins""","=""16-1 4:15""","=""TF""","=""Alessandro Camargo""","=""Bitetto Trained""","=""Manheim""","=""PA""","=""Journeymen Fall Classic and Women's World Classic"""
"=""9/28/2024""","=""105""","=""Semi-Finals""","=""Steven Vigeant""","=""Top Flight Wrestling Academy / Winman Middle School""","=""3-1 2:21""","=""F""","=""Gino Bozzi""","=""Mat Assassins""","=""Manheim""","=""PA""","=""Journeymen Fall Classic and Women's World Classic"""
"=""9/28/2024""","=""105""","=""Semi-Finals""","=""Matteo Walsh""","=""Deeproots - Rondout Valley""","=""3-0 0:36""","=""F""","=""Nutter Stiles""","=""Le Roy""","=""Manheim""","=""PA""","=""Journeymen Fall Classic and Women's World Classic"""
"=""9/28/2024""","=""130A""","=""Semi-Finals""","=""Tyler Conroy""","=""Malvern Prep""","=""3-1""","=""DEC""","=""Tanner Halling""","=""Boonsboro Hs""","=""Manheim""","=""PA""","=""Journeymen Fall Classic and Women's World Classic"""
"=""9/28/2024""","=""105""","=""Semi-Finals""","=""Adrian Velazquez""","=""Top Flight Wrestling Academy""","=""8-5 SV""","=""DEC""","=""Nick Perry""","=""Little Falls""","=""Manheim""","=""PA""","=""Journeymen Fall Classic and Women's World Classic"""
"=""9/28/2024""","=""130A""","=""Semi-Finals""","=""Luke Satriano""","=""Valley Central""","=""3-2""","=""DEC""","=""Greyson Music""","=""Bishop Mcdevitt""","=""Manheim""","=""PA""","=""Journeymen Fall Classic and Women's World Classic"""
"=""9/28/2024""","=""130A""","=""Semi-Finals""","=""Lance Bordeleau""","=""Pinkerton Academy""","=""6-0""","=""DEC""","=""Trey Lechase""","=""Fairport High School""","=""Manheim""","=""PA""","=""Journeymen Fall Classic and Women's World Classic"""
"=""9/28/2024""","=""140""","=""Semi-Finals""","=""Harry Kittredge""","=""South Side""","=""15-2""","=""MD""","=""Henry Santini""","=""Metrowest United""","=""Manheim""","=""PA""","=""Journeymen Fall Classic and Women's World Classic"""
"=""9/28/2024""","=""130A""","=""Finals""","=""Marcus Heck""","=""Wyoming Seminary""","=""4-1 SV""","=""DEC""","=""Tyler Conroy""","=""Malvern Prep""","=""Manheim""","=""PA""","=""Journeymen Fall Classic and Women's World Classic"""
"=""9/28/2024""","=""140""","=""Finals""","=""Francis Burke""","=""Elizabethtown""","=""4-1""","=""DEC""","=""Harry Kittredge""","=""South Side""","=""Manheim""","=""PA""","=""Journeymen Fall Classic and Women's World Classic"""
"=""9/28/2024""","=""105""","=""Finals""","=""Matteo Walsh""","=""Deeproots - Rondout Valley""","=""15-0 1:30""","=""TF""","=""Hunter Kapitula""","=""Mat Assassins""","=""Manheim""","=""PA""","=""Journeymen Fall Classic and Women's World Classic"""
"=""9/28/2024""","=""130A""","=""Finals""","=""Israel Borge""","=""Team Shutt""","=""12-1""","=""MD""","=""Luke Satriano""","=""Valley Central""","=""Manheim""","=""PA""","=""Journeymen Fall Classic and Women's World Classic"""
"=""9/28/2024""","=""105""","=""Finals""","=""Steven Vigeant""","=""Top Flight Wrestling Academy / Winman Middle School""","=""3-0 0:37""","=""F""","=""Adrian Velazquez""","=""Top Flight Wrestling Academy""","=""Manheim""","=""PA""","=""Journeymen Fall Classic and Women's World Classic"""
"=""9/28/2024""","=""105""","=""Finals""","=""Vincenzo Mannello""","=""Gps""","=""7-0 2:04""","=""F""","=""Brian A Corbin""","=""Mat Assasins""","=""Manheim""","=""PA""","=""Journeymen Fall Classic and Women's World Classic"""
"=""9/28/2024""","=""130A""","=""Finals""","=""Lance Bordeleau""","=""Pinkerton Academy""","=""8-2""","=""DEC""","=""Cristian Pote""","=""Empire Wrestling Academy""","=""Manheim""","=""PA""","=""Journeymen Fall Classic and Women's World Classic"""
"=""9/28/2024""","=""135A""","=""RR Rnd 3""","=""Landyn Shaffer""","=""Gorilla Grapplers""","=""7-0 1:11""","=""F""","=""Gabriel Hargrove""","=""Yale Street""","=""Manheim""","=""PA""","=""Journeymen Fall Classic and Women's World Classic"""
"=""9/28/2024""","=""135A""","=""RR Rnd 3""","=""George William Mcateer""","=""Metrowest United""","=""12-8""","=""DEC""","=""Chase Shaner""","=""Bvac""","=""Manheim""","=""PA""","=""Journeymen Fall Classic and Women's World Classic"""
"=""9/28/2024""","=""135A""","=""RR Rnd 3""","=""Lincoln Kelley""","=""Impact Wrestling Academy""","=""""","=""BYE""","=""""","=""""","=""Manheim""","=""PA""","=""Journeymen Fall Classic and Women's World Classic"""
"=""9/28/2024""","=""110""","=""RR Rnd 3""","=""Zakey Tsarni""","=""Capital Wrestling Club""","=""7-0 2:26""","=""F""","=""Arjan Singh""","=""None""","=""Manheim""","=""PA""","=""Journeymen Fall Classic and Women's World Classic"""
"=""9/28/2024""","=""135A""","=""RR Rnd 3""","=""Adrian Dejesus""","=""Scorpions""","=""""","=""BYE""","=""""","=""""","=""Manheim""","=""PA""","=""Journeymen Fall Classic and Women's World Classic"""
"=""9/28/2024""","=""112""","=""RR Rnd 3""","=""Matthew Williams""","=""Ironfaith/kms""","=""7-2""","=""DEC""","=""Gabe Sardone""","=""Fisheye""","=""Manheim""","=""PA""","=""Journeymen Fall Classic and Women's World Classic"""
"=""9/28/2024""","=""135A""","=""RR Rnd 3""","=""Emmett Logan""","=""Doughboy""","=""4-1""","=""DEC""","=""Ellis Kirsch""","=""Blair Academy""","=""Manheim""","=""PA""","=""Journeymen Fall Classic and Women's World Classic"""
"=""9/28/2024""","=""135A""","=""RR Rnd 3""","=""Sammy Spaulding""","=""Dragon Rtc""","=""15-7""","=""MD""","=""Ryan Ferrara""","=""Kd Training Center""","=""Manheim""","=""PA""","=""Journeymen Fall Classic and Women's World Classic"""
"=""9/28/2024""","=""135A""","=""RR Rnd 3""","=""Gavin Mangano""","=""Kd Training Center""","=""""","=""BYE""","=""""","=""""","=""Manheim""","=""PA""","=""Journeymen Fall Classic and Women's World Classic"""
"=""9/28/2024""","=""112""","=""RR Rnd 3""","=""Cole Schwartz""","=""Grit Mat Club""","=""14-4""","=""MD""","=""Brady Full""","=""Mat Assassins""","=""Manheim""","=""PA""","=""Journeymen Fall Classic and Women's World Classic"""
"=""9/28/2024""","=""135A""","=""RR Rnd 3""","=""Charlie Lussier""","=""Metrowest United""","=""""","=""BYE""","=""""","=""""","=""Manheim""","=""PA""","=""Journeymen Fall Classic and Women's World Classic"""
"=""9/28/2024""","=""110""","=""RR Rnd 3""","=""Vaughn Noah""","=""Va Slaughter House""","=""""","=""BYE""","=""""","=""""","=""Manheim""","=""PA""","=""Journeymen Fall Classic and Women's World Classic"""
"=""9/28/2024""","=""135A""","=""RR Rnd 3""","=""Matthew Botello""","=""Wyoming Seminary""","=""""","=""BYE""","=""""","=""""","=""Manheim""","=""PA""","=""Journeymen Fall Classic and Women's World Classic"""
"=""9/28/2024""","=""112""","=""RR Rnd 3""","=""Alex Marchetti""","=""Mat Assassins Wrestling Club""","=""3-2""","=""DEC""","=""Sean Elliot""","=""Shore Thing Wrestling Club""","=""Manheim""","=""PA""","=""Journeymen Fall Classic and Women's World Classic"""
"=""9/28/2024""","=""112""","=""RR Rnd 3""","=""Brendan Stoutenburg""","=""Journeymen Wrestling Club""","=""""","=""BYE""","=""""","=""""","=""Manheim""","=""PA""","=""Journeymen Fall Classic and Women's World Classic"""
"=""9/28/2024""","=""135A""","=""RR Rnd 3""","=""Curtis Zion Borge""","=""Team Shutt""","=""11-2""","=""MD""","=""Jacob Hanlon""","=""Curby""","=""Manheim""","=""PA""","=""Journeymen Fall Classic and Women's World Classic"""
"=""9/28/2024""","=""135A""","=""RR Rnd 2""","=""Adrian Dejesus""","=""Scorpions""","=""18-1 3:30""","=""TF""","=""Gabriel Hargrove""","=""Yale Street""","=""Manheim""","=""PA""","=""Journeymen Fall Classic and Women's World Classic"""
"=""9/28/2024""","=""110""","=""RR Rnd 2""","=""Arjan Singh""","=""None""","=""3-0 1:03""","=""F""","=""Vaughn Noah""","=""Va Slaughter House""","=""Manheim""","=""PA""","=""Journeymen Fall Classic and Women's World Classic"""
"=""9/28/2024""","=""135A""","=""RR Rnd 2""","=""Sammy Spaulding""","=""Dragon Rtc""","=""""","=""BYE""","=""""","=""""","=""Manheim""","=""PA""","=""Journeymen Fall Classic and Women's World Classic"""
"=""9/28/2024""","=""135A""","=""RR Rnd 2""","=""Gavin Mangano""","=""Kd Training Center""","=""15-0 2:08""","=""TF""","=""Ellis Kirsch""","=""Blair Academy""","=""Manheim""","=""PA""","=""Journeymen Fall Classic and Women's World Classic"""
"=""9/28/2024""","=""112""","=""RR Rnd 2""","=""Cole Schwartz""","=""Grit Mat Club""","=""3-0 1:14""","=""F""","=""Brendan Stoutenburg""","=""Journeymen Wrestling Club""","=""Manheim""","=""PA""","=""Journeymen Fall Classic and Women's World Classic"""
"=""9/28/2024""","=""110""","=""RR Rnd 2""","=""Zakey Tsarni""","=""Capital Wrestling Club""","=""""","=""BYE""","=""""","=""""","=""Manheim""","=""PA""","=""Journeymen Fall Classic and Women's World Classic"""
"=""9/28/2024""","=""135A""","=""RR Rnd 2""","=""Chase Shaner""","=""Bvac""","=""""","=""BYE""","=""""","=""""","=""Manheim""","=""PA""","=""Journeymen Fall Classic and Women's World Classic"""
"=""9/28/2024""","=""135A""","=""RR Rnd 2""","=""Curtis Zion Borge""","=""Team Shutt""","=""""","=""BYE""","=""""","=""""","=""Manheim""","=""PA""","=""Journeymen Fall Classic and Women's World Classic"""
"=""9/28/2024""","=""135A""","=""RR Rnd 2""","=""Ryan Ferrara""","=""Kd Training Center""","=""16-0 3:02""","=""TF""","=""Lincoln Kelley""","=""Impact Wrestling Academy""","=""Manheim""","=""PA""","=""Journeymen Fall Classic and Women's World Classic"""
"=""9/28/2024""","=""112""","=""RR Rnd 2""","=""Sean Elliot""","=""Shore Thing Wrestling Club""","=""10-0 2:25""","=""F""","=""Gabe Sardone""","=""Fisheye""","=""Manheim""","=""PA""","=""Journeymen Fall Classic and Women's World Classic"""
"=""9/28/2024""","=""135A""","=""RR Rnd 2""","=""Emmett Logan""","=""Doughboy""","=""""","=""BYE""","=""""","=""""","=""Manheim""","=""PA""","=""Journeymen Fall Classic and Women's World Classic"""
"=""9/28/2024""","=""135A""","=""RR Rnd 2""","=""Matthew Botello""","=""Wyoming Seminary""","=""18-3 2:33""","=""TF""","=""George William Mcateer""","=""Metrowest United""","=""Manheim""","=""PA""","=""Journeymen Fall Classic and Women's World Classic"""
"=""9/28/2024""","=""112""","=""RR Rnd 2""","=""Alex Marchetti""","=""Mat Assassins Wrestling Club""","=""19-3 1:30""","=""TF""","=""Matthew Williams""","=""Ironfaith/kms""","=""Manheim""","=""PA""","=""Journeymen Fall Classic and Women's World Classic"""
"=""9/28/2024""","=""135A""","=""RR Rnd 2""","=""Jacob Hanlon""","=""Curby""","=""8-5""","=""DEC""","=""Charlie Lussier""","=""Metrowest United""","=""Manheim""","=""PA""","=""Journeymen Fall Classic and Women's World Classic"""
"=""9/28/2024""","=""112""","=""RR Rnd 2""","=""Brady Full""","=""Mat Assassins""","=""""","=""BYE""","=""""","=""""","=""Manheim""","=""PA""","=""Journeymen Fall Classic and Women's World Classic"""
"=""9/28/2024""","=""135A""","=""RR Rnd 2""","=""Landyn Shaffer""","=""Gorilla Grapplers""","=""""","=""BYE""","=""""","=""""","=""Manheim""","=""PA""","=""Journeymen Fall Classic and Women's World Classic"""
"=""9/28/2024""","=""135A""","=""RR Rnd 1""","=""George William Mcateer""","=""Metrowest United""","=""""","=""BYE""","=""""","=""""","=""Manheim""","=""PA""","=""Journeymen Fall Classic and Women's World Classic"""
"=""9/28/2024""","=""135A""","=""RR Rnd 1""","=""Christian Jelle""","=""Grand Rapids""","=""17-2 4:40""","=""TF""","=""Jack Dragoumanos""","=""Doughboy""","=""Manheim""","=""PA""","=""Journeymen Fall Classic and Women's World Classic"""
"=""9/28/2024""","=""112""","=""RR Rnd 1""","=""Cole Schwartz""","=""Grit Mat Club""","=""""","=""BYE""","=""""","=""""","=""Manheim""","=""PA""","=""Journeymen Fall Classic and Women's World Classic"""
"=""9/28/2024""","=""112""","=""RR Rnd 1""","=""Sean Elliot""","=""Shore Thing Wrestling Club""","=""3-0 0:36""","=""F""","=""Matthew Williams""","=""Ironfaith/kms""","=""Manheim""","=""PA""","=""Journeymen Fall Classic and Women's World Classic"""
"=""9/28/2024""","=""135A""","=""RR Rnd 1""","=""Jacob Hanlon""","=""Curby""","=""""","=""BYE""","=""""","=""""","=""Manheim""","=""PA""","=""Journeymen Fall Classic and Women's World Classic"""
"=""9/28/2024""","=""135A""","=""RR Rnd 1""","=""Jojo Gigliotti""","=""South Carroll High School""","=""8-0""","=""MD""","=""Xavier Ortega""","=""Triumph""","=""Manheim""","=""PA""","=""Journeymen Fall Classic and Women's World Classic"""
"=""9/28/2024""","=""135A""","=""RR Rnd 1""","=""Gino Schinina""","=""St. Peter's Prep""","=""9-0""","=""MD""","=""Justin Mullis""","=""Journeymen""","=""Manheim""","=""PA""","=""Journeymen Fall Classic and Women's World Classic"""
"=""9/28/2024""","=""135A""","=""RR Rnd 1""","=""Gabriel Hargrove""","=""Yale Street""","=""""","=""BYE""","=""""","=""""","=""Manheim""","=""PA""","=""Journeymen Fall Classic and Women's World Classic"""
"=""9/28/2024""","=""135A""","=""RR Rnd 1""","=""Sammy Spaulding""","=""Dragon Rtc""","=""20-2 3:56""","=""TF""","=""Lincoln Kelley""","=""Impact Wrestling Academy""","=""Manheim""","=""PA""","=""Journeymen Fall Classic and Women's World Classic"""
"=""9/28/2024""","=""112""","=""RR Rnd 1""","=""Alex Marchetti""","=""Mat Assassins Wrestling Club""","=""16-0 2:10""","=""TF""","=""Gabe Sardone""","=""Fisheye""","=""Manheim""","=""PA""","=""Journeymen Fall Classic and Women's World Classic"""
"=""9/28/2024""","=""135A""","=""RR Rnd 1""","=""Gavin Mangano""","=""Kd Training Center""","=""14-0 4:25""","=""F""","=""Emmett Logan""","=""Doughboy""","=""Manheim""","=""PA""","=""Journeymen Fall Classic and Women's World Classic"""
"=""9/28/2024""","=""110""","=""RR Rnd 1""","=""Arjan Singh""","=""None""","=""""","=""BYE""","=""""","=""""","=""Manheim""","=""PA""","=""Journeymen Fall Classic and Women's World Classic"""
"=""9/28/2024""","=""135A""","=""RR Rnd 1""","=""Ellis Kirsch""","=""Blair Academy""","=""""","=""BYE""","=""""","=""""","=""Manheim""","=""PA""","=""Journeymen Fall Classic and Women's World Classic"""
"=""9/28/2024""","=""112""","=""RR Rnd 1""","=""Brady Full""","=""Mat Assassins""","=""15-0 3:06""","=""TF""","=""Brendan Stoutenburg""","=""Journeymen Wrestling Club""","=""Manheim""","=""PA""","=""Journeymen Fall Classic and Women's World Classic"""
"=""9/28/2024""","=""135A""","=""RR Rnd 1""","=""Matthew Botello""","=""Wyoming Seminary""","=""6-1 1:00""","=""F""","=""Chase Shaner""","=""Bvac""","=""Manheim""","=""PA""","=""Journeymen Fall Classic and Women's World Classic"""
"=""9/28/2024""","=""112""","=""RR Rnd 1""","=""Gabe Sardone""","=""Fisheye""","=""""","=""BYE""","=""""","=""""","=""Manheim""","=""PA""","=""Journeymen Fall Classic and Women's World Classic"""
"=""9/28/2024""","=""110""","=""RR Rnd 1""","=""Zakey Tsarni""","=""Capital Wrestling Club""","=""3-0 0:33""","=""F""","=""Vaughn Noah""","=""Va Slaughter House""","=""Manheim""","=""PA""","=""Journeymen Fall Classic and Women's World Classic"""
"=""9/28/2024""","=""135A""","=""RR Rnd 1""","=""Adrian Dejesus""","=""Scorpions""","=""17-1 4:26""","=""TF""","=""Landyn Shaffer""","=""Gorilla Grapplers""","=""Manheim""","=""PA""","=""Journeymen Fall Classic and Women's World Classic"""
"=""9/28/2024""","=""135A""","=""RR Rnd 1""","=""Curtis Zion Borge""","=""Team Shutt""","=""19-2 3:43""","=""TF""","=""Charlie Lussier""","=""Metrowest United""","=""Manheim""","=""PA""","=""Journeymen Fall Classic and Women's World Classic"""
"=""9/28/2024""","=""135A""","=""RR Rnd 1""","=""Ryan Ferrara""","=""Kd Training Center""","=""""","=""BYE""","=""""","=""""","=""Manheim""","=""PA""","=""Journeymen Fall Classic and Women's World Classic"""
"=""9/28/2024""","=""145""","=""Consi of 8 #1""","=""Connor Welock""","=""Smitty's Barn""","=""""","=""BYE""","=""""","=""""","=""Manheim""","=""PA""","=""Journeymen Fall Classic and Women's World Classic"""
"=""9/28/2024""","=""145""","=""Consi of 8 #1""","=""Bilali Assoumanou""","=""Btsnyc""","=""17-3 4:07""","=""F""","=""Dylahn Perez Pelaez""","=""Southside Wrestling""","=""Manheim""","=""PA""","=""Journeymen Fall Classic and Women's World Classic"""
"=""9/28/2024""","=""145""","=""Consi of 8 #1""","=""Anthony Lombardi""","=""Iron Faith""","=""8-3 4:02""","=""F""","=""Joey Burg""","=""Akron""","=""Manheim""","=""PA""","=""Journeymen Fall Classic and Women's World Classic"""
"=""9/28/2024""","=""145""","=""Consi of 8 #1""","=""Mark Evans""","=""Hard Rock""","=""9-1 2:30""","=""F""","=""Beau Mcarthur""","=""Combat School""","=""Manheim""","=""PA""","=""Journeymen Fall Classic and Women's World Classic"""
"=""9/28/2024""","=""145""","=""Consi of 8 #2""","=""Mark Evans""","=""Hard Rock""","=""9-6 4:25""","=""F""","=""Sellase Sunu""","=""Btsnyc""","=""Manheim""","=""PA""","=""Journeymen Fall Classic and Women's World Classic"""
"=""9/28/2024""","=""145""","=""Consi of 8 #2""","=""Jonre Fisher""","=""Legacy Dragons""","=""10-3""","=""DEC""","=""Anthony Lombardi""","=""Iron Faith""","=""Manheim""","=""PA""","=""Journeymen Fall Classic and Women's World Classic"""
"=""9/28/2024""","=""145""","=""Consi of 8 #2""","=""Alex Amorosino""","=""Poly Prep""","=""19-4 4:53""","=""TF""","=""Connor Welock""","=""Smitty's Barn""","=""Manheim""","=""PA""","=""Journeymen Fall Classic and Women's World Classic"""
"=""9/28/2024""","=""145""","=""Consi of 8 #2""","=""Jonathan Ledee""","=""Fordham Prep""","=""10-0""","=""MD""","=""Bilali Assoumanou""","=""Btsnyc""","=""Manheim""","=""PA""","=""Journeymen Fall Classic and Women's World Classic"""
"=""9/28/2024""","=""135A""","=""Consi of 4""","=""Landyn Shaffer""","=""Gorilla Grapplers""","=""""","=""M FOR""","=""Emmett Logan""","=""Doughboy""","=""Manheim""","=""PA""","=""Journeymen Fall Classic and Women's World Classic"""
"=""9/28/2024""","=""135A""","=""Consi of 4""","=""Charlie Lussier""","=""Metrowest United""","=""""","=""BYE""","=""""","=""""","=""Manheim""","=""PA""","=""Journeymen Fall Classic and Women's World Classic"""
"=""9/28/2024""","=""135A""","=""Consi of 4""","=""George William Mcateer""","=""Metrowest United""","=""0-3 1:37""","=""F""","=""Ryan Ferrara""","=""Kd Training Center""","=""Manheim""","=""PA""","=""Journeymen Fall Classic and Women's World Classic"""
"=""9/28/2024""","=""145""","=""Consi of 4""","=""Jonathan Ledee""","=""Fordham Prep""","=""17-2 4:13""","=""TF""","=""Mark Evans""","=""Hard Rock""","=""Manheim""","=""PA""","=""Journeymen Fall Classic and Women's World Classic"""
"=""9/28/2024""","=""145""","=""Consi of 4""","=""Jonre Fisher""","=""Legacy Dragons""","=""16-1 4:38""","=""TF""","=""Alex Amorosino""","=""Poly Prep""","=""Manheim""","=""PA""","=""Journeymen Fall Classic and Women's World Classic"""
"=""9/28/2024""","=""135A""","=""Consi of 4""","=""Christian Jelle""","=""Grand Rapids""","=""8-7 SV""","=""DEC""","=""Curtis Zion Borge""","=""Team Shutt""","=""Manheim""","=""PA""","=""Journeymen Fall Classic and Women's World Classic"""
"=""9/28/2024""","=""135A""","=""Consi of 4""","=""Gavin Mangano""","=""Kd Training Center""","=""5-4""","=""DEC""","=""Jojo Gigliotti""","=""South Carroll High School""","=""Manheim""","=""PA""","=""Journeymen Fall Classic and Women's World Classic"""
"=""9/28/2024""","=""145""","=""Consi-Semis""","=""Jonathan Ledee""","=""Fordham Prep""","=""10-5""","=""DEC""","=""Rob Demauro""","=""Empire Wrestling Academy""","=""Manheim""","=""PA""","=""Journeymen Fall Classic and Women's World Classic"""
"=""9/28/2024""","=""145""","=""Consi-Semis""","=""Jonre Fisher""","=""Legacy Dragons""","=""4-2""","=""DEC""","=""Eddie Lavoie""","=""Fisheye""","=""Manheim""","=""PA""","=""Journeymen Fall Classic and Women's World Classic"""
"=""9/28/2024""","=""135A""","=""7th Place""","=""Jojo Gigliotti""","=""South Carroll High School""","=""12-3""","=""MD""","=""Curtis Zion Borge""","=""Team Shutt""","=""Manheim""","=""PA""","=""Journeymen Fall Classic and Women's World Classic"""
"=""9/28/2024""","=""135A""","=""7th Place""","=""Ryan Ferrara""","=""Kd Training Center""","=""""","=""M FOR""","=""Emmett Logan""","=""Doughboy""","=""Manheim""","=""PA""","=""Journeymen Fall Classic and Women's World Classic"""
"=""9/28/2024""","=""135A""","=""5th Place""","=""Christian Jelle""","=""Grand Rapids""","=""3-13 3:49""","=""F""","=""Gavin Mangano""","=""Kd Training Center""","=""Manheim""","=""PA""","=""Journeymen Fall Classic and Women's World Classic"""
"=""9/28/2024""","=""135A""","=""5th Place""","=""Landyn Shaffer""","=""Gorilla Grapplers""","=""7-1""","=""DEC""","=""George William Mcateer""","=""Metrowest United""","=""Manheim""","=""PA""","=""Journeymen Fall Classic and Women's World Classic"""
"=""9/28/2024""","=""135A""","=""5th Place""","=""Charlie Lussier""","=""Metrowest United""","=""""","=""BYE""","=""""","=""""","=""Manheim""","=""PA""","=""Journeymen Fall Classic and Women's World Classic"""
"=""9/28/2024""","=""145""","=""3rd Place""","=""Jonre Fisher""","=""Legacy Dragons""","=""8-3""","=""DEC""","=""Jonathan Ledee""","=""Fordham Prep""","=""Manheim""","=""PA""","=""Journeymen Fall Classic and Women's World Classic"""
"=""9/28/2024""","=""135A""","=""3rd Place""","=""Chase Shaner""","=""Bvac""","=""0-0""","=""FOR""","=""Gabriel Hargrove""","=""Yale Street""","=""Manheim""","=""PA""","=""Journeymen Fall Classic and Women's World Classic"""
"=""9/28/2024""","=""135A""","=""3rd Place""","=""Sammy Spaulding""","=""Dragon Rtc""","=""7-4 SV""","=""DEC""","=""Gino Schinina""","=""St. Peter's Prep""","=""Manheim""","=""PA""","=""Journeymen Fall Classic and Women's World Classic"""
"=""9/28/2024""","=""135A""","=""3rd Place""","=""Justin Mullis""","=""Journeymen""","=""""","=""M FOR""","=""Jack Dragoumanos""","=""Doughboy""","=""Manheim""","=""PA""","=""Journeymen Fall Classic and Women's World Classic"""
"=""9/28/2024""","=""145""","=""Round of 16""","=""Alex Amorosino""","=""Poly Prep""","=""16-2 3:54""","=""F""","=""Beau Mcarthur""","=""Combat School""","=""Manheim""","=""PA""","=""Journeymen Fall Classic and Women's World Classic"""
"=""9/28/2024""","=""145""","=""Round of 16""","=""Eddie Lavoie""","=""Fisheye""","=""18-2 2:34""","=""TF""","=""Joey Burg""","=""Akron""","=""Manheim""","=""PA""","=""Journeymen Fall Classic and Women's World Classic"""
"=""9/28/2024""","=""145""","=""Round of 16""","=""Jonathan Ledee""","=""Fordham Prep""","=""7-3""","=""DEC""","=""Anthony Lombardi""","=""Iron Faith""","=""Manheim""","=""PA""","=""Journeymen Fall Classic and Women's World Classic"""
"=""9/28/2024""","=""145""","=""Round of 16""","=""Sellase Sunu""","=""Btsnyc""","=""18-5""","=""MD""","=""Connor Welock""","=""Smitty's Barn""","=""Manheim""","=""PA""","=""Journeymen Fall Classic and Women's World Classic"""
"=""9/28/2024""","=""145""","=""Round of 16""","=""Gregory Green""","=""Journeymen Wrestling Club""","=""6-1 1:56""","=""F""","=""Dylahn Perez Pelaez""","=""Southside Wrestling""","=""Manheim""","=""PA""","=""Journeymen Fall Classic and Women's World Classic"""
"=""9/28/2024""","=""145""","=""Round of 16""","=""Jonre Fisher""","=""Legacy Dragons""","=""14-0""","=""MD""","=""Bilali Assoumanou""","=""Btsnyc""","=""Manheim""","=""PA""","=""Journeymen Fall Classic and Women's World Classic"""
"=""9/28/2024""","=""145""","=""Round of 16""","=""Rob Demauro""","=""Empire Wrestling Academy""","=""3-2""","=""DEC""","=""Mark Evans""","=""Hard Rock""","=""Manheim""","=""PA""","=""Journeymen Fall Classic and Women's World Classic"""
"=""9/28/2024""","=""145""","=""Round of 16""","=""Will Sakoutis""","=""Christian Brothers Academy""","=""""","=""BYE""","=""""","=""""","=""Manheim""","=""PA""","=""Journeymen Fall Classic and Women's World Classic"""
"=""9/28/2024""","=""135A""","=""Quarter-Finals""","=""Xavier Ortega""","=""Triumph""","=""4-1""","=""DEC""","=""Landyn Shaffer""","=""Gorilla Grapplers""","=""Manheim""","=""PA""","=""Journeymen Fall Classic and Women's World Classic"""
"=""9/28/2024""","=""135A""","=""Quarter-Finals""","=""Ellis Kirsch""","=""Blair Academy""","=""""","=""BYE""","=""""","=""""","=""Manheim""","=""PA""","=""Journeymen Fall Classic and Women's World Classic"""
"=""9/28/2024""","=""135A""","=""Quarter-Finals""","=""Chase Shaner""","=""Bvac""","=""""","=""BYE""","=""""","=""""","=""Manheim""","=""PA""","=""Journeymen Fall Classic and Women's World Classic"""
"=""9/28/2024""","=""135A""","=""Quarter-Finals""","=""Adrian Dejesus""","=""Scorpions""","=""10-0""","=""MD""","=""Jojo Gigliotti""","=""South Carroll High School""","=""Manheim""","=""PA""","=""Journeymen Fall Classic and Women's World Classic"""
"=""9/28/2024""","=""135A""","=""Quarter-Finals""","=""Gino Schinina""","=""St. Peter's Prep""","=""7-3 SV""","=""DEC""","=""Gavin Mangano""","=""Kd Training Center""","=""Manheim""","=""PA""","=""Journeymen Fall Classic and Women's World Classic"""
"=""9/28/2024""","=""135A""","=""Quarter-Finals""","=""Sammy Spaulding""","=""Dragon Rtc""","=""5-2""","=""DEC""","=""Curtis Zion Borge""","=""Team Shutt""","=""Manheim""","=""PA""","=""Journeymen Fall Classic and Women's World Classic"""
"=""9/28/2024""","=""135A""","=""Quarter-Finals""","=""Jack Dragoumanos""","=""Doughboy""","=""11-5""","=""DEC""","=""George William Mcateer""","=""Metrowest United""","=""Manheim""","=""PA""","=""Journeymen Fall Classic and Women's World Classic"""
"=""9/28/2024""","=""145""","=""Quarter-Finals""","=""Gregory Green""","=""Journeymen Wrestling Club""","=""8-5 SV""","=""DEC""","=""Jonre Fisher""","=""Legacy Dragons""","=""Manheim""","=""PA""","=""Journeymen Fall Classic and Women's World Classic"""
"=""9/28/2024""","=""135A""","=""Quarter-Finals""","=""Gabriel Hargrove""","=""Yale Street""","=""""","=""BYE""","=""""","=""""","=""Manheim""","=""PA""","=""Journeymen Fall Classic and Women's World Classic"""
"=""9/28/2024""","=""135A""","=""Quarter-Finals""","=""Jacob Hanlon""","=""Curby""","=""22-8""","=""MD""","=""Ryan Ferrara""","=""Kd Training Center""","=""Manheim""","=""PA""","=""Journeymen Fall Classic and Women's World Classic"""
"=""9/28/2024""","=""145""","=""Quarter-Finals""","=""Eddie Lavoie""","=""Fisheye""","=""8-3 2:35""","=""F""","=""Jonathan Ledee""","=""Fordham Prep""","=""Manheim""","=""PA""","=""Journeymen Fall Classic and Women's World Classic"""
"=""9/28/2024""","=""135A""","=""Quarter-Finals""","=""Matthew Botello""","=""Wyoming Seminary""","=""22-6 5:00""","=""TF""","=""Christian Jelle""","=""Grand Rapids""","=""Manheim""","=""PA""","=""Journeymen Fall Classic and Women's World Classic"""
"=""9/28/2024""","=""135A""","=""Quarter-Finals""","=""Lincoln Kelley""","=""Impact Wrestling Academy""","=""""","=""M FOR""","=""Charlie Lussier""","=""Metrowest United""","=""Manheim""","=""PA""","=""Journeymen Fall Classic and Women's World Classic"""
"=""9/28/2024""","=""135A""","=""Quarter-Finals""","=""Justin Mullis""","=""Journeymen""","=""7-3""","=""DEC""","=""Emmett Logan""","=""Doughboy""","=""Manheim""","=""PA""","=""Journeymen Fall Classic and Women's World Classic"""
"=""9/28/2024""","=""145""","=""Quarter-Finals""","=""Will Sakoutis""","=""Christian Brothers Academy""","=""12-3 1:49""","=""F""","=""Sellase Sunu""","=""Btsnyc""","=""Manheim""","=""PA""","=""Journeymen Fall Classic and Women's World Classic"""
"=""9/28/2024""","=""145""","=""Quarter-Finals""","=""Rob Demauro""","=""Empire Wrestling Academy""","=""16-0 3:53""","=""TF""","=""Alex Amorosino""","=""Poly Prep""","=""Manheim""","=""PA""","=""Journeymen Fall Classic and Women's World Classic"""
"=""9/28/2024""","=""135A""","=""Semi-Finals""","=""Lincoln Kelley""","=""Impact Wrestling Academy""","=""10-6 3:05""","=""F""","=""Chase Shaner""","=""Bvac""","=""Manheim""","=""PA""","=""Journeymen Fall Classic and Women's World Classic"""
"=""9/28/2024""","=""135A""","=""Semi-Finals""","=""Ellis Kirsch""","=""Blair Academy""","=""17-2 3:24""","=""TF""","=""Gabriel Hargrove""","=""Yale Street""","=""Manheim""","=""PA""","=""Journeymen Fall Classic and Women's World Classic"""
"=""9/28/2024""","=""135A""","=""Semi-Finals""","=""Adrian Dejesus""","=""Scorpions""","=""4-0""","=""DEC""","=""Gino Schinina""","=""St. Peter's Prep""","=""Manheim""","=""PA""","=""Journeymen Fall Classic and Women's World Classic"""
"=""9/28/2024""","=""135A""","=""Semi-Finals""","=""Jacob Hanlon""","=""Curby""","=""6-1 2:25""","=""F""","=""Jack Dragoumanos""","=""Doughboy""","=""Manheim""","=""PA""","=""Journeymen Fall Classic and Women's World Classic"""
"=""9/28/2024""","=""135A""","=""Semi-Finals""","=""Xavier Ortega""","=""Triumph""","=""15-3""","=""MD""","=""Justin Mullis""","=""Journeymen""","=""Manheim""","=""PA""","=""Journeymen Fall Classic and Women's World Classic"""
"=""9/28/2024""","=""145""","=""Semi-Finals""","=""Gregory Green""","=""Journeymen Wrestling Club""","=""12-2""","=""MD""","=""Rob Demauro""","=""Empire Wrestling Academy""","=""Manheim""","=""PA""","=""Journeymen Fall Classic and Women's World Classic"""
"=""9/28/2024""","=""145""","=""Semi-Finals""","=""Will Sakoutis""","=""Christian Brothers Academy""","=""18-3 3:11""","=""TF""","=""Eddie Lavoie""","=""Fisheye""","=""Manheim""","=""PA""","=""Journeymen Fall Classic and Women's World Classic"""
"=""9/28/2024""","=""135A""","=""Semi-Finals""","=""Matthew Botello""","=""Wyoming Seminary""","=""10-3""","=""DEC""","=""Sammy Spaulding""","=""Dragon Rtc""","=""Manheim""","=""PA""","=""Journeymen Fall Classic and Women's World Classic"""
"=""9/28/2024""","=""135A""","=""Finals""","=""Ellis Kirsch""","=""Blair Academy""","=""5-3""","=""DEC""","=""Lincoln Kelley""","=""Impact Wrestling Academy""","=""Manheim""","=""PA""","=""Journeymen Fall Classic and Women's World Classic"""
"=""9/28/2024""","=""145""","=""Finals""","=""Will Sakoutis""","=""Christian Brothers Academy""","=""18-3 3:05""","=""TF""","=""Gregory Green""","=""Journeymen Wrestling Club""","=""Manheim""","=""PA""","=""Journeymen Fall Classic and Women's World Classic"""
"=""9/28/2024""","=""112""","=""Finals""","=""Sean Elliot""","=""Shore Thing Wrestling Club""","=""10-0""","=""MD""","=""Brady Full""","=""Mat Assassins""","=""Manheim""","=""PA""","=""Journeymen Fall Classic and Women's World Classic"""
"=""9/28/2024""","=""135A""","=""Finals""","=""Xavier Ortega""","=""Triumph""","=""4-0""","=""DEC""","=""Jacob Hanlon""","=""Curby""","=""Manheim""","=""PA""","=""Journeymen Fall Classic and Women's World Classic"""
"=""9/28/2024""","=""112""","=""Finals""","=""Brendan Stoutenburg""","=""Journeymen Wrestling Club""","=""19-2 3:45""","=""TF""","=""Matthew Williams""","=""Ironfaith/kms""","=""Manheim""","=""PA""","=""Journeymen Fall Classic and Women's World Classic"""
"=""9/28/2024""","=""112""","=""Finals""","=""Cole Schwartz""","=""Grit Mat Club""","=""11-3""","=""MD""","=""Alex Marchetti""","=""Mat Assassins Wrestling Club""","=""Manheim""","=""PA""","=""Journeymen Fall Classic and Women's World Classic"""
"=""9/28/2024""","=""135A""","=""Finals""","=""Matthew Botello""","=""Wyoming Seminary""","=""4-2""","=""DEC""","=""Adrian Dejesus""","=""Scorpions""","=""Manheim""","=""PA""","=""Journeymen Fall Classic and Women's World Classic"""
"=""9/28/2024""","=""120""","=""RR Rnd 5""","=""Trey Neith""","=""Steel Valley""","=""""","=""BYE""","=""""","=""""","=""Manheim""","=""PA""","=""Journeymen Fall Classic and Women's World Classic"""
"=""9/28/2024""","=""120""","=""RR Rnd 5""","=""Dion Mesanko-coleman""","=""Shore Thing Wrestling""","=""3-0 0:24""","=""F""","=""Ryan Proulx""","=""Scotia-glenville Central Schools""","=""Manheim""","=""PA""","=""Journeymen Fall Classic and Women's World Classic"""
"=""9/28/2024""","=""120""","=""RR Rnd 5""","=""Liam Driscoll""","=""Metrowest United""","=""5-3""","=""DEC""","=""Lucas Churpakovich""","=""Yale St.""","=""Manheim""","=""PA""","=""Journeymen Fall Classic and Women's World Classic"""
"=""9/28/2024""","=""120""","=""RR Rnd 4""","=""Trey Neith""","=""Steel Valley""","=""10-1 3:43""","=""F""","=""Lucas Churpakovich""","=""Yale St.""","=""Manheim""","=""PA""","=""Journeymen Fall Classic and Women's World Classic"""
"=""9/28/2024""","=""120""","=""RR Rnd 4""","=""Dion Mesanko-coleman""","=""Shore Thing Wrestling""","=""5-0 1:05""","=""F""","=""Liam Driscoll""","=""Metrowest United""","=""Manheim""","=""PA""","=""Journeymen Fall Classic and Women's World Classic"""
"=""9/28/2024""","=""120""","=""RR Rnd 4""","=""Ryan Proulx""","=""Scotia-glenville Central Schools""","=""""","=""BYE""","=""""","=""""","=""Manheim""","=""PA""","=""Journeymen Fall Classic and Women's World Classic"""
"=""9/28/2024""","=""120""","=""RR Rnd 3""","=""Lucas Churpakovich""","=""Yale St.""","=""""","=""BYE""","=""""","=""""","=""Manheim""","=""PA""","=""Journeymen Fall Classic and Women's World Classic"""
"=""9/28/2024""","=""135B""","=""RR Rnd 3""","=""Isaias Hernandez""","=""Depaul Catholic""","=""""","=""BYE""","=""""","=""""","=""Manheim""","=""PA""","=""Journeymen Fall Classic and Women's World Classic"""
"=""9/28/2024""","=""120""","=""RR Rnd 3""","=""Alexander Zelna""","=""Btwc""","=""7-0 1:01""","=""F""","=""Daniel Jones""","=""Journeymen Wrestling Club""","=""Manheim""","=""PA""","=""Journeymen Fall Classic and Women's World Classic"""
"=""9/28/2024""","=""135B""","=""RR Rnd 3""","=""Jake Nieto""","=""Chaminade""","=""11-0 3:15""","=""F""","=""Anthony Pica""","=""Garden City""","=""Manheim""","=""PA""","=""Journeymen Fall Classic and Women's World Classic"""
"=""9/28/2024""","=""120""","=""RR Rnd 3""","=""Dion Mesanko-coleman""","=""Shore Thing Wrestling""","=""3-0 0:56""","=""F""","=""Trey Neith""","=""Steel Valley""","=""Manheim""","=""PA""","=""Journeymen Fall Classic and Women's World Classic"""
"=""9/28/2024""","=""135B""","=""RR Rnd 3""","=""Clint Plotner-legg""","=""Lake Highland Prep""","=""""","=""BYE""","=""""","=""""","=""Manheim""","=""PA""","=""Journeymen Fall Classic and Women's World Classic"""
"=""9/28/2024""","=""135B""","=""RR Rnd 3""","=""Jared Goodson""","=""Pwa""","=""7-3""","=""DEC""","=""Jeremy Mcgrath""","=""Green Farms Academy""","=""Manheim""","=""PA""","=""Journeymen Fall Classic and Women's World Classic"""
"=""9/28/2024""","=""120""","=""RR Rnd 3""","=""Liam Driscoll""","=""Metrowest United""","=""12-0 2:35""","=""F""","=""Ryan Proulx""","=""Scotia-glenville Central Schools""","=""Manheim""","=""PA""","=""Journeymen Fall Classic and Women's World Classic"""
"=""9/28/2024""","=""120""","=""RR Rnd 3""","=""Thomas Potsko""","=""Mat Assassins""","=""3-0 1:07""","=""F""","=""Edward Stavros""","=""Kd Training Center""","=""Manheim""","=""PA""","=""Journeymen Fall Classic and Women's World Classic"""
"=""9/28/2024""","=""135B""","=""RR Rnd 2""","=""Jake Nieto""","=""Chaminade""","=""""","=""BYE""","=""""","=""""","=""Manheim""","=""PA""","=""Journeymen Fall Classic and Women's World Classic"""
"=""9/28/2024""","=""135B""","=""RR Rnd 2""","=""Jeremy Mcgrath""","=""Green Farms Academy""","=""""","=""BYE""","=""""","=""""","=""Manheim""","=""PA""","=""Journeymen Fall Classic and Women's World Classic"""
"=""9/28/2024""","=""120""","=""RR Rnd 2""","=""Alexander Zelna""","=""Btwc""","=""8-6 4:16""","=""F""","=""Edward Stavros""","=""Kd Training Center""","=""Manheim""","=""PA""","=""Journeymen Fall Classic and Women's World Classic"""
"=""9/28/2024""","=""120""","=""RR Rnd 2""","=""Trey Neith""","=""Steel Valley""","=""9-2 1:07""","=""F""","=""Ryan Proulx""","=""Scotia-glenville Central Schools""","=""Manheim""","=""PA""","=""Journeymen Fall Classic and Women's World Classic"""
"=""9/28/2024""","=""135B""","=""RR Rnd 2""","=""Isaias Hernandez""","=""Depaul Catholic""","=""4-3 3:45""","=""F""","=""Anthony Pica""","=""Garden City""","=""Manheim""","=""PA""","=""Journeymen Fall Classic and Women's World Classic"""
"=""9/28/2024""","=""120""","=""RR Rnd 2""","=""Liam Driscoll""","=""Metrowest United""","=""""","=""BYE""","=""""","=""""","=""Manheim""","=""PA""","=""Journeymen Fall Classic and Women's World Classic"""
"=""9/28/2024""","=""120""","=""RR Rnd 2""","=""Dion Mesanko-coleman""","=""Shore Thing Wrestling""","=""7-0 0:50""","=""F""","=""Lucas Churpakovich""","=""Yale St.""","=""Manheim""","=""PA""","=""Journeymen Fall Classic and Women's World Classic"""
"=""9/28/2024""","=""120""","=""RR Rnd 2""","=""Daniel Jones""","=""Journeymen Wrestling Club""","=""1-0""","=""DEC""","=""Thomas Potsko""","=""Mat Assassins""","=""Manheim""","=""PA""","=""Journeymen Fall Classic and Women's World Classic"""
"=""9/28/2024""","=""135B""","=""RR Rnd 2""","=""Jared Goodson""","=""Pwa""","=""2-0 3:01""","=""F""","=""Clint Plotner-legg""","=""Lake Highland Prep""","=""Manheim""","=""PA""","=""Journeymen Fall Classic and Women's World Classic"""
"=""9/28/2024""","=""135B""","=""RR Rnd 1""","=""Jeremy Mcgrath""","=""Green Farms Academy""","=""3-2""","=""DEC""","=""Clint Plotner-legg""","=""Lake Highland Prep""","=""Manheim""","=""PA""","=""Journeymen Fall Classic and Women's World Classic"""
"=""9/28/2024""","=""120""","=""RR Rnd 1""","=""Trey Neith""","=""Steel Valley""","=""5-10""","=""DEC""","=""Liam Driscoll""","=""Metrowest United""","=""Manheim""","=""PA""","=""Journeymen Fall Classic and Women's World Classic"""
"=""9/28/2024""","=""120""","=""RR Rnd 1""","=""Dion Mesanko-coleman""","=""Shore Thing Wrestling""","=""""","=""BYE""","=""""","=""""","=""Manheim""","=""PA""","=""Journeymen Fall Classic and Women's World Classic"""
"=""9/28/2024""","=""135B""","=""RR Rnd 1""","=""Jared Goodson""","=""Pwa""","=""""","=""BYE""","=""""","=""""","=""Manheim""","=""PA""","=""Journeymen Fall Classic and Women's World Classic"""
"=""9/28/2024""","=""135B""","=""RR Rnd 1""","=""Jake Nieto""","=""Chaminade""","=""21-6 5:00""","=""TF""","=""Isaias Hernandez""","=""Depaul Catholic""","=""Manheim""","=""PA""","=""Journeymen Fall Classic and Women's World Classic"""
"=""9/28/2024""","=""120""","=""RR Rnd 1""","=""Thomas Potsko""","=""Mat Assassins""","=""6-1 2:26""","=""F""","=""Alexander Zelna""","=""Btwc""","=""Manheim""","=""PA""","=""Journeymen Fall Classic and Women's World Classic"""
"=""9/28/2024""","=""120""","=""RR Rnd 1""","=""Daniel Jones""","=""Journeymen Wrestling Club""","=""16-0 4:24""","=""TF""","=""Edward Stavros""","=""Kd Training Center""","=""Manheim""","=""PA""","=""Journeymen Fall Classic and Women's World Classic"""
"=""9/28/2024""","=""120""","=""RR Rnd 1""","=""Lucas Churpakovich""","=""Yale St.""","=""3-0 1:25""","=""F""","=""Ryan Proulx""","=""Scotia-glenville Central Schools""","=""Manheim""","=""PA""","=""Journeymen Fall Classic and Women's World Classic"""
"=""9/28/2024""","=""135B""","=""RR Rnd 1""","=""Anthony Pica""","=""Garden City""","=""""","=""BYE""","=""""","=""""","=""Manheim""","=""PA""","=""Journeymen Fall Classic and Women's World Classic"""
"=""9/28/2024""","=""135B""","=""RR Rnd 1""","=""Jeremy Mcgrath""","=""Green Farms Academy""","=""12-2 4:36""","=""F""","=""Isaias Hernandez""","=""Depaul Catholic""","=""Manheim""","=""PA""","=""Journeymen Fall Classic and Women's World Classic"""
"=""9/28/2024""","=""152""","=""Consi of 8 #1""","=""Colton Wheet""","=""Little Falls""","=""7-1 4:45""","=""F""","=""Robert Charles Curry""","=""Hard Rock""","=""Manheim""","=""PA""","=""Journeymen Fall Classic and Women's World Classic"""
"=""9/28/2024""","=""152""","=""Consi of 8 #1""","=""August Katz""","=""Columbia High School""","=""16-5""","=""MD""","=""Connor Pease""","=""Wrestlers Way""","=""Manheim""","=""PA""","=""Journeymen Fall Classic and Women's World Classic"""
"=""9/28/2024""","=""152""","=""Consi of 8 #1""","=""Max Belousov""","=""Btsnyc""","=""9-5 3:19""","=""F""","=""Max Kinsey""","=""Journeymen Wrestling Club""","=""Manheim""","=""PA""","=""Journeymen Fall Classic and Women's World Classic"""
"=""9/28/2024""","=""152""","=""Consi of 8 #1""","=""Alex Merino""","=""Journeymen Wrestling Club""","=""17-0 3:56""","=""TF""","=""Nate Jagodzinski""","=""Hard Rock""","=""Manheim""","=""PA""","=""Journeymen Fall Classic and Women's World Classic"""
"=""9/28/2024""","=""152""","=""Consi of 8 #2""","=""August Katz""","=""Columbia High School""","=""16-0 2:12""","=""TF""","=""Joseph Losee""","=""Journeymen Wrestling Club""","=""Manheim""","=""PA""","=""Journeymen Fall Classic and Women's World Classic"""
"=""9/28/2024""","=""152""","=""Consi of 8 #2""","=""Jay Chase Jr""","=""Southside Wrestling""","=""0-0 0:00""","=""M FOR""","=""Max Belousov""","=""Btsnyc""","=""Manheim""","=""PA""","=""Journeymen Fall Classic and Women's World Classic"""
"=""9/28/2024""","=""152""","=""Consi of 8 #2""","=""Matthew Mccann""","=""Edge""","=""10-0""","=""MD""","=""Colton Wheet""","=""Little Falls""","=""Manheim""","=""PA""","=""Journeymen Fall Classic and Women's World Classic"""
"=""9/28/2024""","=""152""","=""Consi of 8 #2""","=""Noah Meulen""","=""Malvern Prep""","=""5-1 2:56""","=""F""","=""Alex Merino""","=""Journeymen Wrestling Club""","=""Manheim""","=""PA""","=""Journeymen Fall Classic and Women's World Classic"""
"=""9/28/2024""","=""152""","=""Consi of 4""","=""August Katz""","=""Columbia High School""","=""16-6""","=""MD""","=""Noah Meulen""","=""Malvern Prep""","=""Manheim""","=""PA""","=""Journeymen Fall Classic and Women's World Classic"""
"=""9/28/2024""","=""152""","=""Consi of 4""","=""Jay Chase Jr""","=""Southside Wrestling""","=""8-6""","=""DEC""","=""Matthew Mccann""","=""Edge""","=""Manheim""","=""PA""","=""Journeymen Fall Classic and Women's World Classic"""
"=""9/28/2024""","=""152""","=""Consi-Semis""","=""August Katz""","=""Columbia High School""","=""12-11""","=""DEC""","=""Avi Meltzer""","=""Empire""","=""Manheim""","=""PA""","=""Journeymen Fall Classic and Women's World Classic"""
"=""9/28/2024""","=""152""","=""Consi-Semis""","=""Jay Chase Jr""","=""Southside Wrestling""","=""8-2 2:27""","=""F""","=""Charles Shaddow""","=""Olympic""","=""Manheim""","=""PA""","=""Journeymen Fall Classic and Women's World Classic"""
"=""9/28/2024""","=""152""","=""3rd Place""","=""Jay Chase Jr""","=""Southside Wrestling""","=""11-5""","=""DEC""","=""August Katz""","=""Columbia High School""","=""Manheim""","=""PA""","=""Journeymen Fall Classic and Women's World Classic"""
"=""9/28/2024""","=""152""","=""Round of 16""","=""Benjamin Roberts""","=""Loudoun County High School""","=""3-0 0:44""","=""F""","=""Max Kinsey""","=""Journeymen Wrestling Club""","=""Manheim""","=""PA""","=""Journeymen Fall Classic and Women's World Classic"""
"=""9/28/2024""","=""152""","=""Round of 16""","=""Matthew Mccann""","=""Edge""","=""4-0""","=""DEC""","=""August Katz""","=""Columbia High School""","=""Manheim""","=""PA""","=""Journeymen Fall Classic and Women's World Classic"""
"=""9/28/2024""","=""152""","=""Round of 16""","=""Joseph Losee""","=""Journeymen Wrestling Club""","=""13-1""","=""MD""","=""Colton Wheet""","=""Little Falls""","=""Manheim""","=""PA""","=""Journeymen Fall Classic and Women's World Classic"""
"=""9/28/2024""","=""152""","=""Round of 16""","=""Noah Meulen""","=""Malvern Prep""","=""12-8""","=""DEC""","=""Max Belousov""","=""Btsnyc""","=""Manheim""","=""PA""","=""Journeymen Fall Classic and Women's World Classic"""
"=""9/28/2024""","=""152""","=""Round of 16""","=""Jay Chase Jr""","=""Southside Wrestling""","=""3-0 0:21""","=""F""","=""Alex Merino""","=""Journeymen Wrestling Club""","=""Manheim""","=""PA""","=""Journeymen Fall Classic and Women's World Classic"""
"=""9/28/2024""","=""152""","=""Round of 16""","=""Charles Shaddow""","=""Olympic""","=""17-0 2:39""","=""TF""","=""Robert Charles Curry""","=""Hard Rock""","=""Manheim""","=""PA""","=""Journeymen Fall Classic and Women's World Classic"""
"=""9/28/2024""","=""152""","=""Round of 16""","=""Avi Meltzer""","=""Empire""","=""6-4""","=""DEC""","=""Connor Pease""","=""Wrestlers Way""","=""Manheim""","=""PA""","=""Journeymen Fall Classic and Women's World Classic"""
"=""9/28/2024""","=""152""","=""Round of 16""","=""Braxton Mcavey""","=""St Frances Academy""","=""16-0 2:40""","=""TF""","=""Nate Jagodzinski""","=""Hard Rock""","=""Manheim""","=""PA""","=""Journeymen Fall Classic and Women's World Classic"""
"=""9/28/2024""","=""152""","=""Quarter-Finals""","=""Avi Meltzer""","=""Empire""","=""6-5""","=""DEC""","=""Matthew Mccann""","=""Edge""","=""Manheim""","=""PA""","=""Journeymen Fall Classic and Women's World Classic"""
"=""9/28/2024""","=""152""","=""Quarter-Finals""","=""Benjamin Roberts""","=""Loudoun County High School""","=""4-2 4:10""","=""F""","=""Noah Meulen""","=""Malvern Prep""","=""Manheim""","=""PA""","=""Journeymen Fall Classic and Women's World Classic"""
"=""9/28/2024""","=""152""","=""Quarter-Finals""","=""Braxton Mcavey""","=""St Frances Academy""","=""3-0 1:08""","=""F""","=""Jay Chase Jr""","=""Southside Wrestling""","=""Manheim""","=""PA""","=""Journeymen Fall Classic and Women's World Classic"""
"=""9/28/2024""","=""152""","=""Quarter-Finals""","=""Charles Shaddow""","=""Olympic""","=""9-3""","=""DEC""","=""Joseph Losee""","=""Journeymen Wrestling Club""","=""Manheim""","=""PA""","=""Journeymen Fall Classic and Women's World Classic"""
"=""9/28/2024""","=""152""","=""Semi-Finals""","=""Benjamin Roberts""","=""Loudoun County High School""","=""7-0 1:27""","=""F""","=""Charles Shaddow""","=""Olympic""","=""Manheim""","=""PA""","=""Journeymen Fall Classic and Women's World Classic"""
"=""9/28/2024""","=""152""","=""Semi-Finals""","=""Braxton Mcavey""","=""St Frances Academy""","=""10-1""","=""MD""","=""Avi Meltzer""","=""Empire""","=""Manheim""","=""PA""","=""Journeymen Fall Classic and Women's World Classic"""
"=""9/28/2024""","=""120""","=""Finals""","=""Edward Stavros""","=""Kd Training Center""","=""12-4 4:16""","=""F""","=""Lucas Churpakovich""","=""Yale St.""","=""Manheim""","=""PA""","=""Journeymen Fall Classic and Women's World Classic"""
"=""9/28/2024""","=""120""","=""Finals""","=""Daniel Jones""","=""Journeymen Wrestling Club""","=""15-0 4:30""","=""TF""","=""Trey Neith""","=""Steel Valley""","=""Manheim""","=""PA""","=""Journeymen Fall Classic and Women's World Classic"""
"=""9/28/2024""","=""152""","=""Finals""","=""Braxton Mcavey""","=""St Frances Academy""","=""3-0 1:17""","=""F""","=""Benjamin Roberts""","=""Loudoun County High School""","=""Manheim""","=""PA""","=""Journeymen Fall Classic and Women's World Classic"""
"=""9/28/2024""","=""135B""","=""Finals""","=""Jake Nieto""","=""Chaminade""","=""16-0 2:24""","=""TF""","=""Jared Goodson""","=""Pwa""","=""Manheim""","=""PA""","=""Journeymen Fall Classic and Women's World Classic"""
"=""9/28/2024""","=""120""","=""Finals""","=""Dion Mesanko-coleman""","=""Shore Thing Wrestling""","=""3-0 0:46""","=""F""","=""Alexander Zelna""","=""Btwc""","=""Manheim""","=""PA""","=""Journeymen Fall Classic and Women's World Classic"""
"=""9/28/2024""","=""120""","=""Finals""","=""Thomas Potsko""","=""Mat Assassins""","=""""","=""M FOR""","=""Liam Driscoll""","=""Metrowest United""","=""Manheim""","=""PA""","=""Journeymen Fall Classic and Women's World Classic"""
"=""9/28/2024""","=""135B""","=""Finals""","=""Clint Plotner-legg""","=""Lake Highland Prep""","=""17-1 4:44""","=""TF""","=""Anthony Pica""","=""Garden City""","=""Manheim""","=""PA""","=""Journeymen Fall Classic and Women's World Classic"""
"=""9/28/2024""","=""128""","=""RR Rnd 3""","=""Joseph Guastella""","=""X-calibur""","=""11-1""","=""MD""","=""Wyatt Rock""","=""Journeymen Wrestling Club""","=""Manheim""","=""PA""","=""Journeymen Fall Classic and Women's World Classic"""
"=""9/28/2024""","=""140A""","=""RR Rnd 3""","=""Gavin Duran""","=""Yale Street""","=""""","=""BYE""","=""""","=""""","=""Manheim""","=""PA""","=""Journeymen Fall Classic and Women's World Classic"""
"=""9/28/2024""","=""140A""","=""RR Rnd 3""","=""Samson Mckissick Staley""","=""Pittsford Panthers""","=""7-4""","=""DEC""","=""Mason Knight""","=""Legacy Dragons""","=""Manheim""","=""PA""","=""Journeymen Fall Classic and Women's World Classic"""
"=""9/28/2024""","=""140A""","=""RR Rnd 3""","=""Braylon Gonzalez""","=""Gps Wrestling""","=""""","=""BYE""","=""""","=""""","=""Manheim""","=""PA""","=""Journeymen Fall Classic and Women's World Classic"""
"=""9/28/2024""","=""128""","=""RR Rnd 3""","=""Luke Riker""","=""The Wrestling Coach""","=""""","=""BYE""","=""""","=""""","=""Manheim""","=""PA""","=""Journeymen Fall Classic and Women's World Classic"""
"=""9/28/2024""","=""140A""","=""RR Rnd 3""","=""Jayce Paridon""","=""Lake Highland Prep""","=""""","=""BYE""","=""""","=""""","=""Manheim""","=""PA""","=""Journeymen Fall Classic and Women's World Classic"""
"=""9/28/2024""","=""140A""","=""RR Rnd 3""","=""Charlie De Sena""","=""Lake Highland Prep""","=""18-3 2:58""","=""TF""","=""Ben Aguilar""","=""Legacy Dragons""","=""Manheim""","=""PA""","=""Journeymen Fall Classic and Women's World Classic"""
"=""9/28/2024""","=""140A""","=""RR Rnd 3""","=""Pierce Kane""","=""Steller Trained""","=""""","=""BYE""","=""""","=""""","=""Manheim""","=""PA""","=""Journeymen Fall Classic and Women's World Classic"""
"=""9/28/2024""","=""140A""","=""RR Rnd 3""","=""Andrew Pimental""","=""Doughboy""","=""""","=""BYE""","=""""","=""""","=""Manheim""","=""PA""","=""Journeymen Fall Classic and Women's World Classic"""
"=""9/28/2024""","=""140A""","=""RR Rnd 3""","=""Mckaden Speece""","=""Steller Trained""","=""11-2""","=""MD""","=""Seach Hibler""","=""Apex Wrestling""","=""Manheim""","=""PA""","=""Journeymen Fall Classic and Women's World Classic"""
"=""9/28/2024""","=""140A""","=""RR Rnd 3""","=""Brooklyn Pickett""","=""Headhunters Wc""","=""5-1""","=""DEC""","=""Colby Houle""","=""Northfield Mount Hermon""","=""Manheim""","=""PA""","=""Journeymen Fall Classic and Women's World Classic"""
"=""9/28/2024""","=""128""","=""RR Rnd 3""","=""Lukas Ryan""","=""Savage Wrestling Academy""","=""""","=""BYE""","=""""","=""""","=""Manheim""","=""PA""","=""Journeymen Fall Classic and Women's World Classic"""
"=""9/28/2024""","=""128""","=""RR Rnd 3""","=""Frank Leanza""","=""Malvern""","=""8-0""","=""MD""","=""Logan Price""","=""Lake Highland Prep""","=""Manheim""","=""PA""","=""Journeymen Fall Classic and Women's World Classic"""
"=""9/28/2024""","=""140A""","=""RR Rnd 3""","=""Matthew Almedina""","=""Mat Assassins Wrestling Club""","=""8-3""","=""DEC""","=""John Parisi""","=""Gps Wrestling""","=""Manheim""","=""PA""","=""Journeymen Fall Classic and Women's World Classic"""
"=""9/28/2024""","=""140A""","=""RR Rnd 3""","=""Hayden Haber""","=""X-calibur Athletics Wrestling Club""","=""0-0""","=""FOR""","=""Vincent Tripaldi""","=""Empire Wrestling Academy""","=""Manheim""","=""PA""","=""Journeymen Fall Classic and Women's World Classic"""
"=""9/28/2024""","=""140A""","=""RR Rnd 3""","=""Brody Carson""","=""Monster Garage""","=""""","=""BYE""","=""""","=""""","=""Manheim""","=""PA""","=""Journeymen Fall Classic and Women's World Classic"""
"=""9/28/2024""","=""140A""","=""RR Rnd 3""","=""Bentley Sly""","=""Darkhorse Wrestling""","=""14-0""","=""MD""","=""Zytavius Williams""","=""Super D Wrestling""","=""Manheim""","=""PA""","=""Journeymen Fall Classic and Women's World Classic"""
"=""9/28/2024""","=""140A""","=""RR Rnd 3""","=""Tyler Traves""","=""Legacy Dragons""","=""""","=""BYE""","=""""","=""""","=""Manheim""","=""PA""","=""Journeymen Fall Classic and Women's World Classic"""
"=""9/28/2024""","=""140A""","=""RR Rnd 3""","=""Carson Walsh""","=""Edge""","=""""","=""BYE""","=""""","=""""","=""Manheim""","=""PA""","=""Journeymen Fall Classic and Women's World Classic"""
"=""9/28/2024""","=""140A""","=""RR Rnd 3""","=""Matthew Dailey""","=""Wyoming Seminary""","=""3-0 0:55""","=""F""","=""Ryan Langenmayr""","=""Ruthless Wrestling Club""","=""Manheim""","=""PA""","=""Journeymen Fall Classic and Women's World Classic"""
"=""9/28/2024""","=""140A""","=""RR Rnd 2""","=""Tyler Traves""","=""Legacy Dragons""","=""12-2""","=""MD""","=""Ryan Langenmayr""","=""Ruthless Wrestling Club""","=""Manheim""","=""PA""","=""Journeymen Fall Classic and Women's World Classic"""
"=""9/28/2024""","=""140A""","=""RR Rnd 2""","=""Mckaden Speece""","=""Steller Trained""","=""15-0 3:02""","=""TF""","=""Braylon Gonzalez""","=""Gps Wrestling""","=""Manheim""","=""PA""","=""Journeymen Fall Classic and Women's World Classic"""
"=""9/28/2024""","=""140A""","=""RR Rnd 2""","=""Charlie De Sena""","=""Lake Highland Prep""","=""3-0 1:21""","=""F""","=""Gavin Duran""","=""Yale Street""","=""Manheim""","=""PA""","=""Journeymen Fall Classic and Women's World Classic"""
"=""9/28/2024""","=""140A""","=""RR Rnd 2""","=""Bentley Sly""","=""Darkhorse Wrestling""","=""2-0 4:12""","=""F""","=""Andrew Pimental""","=""Doughboy""","=""Manheim""","=""PA""","=""Journeymen Fall Classic and Women's World Classic"""
"=""9/28/2024""","=""140A""","=""RR Rnd 2""","=""Zytavius Williams""","=""Super D Wrestling""","=""""","=""BYE""","=""""","=""""","=""Manheim""","=""PA""","=""Journeymen Fall Classic and Women's World Classic"""
"=""9/28/2024""","=""140A""","=""RR Rnd 2""","=""John Parisi""","=""Gps Wrestling""","=""""","=""BYE""","=""""","=""""","=""Manheim""","=""PA""","=""Journeymen Fall Classic and Women's World Classic"""
"=""9/28/2024""","=""128""","=""RR Rnd 2""","=""Joseph Guastella""","=""X-calibur""","=""8-2""","=""DEC""","=""Luke Riker""","=""The Wrestling Coach""","=""Manheim""","=""PA""","=""Journeymen Fall Classic and Women's World Classic"""
"=""9/28/2024""","=""140A""","=""RR Rnd 2""","=""Jayce Paridon""","=""Lake Highland Prep""","=""6-0 2:51""","=""F""","=""Matthew Almedina""","=""Mat Assassins Wrestling Club""","=""Manheim""","=""PA""","=""Journeymen Fall Classic and Women's World Classic"""
"=""9/28/2024""","=""140A""","=""RR Rnd 2""","=""Matthew Dailey""","=""Wyoming Seminary""","=""""","=""BYE""","=""""","=""""","=""Manheim""","=""PA""","=""Journeymen Fall Classic and Women's World Classic"""
"=""9/28/2024""","=""140A""","=""RR Rnd 2""","=""Mason Knight""","=""Legacy Dragons""","=""3-0 0:53""","=""F""","=""Brody Carson""","=""Monster Garage""","=""Manheim""","=""PA""","=""Journeymen Fall Classic and Women's World Classic"""
"=""9/28/2024""","=""140A""","=""RR Rnd 2""","=""Ben Aguilar""","=""Legacy Dragons""","=""""","=""BYE""","=""""","=""""","=""Manheim""","=""PA""","=""Journeymen Fall Classic and Women's World Classic"""
"=""9/28/2024""","=""140A""","=""RR Rnd 2""","=""Seach Hibler""","=""Apex Wrestling""","=""""","=""BYE""","=""""","=""""","=""Manheim""","=""PA""","=""Journeymen Fall Classic and Women's World Classic"""
"=""9/28/2024""","=""128""","=""RR Rnd 2""","=""Logan Price""","=""Lake Highland Prep""","=""""","=""BYE""","=""""","=""""","=""Manheim""","=""PA""","=""Journeymen Fall Classic and Women's World Classic"""
"=""9/28/2024""","=""140A""","=""RR Rnd 2""","=""Carson Walsh""","=""Edge""","=""17-2 3:12""","=""TF""","=""Vincent Tripaldi""","=""Empire Wrestling Academy""","=""Manheim""","=""PA""","=""Journeymen Fall Classic and Women's World Classic"""
"=""9/28/2024""","=""128""","=""RR Rnd 2""","=""Frank Leanza""","=""Malvern""","=""13-6 3:36""","=""F""","=""Lukas Ryan""","=""Savage Wrestling Academy""","=""Manheim""","=""PA""","=""Journeymen Fall Classic and Women's World Classic"""
"=""9/28/2024""","=""140A""","=""RR Rnd 2""","=""Hayden Haber""","=""X-calibur Athletics Wrestling Club""","=""""","=""BYE""","=""""","=""""","=""Manheim""","=""PA""","=""Journeymen Fall Classic and Women's World Classic"""
"=""9/28/2024""","=""140A""","=""RR Rnd 2""","=""Colby Houle""","=""Northfield Mount Hermon""","=""12-2""","=""MD""","=""Pierce Kane""","=""Steller Trained""","=""Manheim""","=""PA""","=""Journeymen Fall Classic and Women's World Classic"""
"=""9/28/2024""","=""140A""","=""RR Rnd 2""","=""Brooklyn Pickett""","=""Headhunters Wc""","=""""","=""BYE""","=""""","=""""","=""Manheim""","=""PA""","=""Journeymen Fall Classic and Women's World Classic"""
"=""9/28/2024""","=""140A""","=""RR Rnd 2""","=""Samson Mckissick Staley""","=""Pittsford Panthers""","=""""","=""BYE""","=""""","=""""","=""Manheim""","=""PA""","=""Journeymen Fall Classic and Women's World Classic"""
"=""9/28/2024""","=""128""","=""RR Rnd 2""","=""Wyatt Rock""","=""Journeymen Wrestling Club""","=""""","=""BYE""","=""""","=""""","=""Manheim""","=""PA""","=""Journeymen Fall Classic and Women's World Classic"""
"=""9/28/2024""","=""140A""","=""RR Rnd 1""","=""Vincent Tripaldi""","=""Empire Wrestling Academy""","=""""","=""BYE""","=""""","=""""","=""Manheim""","=""PA""","=""Journeymen Fall Classic and Women's World Classic"""
"=""9/28/2024""","=""140A""","=""RR Rnd 1""","=""Brooklyn Pickett""","=""Headhunters Wc""","=""15-4""","=""MD""","=""Pierce Kane""","=""Steller Trained""","=""Manheim""","=""PA""","=""Journeymen Fall Classic and Women's World Classic"""
"=""9/28/2024""","=""128""","=""RR Rnd 1""","=""Lukas Ryan""","=""Savage Wrestling Academy""","=""13-1""","=""MD""","=""Logan Price""","=""Lake Highland Prep""","=""Manheim""","=""PA""","=""Journeymen Fall Classic and Women's World Classic"""
"=""9/28/2024""","=""140A""","=""RR Rnd 1""","=""Gavin Duran""","=""Yale Street""","=""9-7""","=""DEC""","=""Ben Aguilar""","=""Legacy Dragons""","=""Manheim""","=""PA""","=""Journeymen Fall Classic and Women's World Classic"""
"=""9/28/2024""","=""128""","=""RR Rnd 1""","=""Frank Leanza""","=""Malvern""","=""""","=""BYE""","=""""","=""""","=""Manheim""","=""PA""","=""Journeymen Fall Classic and Women's World Classic"""
"=""9/28/2024""","=""128""","=""RR Rnd 1""","=""Joseph Guastella""","=""X-calibur""","=""""","=""BYE""","=""""","=""""","=""Manheim""","=""PA""","=""Journeymen Fall Classic and Women's World Classic"""
"=""9/28/2024""","=""140A""","=""RR Rnd 1""","=""Ryan Langenmayr""","=""Ruthless Wrestling Club""","=""""","=""BYE""","=""""","=""""","=""Manheim""","=""PA""","=""Journeymen Fall Classic and Women's World Classic"""
"=""9/28/2024""","=""140A""","=""RR Rnd 1""","=""Bentley Sly""","=""Darkhorse Wrestling""","=""""","=""BYE""","=""""","=""""","=""Manheim""","=""PA""","=""Journeymen Fall Classic and Women's World Classic"""
"=""9/28/2024""","=""140A""","=""RR Rnd 1""","=""Seach Hibler""","=""Apex Wrestling""","=""3-0 0:25""","=""F""","=""Braylon Gonzalez""","=""Gps Wrestling""","=""Manheim""","=""PA""","=""Journeymen Fall Classic and Women's World Classic"""
"=""9/28/2024""","=""128""","=""RR Rnd 1""","=""Wyatt Rock""","=""Journeymen Wrestling Club""","=""6-0 2:49""","=""F""","=""Luke Riker""","=""The Wrestling Coach""","=""Manheim""","=""PA""","=""Journeymen Fall Classic and Women's World Classic"""
"=""9/28/2024""","=""140A""","=""RR Rnd 1""","=""Andrew Pimental""","=""Doughboy""","=""5-0""","=""DEC""","=""Zytavius Williams""","=""Super D Wrestling""","=""Manheim""","=""PA""","=""Journeymen Fall Classic and Women's World Classic"""
"=""9/28/2024""","=""140A""","=""RR Rnd 1""","=""Matthew Almedina""","=""Mat Assassins Wrestling Club""","=""""","=""BYE""","=""""","=""""","=""Manheim""","=""PA""","=""Journeymen Fall Classic and Women's World Classic"""
"=""9/28/2024""","=""140A""","=""RR Rnd 1""","=""Tyler Traves""","=""Legacy Dragons""","=""16-1 2:00""","=""TF""","=""Matthew Dailey""","=""Wyoming Seminary""","=""Manheim""","=""PA""","=""Journeymen Fall Classic and Women's World Classic"""
"=""9/28/2024""","=""140A""","=""RR Rnd 1""","=""Carson Walsh""","=""Edge""","=""17-3""","=""MD""","=""Hayden Haber""","=""X-calibur Athletics Wrestling Club""","=""Manheim""","=""PA""","=""Journeymen Fall Classic and Women's World Classic"""
"=""9/28/2024""","=""140A""","=""RR Rnd 1""","=""Charlie De Sena""","=""Lake Highland Prep""","=""""","=""BYE""","=""""","=""""","=""Manheim""","=""PA""","=""Journeymen Fall Classic and Women's World Classic"""
"=""9/28/2024""","=""140A""","=""RR Rnd 1""","=""Samson Mckissick Staley""","=""Pittsford Panthers""","=""9-0""","=""MD""","=""Brody Carson""","=""Monster Garage""","=""Manheim""","=""PA""","=""Journeymen Fall Classic and Women's World Classic"""
"=""9/28/2024""","=""140A""","=""RR Rnd 1""","=""Mason Knight""","=""Legacy Dragons""","=""""","=""BYE""","=""""","=""""","=""Manheim""","=""PA""","=""Journeymen Fall Classic and Women's World Classic"""
"=""9/28/2024""","=""140A""","=""RR Rnd 1""","=""Colby Houle""","=""Northfield Mount Hermon""","=""""","=""BYE""","=""""","=""""","=""Manheim""","=""PA""","=""Journeymen Fall Classic and Women's World Classic"""
"=""9/28/2024""","=""140A""","=""RR Rnd 1""","=""Mckaden Speece""","=""Steller Trained""","=""""","=""BYE""","=""""","=""""","=""Manheim""","=""PA""","=""Journeymen Fall Classic and Women's World Classic"""
"=""9/28/2024""","=""140A""","=""RR Rnd 1""","=""Jayce Paridon""","=""Lake Highland Prep""","=""16-1 3:11""","=""TF""","=""John Parisi""","=""Gps Wrestling""","=""Manheim""","=""PA""","=""Journeymen Fall Classic and Women's World Classic"""
"=""9/28/2024""","=""160""","=""Consi of 16 #1""","=""Alphonse Milano""","=""Fisheye""","=""""","=""BYE""","=""""","=""""","=""Manheim""","=""PA""","=""Journeymen Fall Classic and Women's World Classic"""
"=""9/28/2024""","=""160""","=""Consi of 16 #1""","=""Landon Pease""","=""Wrestlers Way""","=""""","=""BYE""","=""""","=""""","=""Manheim""","=""PA""","=""Journeymen Fall Classic and Women's World Classic"""
"=""9/28/2024""","=""160""","=""Consi of 16 #2""","=""George Hamilton""","=""Olympic Wrestling Club""","=""""","=""BYE""","=""""","=""""","=""Manheim""","=""PA""","=""Journeymen Fall Classic and Women's World Classic"""
"=""9/28/2024""","=""160""","=""Consi of 16 #2""","=""Suyoung Yang""","=""Wyoming Seminary""","=""""","=""BYE""","=""""","=""""","=""Manheim""","=""PA""","=""Journeymen Fall Classic and Women's World Classic"""
"=""9/28/2024""","=""160""","=""Consi of 16 #2""","=""Jacob Relation""","=""Journeymen Wrestling Club""","=""""","=""BYE""","=""""","=""""","=""Manheim""","=""PA""","=""Journeymen Fall Classic and Women's World Classic"""
"=""9/28/2024""","=""160""","=""Consi of 16 #2""","=""Landon Pease""","=""Wrestlers Way""","=""12-4""","=""MD""","=""William Vanderminden""","=""Journeymen Wrestling Club""","=""Manheim""","=""PA""","=""Journeymen Fall Classic and Women's World Classic"""
"=""9/28/2024""","=""160""","=""Consi of 16 #2""","=""Harrison Muller""","=""Empire""","=""7-1 3:15""","=""F""","=""Alphonse Milano""","=""Fisheye""","=""Manheim""","=""PA""","=""Journeymen Fall Classic and Women's World Classic"""
"=""9/28/2024""","=""160""","=""Consi of 16 #2""","=""Able Fikru""","=""Metrowest United""","=""""","=""BYE""","=""""","=""""","=""Manheim""","=""PA""","=""Journeymen Fall Classic and Women's World Classic"""
"=""9/28/2024""","=""160""","=""Consi of 16 #2""","=""Will Corbett""","=""Yale Street""","=""""","=""BYE""","=""""","=""""","=""Manheim""","=""PA""","=""Journeymen Fall Classic and Women's World Classic"""
"=""9/28/2024""","=""160""","=""Consi of 16 #2""","=""Noah Beshara""","=""Be Well Be Wild Wrestling""","=""""","=""BYE""","=""""","=""""","=""Manheim""","=""PA""","=""Journeymen Fall Classic and Women's World Classic"""
"=""9/28/2024""","=""160""","=""Consi of 8 #1""","=""Harrison Muller""","=""Empire""","=""6-3 3:22""","=""F""","=""Noah Beshara""","=""Be Well Be Wild Wrestling""","=""Manheim""","=""PA""","=""Journeymen Fall Classic and Women's World Classic"""
"=""9/28/2024""","=""160""","=""Consi of 8 #1""","=""George Hamilton""","=""Olympic Wrestling Club""","=""3-0 1:20""","=""F""","=""Suyoung Yang""","=""Wyoming Seminary""","=""Manheim""","=""PA""","=""Journeymen Fall Classic and Women's World Classic"""
"=""9/28/2024""","=""160""","=""Consi of 8 #1""","=""Landon Pease""","=""Wrestlers Way""","=""13-6""","=""DEC""","=""Able Fikru""","=""Metrowest United""","=""Manheim""","=""PA""","=""Journeymen Fall Classic and Women's World Classic"""
"=""9/28/2024""","=""160""","=""Consi of 8 #1""","=""Will Corbett""","=""Yale Street""","=""15-0 3:30""","=""TF""","=""Jacob Relation""","=""Journeymen Wrestling Club""","=""Manheim""","=""PA""","=""Journeymen Fall Classic and Women's World Classic"""
"=""9/28/2024""","=""160""","=""Consi of 8 #2""","=""Ryan Engle""","=""Yale Street""","=""8-0""","=""MD""","=""Will Corbett""","=""Yale Street""","=""Manheim""","=""PA""","=""Journeymen Fall Classic and Women's World Classic"""
"=""9/28/2024""","=""160""","=""Consi of 8 #2""","=""Lucas Gannotti""","=""Silverback Wrestling""","=""8-1""","=""DEC""","=""Landon Pease""","=""Wrestlers Way""","=""Manheim""","=""PA""","=""Journeymen Fall Classic and Women's World Classic"""
"=""9/28/2024""","=""160""","=""Consi of 8 #2""","=""Colton Quinn""","=""Triumph""","=""17-12""","=""DEC""","=""George Hamilton""","=""Olympic Wrestling Club""","=""Manheim""","=""PA""","=""Journeymen Fall Classic and Women's World Classic"""
"=""9/28/2024""","=""160""","=""Consi of 8 #2""","=""Harrison Muller""","=""Empire""","=""5-2 SV""","=""DEC""","=""Dylan Warner""","=""Fisheye""","=""Manheim""","=""PA""","=""Journeymen Fall Classic and Women's World Classic"""
"=""9/28/2024""","=""160""","=""Consi of 4""","=""Ryan Engle""","=""Yale Street""","=""7-0 0:52""","=""F""","=""Harrison Muller""","=""Empire""","=""Manheim""","=""PA""","=""Journeymen Fall Classic and Women's World Classic"""
"=""9/28/2024""","=""140A""","=""Consi of 4""","=""Samson Mckissick Staley""","=""Pittsford Panthers""","=""9-5""","=""DEC""","=""Brooklyn Pickett""","=""Headhunters Wc""","=""Manheim""","=""PA""","=""Journeymen Fall Classic and Women's World Classic"""
"=""9/28/2024""","=""160""","=""Consi of 4""","=""Lucas Gannotti""","=""Silverback Wrestling""","=""15-1""","=""MD""","=""Colton Quinn""","=""Triumph""","=""Manheim""","=""PA""","=""Journeymen Fall Classic and Women's World Classic"""
"=""9/28/2024""","=""140A""","=""Consi of 4""","=""Braylon Gonzalez""","=""Gps Wrestling""","=""0-0""","=""FOR""","=""Vincent Tripaldi""","=""Empire Wrestling Academy""","=""Manheim""","=""PA""","=""Journeymen Fall Classic and Women's World Classic"""
"=""9/28/2024""","=""140A""","=""Consi of 4""","=""Seach Hibler""","=""Apex Wrestling""","=""8-2""","=""DEC""","=""Andrew Pimental""","=""Doughboy""","=""Manheim""","=""PA""","=""Journeymen Fall Classic and Women's World Classic"""
"=""9/28/2024""","=""140A""","=""Consi of 4""","=""Colby Houle""","=""Northfield Mount Hermon""","=""14-0""","=""MD""","=""Matthew Dailey""","=""Wyoming Seminary""","=""Manheim""","=""PA""","=""Journeymen Fall Classic and Women's World Classic"""
"=""9/28/2024""","=""140A""","=""Consi of 4""","=""Mckaden Speece""","=""Steller Trained""","=""""","=""M FOR""","=""Carson Walsh""","=""Edge""","=""Manheim""","=""PA""","=""Journeymen Fall Classic and Women's World Classic"""
"=""9/28/2024""","=""140A""","=""Consi of 4""","=""John Parisi""","=""Gps Wrestling""","=""6-3""","=""DEC""","=""Brody Carson""","=""Monster Garage""","=""Manheim""","=""PA""","=""Journeymen Fall Classic and Women's World Classic"""
"=""9/28/2024""","=""160""","=""Consi-Semis""","=""Lucas Gannotti""","=""Silverback Wrestling""","=""8-5""","=""DEC""","=""Rocco Zagorites""","=""Impact Wrestling Academy""","=""Manheim""","=""PA""","=""Journeymen Fall Classic and Women's World Classic"""
"=""9/28/2024""","=""160""","=""Consi-Semis""","=""Ryan Engle""","=""Yale Street""","=""15-0 3:13""","=""TF""","=""James Rocco""","=""Iron Faith  /  Barrington High School""","=""Manheim""","=""PA""","=""Journeymen Fall Classic and Women's World Classic"""
"=""9/28/2024""","=""140A""","=""7th Place""","=""Brody Carson""","=""Monster Garage""","=""0-0""","=""FOR""","=""Vincent Tripaldi""","=""Empire Wrestling Academy""","=""Manheim""","=""PA""","=""Journeymen Fall Classic and Women's World Classic"""
"=""9/28/2024""","=""140A""","=""7th Place""","=""Brooklyn Pickett""","=""Headhunters Wc""","=""""","=""M FOR""","=""Carson Walsh""","=""Edge""","=""Manheim""","=""PA""","=""Journeymen Fall Classic and Women's World Classic"""
"=""9/28/2024""","=""140A""","=""7th Place""","=""Matthew Dailey""","=""Wyoming Seminary""","=""8-0""","=""MD""","=""Andrew Pimental""","=""Doughboy""","=""Manheim""","=""PA""","=""Journeymen Fall Classic and Women's World Classic"""
"=""9/28/2024""","=""140A""","=""5th Place""","=""Braylon Gonzalez""","=""Gps Wrestling""","=""15-0 4:23""","=""TF""","=""John Parisi""","=""Gps Wrestling""","=""Manheim""","=""PA""","=""Journeymen Fall Classic and Women's World Classic"""
"=""9/28/2024""","=""140A""","=""5th Place""","=""Colby Houle""","=""Northfield Mount Hermon""","=""3-2""","=""DEC""","=""Seach Hibler""","=""Apex Wrestling""","=""Manheim""","=""PA""","=""Journeymen Fall Classic and Women's World Classic"""
"=""9/28/2024""","=""140A""","=""5th Place""","=""Mckaden Speece""","=""Steller Trained""","=""18-3 4:34""","=""TF""","=""Samson Mckissick Staley""","=""Pittsford Panthers""","=""Manheim""","=""PA""","=""Journeymen Fall Classic and Women's World Classic"""
"=""9/28/2024""","=""160""","=""3rd Place""","=""Ryan Engle""","=""Yale Street""","=""19-3 4:29""","=""TF""","=""Lucas Gannotti""","=""Silverback Wrestling""","=""Manheim""","=""PA""","=""Journeymen Fall Classic and Women's World Classic"""
"=""9/28/2024""","=""140A""","=""3rd Place""","=""Zytavius Williams""","=""Super D Wrestling""","=""""","=""M FOR""","=""Ryan Langenmayr""","=""Ruthless Wrestling Club""","=""Manheim""","=""PA""","=""Journeymen Fall Classic and Women's World Classic"""
"=""9/28/2024""","=""140A""","=""3rd Place""","=""Tyler Traves""","=""Legacy Dragons""","=""14-4""","=""MD""","=""Bentley Sly""","=""Darkhorse Wrestling""","=""Manheim""","=""PA""","=""Journeymen Fall Classic and Women's World Classic"""
"=""9/28/2024""","=""140A""","=""3rd Place""","=""Hayden Haber""","=""X-calibur Athletics Wrestling Club""","=""7-6""","=""DEC""","=""Mason Knight""","=""Legacy Dragons""","=""Manheim""","=""PA""","=""Journeymen Fall Classic and Women's World Classic"""
"=""9/28/2024""","=""160""","=""Round of 32""","=""Blake Jacobson""","=""Impact""","=""""","=""BYE""","=""""","=""""","=""Manheim""","=""PA""","=""Journeymen Fall Classic and Women's World Classic"""
"=""9/28/2024""","=""160""","=""Round of 32""","=""Harrison Muller""","=""Empire""","=""11-0""","=""MD""","=""Landon Pease""","=""Wrestlers Way""","=""Manheim""","=""PA""","=""Journeymen Fall Classic and Women's World Classic"""
"=""9/28/2024""","=""160""","=""Round of 32""","=""Colton Quinn""","=""Triumph""","=""""","=""BYE""","=""""","=""""","=""Manheim""","=""PA""","=""Journeymen Fall Classic and Women's World Classic"""
"=""9/28/2024""","=""160""","=""Round of 32""","=""Dylan Warner""","=""Fisheye""","=""""","=""BYE""","=""""","=""""","=""Manheim""","=""PA""","=""Journeymen Fall Classic and Women's World Classic"""
"=""9/28/2024""","=""160""","=""Round of 32""","=""William Vanderminden""","=""Journeymen Wrestling Club""","=""3-0 0:24""","=""F""","=""Alphonse Milano""","=""Fisheye""","=""Manheim""","=""PA""","=""Journeymen Fall Classic and Women's World Classic"""
"=""9/28/2024""","=""160""","=""Round of 32""","=""Suyoung Yang""","=""Wyoming Seminary""","=""""","=""BYE""","=""""","=""""","=""Manheim""","=""PA""","=""Journeymen Fall Classic and Women's World Classic"""
"=""9/28/2024""","=""160""","=""Round of 32""","=""Lucas Gannotti""","=""Silverback Wrestling""","=""""","=""BYE""","=""""","=""""","=""Manheim""","=""PA""","=""Journeymen Fall Classic and Women's World Classic"""
"=""9/28/2024""","=""160""","=""Round of 32""","=""Will Corbett""","=""Yale Street""","=""""","=""BYE""","=""""","=""""","=""Manheim""","=""PA""","=""Journeymen Fall Classic and Women's World Classic"""
"=""9/28/2024""","=""160""","=""Round of 32""","=""Rocco Zagorites""","=""Impact Wrestling Academy""","=""""","=""BYE""","=""""","=""""","=""Manheim""","=""PA""","=""Journeymen Fall Classic and Women's World Classic"""
"=""9/28/2024""","=""160""","=""Round of 32""","=""Ryan Engle""","=""Yale Street""","=""""","=""BYE""","=""""","=""""","=""Manheim""","=""PA""","=""Journeymen Fall Classic and Women's World Classic"""
"=""9/28/2024""","=""160""","=""Round of 32""","=""Jacob Relation""","=""Journeymen Wrestling Club""","=""""","=""BYE""","=""""","=""""","=""Manheim""","=""PA""","=""Journeymen Fall Classic and Women's World Classic"""
"=""9/28/2024""","=""160""","=""Round of 32""","=""James Rocco""","=""Iron Faith  /  Barrington High School""","=""""","=""BYE""","=""""","=""""","=""Manheim""","=""PA""","=""Journeymen Fall Classic and Women's World Classic"""
"=""9/28/2024""","=""160""","=""Round of 32""","=""George Hamilton""","=""Olympic Wrestling Club""","=""""","=""BYE""","=""""","=""""","=""Manheim""","=""PA""","=""Journeymen Fall Classic and Women's World Classic"""
"=""9/28/2024""","=""160""","=""Round of 32""","=""Adrian Guzman""","=""Metrowest United""","=""""","=""BYE""","=""""","=""""","=""Manheim""","=""PA""","=""Journeymen Fall Classic and Women's World Classic"""
"=""9/28/2024""","=""160""","=""Round of 32""","=""Able Fikru""","=""Metrowest United""","=""""","=""BYE""","=""""","=""""","=""Manheim""","=""PA""","=""Journeymen Fall Classic and Women's World Classic"""
"=""9/28/2024""","=""160""","=""Round of 32""","=""Noah Beshara""","=""Be Well Be Wild Wrestling""","=""""","=""BYE""","=""""","=""""","=""Manheim""","=""PA""","=""Journeymen Fall Classic and Women's World Classic"""
"=""9/28/2024""","=""160""","=""Round of 16""","=""James Rocco""","=""Iron Faith  /  Barrington High School""","=""8-7 2:18""","=""F""","=""Noah Beshara""","=""Be Well Be Wild Wrestling""","=""Manheim""","=""PA""","=""Journeymen Fall Classic and Women's World Classic"""
"=""9/28/2024""","=""160""","=""Round of 16""","=""Adrian Guzman""","=""Metrowest United""","=""11-4""","=""DEC""","=""Will Corbett""","=""Yale Street""","=""Manheim""","=""PA""","=""Journeymen Fall Classic and Women's World Classic"""
"=""9/28/2024""","=""160""","=""Round of 16""","=""Dylan Warner""","=""Fisheye""","=""4-0 3:58""","=""F""","=""Suyoung Yang""","=""Wyoming Seminary""","=""Manheim""","=""PA""","=""Journeymen Fall Classic and Women's World Classic"""
"=""9/28/2024""","=""160""","=""Round of 16""","=""Colton Quinn""","=""Triumph""","=""8-3""","=""DEC""","=""Harrison Muller""","=""Empire""","=""Manheim""","=""PA""","=""Journeymen Fall Classic and Women's World Classic"""
"=""9/28/2024""","=""160""","=""Round of 16""","=""Ryan Engle""","=""Yale Street""","=""8-0 2:41""","=""F""","=""Able Fikru""","=""Metrowest United""","=""Manheim""","=""PA""","=""Journeymen Fall Classic and Women's World Classic"""
"=""9/28/2024""","=""160""","=""Round of 16""","=""Lucas Gannotti""","=""Silverback Wrestling""","=""7-0 3:16""","=""F""","=""Jacob Relation""","=""Journeymen Wrestling Club""","=""Manheim""","=""PA""","=""Journeymen Fall Classic and Women's World Classic"""
"=""9/28/2024""","=""160""","=""Round of 16""","=""Blake Jacobson""","=""Impact""","=""24-8 3:40""","=""TF""","=""William Vanderminden""","=""Journeymen Wrestling Club""","=""Manheim""","=""PA""","=""Journeymen Fall Classic and Women's World Classic"""
"=""9/28/2024""","=""160""","=""Round of 16""","=""Rocco Zagorites""","=""Impact Wrestling Academy""","=""13-3 2:35""","=""F""","=""George Hamilton""","=""Olympic Wrestling Club""","=""Manheim""","=""PA""","=""Journeymen Fall Classic and Women's World Classic"""
"=""9/28/2024""","=""140A""","=""Quarter-Finals""","=""Mason Knight""","=""Legacy Dragons""","=""15-0 4:46""","=""TF""","=""Matthew Dailey""","=""Wyoming Seminary""","=""Manheim""","=""PA""","=""Journeymen Fall Classic and Women's World Classic"""
"=""9/28/2024""","=""140A""","=""Quarter-Finals""","=""Zytavius Williams""","=""Super D Wrestling""","=""""","=""FOR""","=""Vincent Tripaldi""","=""Empire Wrestling Academy""","=""Manheim""","=""PA""","=""Journeymen Fall Classic and Women's World Classic"""
"=""9/28/2024""","=""140A""","=""Quarter-Finals""","=""Matthew Almedina""","=""Mat Assassins Wrestling Club""","=""7-1""","=""DEC""","=""Colby Houle""","=""Northfield Mount Hermon""","=""Manheim""","=""PA""","=""Journeymen Fall Classic and Women's World Classic"""
"=""9/28/2024""","=""140A""","=""Quarter-Finals""","=""Ben Aguilar""","=""Legacy Dragons""","=""5-1""","=""DEC""","=""Braylon Gonzalez""","=""Gps Wrestling""","=""Manheim""","=""PA""","=""Journeymen Fall Classic and Women's World Classic"""
"=""9/28/2024""","=""140A""","=""Quarter-Finals""","=""Charlie De Sena""","=""Lake Highland Prep""","=""4-2""","=""DEC""","=""Mckaden Speece""","=""Steller Trained""","=""Manheim""","=""PA""","=""Journeymen Fall Classic and Women's World Classic"""
"=""9/28/2024""","=""160""","=""Quarter-Finals""","=""James Rocco""","=""Iron Faith  /  Barrington High School""","=""8-4""","=""DEC""","=""Colton Quinn""","=""Triumph""","=""Manheim""","=""PA""","=""Journeymen Fall Classic and Women's World Classic"""
"=""9/28/2024""","=""140A""","=""Quarter-Finals""","=""Gavin Duran""","=""Yale Street""","=""5-0""","=""DEC""","=""Seach Hibler""","=""Apex Wrestling""","=""Manheim""","=""PA""","=""Journeymen Fall Classic and Women's World Classic"""
"=""9/28/2024""","=""160""","=""Quarter-Finals""","=""Rocco Zagorites""","=""Impact Wrestling Academy""","=""15-1 3:58""","=""F""","=""Dylan Warner""","=""Fisheye""","=""Manheim""","=""PA""","=""Journeymen Fall Classic and Women's World Classic"""
"=""9/28/2024""","=""140A""","=""Quarter-Finals""","=""Bentley Sly""","=""Darkhorse Wrestling""","=""11-6""","=""DEC""","=""Carson Walsh""","=""Edge""","=""Manheim""","=""PA""","=""Journeymen Fall Classic and Women's World Classic"""
"=""9/28/2024""","=""160""","=""Quarter-Finals""","=""Adrian Guzman""","=""Metrowest United""","=""7-5""","=""DEC""","=""Lucas Gannotti""","=""Silverback Wrestling""","=""Manheim""","=""PA""","=""Journeymen Fall Classic and Women's World Classic"""
"=""9/28/2024""","=""140A""","=""Quarter-Finals""","=""Tyler Traves""","=""Legacy Dragons""","=""16-6""","=""MD""","=""Samson Mckissick Staley""","=""Pittsford Panthers""","=""Manheim""","=""PA""","=""Journeymen Fall Classic and Women's World Classic"""
"=""9/28/2024""","=""140A""","=""Quarter-Finals""","=""Ryan Langenmayr""","=""Ruthless Wrestling Club""","=""18-1 4:56""","=""TF""","=""Brody Carson""","=""Monster Garage""","=""Manheim""","=""PA""","=""Journeymen Fall Classic and Women's World Classic"""
"=""9/28/2024""","=""140A""","=""Quarter-Finals""","=""Jayce Paridon""","=""Lake Highland Prep""","=""8-3""","=""DEC""","=""Brooklyn Pickett""","=""Headhunters Wc""","=""Manheim""","=""PA""","=""Journeymen Fall Classic and Women's World Classic"""
"=""9/28/2024""","=""160""","=""Quarter-Finals""","=""Blake Jacobson""","=""Impact""","=""11-6""","=""DEC""","=""Ryan Engle""","=""Yale Street""","=""Manheim""","=""PA""","=""Journeymen Fall Classic and Women's World Classic"""
"=""9/28/2024""","=""140A""","=""Quarter-Finals""","=""Pierce Kane""","=""Steller Trained""","=""10-0""","=""MD""","=""John Parisi""","=""Gps Wrestling""","=""Manheim""","=""PA""","=""Journeymen Fall Classic and Women's World Classic"""
"=""9/28/2024""","=""140A""","=""Quarter-Finals""","=""Hayden Haber""","=""X-calibur Athletics Wrestling Club""","=""1-0""","=""DEC""","=""Andrew Pimental""","=""Doughboy""","=""Manheim""","=""PA""","=""Journeymen Fall Classic and Women's World Classic"""
"=""9/28/2024""","=""140A""","=""Semi-Finals""","=""Matthew Almedina""","=""Mat Assassins Wrestling Club""","=""4-2""","=""DEC""","=""Mason Knight""","=""Legacy Dragons""","=""Manheim""","=""PA""","=""Journeymen Fall Classic and Women's World Classic"""
"=""9/28/2024""","=""140A""","=""Semi-Finals""","=""Jayce Paridon""","=""Lake Highland Prep""","=""4-0""","=""DEC""","=""Tyler Traves""","=""Legacy Dragons""","=""Manheim""","=""PA""","=""Journeymen Fall Classic and Women's World Classic"""
"=""9/28/2024""","=""140A""","=""Semi-Finals""","=""Pierce Kane""","=""Steller Trained""","=""""","=""M FOR""","=""Ryan Langenmayr""","=""Ruthless Wrestling Club""","=""Manheim""","=""PA""","=""Journeymen Fall Classic and Women's World Classic"""
"=""9/28/2024""","=""160""","=""Semi-Finals""","=""Adrian Guzman""","=""Metrowest United""","=""10-5""","=""DEC""","=""James Rocco""","=""Iron Faith  /  Barrington High School""","=""Manheim""","=""PA""","=""Journeymen Fall Classic and Women's World Classic"""
"=""9/28/2024""","=""140A""","=""Semi-Finals""","=""Gavin Duran""","=""Yale Street""","=""11-2 2:02""","=""F""","=""Hayden Haber""","=""X-calibur Athletics Wrestling Club""","=""Manheim""","=""PA""","=""Journeymen Fall Classic and Women's World Classic"""
"=""9/28/2024""","=""140A""","=""Semi-Finals""","=""Charlie De Sena""","=""Lake Highland Prep""","=""6-5""","=""DEC""","=""Bentley Sly""","=""Darkhorse Wrestling""","=""Manheim""","=""PA""","=""Journeymen Fall Classic and Women's World Classic"""
"=""9/28/2024""","=""160""","=""Semi-Finals""","=""Blake Jacobson""","=""Impact""","=""17-1 3:30""","=""TF""","=""Rocco Zagorites""","=""Impact Wrestling Academy""","=""Manheim""","=""PA""","=""Journeymen Fall Classic and Women's World Classic"""
"=""9/28/2024""","=""140A""","=""Semi-Finals""","=""Ben Aguilar""","=""Legacy Dragons""","=""14-3""","=""MD""","=""Zytavius Williams""","=""Super D Wrestling""","=""Manheim""","=""PA""","=""Journeymen Fall Classic and Women's World Classic"""
"=""9/28/2024""","=""128""","=""Finals""","=""Lukas Ryan""","=""Savage Wrestling Academy""","=""12-1""","=""MD""","=""Wyatt Rock""","=""Journeymen Wrestling Club""","=""Manheim""","=""PA""","=""Journeymen Fall Classic and Women's World Classic"""
"=""9/28/2024""","=""128""","=""Finals""","=""Frank Leanza""","=""Malvern""","=""3-0 0:20""","=""F""","=""Joseph Guastella""","=""X-calibur""","=""Manheim""","=""PA""","=""Journeymen Fall Classic and Women's World Classic"""
"=""9/28/2024""","=""128""","=""Finals""","=""Logan Price""","=""Lake Highland Prep""","=""15-4""","=""MD""","=""Luke Riker""","=""The Wrestling Coach""","=""Manheim""","=""PA""","=""Journeymen Fall Classic and Women's World Classic"""
"=""9/28/2024""","=""140A""","=""Finals""","=""Gavin Duran""","=""Yale Street""","=""14-4""","=""MD""","=""Matthew Almedina""","=""Mat Assassins Wrestling Club""","=""Manheim""","=""PA""","=""Journeymen Fall Classic and Women's World Classic"""
"=""9/28/2024""","=""140A""","=""Finals""","=""Ben Aguilar""","=""Legacy Dragons""","=""15-5""","=""MD""","=""Pierce Kane""","=""Steller Trained""","=""Manheim""","=""PA""","=""Journeymen Fall Classic and Women's World Classic"""
"=""9/28/2024""","=""140A""","=""Finals""","=""Jayce Paridon""","=""Lake Highland Prep""","=""7-0""","=""DEC""","=""Charlie De Sena""","=""Lake Highland Prep""","=""Manheim""","=""PA""","=""Journeymen Fall Classic and Women's World Classic"""
"=""9/28/2024""","=""160""","=""Finals""","=""Blake Jacobson""","=""Impact""","=""19-3 3:16""","=""TF""","=""Adrian Guzman""","=""Metrowest United""","=""Manheim""","=""PA""","=""Journeymen Fall Classic and Women's World Classic"""
"=""9/28/2024""","=""140B""","=""RR Rnd 5""","=""Francis Burke""","=""Elizabethtown""","=""4-0""","=""DEC""","=""Neil M Paulercio""","=""Gps Wrestling""","=""Manheim""","=""PA""","=""Journeymen Fall Classic and Women's World Classic"""
"=""9/28/2024""","=""140B""","=""RR Rnd 5""","=""Colten Jones""","=""Impact Wrestling Acadamy""","=""""","=""BYE""","=""""","=""""","=""Manheim""","=""PA""","=""Journeymen Fall Classic and Women's World Classic"""
"=""9/28/2024""","=""140B""","=""RR Rnd 5""","=""Gideon 3G Gonzalez""","=""Edge""","=""19-3 4:23""","=""TF""","=""Nicholas Griffin""","=""Garden City""","=""Manheim""","=""PA""","=""Journeymen Fall Classic and Women's World Classic"""
"=""9/28/2024""","=""140B""","=""RR Rnd 4""","=""Colten Jones""","=""Impact Wrestling Acadamy""","=""17-0 4:51""","=""TF""","=""Nicholas Griffin""","=""Garden City""","=""Manheim""","=""PA""","=""Journeymen Fall Classic and Women's World Classic"""
"=""9/28/2024""","=""140B""","=""RR Rnd 4""","=""Gideon 3G Gonzalez""","=""Edge""","=""19-4 4:18""","=""TF""","=""Neil M Paulercio""","=""Gps Wrestling""","=""Manheim""","=""PA""","=""Journeymen Fall Classic and Women's World Classic"""
"=""9/28/2024""","=""140B""","=""RR Rnd 4""","=""Francis Burke""","=""Elizabethtown""","=""""","=""BYE""","=""""","=""""","=""Manheim""","=""PA""","=""Journeymen Fall Classic and Women's World Classic"""
"=""9/28/2024""","=""136""","=""RR Rnd 3""","=""Kadin Martin""","=""Scoring Edge""","=""11-5 4:19""","=""F""","=""Lucas Drake""","=""Mat Assassins""","=""Manheim""","=""PA""","=""Journeymen Fall Classic and Women's World Classic"""
"=""9/28/2024""","=""136""","=""RR Rnd 3""","=""Ryan Ivy""","=""Journeymen Wrestling Club""","=""""","=""BYE""","=""""","=""""","=""Manheim""","=""PA""","=""Journeymen Fall Classic and Women's World Classic"""
"=""9/28/2024""","=""136""","=""RR Rnd 3""","=""Micah Engelman""","=""Mat Assassins""","=""6-0 4:05""","=""F""","=""Ahmet Zaggout""","=""Gorilla Grapplers""","=""Manheim""","=""PA""","=""Journeymen Fall Classic and Women's World Classic"""
"=""9/28/2024""","=""140B""","=""RR Rnd 3""","=""Nicholas Griffin""","=""Garden City""","=""""","=""BYE""","=""""","=""""","=""Manheim""","=""PA""","=""Journeymen Fall Classic and Women's World Classic"""
"=""9/28/2024""","=""136""","=""RR Rnd 3""","=""Daniel Sheehan""","=""Smittys Barn""","=""16-0 2:25""","=""TF""","=""Robert Mcneal""","=""District 3 Wrestling""","=""Manheim""","=""PA""","=""Journeymen Fall Classic and Women's World Classic"""
"=""9/28/2024""","=""140B""","=""RR Rnd 3""","=""Colten Jones""","=""Impact Wrestling Acadamy""","=""9-8""","=""DEC""","=""Neil M Paulercio""","=""Gps Wrestling""","=""Manheim""","=""PA""","=""Journeymen Fall Classic and Women's World Classic"""
"=""9/28/2024""","=""140B""","=""RR Rnd 3""","=""Gideon 3G Gonzalez""","=""Edge""","=""15-4""","=""MD""","=""Francis Burke""","=""Elizabethtown""","=""Manheim""","=""PA""","=""Journeymen Fall Classic and Women's World Classic"""
"=""9/28/2024""","=""140B""","=""RR Rnd 2""","=""Neil M Paulercio""","=""Gps Wrestling""","=""13-2""","=""MD""","=""Nicholas Griffin""","=""Garden City""","=""Manheim""","=""PA""","=""Journeymen Fall Classic and Women's World Classic"""
"=""9/28/2024""","=""140B""","=""RR Rnd 2""","=""Gideon 3G Gonzalez""","=""Edge""","=""""","=""BYE""","=""""","=""""","=""Manheim""","=""PA""","=""Journeymen Fall Classic and Women's World Classic"""
"=""9/28/2024""","=""140B""","=""RR Rnd 2""","=""Francis Burke""","=""Elizabethtown""","=""4-1""","=""DEC""","=""Colten Jones""","=""Impact Wrestling Acadamy""","=""Manheim""","=""PA""","=""Journeymen Fall Classic and Women's World Classic"""
"=""9/28/2024""","=""136""","=""RR Rnd 2""","=""Kadin Martin""","=""Scoring Edge""","=""19-3 1:39""","=""TF""","=""Daniel Sheehan""","=""Smittys Barn""","=""Manheim""","=""PA""","=""Journeymen Fall Classic and Women's World Classic"""
"=""9/28/2024""","=""136""","=""RR Rnd 2""","=""Ahmet Zaggout""","=""Gorilla Grapplers""","=""""","=""BYE""","=""""","=""""","=""Manheim""","=""PA""","=""Journeymen Fall Classic and Women's World Classic"""
"=""9/28/2024""","=""136""","=""RR Rnd 2""","=""Micah Engelman""","=""Mat Assassins""","=""6-1 1:21""","=""F""","=""Ryan Ivy""","=""Journeymen Wrestling Club""","=""Manheim""","=""PA""","=""Journeymen Fall Classic and Women's World Classic"""
"=""9/28/2024""","=""136""","=""RR Rnd 2""","=""Lucas Drake""","=""Mat Assassins""","=""16-0 1:49""","=""TF""","=""Robert Mcneal""","=""District 3 Wrestling""","=""Manheim""","=""PA""","=""Journeymen Fall Classic and Women's World Classic"""
"=""9/28/2024""","=""140B""","=""RR Rnd 1""","=""Neil M Paulercio""","=""Gps Wrestling""","=""""","=""BYE""","=""""","=""""","=""Manheim""","=""PA""","=""Journeymen Fall Classic and Women's World Classic"""
"=""9/28/2024""","=""136""","=""RR Rnd 1""","=""Ahmet Zaggout""","=""Gorilla Grapplers""","=""11-3""","=""MD""","=""Ryan Ivy""","=""Journeymen Wrestling Club""","=""Manheim""","=""PA""","=""Journeymen Fall Classic and Women's World Classic"""
"=""9/28/2024""","=""136""","=""RR Rnd 1""","=""Micah Engelman""","=""Mat Assassins""","=""""","=""BYE""","=""""","=""""","=""Manheim""","=""PA""","=""Journeymen Fall Classic and Women's World Classic"""
"=""9/28/2024""","=""140B""","=""RR Rnd 1""","=""Gideon 3G Gonzalez""","=""Edge""","=""10-1""","=""MD""","=""Colten Jones""","=""Impact Wrestling Acadamy""","=""Manheim""","=""PA""","=""Journeymen Fall Classic and Women's World Classic"""
"=""9/28/2024""","=""136""","=""RR Rnd 1""","=""Lucas Drake""","=""Mat Assassins""","=""16-1 2:26""","=""TF""","=""Daniel Sheehan""","=""Smittys Barn""","=""Manheim""","=""PA""","=""Journeymen Fall Classic and Women's World Classic"""
"=""9/28/2024""","=""136""","=""RR Rnd 1""","=""Kadin Martin""","=""Scoring Edge""","=""20-3 1:29""","=""TF""","=""Robert Mcneal""","=""District 3 Wrestling""","=""Manheim""","=""PA""","=""Journeymen Fall Classic and Women's World Classic"""
"=""9/28/2024""","=""140B""","=""RR Rnd 1""","=""Francis Burke""","=""Elizabethtown""","=""7-0""","=""DEC""","=""Nicholas Griffin""","=""Garden City""","=""Manheim""","=""PA""","=""Journeymen Fall Classic and Women's World Classic"""
"=""9/28/2024""","=""136""","=""RR Rnd 1""","=""Robert Mcneal""","=""District 3 Wrestling""","=""""","=""BYE""","=""""","=""""","=""Manheim""","=""PA""","=""Journeymen Fall Classic and Women's World Classic"""
"=""9/28/2024""","=""170""","=""Consi of 16 #1""","=""Jesse Woodson""","=""Impact Wrestling Academy/james Wood High School""","=""""","=""BYE""","=""""","=""""","=""Manheim""","=""PA""","=""Journeymen Fall Classic and Women's World Classic"""
"=""9/28/2024""","=""170""","=""Consi of 16 #1""","=""Gavin Parker""","=""Hammer Club""","=""""","=""BYE""","=""""","=""""","=""Manheim""","=""PA""","=""Journeymen Fall Classic and Women's World Classic"""
"=""9/28/2024""","=""170""","=""Consi of 16 #1""","=""Koyo Keiter""","=""Btsnyc""","=""""","=""BYE""","=""""","=""""","=""Manheim""","=""PA""","=""Journeymen Fall Classic and Women's World Classic"""
"=""9/28/2024""","=""170""","=""Consi of 16 #2""","=""Austin Brabant""","=""K-bay""","=""""","=""BYE""","=""""","=""""","=""Manheim""","=""PA""","=""Journeymen Fall Classic and Women's World Classic"""
"=""9/28/2024""","=""170""","=""Consi of 16 #2""","=""Mathew Murillo""","=""Btsnyc""","=""6-3 2:21""","=""F""","=""Koyo Keiter""","=""Btsnyc""","=""Manheim""","=""PA""","=""Journeymen Fall Classic and Women's World Classic"""
"=""9/28/2024""","=""170""","=""Consi of 16 #2""","=""Domenic Maturo""","=""Fisheye""","=""""","=""BYE""","=""""","=""""","=""Manheim""","=""PA""","=""Journeymen Fall Classic and Women's World Classic"""
"=""9/28/2024""","=""170""","=""Consi of 16 #2""","=""Brooks Mcmahon""","=""Fisheye""","=""""","=""BYE""","=""""","=""""","=""Manheim""","=""PA""","=""Journeymen Fall Classic and Women's World Classic"""
"=""9/28/2024""","=""170""","=""Consi of 16 #2""","=""Jack Lilly""","=""Southside Wrestling Club""","=""""","=""BYE""","=""""","=""""","=""Manheim""","=""PA""","=""Journeymen Fall Classic and Women's World Classic"""
"=""9/28/2024""","=""170""","=""Consi of 16 #2""","=""Noah Dunster""","=""Spaulding Highschool""","=""""","=""BYE""","=""""","=""""","=""Manheim""","=""PA""","=""Journeymen Fall Classic and Women's World Classic"""
"=""9/28/2024""","=""170""","=""Consi of 16 #2""","=""Maximus Gutman""","=""Oceanside Wrestling""","=""15-0 2:36""","=""TF""","=""Jesse Woodson""","=""Impact Wrestling Academy/james Wood High School""","=""Manheim""","=""PA""","=""Journeymen Fall Classic and Women's World Classic"""
"=""9/28/2024""","=""170""","=""Consi of 16 #2""","=""Liam Thoma""","=""Yale Street""","=""7-0 0:37""","=""F""","=""Gavin Parker""","=""Hammer Club""","=""Manheim""","=""PA""","=""Journeymen Fall Classic and Women's World Classic"""
"=""9/28/2024""","=""170""","=""Consi of 8 #1""","=""Liam Thoma""","=""Yale Street""","=""7-0 0:44""","=""F""","=""Noah Dunster""","=""Spaulding Highschool""","=""Manheim""","=""PA""","=""Journeymen Fall Classic and Women's World Classic"""
"=""9/28/2024""","=""170""","=""Consi of 8 #1""","=""Domenic Maturo""","=""Fisheye""","=""6-1 1:44""","=""F""","=""Mathew Murillo""","=""Btsnyc""","=""Manheim""","=""PA""","=""Journeymen Fall Classic and Women's World Classic"""
"=""9/28/2024""","=""170""","=""Consi of 8 #1""","=""Austin Brabant""","=""K-bay""","=""3-0 0:41""","=""F""","=""Brooks Mcmahon""","=""Fisheye""","=""Manheim""","=""PA""","=""Journeymen Fall Classic and Women's World Classic"""
"=""9/28/2024""","=""170""","=""Consi of 8 #1""","=""Jack Lilly""","=""Southside Wrestling Club""","=""3-0 1:58""","=""F""","=""Maximus Gutman""","=""Oceanside Wrestling""","=""Manheim""","=""PA""","=""Journeymen Fall Classic and Women's World Classic"""
"=""9/28/2024""","=""170""","=""Consi of 8 #2""","=""Luke Driscoll""","=""Metrowest United""","=""3-0 0:53""","=""F""","=""Domenic Maturo""","=""Fisheye""","=""Manheim""","=""PA""","=""Journeymen Fall Classic and Women's World Classic"""
"=""9/28/2024""","=""170""","=""Consi of 8 #2""","=""Austin Brabant""","=""K-bay""","=""6-3 1:38""","=""F""","=""Jake Thompson""","=""Metrowest United""","=""Manheim""","=""PA""","=""Journeymen Fall Classic and Women's World Classic"""
"=""9/28/2024""","=""170""","=""Consi of 8 #2""","=""Liam Thoma""","=""Yale Street""","=""7-1 4:16""","=""F""","=""Jhayvon Napoleon""","=""Metrowest United""","=""Manheim""","=""PA""","=""Journeymen Fall Classic and Women's World Classic"""
"=""9/28/2024""","=""170""","=""Consi of 8 #2""","=""Sawyer Ayotte""","=""Metrowest United""","=""10-1 2:20""","=""F""","=""Jack Lilly""","=""Southside Wrestling Club""","=""Manheim""","=""PA""","=""Journeymen Fall Classic and Women's World Classic"""
"=""9/28/2024""","=""170""","=""Consi of 4""","=""Luke Driscoll""","=""Metrowest United""","=""7-0 1:36""","=""F""","=""Austin Brabant""","=""K-bay""","=""Manheim""","=""PA""","=""Journeymen Fall Classic and Women's World Classic"""
"=""9/28/2024""","=""170""","=""Consi of 4""","=""Sawyer Ayotte""","=""Metrowest United""","=""5-4""","=""DEC""","=""Liam Thoma""","=""Yale Street""","=""Manheim""","=""PA""","=""Journeymen Fall Classic and Women's World Classic"""
"=""9/28/2024""","=""170""","=""Consi-Semis""","=""Luke Driscoll""","=""Metrowest United""","=""0-0 0:00""","=""M FOR""","=""Maxx Fesinger""","=""Pitcrew""","=""Manheim""","=""PA""","=""Journeymen Fall Classic and Women's World Classic"""
"=""9/28/2024""","=""170""","=""Consi-Semis""","=""Sawyer Ayotte""","=""Metrowest United""","=""3-0 0:28""","=""F""","=""Matthew Pappas""","=""Iron Faith""","=""Manheim""","=""PA""","=""Journeymen Fall Classic and Women's World Classic"""
"=""9/28/2024""","=""170""","=""3rd Place""","=""Sawyer Ayotte""","=""Metrowest United""","=""2-1""","=""DEC""","=""Luke Driscoll""","=""Metrowest United""","=""Manheim""","=""PA""","=""Journeymen Fall Classic and Women's World Classic"""
"=""9/28/2024""","=""170""","=""Round of 32""","=""Domenic Maturo""","=""Fisheye""","=""""","=""BYE""","=""""","=""""","=""Manheim""","=""PA""","=""Journeymen Fall Classic and Women's World Classic"""
"=""9/28/2024""","=""170""","=""Round of 32""","=""Maxx Fesinger""","=""Pitcrew""","=""""","=""BYE""","=""""","=""""","=""Manheim""","=""PA""","=""Journeymen Fall Classic and Women's World Classic"""
"=""9/28/2024""","=""170""","=""Round of 32""","=""Jake Thompson""","=""Metrowest United""","=""""","=""BYE""","=""""","=""""","=""Manheim""","=""PA""","=""Journeymen Fall Classic and Women's World Classic"""
"=""9/28/2024""","=""170""","=""Round of 32""","=""Austin Brabant""","=""K-bay""","=""3-0 0:26""","=""F""","=""Gavin Parker""","=""Hammer Club""","=""Manheim""","=""PA""","=""Journeymen Fall Classic and Women's World Classic"""
"=""9/28/2024""","=""170""","=""Round of 32""","=""Matthew Pappas""","=""Iron Faith""","=""""","=""BYE""","=""""","=""""","=""Manheim""","=""PA""","=""Journeymen Fall Classic and Women's World Classic"""
"=""9/28/2024""","=""170""","=""Round of 32""","=""Jack Lilly""","=""Southside Wrestling Club""","=""""","=""BYE""","=""""","=""""","=""Manheim""","=""PA""","=""Journeymen Fall Classic and Women's World Classic"""
"=""9/28/2024""","=""170""","=""Round of 32""","=""Aj Digiovanni""","=""Bergen Catholic""","=""""","=""BYE""","=""""","=""""","=""Manheim""","=""PA""","=""Journeymen Fall Classic and Women's World Classic"""
"=""9/28/2024""","=""170""","=""Round of 32""","=""Mathew Murillo""","=""Btsnyc""","=""3-0 0:20""","=""F""","=""Jesse Woodson""","=""Impact Wrestling Academy/james Wood High School""","=""Manheim""","=""PA""","=""Journeymen Fall Classic and Women's World Classic"""
"=""9/28/2024""","=""170""","=""Round of 32""","=""Luke Driscoll""","=""Metrowest United""","=""""","=""BYE""","=""""","=""""","=""Manheim""","=""PA""","=""Journeymen Fall Classic and Women's World Classic"""
"=""9/28/2024""","=""170""","=""Round of 32""","=""Liam Thoma""","=""Yale Street""","=""""","=""BYE""","=""""","=""""","=""Manheim""","=""PA""","=""Journeymen Fall Classic and Women's World Classic"""
"=""9/28/2024""","=""170""","=""Round of 32""","=""Brooks Mcmahon""","=""Fisheye""","=""""","=""BYE""","=""""","=""""","=""Manheim""","=""PA""","=""Journeymen Fall Classic and Women's World Classic"""
"=""9/28/2024""","=""170""","=""Round of 32""","=""Sawyer Ayotte""","=""Metrowest United""","=""""","=""BYE""","=""""","=""""","=""Manheim""","=""PA""","=""Journeymen Fall Classic and Women's World Classic"""
"=""9/28/2024""","=""170""","=""Round of 32""","=""Ronin Gault""","=""Lake Highland Prep""","=""""","=""BYE""","=""""","=""""","=""Manheim""","=""PA""","=""Journeymen Fall Classic and Women's World Classic"""
"=""9/28/2024""","=""170""","=""Round of 32""","=""Jhayvon Napoleon""","=""Metrowest United""","=""""","=""BYE""","=""""","=""""","=""Manheim""","=""PA""","=""Journeymen Fall Classic and Women's World Classic"""
"=""9/28/2024""","=""170""","=""Round of 32""","=""Noah Dunster""","=""Spaulding Highschool""","=""""","=""BYE""","=""""","=""""","=""Manheim""","=""PA""","=""Journeymen Fall Classic and Women's World Classic"""
"=""9/28/2024""","=""170""","=""Round of 32""","=""Maximus Gutman""","=""Oceanside Wrestling""","=""17-0 2:57""","=""TF""","=""Koyo Keiter""","=""Btsnyc""","=""Manheim""","=""PA""","=""Journeymen Fall Classic and Women's World Classic"""
"=""9/28/2024""","=""170""","=""Round of 16""","=""Matthew Pappas""","=""Iron Faith""","=""18-1 2:44""","=""TF""","=""Noah Dunster""","=""Spaulding Highschool""","=""Manheim""","=""PA""","=""Journeymen Fall Classic and Women's World Classic"""
"=""9/28/2024""","=""170""","=""Round of 16""","=""Aj Digiovanni""","=""Bergen Catholic""","=""3-0 0:49""","=""F""","=""Brooks Mcmahon""","=""Fisheye""","=""Manheim""","=""PA""","=""Journeymen Fall Classic and Women's World Classic"""
"=""9/28/2024""","=""170""","=""Round of 16""","=""Maxx Fesinger""","=""Pitcrew""","=""15-0 1:45""","=""TF""","=""Mathew Murillo""","=""Btsnyc""","=""Manheim""","=""PA""","=""Journeymen Fall Classic and Women's World Classic"""
"=""9/28/2024""","=""170""","=""Round of 16""","=""Luke Driscoll""","=""Metrowest United""","=""3-0""","=""DEC""","=""Liam Thoma""","=""Yale Street""","=""Manheim""","=""PA""","=""Journeymen Fall Classic and Women's World Classic"""
"=""9/28/2024""","=""170""","=""Round of 16""","=""Sawyer Ayotte""","=""Metrowest United""","=""11-5""","=""DEC""","=""Austin Brabant""","=""K-bay""","=""Manheim""","=""PA""","=""Journeymen Fall Classic and Women's World Classic"""
"=""9/28/2024""","=""170""","=""Round of 16""","=""Jhayvon Napoleon""","=""Metrowest United""","=""13-2 3:52""","=""F""","=""Domenic Maturo""","=""Fisheye""","=""Manheim""","=""PA""","=""Journeymen Fall Classic and Women's World Classic"""
"=""9/28/2024""","=""170""","=""Round of 16""","=""Ronin Gault""","=""Lake Highland Prep""","=""18-3 1:38""","=""TF""","=""Maximus Gutman""","=""Oceanside Wrestling""","=""Manheim""","=""PA""","=""Journeymen Fall Classic and Women's World Classic"""
"=""9/28/2024""","=""170""","=""Round of 16""","=""Jake Thompson""","=""Metrowest United""","=""17-10""","=""DEC""","=""Jack Lilly""","=""Southside Wrestling Club""","=""Manheim""","=""PA""","=""Journeymen Fall Classic and Women's World Classic"""
"=""9/28/2024""","=""170""","=""Quarter-Finals""","=""Aj Digiovanni""","=""Bergen Catholic""","=""18-0 2:36""","=""TF""","=""Sawyer Ayotte""","=""Metrowest United""","=""Manheim""","=""PA""","=""Journeymen Fall Classic and Women's World Classic"""
"=""9/28/2024""","=""170""","=""Quarter-Finals""","=""Maxx Fesinger""","=""Pitcrew""","=""3-0 0:56""","=""F""","=""Jhayvon Napoleon""","=""Metrowest United""","=""Manheim""","=""PA""","=""Journeymen Fall Classic and Women's World Classic"""
"=""9/28/2024""","=""170""","=""Quarter-Finals""","=""Ronin Gault""","=""Lake Highland Prep""","=""12-2 3:30""","=""F""","=""Jake Thompson""","=""Metrowest United""","=""Manheim""","=""PA""","=""Journeymen Fall Classic and Women's World Classic"""
"=""9/28/2024""","=""170""","=""Quarter-Finals""","=""Matthew Pappas""","=""Iron Faith""","=""4-1 SV""","=""DEC""","=""Luke Driscoll""","=""Metrowest United""","=""Manheim""","=""PA""","=""Journeymen Fall Classic and Women's World Classic"""
"=""9/28/2024""","=""170""","=""Semi-Finals""","=""Ronin Gault""","=""Lake Highland Prep""","=""14-10""","=""DEC""","=""Matthew Pappas""","=""Iron Faith""","=""Manheim""","=""PA""","=""Journeymen Fall Classic and Women's World Classic"""
"=""9/28/2024""","=""170""","=""Semi-Finals""","=""Aj Digiovanni""","=""Bergen Catholic""","=""5-2 SV""","=""DEC""","=""Maxx Fesinger""","=""Pitcrew""","=""Manheim""","=""PA""","=""Journeymen Fall Classic and Women's World Classic"""
"=""9/28/2024""","=""170""","=""Finals""","=""Aj Digiovanni""","=""Bergen Catholic""","=""6-0 3:14""","=""F""","=""Ronin Gault""","=""Lake Highland Prep""","=""Manheim""","=""PA""","=""Journeymen Fall Classic and Women's World Classic"""
"=""9/28/2024""","=""136""","=""Finals""","=""Lucas Drake""","=""Mat Assassins""","=""9-6 SV""","=""DEC""","=""Ahmet Zaggout""","=""Gorilla Grapplers""","=""Manheim""","=""PA""","=""Journeymen Fall Classic and Women's World Classic"""
"=""9/28/2024""","=""136""","=""Finals""","=""Daniel Sheehan""","=""Smittys Barn""","=""13-8""","=""DEC""","=""Ryan Ivy""","=""Journeymen Wrestling Club""","=""Manheim""","=""PA""","=""Journeymen Fall Classic and Women's World Classic"""
"=""9/28/2024""","=""136""","=""Finals""","=""Kadin Martin""","=""Scoring Edge""","=""19-3 2:41""","=""TF""","=""Micah Engelman""","=""Mat Assassins""","=""Manheim""","=""PA""","=""Journeymen Fall Classic and Women's World Classic"""
"=""9/28/2024""","=""145""","=""RR Rnd 3""","=""Taso Kiprislis""","=""Steel Valley Renegades""","=""25-6 3:07""","=""F""","=""Logan Dagostino""","=""Superior""","=""Manheim""","=""PA""","=""Journeymen Fall Classic and Women's World Classic"""
"=""9/28/2024""","=""145A""","=""RR Rnd 3""","=""Braeden Valley""","=""Yale Street""","=""19-9""","=""MD""","=""Andrew Mccarthy""","=""Nyma""","=""Manheim""","=""PA""","=""Journeymen Fall Classic and Women's World Classic"""
"=""9/28/2024""","=""145A""","=""RR Rnd 3""","=""Luke Nieto""","=""Plaiinedge""","=""""","=""BYE""","=""""","=""""","=""Manheim""","=""PA""","=""Journeymen Fall Classic and Women's World Classic"""
"=""9/28/2024""","=""145A""","=""RR Rnd 3""","=""Reid Clausi""","=""West Essex High School""","=""6-3""","=""DEC""","=""Michael Lopez Jr""","=""Blackfox""","=""Manheim""","=""PA""","=""Journeymen Fall Classic and Women's World Classic"""
"=""9/28/2024""","=""145A""","=""RR Rnd 3""","=""Wyatt Fry""","=""Wyoming Seminary""","=""15-6""","=""MD""","=""Sergio Gomez""","=""Monster Garage""","=""Manheim""","=""PA""","=""Journeymen Fall Classic and Women's World Classic"""
"=""9/28/2024""","=""145""","=""RR Rnd 3""","=""Trevin Highton""","=""Yale St Wrestling Club""","=""9-6""","=""DEC""","=""Ryan Radliff""","=""Hammer Wrestling Club / Shaker Middle School""","=""Manheim""","=""PA""","=""Journeymen Fall Classic and Women's World Classic"""
"=""9/28/2024""","=""145A""","=""RR Rnd 3""","=""Leo Pezone""","=""Malvern Prep""","=""6-3""","=""DEC""","=""Robert Pavlek""","=""The Hill School""","=""Manheim""","=""PA""","=""Journeymen Fall Classic and Women's World Classic"""
"=""9/28/2024""","=""145A""","=""RR Rnd 3""","=""Gregory Green""","=""Journeymen""","=""""","=""BYE""","=""""","=""""","=""Manheim""","=""PA""","=""Journeymen Fall Classic and Women's World Classic"""
"=""9/28/2024""","=""145A""","=""RR Rnd 3""","=""Jack Malinconico""","=""Poway""","=""""","=""BYE""","=""""","=""""","=""Manheim""","=""PA""","=""Journeymen Fall Classic and Women's World Classic"""
"=""9/28/2024""","=""145A""","=""RR Rnd 3""","=""Abraham Pomeroy""","=""Wyoming Seminary""","=""4-2""","=""DEC""","=""Ashten Haley""","=""Gorilla Grapplers""","=""Manheim""","=""PA""","=""Journeymen Fall Classic and Women's World Classic"""
"=""9/28/2024""","=""145A""","=""RR Rnd 3""","=""Will Sakoutis""","=""Christian Brothers Academy""","=""""","=""BYE""","=""""","=""""","=""Manheim""","=""PA""","=""Journeymen Fall Classic and Women's World Classic"""
"=""9/28/2024""","=""145A""","=""RR Rnd 3""","=""Michael Turi""","=""Mat Assassins Wrestling Club""","=""""","=""BYE""","=""""","=""""","=""Manheim""","=""PA""","=""Journeymen Fall Classic and Women's World Classic"""
"=""9/28/2024""","=""145A""","=""RR Rnd 3""","=""Mason Horwat""","=""Tdwc""","=""6-0""","=""DEC""","=""Sawyer Jones""","=""Impact Wrestling Acadamy""","=""Manheim""","=""PA""","=""Journeymen Fall Classic and Women's World Classic"""
"=""9/28/2024""","=""145A""","=""RR Rnd 3""","=""Camryn Howard""","=""Kd Training Center""","=""""","=""BYE""","=""""","=""""","=""Manheim""","=""PA""","=""Journeymen Fall Classic and Women's World Classic"""
"=""9/28/2024""","=""145A""","=""RR Rnd 2""","=""Michael Lopez Jr""","=""Blackfox""","=""""","=""BYE""","=""""","=""""","=""Manheim""","=""PA""","=""Journeymen Fall Classic and Women's World Classic"""
"=""9/28/2024""","=""145A""","=""RR Rnd 2""","=""Camryn Howard""","=""Kd Training Center""","=""10-0 4:14""","=""F""","=""Abraham Pomeroy""","=""Wyoming Seminary""","=""Manheim""","=""PA""","=""Journeymen Fall Classic and Women's World Classic"""
"=""9/28/2024""","=""145A""","=""RR Rnd 2""","=""Andrew Mccarthy""","=""Nyma""","=""14-5""","=""MD""","=""Luke Nieto""","=""Plaiinedge""","=""Manheim""","=""PA""","=""Journeymen Fall Classic and Women's World Classic"""
"=""9/28/2024""","=""145A""","=""RR Rnd 2""","=""Braeden Valley""","=""Yale Street""","=""""","=""BYE""","=""""","=""""","=""Manheim""","=""PA""","=""Journeymen Fall Classic and Women's World Classic"""
"=""9/28/2024""","=""145A""","=""RR Rnd 2""","=""Robert Pavlek""","=""The Hill School""","=""""","=""BYE""","=""""","=""""","=""Manheim""","=""PA""","=""Journeymen Fall Classic and Women's World Classic"""
"=""9/28/2024""","=""145A""","=""RR Rnd 2""","=""Michael Turi""","=""Mat Assassins Wrestling Club""","=""10-1""","=""MD""","=""Wyatt Fry""","=""Wyoming Seminary""","=""Manheim""","=""PA""","=""Journeymen Fall Classic and Women's World Classic"""
"=""9/28/2024""","=""145A""","=""RR Rnd 2""","=""Sergio Gomez""","=""Monster Garage""","=""""","=""BYE""","=""""","=""""","=""Manheim""","=""PA""","=""Journeymen Fall Classic and Women's World Classic"""
"=""9/28/2024""","=""145A""","=""RR Rnd 2""","=""Mason Horwat""","=""Tdwc""","=""""","=""BYE""","=""""","=""""","=""Manheim""","=""PA""","=""Journeymen Fall Classic and Women's World Classic"""
"=""9/28/2024""","=""145A""","=""RR Rnd 2""","=""Sawyer Jones""","=""Impact Wrestling Acadamy""","=""11-3 3:52""","=""F""","=""Jack Malinconico""","=""Poway""","=""Manheim""","=""PA""","=""Journeymen Fall Classic and Women's World Classic"""
"=""9/28/2024""","=""145A""","=""RR Rnd 2""","=""Will Sakoutis""","=""Christian Brothers Academy""","=""4-1""","=""DEC""","=""Leo Pezone""","=""Malvern Prep""","=""Manheim""","=""PA""","=""Journeymen Fall Classic and Women's World Classic"""
"=""9/28/2024""","=""145A""","=""RR Rnd 2""","=""Ashten Haley""","=""Gorilla Grapplers""","=""""","=""BYE""","=""""","=""""","=""Manheim""","=""PA""","=""Journeymen Fall Classic and Women's World Classic"""
"=""9/28/2024""","=""145""","=""RR Rnd 2""","=""Trevin Highton""","=""Yale St Wrestling Club""","=""16-3 3:41""","=""F""","=""Logan Dagostino""","=""Superior""","=""Manheim""","=""PA""","=""Journeymen Fall Classic and Women's World Classic"""
"=""9/28/2024""","=""145A""","=""RR Rnd 2""","=""Reid Clausi""","=""West Essex High School""","=""5-0 1:22""","=""F""","=""Gregory Green""","=""Journeymen""","=""Manheim""","=""PA""","=""Journeymen Fall Classic and Women's World Classic"""
"=""9/28/2024""","=""145""","=""RR Rnd 2""","=""Taso Kiprislis""","=""Steel Valley Renegades""","=""10-3""","=""DEC""","=""Ryan Radliff""","=""Hammer Wrestling Club / Shaker Middle School""","=""Manheim""","=""PA""","=""Journeymen Fall Classic and Women's World Classic"""
"=""9/28/2024""","=""145A""","=""RR Rnd 1""","=""Camryn Howard""","=""Kd Training Center""","=""19-3 4:03""","=""TF""","=""Ashten Haley""","=""Gorilla Grapplers""","=""Manheim""","=""PA""","=""Journeymen Fall Classic and Women's World Classic"""
"=""9/28/2024""","=""145A""","=""RR Rnd 1""","=""Ryan Meier""","=""Blair Academy""","=""9-8""","=""DEC""","=""Pat Woloshym""","=""Council Rock South""","=""Manheim""","=""PA""","=""Journeymen Fall Classic and Women's World Classic"""
"=""9/28/2024""","=""145A""","=""RR Rnd 1""","=""Sawyer Jones""","=""Impact Wrestling Acadamy""","=""""","=""BYE""","=""""","=""""","=""Manheim""","=""PA""","=""Journeymen Fall Classic and Women's World Classic"""
"=""9/28/2024""","=""145A""","=""RR Rnd 1""","=""Wyatt Fry""","=""Wyoming Seminary""","=""""","=""BYE""","=""""","=""""","=""Manheim""","=""PA""","=""Journeymen Fall Classic and Women's World Classic"""
"=""9/28/2024""","=""145A""","=""RR Rnd 1""","=""Michael Turi""","=""Mat Assassins Wrestling Club""","=""18-1 2:23""","=""TF""","=""Sergio Gomez""","=""Monster Garage""","=""Manheim""","=""PA""","=""Journeymen Fall Classic and Women's World Classic"""
"=""9/28/2024""","=""145A""","=""RR Rnd 1""","=""Leo Pezone""","=""Malvern Prep""","=""""","=""BYE""","=""""","=""""","=""Manheim""","=""PA""","=""Journeymen Fall Classic and Women's World Classic"""
"=""9/28/2024""","=""145A""","=""RR Rnd 1""","=""Michael Lopez Jr""","=""Blackfox""","=""10-0 2:30""","=""F""","=""Gregory Green""","=""Journeymen""","=""Manheim""","=""PA""","=""Journeymen Fall Classic and Women's World Classic"""
"=""9/28/2024""","=""145""","=""RR Rnd 1""","=""Taso Kiprislis""","=""Steel Valley Renegades""","=""17-9""","=""MD""","=""Trevin Highton""","=""Yale St Wrestling Club""","=""Manheim""","=""PA""","=""Journeymen Fall Classic and Women's World Classic"""
"=""9/28/2024""","=""145A""","=""RR Rnd 1""","=""Mason Horwat""","=""Tdwc""","=""4-1""","=""DEC""","=""Jack Malinconico""","=""Poway""","=""Manheim""","=""PA""","=""Journeymen Fall Classic and Women's World Classic"""
"=""9/28/2024""","=""145""","=""RR Rnd 1""","=""Ryan Radliff""","=""Hammer Wrestling Club / Shaker Middle School""","=""14-2 4:14""","=""F""","=""Logan Dagostino""","=""Superior""","=""Manheim""","=""PA""","=""Journeymen Fall Classic and Women's World Classic"""
"=""9/28/2024""","=""145A""","=""RR Rnd 1""","=""Reid Clausi""","=""West Essex High School""","=""""","=""BYE""","=""""","=""""","=""Manheim""","=""PA""","=""Journeymen Fall Classic and Women's World Classic"""
"=""9/28/2024""","=""145A""","=""RR Rnd 1""","=""George Johnson""","=""Empire Wrestling Academy""","=""9-6""","=""DEC""","=""Brent Von Magnus""","=""Metrowest United""","=""Manheim""","=""PA""","=""Journeymen Fall Classic and Women's World Classic"""
"=""9/28/2024""","=""145A""","=""RR Rnd 1""","=""Andrew Mccarthy""","=""Nyma""","=""""","=""BYE""","=""""","=""""","=""Manheim""","=""PA""","=""Journeymen Fall Classic and Women's World Classic"""
"=""9/28/2024""","=""145A""","=""RR Rnd 1""","=""Abraham Pomeroy""","=""Wyoming Seminary""","=""""","=""BYE""","=""""","=""""","=""Manheim""","=""PA""","=""Journeymen Fall Classic and Women's World Classic"""
"=""9/28/2024""","=""145A""","=""RR Rnd 1""","=""Luke Nieto""","=""Plaiinedge""","=""7-4""","=""DEC""","=""Braeden Valley""","=""Yale Street""","=""Manheim""","=""PA""","=""Journeymen Fall Classic and Women's World Classic"""
"=""9/28/2024""","=""145A""","=""RR Rnd 1""","=""Will Sakoutis""","=""Christian Brothers Academy""","=""2-1 TB2""","=""DEC""","=""Robert Pavlek""","=""The Hill School""","=""Manheim""","=""PA""","=""Journeymen Fall Classic and Women's World Classic"""
"=""9/28/2024""","=""190""","=""Consi of 8 #1""","=""Spencer Brabant""","=""K-bay""","=""""","=""BYE""","=""""","=""""","=""Manheim""","=""PA""","=""Journeymen Fall Classic and Women's World Classic"""
"=""9/28/2024""","=""190""","=""Consi of 8 #1""","=""Carlos Rivera""","=""Lake Highland Prep""","=""""","=""BYE""","=""""","=""""","=""Manheim""","=""PA""","=""Journeymen Fall Classic and Women's World Classic"""
"=""9/28/2024""","=""190""","=""Consi of 8 #2""","=""Ibrahim Zaky""","=""Impact Wrestling Academy""","=""11-2""","=""MD""","=""Spencer Brabant""","=""K-bay""","=""Manheim""","=""PA""","=""Journeymen Fall Classic and Women's World Classic"""
"=""9/28/2024""","=""190""","=""Consi of 8 #2""","=""Jason Martin""","=""Wellington C. Mepham""","=""""","=""BYE""","=""""","=""""","=""Manheim""","=""PA""","=""Journeymen Fall Classic and Women's World Classic"""
"=""9/28/2024""","=""190""","=""Consi of 8 #2""","=""Tre Driggett""","=""Merritt Island Brevard Fca""","=""""","=""BYE""","=""""","=""""","=""Manheim""","=""PA""","=""Journeymen Fall Classic and Women's World Classic"""
"=""9/28/2024""","=""190""","=""Consi of 8 #2""","=""Thomas Mauro Jr""","=""Empire Wrestling Academy""","=""9-1 4:17""","=""F""","=""Carlos Rivera""","=""Lake Highland Prep""","=""Manheim""","=""PA""","=""Journeymen Fall Classic and Women's World Classic"""
"=""9/28/2024""","=""145A""","=""Consi of 4""","=""Will Sakoutis""","=""Christian Brothers Academy""","=""24-8 4:01""","=""TF""","=""Braeden Valley""","=""Yale Street""","=""Manheim""","=""PA""","=""Journeymen Fall Classic and Women's World Classic"""
"=""9/28/2024""","=""145A""","=""Consi of 4""","=""Pat Woloshym""","=""Council Rock South""","=""0-0""","=""FOR""","=""Leo Pezone""","=""Malvern Prep""","=""Manheim""","=""PA""","=""Journeymen Fall Classic and Women's World Classic"""
"=""9/28/2024""","=""145A""","=""Consi of 4""","=""Gregory Green""","=""Journeymen""","=""""","=""BYE""","=""""","=""""","=""Manheim""","=""PA""","=""Journeymen Fall Classic and Women's World Classic"""
"=""9/28/2024""","=""145A""","=""Consi of 4""","=""Reid Clausi""","=""West Essex High School""","=""6-4""","=""DEC""","=""George Johnson""","=""Empire Wrestling Academy""","=""Manheim""","=""PA""","=""Journeymen Fall Classic and Women's World Classic"""
"=""9/28/2024""","=""190""","=""Consi of 4""","=""Jason Martin""","=""Wellington C. Mepham""","=""13-3""","=""MD""","=""Ibrahim Zaky""","=""Impact Wrestling Academy""","=""Manheim""","=""PA""","=""Journeymen Fall Classic and Women's World Classic"""
"=""9/28/2024""","=""145A""","=""Consi of 4""","=""Jack Malinconico""","=""Poway""","=""""","=""BYE""","=""""","=""""","=""Manheim""","=""PA""","=""Journeymen Fall Classic and Women's World Classic"""
"=""9/28/2024""","=""190""","=""Consi of 4""","=""Tre Driggett""","=""Merritt Island Brevard Fca""","=""13-2""","=""MD""","=""Thomas Mauro Jr""","=""Empire Wrestling Academy""","=""Manheim""","=""PA""","=""Journeymen Fall Classic and Women's World Classic"""
"=""9/28/2024""","=""145A""","=""Consi of 4""","=""Michael Lopez Jr""","=""Blackfox""","=""14-9""","=""DEC""","=""Abraham Pomeroy""","=""Wyoming Seminary""","=""Manheim""","=""PA""","=""Journeymen Fall Classic and Women's World Classic"""
"=""9/28/2024""","=""190""","=""Consi-Semis""","=""Cole Grenier""","=""Southside Wrestling Club""","=""10-8""","=""DEC""","=""Jason Martin""","=""Wellington C. Mepham""","=""Manheim""","=""PA""","=""Journeymen Fall Classic and Women's World Classic"""
"=""9/28/2024""","=""190""","=""Consi-Semis""","=""Tre Driggett""","=""Merritt Island Brevard Fca""","=""3-0 0:28""","=""F""","=""Lerrod Smalls Ii""","=""Edge""","=""Manheim""","=""PA""","=""Journeymen Fall Classic and Women's World Classic"""
"=""9/28/2024""","=""145A""","=""7th Place""","=""Abraham Pomeroy""","=""Wyoming Seminary""","=""0-0""","=""FOR""","=""Leo Pezone""","=""Malvern Prep""","=""Manheim""","=""PA""","=""Journeymen Fall Classic and Women's World Classic"""
"=""9/28/2024""","=""145A""","=""7th Place""","=""Braeden Valley""","=""Yale Street""","=""0-0""","=""FOR""","=""George Johnson""","=""Empire Wrestling Academy""","=""Manheim""","=""PA""","=""Journeymen Fall Classic and Women's World Classic"""
"=""9/28/2024""","=""145A""","=""5th Place""","=""Michael Lopez Jr""","=""Blackfox""","=""8-1""","=""DEC""","=""Pat Woloshym""","=""Council Rock South""","=""Manheim""","=""PA""","=""Journeymen Fall Classic and Women's World Classic"""
"=""9/28/2024""","=""145A""","=""5th Place""","=""Jack Malinconico""","=""Poway""","=""7-1""","=""DEC""","=""Gregory Green""","=""Journeymen""","=""Manheim""","=""PA""","=""Journeymen Fall Classic and Women's World Classic"""
"=""9/28/2024""","=""145A""","=""5th Place""","=""Reid Clausi""","=""West Essex High School""","=""11-5""","=""DEC""","=""Will Sakoutis""","=""Christian Brothers Academy""","=""Manheim""","=""PA""","=""Journeymen Fall Classic and Women's World Classic"""
"=""9/28/2024""","=""190""","=""3rd Place""","=""Tre Driggett""","=""Merritt Island Brevard Fca""","=""5-0""","=""DEC""","=""Cole Grenier""","=""Southside Wrestling Club""","=""Manheim""","=""PA""","=""Journeymen Fall Classic and Women's World Classic"""
"=""9/28/2024""","=""145A""","=""3rd Place""","=""Camryn Howard""","=""Kd Training Center""","=""7-4 SV""","=""DEC""","=""Ryan Meier""","=""Blair Academy""","=""Manheim""","=""PA""","=""Journeymen Fall Classic and Women's World Classic"""
"=""9/28/2024""","=""145A""","=""3rd Place""","=""Brent Von Magnus""","=""Metrowest United""","=""6-5""","=""DEC""","=""Sawyer Jones""","=""Impact Wrestling Acadamy""","=""Manheim""","=""PA""","=""Journeymen Fall Classic and Women's World Classic"""
"=""9/28/2024""","=""145A""","=""3rd Place""","=""Robert Pavlek""","=""The Hill School""","=""6-3""","=""DEC""","=""Ashten Haley""","=""Gorilla Grapplers""","=""Manheim""","=""PA""","=""Journeymen Fall Classic and Women's World Classic"""
"=""9/28/2024""","=""190""","=""Round of 16""","=""Maximus Morse""","=""Xavier High School""","=""""","=""BYE""","=""""","=""""","=""Manheim""","=""PA""","=""Journeymen Fall Classic and Women's World Classic"""
"=""9/28/2024""","=""190""","=""Round of 16""","=""Lerrod Smalls Ii""","=""Edge""","=""4-2 3:19""","=""F""","=""Carlos Rivera""","=""Lake Highland Prep""","=""Manheim""","=""PA""","=""Journeymen Fall Classic and Women's World Classic"""
"=""9/28/2024""","=""190""","=""Round of 16""","=""Cole Grenier""","=""Southside Wrestling Club""","=""""","=""BYE""","=""""","=""""","=""Manheim""","=""PA""","=""Journeymen Fall Classic and Women's World Classic"""
"=""9/28/2024""","=""190""","=""Round of 16""","=""Jason Martin""","=""Wellington C. Mepham""","=""""","=""BYE""","=""""","=""""","=""Manheim""","=""PA""","=""Journeymen Fall Classic and Women's World Classic"""
"=""9/28/2024""","=""190""","=""Round of 16""","=""Tre Driggett""","=""Merritt Island Brevard Fca""","=""""","=""BYE""","=""""","=""""","=""Manheim""","=""PA""","=""Journeymen Fall Classic and Women's World Classic"""
"=""9/28/2024""","=""190""","=""Round of 16""","=""Kane Rosario""","=""War Training Center""","=""""","=""BYE""","=""""","=""""","=""Manheim""","=""PA""","=""Journeymen Fall Classic and Women's World Classic"""
"=""9/28/2024""","=""190""","=""Round of 16""","=""Ibrahim Zaky""","=""Impact Wrestling Academy""","=""""","=""BYE""","=""""","=""""","=""Manheim""","=""PA""","=""Journeymen Fall Classic and Women's World Classic"""
"=""9/28/2024""","=""190""","=""Round of 16""","=""Thomas Mauro Jr""","=""Empire Wrestling Academy""","=""9-3""","=""DEC""","=""Spencer Brabant""","=""K-bay""","=""Manheim""","=""PA""","=""Journeymen Fall Classic and Women's World Classic"""
"=""9/28/2024""","=""190""","=""Quarter-Finals""","=""Cole Grenier""","=""Southside Wrestling Club""","=""8-5""","=""DEC""","=""Tre Driggett""","=""Merritt Island Brevard Fca""","=""Manheim""","=""PA""","=""Journeymen Fall Classic and Women's World Classic"""
"=""9/28/2024""","=""145A""","=""Quarter-Finals""","=""Mason Horwat""","=""Tdwc""","=""1-0""","=""DEC""","=""Will Sakoutis""","=""Christian Brothers Academy""","=""Manheim""","=""PA""","=""Journeymen Fall Classic and Women's World Classic"""
"=""9/28/2024""","=""145A""","=""Quarter-Finals""","=""Michael Turi""","=""Mat Assassins Wrestling Club""","=""15-2""","=""MD""","=""Reid Clausi""","=""West Essex High School""","=""Manheim""","=""PA""","=""Journeymen Fall Classic and Women's World Classic"""
"=""9/28/2024""","=""145A""","=""Quarter-Finals""","=""Luke Nieto""","=""Plaiinedge""","=""""","=""BYE""","=""""","=""""","=""Manheim""","=""PA""","=""Journeymen Fall Classic and Women's World Classic"""
"=""9/28/2024""","=""190""","=""Quarter-Finals""","=""Maximus Morse""","=""Xavier High School""","=""10-1 1:47""","=""F""","=""Thomas Mauro Jr""","=""Empire Wrestling Academy""","=""Manheim""","=""PA""","=""Journeymen Fall Classic and Women's World Classic"""
"=""9/28/2024""","=""145A""","=""Quarter-Finals""","=""Robert Pavlek""","=""The Hill School""","=""8-7""","=""DEC""","=""Jack Malinconico""","=""Poway""","=""Manheim""","=""PA""","=""Journeymen Fall Classic and Women's World Classic"""
"=""9/28/2024""","=""145A""","=""Quarter-Finals""","=""Ashten Haley""","=""Gorilla Grapplers""","=""""","=""BYE""","=""""","=""""","=""Manheim""","=""PA""","=""Journeymen Fall Classic and Women's World Classic"""
"=""9/28/2024""","=""145A""","=""Quarter-Finals""","=""Sergio Gomez""","=""Monster Garage""","=""13-0""","=""MD""","=""Gregory Green""","=""Journeymen""","=""Manheim""","=""PA""","=""Journeymen Fall Classic and Women's World Classic"""
"=""9/28/2024""","=""145A""","=""Quarter-Finals""","=""Camryn Howard""","=""Kd Training Center""","=""9-5""","=""DEC""","=""George Johnson""","=""Empire Wrestling Academy""","=""Manheim""","=""PA""","=""Journeymen Fall Classic and Women's World Classic"""
"=""9/28/2024""","=""145A""","=""Quarter-Finals""","=""Wyatt Fry""","=""Wyoming Seminary""","=""11-7""","=""DEC""","=""Michael Lopez Jr""","=""Blackfox""","=""Manheim""","=""PA""","=""Journeymen Fall Classic and Women's World Classic"""
"=""9/28/2024""","=""145A""","=""Quarter-Finals""","=""Andrew Mccarthy""","=""Nyma""","=""8-6 3:22""","=""F""","=""Pat Woloshym""","=""Council Rock South""","=""Manheim""","=""PA""","=""Journeymen Fall Classic and Women's World Classic"""
"=""9/28/2024""","=""190""","=""Quarter-Finals""","=""Kane Rosario""","=""War Training Center""","=""11-4 4:17""","=""F""","=""Jason Martin""","=""Wellington C. Mepham""","=""Manheim""","=""PA""","=""Journeymen Fall Classic and Women's World Classic"""
"=""9/28/2024""","=""145A""","=""Quarter-Finals""","=""Ryan Meier""","=""Blair Academy""","=""9-0 2:18""","=""F""","=""Braeden Valley""","=""Yale Street""","=""Manheim""","=""PA""","=""Journeymen Fall Classic and Women's World Classic"""
"=""9/28/2024""","=""145A""","=""Quarter-Finals""","=""Sawyer Jones""","=""Impact Wrestling Acadamy""","=""11-0""","=""MD""","=""Leo Pezone""","=""Malvern Prep""","=""Manheim""","=""PA""","=""Journeymen Fall Classic and Women's World Classic"""
"=""9/28/2024""","=""145A""","=""Quarter-Finals""","=""Brent Von Magnus""","=""Metrowest United""","=""8-5""","=""DEC""","=""Abraham Pomeroy""","=""Wyoming Seminary""","=""Manheim""","=""PA""","=""Journeymen Fall Classic and Women's World Classic"""
"=""9/28/2024""","=""190""","=""Quarter-Finals""","=""Lerrod Smalls Ii""","=""Edge""","=""3-0 1:07""","=""F""","=""Ibrahim Zaky""","=""Impact Wrestling Academy""","=""Manheim""","=""PA""","=""Journeymen Fall Classic and Women's World Classic"""
"=""9/28/2024""","=""145A""","=""Semi-Finals""","=""Luke Nieto""","=""Plaiinedge""","=""7-2""","=""DEC""","=""Robert Pavlek""","=""The Hill School""","=""Manheim""","=""PA""","=""Journeymen Fall Classic and Women's World Classic"""
"=""9/28/2024""","=""145A""","=""Semi-Finals""","=""Sergio Gomez""","=""Monster Garage""","=""9-5""","=""DEC""","=""Ashten Haley""","=""Gorilla Grapplers""","=""Manheim""","=""PA""","=""Journeymen Fall Classic and Women's World Classic"""
"=""9/28/2024""","=""145A""","=""Semi-Finals""","=""Michael Turi""","=""Mat Assassins Wrestling Club""","=""18-2 3:52""","=""TF""","=""Camryn Howard""","=""Kd Training Center""","=""Manheim""","=""PA""","=""Journeymen Fall Classic and Women's World Classic"""
"=""9/28/2024""","=""145A""","=""Semi-Finals""","=""Wyatt Fry""","=""Wyoming Seminary""","=""6-0""","=""DEC""","=""Brent Von Magnus""","=""Metrowest United""","=""Manheim""","=""PA""","=""Journeymen Fall Classic and Women's World Classic"""
"=""9/28/2024""","=""145A""","=""Semi-Finals""","=""Mason Horwat""","=""Tdwc""","=""6-0""","=""DEC""","=""Ryan Meier""","=""Blair Academy""","=""Manheim""","=""PA""","=""Journeymen Fall Classic and Women's World Classic"""
"=""9/28/2024""","=""190""","=""Semi-Finals""","=""Maximus Morse""","=""Xavier High School""","=""3-0 1:05""","=""F""","=""Cole Grenier""","=""Southside Wrestling Club""","=""Manheim""","=""PA""","=""Journeymen Fall Classic and Women's World Classic"""
"=""9/28/2024""","=""190""","=""Semi-Finals""","=""Kane Rosario""","=""War Training Center""","=""11-4""","=""DEC""","=""Lerrod Smalls Ii""","=""Edge""","=""Manheim""","=""PA""","=""Journeymen Fall Classic and Women's World Classic"""
"=""9/28/2024""","=""145A""","=""Semi-Finals""","=""Andrew Mccarthy""","=""Nyma""","=""10-0""","=""MD""","=""Sawyer Jones""","=""Impact Wrestling Acadamy""","=""Manheim""","=""PA""","=""Journeymen Fall Classic and Women's World Classic"""
"=""9/28/2024""","=""145A""","=""Finals""","=""Andrew Mccarthy""","=""Nyma""","=""8-1""","=""DEC""","=""Wyatt Fry""","=""Wyoming Seminary""","=""Manheim""","=""PA""","=""Journeymen Fall Classic and Women's World Classic"""
"=""9/28/2024""","=""145A""","=""Finals""","=""Luke Nieto""","=""Plaiinedge""","=""6-2 1:18""","=""F""","=""Sergio Gomez""","=""Monster Garage""","=""Manheim""","=""PA""","=""Journeymen Fall Classic and Women's World Classic"""
"=""9/28/2024""","=""145A""","=""Finals""","=""Michael Turi""","=""Mat Assassins Wrestling Club""","=""10-6""","=""DEC""","=""Mason Horwat""","=""Tdwc""","=""Manheim""","=""PA""","=""Journeymen Fall Classic and Women's World Classic"""
"=""9/28/2024""","=""190""","=""Finals""","=""Maximus Morse""","=""Xavier High School""","=""1-0 4:59""","=""F""","=""Kane Rosario""","=""War Training Center""","=""Manheim""","=""PA""","=""Journeymen Fall Classic and Women's World Classic"""
"=""9/28/2024""","=""157""","=""RR Rnd 5""","=""Asher George Bacon""","=""X-caliber""","=""3-0 0:26""","=""F""","=""Cooper Hershey""","=""Dueling Bandits""","=""Manheim""","=""PA""","=""Journeymen Fall Classic and Women's World Classic"""
"=""9/28/2024""","=""157""","=""RR Rnd 5""","=""Colton Quinn""","=""Triumph""","=""17-1 3:54""","=""TF""","=""William Harding""","=""Smitty's Barn""","=""Manheim""","=""PA""","=""Journeymen Fall Classic and Women's World Classic"""
"=""9/28/2024""","=""157""","=""RR Rnd 5""","=""Ryder Bernholz""","=""Yale Street Wc""","=""""","=""BYE""","=""""","=""""","=""Manheim""","=""PA""","=""Journeymen Fall Classic and Women's World Classic"""
"=""9/28/2024""","=""157""","=""RR Rnd 4""","=""Ryder Bernholz""","=""Yale Street Wc""","=""18-2 4:03""","=""TF""","=""William Harding""","=""Smitty's Barn""","=""Manheim""","=""PA""","=""Journeymen Fall Classic and Women's World Classic"""
"=""9/28/2024""","=""157""","=""RR Rnd 4""","=""Cooper Hershey""","=""Dueling Bandits""","=""""","=""BYE""","=""""","=""""","=""Manheim""","=""PA""","=""Journeymen Fall Classic and Women's World Classic"""
"=""9/28/2024""","=""157""","=""RR Rnd 4""","=""Asher George Bacon""","=""X-caliber""","=""19-3 1:41""","=""TF""","=""Colton Quinn""","=""Triumph""","=""Manheim""","=""PA""","=""Journeymen Fall Classic and Women's World Classic"""
"=""9/28/2024""","=""152A""","=""RR Rnd 3""","=""Owen J Miller""","=""Yale Street""","=""""","=""BYE""","=""""","=""""","=""Manheim""","=""PA""","=""Journeymen Fall Classic and Women's World Classic"""
"=""9/28/2024""","=""152A""","=""RR Rnd 3""","=""Luke Murray""","=""Va Slaughter House""","=""4-1""","=""DEC""","=""Bradley Williams""","=""Stronghold Wrestling Club""","=""Manheim""","=""PA""","=""Journeymen Fall Classic and Women's World Classic"""
"=""9/28/2024""","=""152A""","=""RR Rnd 3""","=""Anthony Tresch""","=""Iron Horse""","=""1-0""","=""DEC""","=""Henry Martin""","=""Empire Wrestling Academy""","=""Manheim""","=""PA""","=""Journeymen Fall Classic and Women's World Classic"""
"=""9/28/2024""","=""152A""","=""RR Rnd 3""","=""Nick Schwartz""","=""Delbarton""","=""18-7""","=""MD""","=""Reed Booth""","=""Pwa""","=""Manheim""","=""PA""","=""Journeymen Fall Classic and Women's World Classic"""
"=""9/28/2024""","=""152A""","=""RR Rnd 3""","=""Jackson Bush""","=""Delaware Valley Regional High School""","=""""","=""BYE""","=""""","=""""","=""Manheim""","=""PA""","=""Journeymen Fall Classic and Women's World Classic"""
"=""9/28/2024""","=""157""","=""RR Rnd 3""","=""Colton Quinn""","=""Triumph""","=""7-0 1:15""","=""F""","=""Cooper Hershey""","=""Dueling Bandits""","=""Manheim""","=""PA""","=""Journeymen Fall Classic and Women's World Classic"""
"=""9/28/2024""","=""152A""","=""RR Rnd 3""","=""Zeno Moore""","=""Lake Highland Prep""","=""""","=""BYE""","=""""","=""""","=""Manheim""","=""PA""","=""Journeymen Fall Classic and Women's World Classic"""
"=""9/28/2024""","=""152A""","=""RR Rnd 3""","=""John Jurkovic""","=""Gilman""","=""3-0 1:16""","=""F""","=""Antonio Arguello""","=""Tugman""","=""Manheim""","=""PA""","=""Journeymen Fall Classic and Women's World Classic"""
"=""9/28/2024""","=""152A""","=""RR Rnd 3""","=""Matthew Arndt""","=""Impact Wrestling Academy""","=""5-0""","=""DEC""","=""Colby Vital""","=""Ponagansett""","=""Manheim""","=""PA""","=""Journeymen Fall Classic and Women's World Classic"""
"=""9/28/2024""","=""152A""","=""RR Rnd 3""","=""Parker Quinn""","=""Triumph""","=""""","=""BYE""","=""""","=""""","=""Manheim""","=""PA""","=""Journeymen Fall Classic and Women's World Classic"""
"=""9/28/2024""","=""157""","=""RR Rnd 3""","=""Asher George Bacon""","=""X-caliber""","=""19-4 2:03""","=""F""","=""Ryder Bernholz""","=""Yale Street Wc""","=""Manheim""","=""PA""","=""Journeymen Fall Classic and Women's World Classic"""
"=""9/28/2024""","=""152A""","=""RR Rnd 3""","=""Brandon John Dean""","=""Betterman Elite Wrestling""","=""""","=""BYE""","=""""","=""""","=""Manheim""","=""PA""","=""Journeymen Fall Classic and Women's World Classic"""
"=""9/28/2024""","=""157""","=""RR Rnd 3""","=""William Harding""","=""Smitty's Barn""","=""""","=""BYE""","=""""","=""""","=""Manheim""","=""PA""","=""Journeymen Fall Classic and Women's World Classic"""
"=""9/28/2024""","=""152A""","=""RR Rnd 3""","=""Mason Ketcham""","=""Kd Training Center""","=""11-4""","=""DEC""","=""Bryan Latta""","=""Poquoson High School""","=""Manheim""","=""PA""","=""Journeymen Fall Classic and Women's World Classic"""
"=""9/28/2024""","=""152A""","=""RR Rnd 3""","=""Chase Van Hoven""","=""Legacy Dragons""","=""""","=""BYE""","=""""","=""""","=""Manheim""","=""PA""","=""Journeymen Fall Classic and Women's World Classic"""
"=""9/28/2024""","=""152A""","=""RR Rnd 2""","=""Owen J Miller""","=""Yale Street""","=""3-2""","=""DEC""","=""Antonio Arguello""","=""Tugman""","=""Manheim""","=""PA""","=""Journeymen Fall Classic and Women's World Classic"""
"=""9/28/2024""","=""152A""","=""RR Rnd 2""","=""Jackson Bush""","=""Delaware Valley Regional High School""","=""7-0""","=""DEC""","=""Bryan Latta""","=""Poquoson High School""","=""Manheim""","=""PA""","=""Journeymen Fall Classic and Women's World Classic"""
"=""9/28/2024""","=""152A""","=""RR Rnd 2""","=""Luke Murray""","=""Va Slaughter House""","=""""","=""BYE""","=""""","=""""","=""Manheim""","=""PA""","=""Journeymen Fall Classic and Women's World Classic"""
"=""9/28/2024""","=""152A""","=""RR Rnd 2""","=""Reed Booth""","=""Pwa""","=""""","=""BYE""","=""""","=""""","=""Manheim""","=""PA""","=""Journeymen Fall Classic and Women's World Classic"""
"=""9/28/2024""","=""152A""","=""RR Rnd 2""","=""Bradley Williams""","=""Stronghold Wrestling Club""","=""3-0 1:30""","=""F""","=""Parker Quinn""","=""Triumph""","=""Manheim""","=""PA""","=""Journeymen Fall Classic and Women's World Classic"""
"=""9/28/2024""","=""157""","=""RR Rnd 2""","=""Ryder Bernholz""","=""Yale Street Wc""","=""11-0""","=""MD""","=""Cooper Hershey""","=""Dueling Bandits""","=""Manheim""","=""PA""","=""Journeymen Fall Classic and Women's World Classic"""
"=""9/28/2024""","=""152A""","=""RR Rnd 2""","=""Mason Ketcham""","=""Kd Training Center""","=""""","=""BYE""","=""""","=""""","=""Manheim""","=""PA""","=""Journeymen Fall Classic and Women's World Classic"""
"=""9/28/2024""","=""152A""","=""RR Rnd 2""","=""Zeno Moore""","=""Lake Highland Prep""","=""17-2 3:09""","=""TF""","=""Colby Vital""","=""Ponagansett""","=""Manheim""","=""PA""","=""Journeymen Fall Classic and Women's World Classic"""
"=""9/28/2024""","=""152A""","=""RR Rnd 2""","=""Anthony Tresch""","=""Iron Horse""","=""""","=""BYE""","=""""","=""""","=""Manheim""","=""PA""","=""Journeymen Fall Classic and Women's World Classic"""
"=""9/28/2024""","=""152A""","=""RR Rnd 2""","=""Matthew Arndt""","=""Impact Wrestling Academy""","=""""","=""BYE""","=""""","=""""","=""Manheim""","=""PA""","=""Journeymen Fall Classic and Women's World Classic"""
"=""9/28/2024""","=""152A""","=""RR Rnd 2""","=""John Jurkovic""","=""Gilman""","=""""","=""BYE""","=""""","=""""","=""Manheim""","=""PA""","=""Journeymen Fall Classic and Women's World Classic"""
"=""9/28/2024""","=""152A""","=""RR Rnd 2""","=""Brandon John Dean""","=""Betterman Elite Wrestling""","=""8-0""","=""MD""","=""Nick Schwartz""","=""Delbarton""","=""Manheim""","=""PA""","=""Journeymen Fall Classic and Women's World Classic"""
"=""9/28/2024""","=""157""","=""RR Rnd 2""","=""Asher George Bacon""","=""X-caliber""","=""10-1 0:57""","=""F""","=""William Harding""","=""Smitty's Barn""","=""Manheim""","=""PA""","=""Journeymen Fall Classic and Women's World Classic"""
"=""9/28/2024""","=""157""","=""RR Rnd 2""","=""Colton Quinn""","=""Triumph""","=""""","=""BYE""","=""""","=""""","=""Manheim""","=""PA""","=""Journeymen Fall Classic and Women's World Classic"""
"=""9/28/2024""","=""152A""","=""RR Rnd 2""","=""Chase Van Hoven""","=""Legacy Dragons""","=""17-2 4:06""","=""TF""","=""Henry Martin""","=""Empire Wrestling Academy""","=""Manheim""","=""PA""","=""Journeymen Fall Classic and Women's World Classic"""
"=""9/28/2024""","=""152A""","=""RR Rnd 1""","=""Mason Ketcham""","=""Kd Training Center""","=""16-0 4:16""","=""TF""","=""Jackson Bush""","=""Delaware Valley Regional High School""","=""Manheim""","=""PA""","=""Journeymen Fall Classic and Women's World Classic"""
"=""9/28/2024""","=""152A""","=""RR Rnd 1""","=""John Jurkovic""","=""Gilman""","=""15-2 2:32""","=""F""","=""Owen J Miller""","=""Yale Street""","=""Manheim""","=""PA""","=""Journeymen Fall Classic and Women's World Classic"""
"=""9/28/2024""","=""152A""","=""RR Rnd 1""","=""Nick Schwartz""","=""Delbarton""","=""""","=""BYE""","=""""","=""""","=""Manheim""","=""PA""","=""Journeymen Fall Classic and Women's World Classic"""
"=""9/28/2024""","=""152A""","=""RR Rnd 1""","=""Raymond Fitzgerald""","=""Malvern Prep""","=""6-4""","=""DEC""","=""Calvin Kraisser""","=""Centennial""","=""Manheim""","=""PA""","=""Journeymen Fall Classic and Women's World Classic"""
"=""9/28/2024""","=""152A""","=""RR Rnd 1""","=""Brandon John Dean""","=""Betterman Elite Wrestling""","=""3-0 1:04""","=""F""","=""Reed Booth""","=""Pwa""","=""Manheim""","=""PA""","=""Journeymen Fall Classic and Women's World Classic"""
"=""9/28/2024""","=""157""","=""RR Rnd 1""","=""Asher George Bacon""","=""X-caliber""","=""""","=""BYE""","=""""","=""""","=""Manheim""","=""PA""","=""Journeymen Fall Classic and Women's World Classic"""
"=""9/28/2024""","=""152A""","=""RR Rnd 1""","=""Chase Van Hoven""","=""Legacy Dragons""","=""4-19 4:59""","=""TF""","=""Anthony Tresch""","=""Iron Horse""","=""Manheim""","=""PA""","=""Journeymen Fall Classic and Women's World Classic"""
"=""9/28/2024""","=""152A""","=""RR Rnd 1""","=""Antonio Arguello""","=""Tugman""","=""""","=""BYE""","=""""","=""""","=""Manheim""","=""PA""","=""Journeymen Fall Classic and Women's World Classic"""
"=""9/28/2024""","=""152A""","=""RR Rnd 1""","=""Bryan Latta""","=""Poquoson High School""","=""""","=""BYE""","=""""","=""""","=""Manheim""","=""PA""","=""Journeymen Fall Classic and Women's World Classic"""
"=""9/28/2024""","=""157""","=""RR Rnd 1""","=""Colton Quinn""","=""Triumph""","=""0-0 0:00""","=""F""","=""Ryder Bernholz""","=""Yale Street Wc""","=""Manheim""","=""PA""","=""Journeymen Fall Classic and Women's World Classic"""
"=""9/28/2024""","=""157""","=""RR Rnd 1""","=""William Harding""","=""Smitty's Barn""","=""0-0""","=""FOR""","=""Cooper Hershey""","=""Dueling Bandits""","=""Manheim""","=""PA""","=""Journeymen Fall Classic and Women's World Classic"""
"=""9/28/2024""","=""152A""","=""RR Rnd 1""","=""Bradley Williams""","=""Stronghold Wrestling Club""","=""""","=""BYE""","=""""","=""""","=""Manheim""","=""PA""","=""Journeymen Fall Classic and Women's World Classic"""
"=""9/28/2024""","=""152A""","=""RR Rnd 1""","=""Luke Murray""","=""Va Slaughter House""","=""15-0 4:47""","=""TF""","=""Parker Quinn""","=""Triumph""","=""Manheim""","=""PA""","=""Journeymen Fall Classic and Women's World Classic"""
"=""9/28/2024""","=""152A""","=""RR Rnd 1""","=""Colby Vital""","=""Ponagansett""","=""""","=""BYE""","=""""","=""""","=""Manheim""","=""PA""","=""Journeymen Fall Classic and Women's World Classic"""
"=""9/28/2024""","=""152A""","=""RR Rnd 1""","=""Zeno Moore""","=""Lake Highland Prep""","=""15-1""","=""MD""","=""Matthew Arndt""","=""Impact Wrestling Academy""","=""Manheim""","=""PA""","=""Journeymen Fall Classic and Women's World Classic"""
"=""9/28/2024""","=""152A""","=""RR Rnd 1""","=""Henry Martin""","=""Empire Wrestling Academy""","=""""","=""BYE""","=""""","=""""","=""Manheim""","=""PA""","=""Journeymen Fall Classic and Women's World Classic"""
"=""9/28/2024""","=""152A""","=""RR Rnd 1""","=""Jordan Joslyn""","=""Nyma""","=""17-12""","=""DEC""","=""Justin Avila""","=""Big Game Wrestling Club""","=""Manheim""","=""PA""","=""Journeymen Fall Classic and Women's World Classic"""
"=""9/28/2024""","=""152A""","=""Consi of 4""","=""Parker Quinn""","=""Triumph""","=""""","=""BYE""","=""""","=""""","=""Manheim""","=""PA""","=""Journeymen Fall Classic and Women's World Classic"""
"=""9/28/2024""","=""152A""","=""Consi of 4""","=""Antonio Arguello""","=""Tugman""","=""""","=""BYE""","=""""","=""""","=""Manheim""","=""PA""","=""Journeymen Fall Classic and Women's World Classic"""
"=""9/28/2024""","=""152A""","=""Consi of 4""","=""Jordan Joslyn""","=""Nyma""","=""13-4""","=""MD""","=""Mason Ketcham""","=""Kd Training Center""","=""Manheim""","=""PA""","=""Journeymen Fall Classic and Women's World Classic"""
"=""9/28/2024""","=""152A""","=""Consi of 4""","=""Luke Murray""","=""Va Slaughter House""","=""4-2""","=""DEC""","=""Raymond Fitzgerald""","=""Malvern Prep""","=""Manheim""","=""PA""","=""Journeymen Fall Classic and Women's World Classic"""
"=""9/28/2024""","=""152A""","=""Consi of 4""","=""Anthony Tresch""","=""Iron Horse""","=""16-2 2:36""","=""F""","=""Owen J Miller""","=""Yale Street""","=""Manheim""","=""PA""","=""Journeymen Fall Classic and Women's World Classic"""
"=""9/28/2024""","=""152A""","=""Consi of 4""","=""Matthew Arndt""","=""Impact Wrestling Academy""","=""8-4""","=""DEC""","=""Bradley Williams""","=""Stronghold Wrestling Club""","=""Manheim""","=""PA""","=""Journeymen Fall Classic and Women's World Classic"""
"=""9/28/2024""","=""152A""","=""7th Place""","=""Mason Ketcham""","=""Kd Training Center""","=""3-0 2:32""","=""M FOR""","=""Raymond Fitzgerald""","=""Malvern Prep""","=""Manheim""","=""PA""","=""Journeymen Fall Classic and Women's World Classic"""
"=""9/28/2024""","=""152A""","=""7th Place""","=""Bradley Williams""","=""Stronghold Wrestling Club""","=""4-3 0:53""","=""F""","=""Owen J Miller""","=""Yale Street""","=""Manheim""","=""PA""","=""Journeymen Fall Classic and Women's World Classic"""
"=""9/28/2024""","=""152A""","=""5th Place""","=""Jordan Joslyn""","=""Nyma""","=""8-1""","=""DEC""","=""Luke Murray""","=""Va Slaughter House""","=""Manheim""","=""PA""","=""Journeymen Fall Classic and Women's World Classic"""
"=""9/28/2024""","=""152A""","=""5th Place""","=""Antonio Arguello""","=""Tugman""","=""0-0""","=""FOR""","=""Parker Quinn""","=""Triumph""","=""Manheim""","=""PA""","=""Journeymen Fall Classic and Women's World Classic"""
"=""9/28/2024""","=""152A""","=""5th Place""","=""Anthony Tresch""","=""Iron Horse""","=""7-3""","=""DEC""","=""Matthew Arndt""","=""Impact Wrestling Academy""","=""Manheim""","=""PA""","=""Journeymen Fall Classic and Women's World Classic"""
"=""9/28/2024""","=""152A""","=""3rd Place""","=""John Jurkovic""","=""Gilman""","=""7-0""","=""DEC""","=""Brandon John Dean""","=""Betterman Elite Wrestling""","=""Manheim""","=""PA""","=""Journeymen Fall Classic and Women's World Classic"""
"=""9/28/2024""","=""152A""","=""3rd Place""","=""Jackson Bush""","=""Delaware Valley Regional High School""","=""7-5""","=""DEC""","=""Nick Schwartz""","=""Delbarton""","=""Manheim""","=""PA""","=""Journeymen Fall Classic and Women's World Classic"""
"=""9/28/2024""","=""152A""","=""Quarter-Finals""","=""Colby Vital""","=""Ponagansett""","=""""","=""BYE""","=""""","=""""","=""Manheim""","=""PA""","=""Journeymen Fall Classic and Women's World Classic"""
"=""9/28/2024""","=""152A""","=""Quarter-Finals""","=""Nick Schwartz""","=""Delbarton""","=""18-0 2:49""","=""TF""","=""Bradley Williams""","=""Stronghold Wrestling Club""","=""Manheim""","=""PA""","=""Journeymen Fall Classic and Women's World Classic"""
"=""9/28/2024""","=""152A""","=""Quarter-Finals""","=""John Jurkovic""","=""Gilman""","=""13-3""","=""MD""","=""Mason Ketcham""","=""Kd Training Center""","=""Manheim""","=""PA""","=""Journeymen Fall Classic and Women's World Classic"""
"=""9/28/2024""","=""152A""","=""Quarter-Finals""","=""Brandon John Dean""","=""Betterman Elite Wrestling""","=""5-0""","=""DEC""","=""Luke Murray""","=""Va Slaughter House""","=""Manheim""","=""PA""","=""Journeymen Fall Classic and Women's World Classic"""
"=""9/28/2024""","=""152A""","=""Quarter-Finals""","=""Jackson Bush""","=""Delaware Valley Regional High School""","=""19-2 3:06""","=""TF""","=""Owen J Miller""","=""Yale Street""","=""Manheim""","=""PA""","=""Journeymen Fall Classic and Women's World Classic"""
"=""9/28/2024""","=""152A""","=""Quarter-Finals""","=""Henry Martin""","=""Empire Wrestling Academy""","=""""","=""BYE""","=""""","=""""","=""Manheim""","=""PA""","=""Journeymen Fall Classic and Women's World Classic"""
"=""9/28/2024""","=""152A""","=""Quarter-Finals""","=""Calvin Kraisser""","=""Centennial""","=""1-0""","=""DEC""","=""Matthew Arndt""","=""Impact Wrestling Academy""","=""Manheim""","=""PA""","=""Journeymen Fall Classic and Women's World Classic"""
"=""9/28/2024""","=""152A""","=""Quarter-Finals""","=""Justin Avila""","=""Big Game Wrestling Club""","=""11-10""","=""DEC""","=""Anthony Tresch""","=""Iron Horse""","=""Manheim""","=""PA""","=""Journeymen Fall Classic and Women's World Classic"""
"=""9/28/2024""","=""152A""","=""Quarter-Finals""","=""Chase Van Hoven""","=""Legacy Dragons""","=""18-2 2:27""","=""F""","=""Jordan Joslyn""","=""Nyma""","=""Manheim""","=""PA""","=""Journeymen Fall Classic and Women's World Classic"""
"=""9/28/2024""","=""152A""","=""Quarter-Finals""","=""Reed Booth""","=""Pwa""","=""10-0""","=""MD""","=""Parker Quinn""","=""Triumph""","=""Manheim""","=""PA""","=""Journeymen Fall Classic and Women's World Classic"""
"=""9/28/2024""","=""152A""","=""Quarter-Finals""","=""Bryan Latta""","=""Poquoson High School""","=""7-0""","=""DEC""","=""Antonio Arguello""","=""Tugman""","=""Manheim""","=""PA""","=""Journeymen Fall Classic and Women's World Classic"""
"=""9/28/2024""","=""152A""","=""Quarter-Finals""","=""Zeno Moore""","=""Lake Highland Prep""","=""25-8 4:58""","=""TF""","=""Raymond Fitzgerald""","=""Malvern Prep""","=""Manheim""","=""PA""","=""Journeymen Fall Classic and Women's World Classic"""
"=""9/28/2024""","=""152A""","=""Semi-Finals""","=""Calvin Kraisser""","=""Centennial""","=""12-3""","=""MD""","=""Nick Schwartz""","=""Delbarton""","=""Manheim""","=""PA""","=""Journeymen Fall Classic and Women's World Classic"""
"=""9/28/2024""","=""152A""","=""Semi-Finals""","=""Chase Van Hoven""","=""Legacy Dragons""","=""21-3 5:00""","=""TF""","=""John Jurkovic""","=""Gilman""","=""Manheim""","=""PA""","=""Journeymen Fall Classic and Women's World Classic"""
"=""9/28/2024""","=""152A""","=""Semi-Finals""","=""Henry Martin""","=""Empire Wrestling Academy""","=""12-3""","=""MD""","=""Bryan Latta""","=""Poquoson High School""","=""Manheim""","=""PA""","=""Journeymen Fall Classic and Women's World Classic"""
"=""9/28/2024""","=""152A""","=""Semi-Finals""","=""Zeno Moore""","=""Lake Highland Prep""","=""16-0 4:05""","=""TF""","=""Brandon John Dean""","=""Betterman Elite Wrestling""","=""Manheim""","=""PA""","=""Journeymen Fall Classic and Women's World Classic"""
"=""9/28/2024""","=""152A""","=""Semi-Finals""","=""Colby Vital""","=""Ponagansett""","=""8-4""","=""DEC""","=""Reed Booth""","=""Pwa""","=""Manheim""","=""PA""","=""Journeymen Fall Classic and Women's World Classic"""
"=""9/28/2024""","=""152A""","=""Semi-Finals""","=""Justin Avila""","=""Big Game Wrestling Club""","=""16-9""","=""DEC""","=""Jackson Bush""","=""Delaware Valley Regional High School""","=""Manheim""","=""PA""","=""Journeymen Fall Classic and Women's World Classic"""
"=""9/28/2024""","=""152A""","=""Finals""","=""Chase Van Hoven""","=""Legacy Dragons""","=""8-5 SV""","=""DEC""","=""Zeno Moore""","=""Lake Highland Prep""","=""Manheim""","=""PA""","=""Journeymen Fall Classic and Women's World Classic"""
"=""9/28/2024""","=""152A""","=""Finals""","=""Calvin Kraisser""","=""Centennial""","=""7-3""","=""DEC""","=""Justin Avila""","=""Big Game Wrestling Club""","=""Manheim""","=""PA""","=""Journeymen Fall Classic and Women's World Classic"""
"=""9/28/2024""","=""152A""","=""Finals""","=""Henry Martin""","=""Empire Wrestling Academy""","=""4-1""","=""DEC""","=""Colby Vital""","=""Ponagansett""","=""Manheim""","=""PA""","=""Journeymen Fall Classic and Women's World Classic"""
"=""9/28/2024""","=""152B""","=""RR Rnd 5""","=""Kingston Cotter""","=""Spartan""","=""""","=""BYE""","=""""","=""""","=""Manheim""","=""PA""","=""Journeymen Fall Classic and Women's World Classic"""
"=""9/28/2024""","=""152B""","=""RR Rnd 5""","=""Gabe Cohen""","=""Garden City""","=""""","=""M FOR""","=""Braxton Mcavey""","=""St Frances Academy""","=""Manheim""","=""PA""","=""Journeymen Fall Classic and Women's World Classic"""
"=""9/28/2024""","=""152B""","=""RR Rnd 5""","=""Merritt Clinton""","=""Westfield""","=""10-7""","=""DEC""","=""Leo Tansey""","=""Collegiate School""","=""Manheim""","=""PA""","=""Journeymen Fall Classic and Women's World Classic"""
"=""9/28/2024""","=""152B""","=""RR Rnd 4""","=""Braxton Mcavey""","=""St Frances Academy""","=""""","=""BYE""","=""""","=""""","=""Manheim""","=""PA""","=""Journeymen Fall Classic and Women's World Classic"""
"=""9/28/2024""","=""152B""","=""RR Rnd 4""","=""Kingston Cotter""","=""Spartan""","=""18-1 0:00""","=""TF""","=""Merritt Clinton""","=""Westfield""","=""Manheim""","=""PA""","=""Journeymen Fall Classic and Women's World Classic"""
"=""9/28/2024""","=""152B""","=""RR Rnd 4""","=""Leo Tansey""","=""Collegiate School""","=""15-4 4:04""","=""F""","=""Gabe Cohen""","=""Garden City""","=""Manheim""","=""PA""","=""Journeymen Fall Classic and Women's World Classic"""
"=""9/28/2024""","=""152B""","=""RR Rnd 3""","=""Merritt Clinton""","=""Westfield""","=""""","=""BYE""","=""""","=""""","=""Manheim""","=""PA""","=""Journeymen Fall Classic and Women's World Classic"""
"=""9/28/2024""","=""152B""","=""RR Rnd 3""","=""Gabe Cohen""","=""Garden City""","=""8-3""","=""DEC""","=""Kingston Cotter""","=""Spartan""","=""Manheim""","=""PA""","=""Journeymen Fall Classic and Women's World Classic"""
"=""9/28/2024""","=""152B""","=""RR Rnd 3""","=""Leo Tansey""","=""Collegiate School""","=""17-7""","=""MD""","=""Braxton Mcavey""","=""St Frances Academy""","=""Manheim""","=""PA""","=""Journeymen Fall Classic and Women's World Classic"""
"=""9/28/2024""","=""152B""","=""RR Rnd 2""","=""Merritt Clinton""","=""Westfield""","=""20-4 3:40""","=""TF""","=""Gabe Cohen""","=""Garden City""","=""Manheim""","=""PA""","=""Journeymen Fall Classic and Women's World Classic"""
"=""9/28/2024""","=""152B""","=""RR Rnd 2""","=""Leo Tansey""","=""Collegiate School""","=""""","=""BYE""","=""""","=""""","=""Manheim""","=""PA""","=""Journeymen Fall Classic and Women's World Classic"""
"=""9/28/2024""","=""152B""","=""RR Rnd 2""","=""Braxton Mcavey""","=""St Frances Academy""","=""15-3 4:11""","=""F""","=""Kingston Cotter""","=""Spartan""","=""Manheim""","=""PA""","=""Journeymen Fall Classic and Women's World Classic"""
"=""9/28/2024""","=""152B""","=""RR Rnd 1""","=""Merritt Clinton""","=""Westfield""","=""4-1""","=""DEC""","=""Braxton Mcavey""","=""St Frances Academy""","=""Manheim""","=""PA""","=""Journeymen Fall Classic and Women's World Classic"""
"=""9/28/2024""","=""152B""","=""RR Rnd 1""","=""Gabe Cohen""","=""Garden City""","=""""","=""BYE""","=""""","=""""","=""Manheim""","=""PA""","=""Journeymen Fall Classic and Women's World Classic"""
"=""9/28/2024""","=""152B""","=""RR Rnd 1""","=""Leo Tansey""","=""Collegiate School""","=""17-1 3:09""","=""TF""","=""Kingston Cotter""","=""Spartan""","=""Manheim""","=""PA""","=""Journeymen Fall Classic and Women's World Classic"""
"=""9/28/2024""","=""160A""","=""Consi of 4""","=""Anthony Evanitsky""","=""Wyoming Seminary""","=""10-9""","=""DEC""","=""Cole Albert""","=""The Hill School""","=""Manheim""","=""PA""","=""Journeymen Fall Classic and Women's World Classic"""
"=""9/28/2024""","=""160A""","=""Consi of 4""","=""Cael Edwards""","=""Gators Wc""","=""6-1""","=""DEC""","=""Thomas Schechterly""","=""Mat Assassins Wrestling Club""","=""Manheim""","=""PA""","=""Journeymen Fall Classic and Women's World Classic"""
"=""9/28/2024""","=""160A""","=""Consi of 4""","=""Lucas Parietti""","=""Wyoming Seminary""","=""0-0 0:00""","=""M FOR""","=""Joseph Lathwood""","=""Doughboy""","=""Manheim""","=""PA""","=""Journeymen Fall Classic and Women's World Classic"""
"=""9/28/2024""","=""160A""","=""Consi of 4""","=""Arment Waltenbaugh""","=""The Hill School""","=""3-0 0:58""","=""F""","=""Jack Chamberlain""","=""Wyoming Seminary""","=""Manheim""","=""PA""","=""Journeymen Fall Classic and Women's World Classic"""
"=""9/28/2024""","=""160A""","=""7th Place""","=""Jack Chamberlain""","=""Wyoming Seminary""","=""""","=""M FOR""","=""Cole Albert""","=""The Hill School""","=""Manheim""","=""PA""","=""Journeymen Fall Classic and Women's World Classic"""
"=""9/28/2024""","=""160A""","=""7th Place""","=""Thomas Schechterly""","=""Mat Assassins Wrestling Club""","=""0-0""","=""FOR""","=""Joseph Lathwood""","=""Doughboy""","=""Manheim""","=""PA""","=""Journeymen Fall Classic and Women's World Classic"""
"=""9/28/2024""","=""160A""","=""5th Place""","=""Lucas Parietti""","=""Wyoming Seminary""","=""13-2""","=""MD""","=""Cael Edwards""","=""Gators Wc""","=""Manheim""","=""PA""","=""Journeymen Fall Classic and Women's World Classic"""
"=""9/28/2024""","=""160A""","=""5th Place""","=""Arment Waltenbaugh""","=""The Hill School""","=""10-1""","=""MD""","=""Anthony Evanitsky""","=""Wyoming Seminary""","=""Manheim""","=""PA""","=""Journeymen Fall Classic and Women's World Classic"""
"=""9/28/2024""","=""160A""","=""3rd Place""","=""Barry Norman""","=""Blair Academy""","=""0-0""","=""FOR""","=""Kage Jones""","=""Camden Catholic""","=""Manheim""","=""PA""","=""Journeymen Fall Classic and Women's World Classic"""
"=""9/28/2024""","=""160A""","=""3rd Place""","=""Lucas Boe""","=""Lake Highland Prep""","=""13-2""","=""MD""","=""Michael Boulanger Jr.""","=""Metrowest United""","=""Manheim""","=""PA""","=""Journeymen Fall Classic and Women's World Classic"""
"=""9/28/2024""","=""160A""","=""3rd Place""","=""Beau Lewis""","=""Great Bridge High School""","=""19-3 5:00""","=""TF""","=""Michael Byrne""","=""Legacy Dragons""","=""Manheim""","=""PA""","=""Journeymen Fall Classic and Women's World Classic"""
"=""9/28/2024""","=""160A""","=""3rd Place""","=""Jake Maddox""","=""Newtown High School""","=""0-0""","=""FOR""","=""Tyler Fromm""","=""Empire Wrestling Academy""","=""Manheim""","=""PA""","=""Journeymen Fall Classic and Women's World Classic"""
"=""9/28/2024""","=""160A""","=""3rd Place""","=""Matt F Miller""","=""Yale Street""","=""""","=""M FOR""","=""Charlie Herting""","=""Blackfox""","=""Manheim""","=""PA""","=""Journeymen Fall Classic and Women's World Classic"""
"=""9/28/2024""","=""160A""","=""Round of 32""","=""Benjamin Weader""","=""Chantilly""","=""""","=""BYE""","=""""","=""""","=""Manheim""","=""PA""","=""Journeymen Fall Classic and Women's World Classic"""
"=""9/28/2024""","=""160A""","=""Round of 32""","=""Tyler Fromm""","=""Empire Wrestling Academy""","=""28-12 4:56""","=""TF""","=""Charlie Herting""","=""Blackfox""","=""Manheim""","=""PA""","=""Journeymen Fall Classic and Women's World Classic"""
"=""9/28/2024""","=""160A""","=""Round of 32""","=""Barry Norman""","=""Blair Academy""","=""14-0""","=""MD""","=""Jerin Coles""","=""Combat School""","=""Manheim""","=""PA""","=""Journeymen Fall Classic and Women's World Classic"""
"=""9/28/2024""","=""160A""","=""Round of 32""","=""Arment Waltenbaugh""","=""The Hill School""","=""14-2 2:36""","=""F""","=""Cael Edwards""","=""Gators Wc""","=""Manheim""","=""PA""","=""Journeymen Fall Classic and Women's World Classic"""
"=""9/28/2024""","=""160A""","=""Round of 32""","=""Tigren Greyan""","=""Monster Garage""","=""8-1""","=""DEC""","=""Billy Tyler""","=""Integrity""","=""Manheim""","=""PA""","=""Journeymen Fall Classic and Women's World Classic"""
"=""9/28/2024""","=""160A""","=""Round of 32""","=""Jake Maddox""","=""Newtown High School""","=""16-1 3:17""","=""TF""","=""Michael Byrne""","=""Legacy Dragons""","=""Manheim""","=""PA""","=""Journeymen Fall Classic and Women's World Classic"""
"=""9/28/2024""","=""160A""","=""Round of 32""","=""Michael Boulanger Jr.""","=""Metrowest United""","=""10-2""","=""MD""","=""Matt F Miller""","=""Yale Street""","=""Manheim""","=""PA""","=""Journeymen Fall Classic and Women's World Classic"""
"=""9/28/2024""","=""160A""","=""Round of 32""","=""Niko Coloes""","=""Combat School""","=""3-0 0:40""","=""F""","=""Thomas Schechterly""","=""Mat Assassins Wrestling Club""","=""Manheim""","=""PA""","=""Journeymen Fall Classic and Women's World Classic"""
"=""9/28/2024""","=""160A""","=""Round of 32""","=""Cole Pangborn""","=""Rumson Fair Haven""","=""7-1 4:44""","=""F""","=""Marc Maurath""","=""Empire Wrestling Academy""","=""Manheim""","=""PA""","=""Journeymen Fall Classic and Women's World Classic"""
"=""9/28/2024""","=""160A""","=""Round of 32""","=""Justin Lowery""","=""Loudoun County Hs""","=""15-0 3:15""","=""TF""","=""Raymond Mcnulty""","=""Savage""","=""Manheim""","=""PA""","=""Journeymen Fall Classic and Women's World Classic"""
"=""9/28/2024""","=""160A""","=""Round of 32""","=""Cole Albert""","=""The Hill School""","=""8-1 4:04""","=""F""","=""Joseph Lathwood""","=""Doughboy""","=""Manheim""","=""PA""","=""Journeymen Fall Classic and Women's World Classic"""
"=""9/28/2024""","=""160A""","=""Round of 32""","=""Lucas Boe""","=""Lake Highland Prep""","=""9-6""","=""DEC""","=""Blake Jacobson""","=""Impact""","=""Manheim""","=""PA""","=""Journeymen Fall Classic and Women's World Classic"""
"=""9/28/2024""","=""160A""","=""Round of 32""","=""Jack Chamberlain""","=""Wyoming Seminary""","=""9-6 4:27""","=""F""","=""Beau Lewis""","=""Great Bridge High School""","=""Manheim""","=""PA""","=""Journeymen Fall Classic and Women's World Classic"""
"=""9/28/2024""","=""160A""","=""Round of 32""","=""Anthony Evanitsky""","=""Wyoming Seminary""","=""20-3 3:56""","=""TF""","=""Danny Dacey""","=""Journeymen""","=""Manheim""","=""PA""","=""Journeymen Fall Classic and Women's World Classic"""
"=""9/28/2024""","=""160A""","=""Round of 32""","=""Jason Kwaak""","=""Kd Training Center""","=""17-2 4:23""","=""TF""","=""Lucas Parietti""","=""Wyoming Seminary""","=""Manheim""","=""PA""","=""Journeymen Fall Classic and Women's World Classic"""
"=""9/28/2024""","=""160A""","=""Round of 32""","=""Kage Jones""","=""Camden Catholic""","=""""","=""BYE""","=""""","=""""","=""Manheim""","=""PA""","=""Journeymen Fall Classic and Women's World Classic"""
"=""9/28/2024""","=""160A""","=""Round of 16""","=""Cael Edwards""","=""Gators Wc""","=""8-7""","=""DEC""","=""Marc Maurath""","=""Empire Wrestling Academy""","=""Manheim""","=""PA""","=""Journeymen Fall Classic and Women's World Classic"""
"=""9/28/2024""","=""160A""","=""Round of 16""","=""Arment Waltenbaugh""","=""The Hill School""","=""14-3""","=""MD""","=""Cole Pangborn""","=""Rumson Fair Haven""","=""Manheim""","=""PA""","=""Journeymen Fall Classic and Women's World Classic"""
"=""9/28/2024""","=""160A""","=""Round of 16""","=""Michael Byrne""","=""Legacy Dragons""","=""6-5""","=""DEC""","=""Matt F Miller""","=""Yale Street""","=""Manheim""","=""PA""","=""Journeymen Fall Classic and Women's World Classic"""
"=""9/28/2024""","=""160A""","=""Round of 16""","=""Cole Albert""","=""The Hill School""","=""6-3""","=""DEC""","=""Kage Jones""","=""Camden Catholic""","=""Manheim""","=""PA""","=""Journeymen Fall Classic and Women's World Classic"""
"=""9/28/2024""","=""160A""","=""Round of 16""","=""Lucas Boe""","=""Lake Highland Prep""","=""3-1 2:17""","=""F""","=""Barry Norman""","=""Blair Academy""","=""Manheim""","=""PA""","=""Journeymen Fall Classic and Women's World Classic"""
"=""9/28/2024""","=""160A""","=""Round of 16""","=""Lucas Parietti""","=""Wyoming Seminary""","=""13-0""","=""MD""","=""Raymond Mcnulty""","=""Savage""","=""Manheim""","=""PA""","=""Journeymen Fall Classic and Women's World Classic"""
"=""9/28/2024""","=""160A""","=""Round of 16""","=""Beau Lewis""","=""Great Bridge High School""","=""0-0""","=""FOR""","=""Charlie Herting""","=""Blackfox""","=""Manheim""","=""PA""","=""Journeymen Fall Classic and Women's World Classic"""
"=""9/28/2024""","=""160A""","=""Round of 16""","=""Thomas Schechterly""","=""Mat Assassins Wrestling Club""","=""""","=""BYE""","=""""","=""""","=""Manheim""","=""PA""","=""Journeymen Fall Classic and Women's World Classic"""
"=""9/28/2024""","=""160A""","=""Round of 16""","=""Michael Boulanger Jr.""","=""Metrowest United""","=""21-4 3:30""","=""TF""","=""Jake Maddox""","=""Newtown High School""","=""Manheim""","=""PA""","=""Journeymen Fall Classic and Women's World Classic"""
"=""9/28/2024""","=""160A""","=""Round of 16""","=""Benjamin Weader""","=""Chantilly""","=""3-0 1:41""","=""F""","=""Niko Coloes""","=""Combat School""","=""Manheim""","=""PA""","=""Journeymen Fall Classic and Women's World Classic"""
"=""9/28/2024""","=""160A""","=""Round of 16""","=""Joseph Lathwood""","=""Doughboy""","=""""","=""BYE""","=""""","=""""","=""Manheim""","=""PA""","=""Journeymen Fall Classic and Women's World Classic"""
"=""9/28/2024""","=""160A""","=""Round of 16""","=""Jack Chamberlain""","=""Wyoming Seminary""","=""21-15""","=""DEC""","=""Tyler Fromm""","=""Empire Wrestling Academy""","=""Manheim""","=""PA""","=""Journeymen Fall Classic and Women's World Classic"""
"=""9/28/2024""","=""160A""","=""Round of 16""","=""Anthony Evanitsky""","=""Wyoming Seminary""","=""3-0 0:53""","=""F""","=""Tigren Greyan""","=""Monster Garage""","=""Manheim""","=""PA""","=""Journeymen Fall Classic and Women's World Classic"""
"=""9/28/2024""","=""160A""","=""Round of 16""","=""Jason Kwaak""","=""Kd Training Center""","=""15-0 2:23""","=""TF""","=""Justin Lowery""","=""Loudoun County Hs""","=""Manheim""","=""PA""","=""Journeymen Fall Classic and Women's World Classic"""
"=""9/28/2024""","=""160A""","=""Round of 16""","=""Blake Jacobson""","=""Impact""","=""11-5""","=""DEC""","=""Jerin Coles""","=""Combat School""","=""Manheim""","=""PA""","=""Journeymen Fall Classic and Women's World Classic"""
"=""9/28/2024""","=""160A""","=""Round of 16""","=""Billy Tyler""","=""Integrity""","=""11-2""","=""MD""","=""Danny Dacey""","=""Journeymen""","=""Manheim""","=""PA""","=""Journeymen Fall Classic and Women's World Classic"""
"=""9/28/2024""","=""160A""","=""Quarter-Finals""","=""Charlie Herting""","=""Blackfox""","=""""","=""BYE""","=""""","=""""","=""Manheim""","=""PA""","=""Journeymen Fall Classic and Women's World Classic"""
"=""9/28/2024""","=""160A""","=""Quarter-Finals""","=""Michael Boulanger Jr.""","=""Metrowest United""","=""5-4""","=""DEC""","=""Cole Albert""","=""The Hill School""","=""Manheim""","=""PA""","=""Journeymen Fall Classic and Women's World Classic"""
"=""9/28/2024""","=""160A""","=""Quarter-Finals""","=""Tigren Greyan""","=""Monster Garage""","=""4-2""","=""DEC""","=""Justin Lowery""","=""Loudoun County Hs""","=""Manheim""","=""PA""","=""Journeymen Fall Classic and Women's World Classic"""
"=""9/28/2024""","=""160A""","=""Quarter-Finals""","=""Niko Coloes""","=""Combat School""","=""9-3 2:47""","=""F""","=""Tyler Fromm""","=""Empire Wrestling Academy""","=""Manheim""","=""PA""","=""Journeymen Fall Classic and Women's World Classic"""
"=""9/28/2024""","=""160A""","=""Quarter-Finals""","=""Beau Lewis""","=""Great Bridge High School""","=""6-0 4:59""","=""F""","=""Thomas Schechterly""","=""Mat Assassins Wrestling Club""","=""Manheim""","=""PA""","=""Journeymen Fall Classic and Women's World Classic"""
"=""9/28/2024""","=""160A""","=""Quarter-Finals""","=""Kage Jones""","=""Camden Catholic""","=""14-2 4:33""","=""F""","=""Jake Maddox""","=""Newtown High School""","=""Manheim""","=""PA""","=""Journeymen Fall Classic and Women's World Classic"""
"=""9/28/2024""","=""160A""","=""Quarter-Finals""","=""Danny Dacey""","=""Journeymen""","=""10-7""","=""DEC""","=""Raymond Mcnulty""","=""Savage""","=""Manheim""","=""PA""","=""Journeymen Fall Classic and Women's World Classic"""
"=""9/28/2024""","=""160A""","=""Quarter-Finals""","=""Blake Jacobson""","=""Impact""","=""14-1 3:49""","=""F""","=""Cael Edwards""","=""Gators Wc""","=""Manheim""","=""PA""","=""Journeymen Fall Classic and Women's World Classic"""
"=""9/28/2024""","=""160A""","=""Quarter-Finals""","=""Benjamin Weader""","=""Chantilly""","=""9-0 1:08""","=""F""","=""Jack Chamberlain""","=""Wyoming Seminary""","=""Manheim""","=""PA""","=""Journeymen Fall Classic and Women's World Classic"""
"=""9/28/2024""","=""160A""","=""Quarter-Finals""","=""Barry Norman""","=""Blair Academy""","=""11-8 SV""","=""DEC""","=""Cole Pangborn""","=""Rumson Fair Haven""","=""Manheim""","=""PA""","=""Journeymen Fall Classic and Women's World Classic"""
"=""9/28/2024""","=""160A""","=""Quarter-Finals""","=""Matt F Miller""","=""Yale Street""","=""""","=""BYE""","=""""","=""""","=""Manheim""","=""PA""","=""Journeymen Fall Classic and Women's World Classic"""
"=""9/28/2024""","=""160A""","=""Quarter-Finals""","=""Lucas Boe""","=""Lake Highland Prep""","=""14-0""","=""MD""","=""Arment Waltenbaugh""","=""The Hill School""","=""Manheim""","=""PA""","=""Journeymen Fall Classic and Women's World Classic"""
"=""9/28/2024""","=""160A""","=""Quarter-Finals""","=""Marc Maurath""","=""Empire Wrestling Academy""","=""14-2 4:19""","=""F""","=""Jerin Coles""","=""Combat School""","=""Manheim""","=""PA""","=""Journeymen Fall Classic and Women's World Classic"""
"=""9/28/2024""","=""160A""","=""Quarter-Finals""","=""Jason Kwaak""","=""Kd Training Center""","=""6-3 TB2""","=""DEC""","=""Anthony Evanitsky""","=""Wyoming Seminary""","=""Manheim""","=""PA""","=""Journeymen Fall Classic and Women's World Classic"""
"=""9/28/2024""","=""160A""","=""Quarter-Finals""","=""Michael Byrne""","=""Legacy Dragons""","=""""","=""M FOR""","=""Joseph Lathwood""","=""Doughboy""","=""Manheim""","=""PA""","=""Journeymen Fall Classic and Women's World Classic"""
"=""9/28/2024""","=""160A""","=""Quarter-Finals""","=""Billy Tyler""","=""Integrity""","=""14-2""","=""MD""","=""Lucas Parietti""","=""Wyoming Seminary""","=""Manheim""","=""PA""","=""Journeymen Fall Classic and Women's World Classic"""
"=""9/28/2024""","=""160A""","=""Semi-Finals""","=""Blake Jacobson""","=""Impact""","=""4-2""","=""DEC""","=""Beau Lewis""","=""Great Bridge High School""","=""Manheim""","=""PA""","=""Journeymen Fall Classic and Women's World Classic"""
"=""9/28/2024""","=""160A""","=""Semi-Finals""","=""Benjamin Weader""","=""Chantilly""","=""10-1""","=""MD""","=""Lucas Boe""","=""Lake Highland Prep""","=""Manheim""","=""PA""","=""Journeymen Fall Classic and Women's World Classic"""
"=""9/28/2024""","=""160A""","=""Semi-Finals""","=""Billy Tyler""","=""Integrity""","=""9-2""","=""DEC""","=""Michael Byrne""","=""Legacy Dragons""","=""Manheim""","=""PA""","=""Journeymen Fall Classic and Women's World Classic"""
"=""9/28/2024""","=""160A""","=""Semi-Finals""","=""Jason Kwaak""","=""Kd Training Center""","=""12-0""","=""MD""","=""Michael Boulanger Jr.""","=""Metrowest United""","=""Manheim""","=""PA""","=""Journeymen Fall Classic and Women's World Classic"""
"=""9/28/2024""","=""160A""","=""Semi-Finals""","=""Niko Coloes""","=""Combat School""","=""7-4 4:11""","=""F""","=""Barry Norman""","=""Blair Academy""","=""Manheim""","=""PA""","=""Journeymen Fall Classic and Women's World Classic"""
"=""9/28/2024""","=""160A""","=""Semi-Finals""","=""Cole Pangborn""","=""Rumson Fair Haven""","=""13-7""","=""DEC""","=""Jake Maddox""","=""Newtown High School""","=""Manheim""","=""PA""","=""Journeymen Fall Classic and Women's World Classic"""
"=""9/28/2024""","=""160A""","=""Semi-Finals""","=""Tigren Greyan""","=""Monster Garage""","=""7-1""","=""DEC""","=""Kage Jones""","=""Camden Catholic""","=""Manheim""","=""PA""","=""Journeymen Fall Classic and Women's World Classic"""
"=""9/28/2024""","=""160A""","=""Semi-Finals""","=""Justin Lowery""","=""Loudoun County Hs""","=""11-3""","=""MD""","=""Tyler Fromm""","=""Empire Wrestling Academy""","=""Manheim""","=""PA""","=""Journeymen Fall Classic and Women's World Classic"""
"=""9/28/2024""","=""160A""","=""Semi-Finals""","=""Marc Maurath""","=""Empire Wrestling Academy""","=""6-1""","=""DEC""","=""Charlie Herting""","=""Blackfox""","=""Manheim""","=""PA""","=""Journeymen Fall Classic and Women's World Classic"""
"=""9/28/2024""","=""160A""","=""Semi-Finals""","=""Danny Dacey""","=""Journeymen""","=""5-2""","=""DEC""","=""Matt F Miller""","=""Yale Street""","=""Manheim""","=""PA""","=""Journeymen Fall Classic and Women's World Classic"""
"=""9/28/2024""","=""160A""","=""Finals""","=""Cole Pangborn""","=""Rumson Fair Haven""","=""10-8""","=""DEC""","=""Justin Lowery""","=""Loudoun County Hs""","=""Manheim""","=""PA""","=""Journeymen Fall Classic and Women's World Classic"""
"=""9/28/2024""","=""160A""","=""Finals""","=""Benjamin Weader""","=""Chantilly""","=""9-1""","=""MD""","=""Jason Kwaak""","=""Kd Training Center""","=""Manheim""","=""PA""","=""Journeymen Fall Classic and Women's World Classic"""
"=""9/28/2024""","=""160A""","=""Finals""","=""Marc Maurath""","=""Empire Wrestling Academy""","=""11-6""","=""DEC""","=""Danny Dacey""","=""Journeymen""","=""Manheim""","=""PA""","=""Journeymen Fall Classic and Women's World Classic"""
"=""9/28/2024""","=""160A""","=""Finals""","=""Tigren Greyan""","=""Monster Garage""","=""8-4""","=""DEC""","=""Niko Coloes""","=""Combat School""","=""Manheim""","=""PA""","=""Journeymen Fall Classic and Women's World Classic"""
"=""9/28/2024""","=""160A""","=""Finals""","=""Blake Jacobson""","=""Impact""","=""11-1""","=""MD""","=""Billy Tyler""","=""Integrity""","=""Manheim""","=""PA""","=""Journeymen Fall Classic and Women's World Classic"""
"=""9/28/2024""","=""170A""","=""RR Rnd 3""","=""Casey Liess""","=""Mcquaid Jesuit""","=""10-1""","=""MD""","=""Zachary Meisenzahl""","=""Impact""","=""Manheim""","=""PA""","=""Journeymen Fall Classic and Women's World Classic"""
"=""9/28/2024""","=""170A""","=""RR Rnd 3""","=""Brayden Carson""","=""Monster Garage""","=""15-0 3:29""","=""TF""","=""Jacob Stephenson""","=""Wilson""","=""Manheim""","=""PA""","=""Journeymen Fall Classic and Women's World Classic"""
"=""9/28/2024""","=""170A""","=""RR Rnd 3""","=""Anthony Verdi""","=""Saint Peters Prep Hs""","=""16-5""","=""MD""","=""Max Wiezorek""","=""Chatham Wrestling Club (Cwc)""","=""Manheim""","=""PA""","=""Journeymen Fall Classic and Women's World Classic"""
"=""9/28/2024""","=""170A""","=""RR Rnd 3""","=""Miguel Rojas""","=""Lake Highland Prep""","=""""","=""BYE""","=""""","=""""","=""Manheim""","=""PA""","=""Journeymen Fall Classic and Women's World Classic"""
"=""9/28/2024""","=""170A""","=""RR Rnd 3""","=""David Joseph Pento Jr.""","=""Smitty's Barn""","=""""","=""BYE""","=""""","=""""","=""Manheim""","=""PA""","=""Journeymen Fall Classic and Women's World Classic"""
"=""9/28/2024""","=""170A""","=""RR Rnd 3""","=""Aj Digiovanni""","=""Bergen Catholic""","=""""","=""BYE""","=""""","=""""","=""Manheim""","=""PA""","=""Journeymen Fall Classic and Women's World Classic"""
"=""9/28/2024""","=""170A""","=""RR Rnd 3""","=""Caleb Neall""","=""Great Bridge High School""","=""15-0 1:28""","=""TF""","=""Octavian Ashford""","=""Impact""","=""Manheim""","=""PA""","=""Journeymen Fall Classic and Women's World Classic"""
"=""9/28/2024""","=""170A""","=""RR Rnd 3""","=""Gavin Cole""","=""Council Rock South""","=""5-2""","=""DEC""","=""Chase Hetrick""","=""Malvern Prep""","=""Manheim""","=""PA""","=""Journeymen Fall Classic and Women's World Classic"""
"=""9/28/2024""","=""170A""","=""RR Rnd 3""","=""Kayleb Martin""","=""Grain House Grapplers Wrestling Club""","=""7-4""","=""DEC""","=""Jared Marine""","=""Oceanside""","=""Manheim""","=""PA""","=""Journeymen Fall Classic and Women's World Classic"""
"=""9/28/2024""","=""170A""","=""RR Rnd 3""","=""Shane Mcfillin""","=""Bethlehem Catholic""","=""10-8""","=""DEC""","=""Taven Williams""","=""Va Elite""","=""Manheim""","=""PA""","=""Journeymen Fall Classic and Women's World Classic"""
"=""9/28/2024""","=""170A""","=""RR Rnd 3""","=""Claudio Torres""","=""Lake Highland Prep""","=""""","=""BYE""","=""""","=""""","=""Manheim""","=""PA""","=""Journeymen Fall Classic and Women's World Classic"""
"=""9/28/2024""","=""170A""","=""RR Rnd 3""","=""Cody Kirk""","=""Stronghold Wrestling Club""","=""""","=""BYE""","=""""","=""""","=""Manheim""","=""PA""","=""Journeymen Fall Classic and Women's World Classic"""
"=""9/28/2024""","=""170A""","=""RR Rnd 3""","=""Salah Tsarni""","=""Capital Wrestling Club""","=""""","=""BYE""","=""""","=""""","=""Manheim""","=""PA""","=""Journeymen Fall Classic and Women's World Classic"""
"=""9/28/2024""","=""170A""","=""RR Rnd 3""","=""Colton Bell""","=""Lake Highland Prep""","=""""","=""BYE""","=""""","=""""","=""Manheim""","=""PA""","=""Journeymen Fall Classic and Women's World Classic"""
"=""9/28/2024""","=""170A""","=""RR Rnd 3""","=""Brian Chamberlain""","=""Wyoming Seminary""","=""17-0 2:45""","=""TF""","=""Loki Bigras""","=""Combat School""","=""Manheim""","=""PA""","=""Journeymen Fall Classic and Women's World Classic"""
"=""9/28/2024""","=""170A""","=""RR Rnd 3""","=""Bode Marlow""","=""Quest""","=""""","=""BYE""","=""""","=""""","=""Manheim""","=""PA""","=""Journeymen Fall Classic and Women's World Classic"""
"=""9/28/2024""","=""170A""","=""RR Rnd 2""","=""Caleb Neall""","=""Great Bridge High School""","=""""","=""BYE""","=""""","=""""","=""Manheim""","=""PA""","=""Journeymen Fall Classic and Women's World Classic"""
"=""9/28/2024""","=""170A""","=""RR Rnd 2""","=""Anthony Verdi""","=""Saint Peters Prep Hs""","=""""","=""BYE""","=""""","=""""","=""Manheim""","=""PA""","=""Journeymen Fall Classic and Women's World Classic"""
"=""9/28/2024""","=""170A""","=""RR Rnd 2""","=""Jacob Stephenson""","=""Wilson""","=""""","=""BYE""","=""""","=""""","=""Manheim""","=""PA""","=""Journeymen Fall Classic and Women's World Classic"""
"=""9/28/2024""","=""170A""","=""RR Rnd 2""","=""Colton Bell""","=""Lake Highland Prep""","=""10-3""","=""DEC""","=""Octavian Ashford""","=""Impact""","=""Manheim""","=""PA""","=""Journeymen Fall Classic and Women's World Classic"""
"=""9/28/2024""","=""170A""","=""RR Rnd 2""","=""Claudio Torres""","=""Lake Highland Prep""","=""19-3 2:46""","=""TF""","=""Zachary Meisenzahl""","=""Impact""","=""Manheim""","=""PA""","=""Journeymen Fall Classic and Women's World Classic"""
"=""9/28/2024""","=""170A""","=""RR Rnd 2""","=""Gavin Cole""","=""Council Rock South""","=""9-4""","=""DEC""","=""Aj Digiovanni""","=""Bergen Catholic""","=""Manheim""","=""PA""","=""Journeymen Fall Classic and Women's World Classic"""
"=""9/28/2024""","=""170A""","=""RR Rnd 2""","=""Bode Marlow""","=""Quest""","=""19-4 3:30""","=""TF""","=""Kayleb Martin""","=""Grain House Grapplers Wrestling Club""","=""Manheim""","=""PA""","=""Journeymen Fall Classic and Women's World Classic"""
"=""9/28/2024""","=""170A""","=""RR Rnd 2""","=""Brian Chamberlain""","=""Wyoming Seminary""","=""""","=""BYE""","=""""","=""""","=""Manheim""","=""PA""","=""Journeymen Fall Classic and Women's World Classic"""
"=""9/28/2024""","=""170A""","=""RR Rnd 2""","=""Shane Mcfillin""","=""Bethlehem Catholic""","=""""","=""BYE""","=""""","=""""","=""Manheim""","=""PA""","=""Journeymen Fall Classic and Women's World Classic"""
"=""9/28/2024""","=""170A""","=""RR Rnd 2""","=""Salah Tsarni""","=""Capital Wrestling Club""","=""20-4 4:55""","=""TF""","=""Brayden Carson""","=""Monster Garage""","=""Manheim""","=""PA""","=""Journeymen Fall Classic and Women's World Classic"""
"=""9/28/2024""","=""170A""","=""RR Rnd 2""","=""Taven Williams""","=""Va Elite""","=""10-4""","=""DEC""","=""Miguel Rojas""","=""Lake Highland Prep""","=""Manheim""","=""PA""","=""Journeymen Fall Classic and Women's World Classic"""
"=""9/28/2024""","=""170A""","=""RR Rnd 2""","=""Chase Hetrick""","=""Malvern Prep""","=""""","=""BYE""","=""""","=""""","=""Manheim""","=""PA""","=""Journeymen Fall Classic and Women's World Classic"""
"=""9/28/2024""","=""170A""","=""RR Rnd 2""","=""Casey Liess""","=""Mcquaid Jesuit""","=""""","=""BYE""","=""""","=""""","=""Manheim""","=""PA""","=""Journeymen Fall Classic and Women's World Classic"""
"=""9/28/2024""","=""170A""","=""RR Rnd 2""","=""Loki Bigras""","=""Combat School""","=""""","=""M FOR""","=""David Joseph Pento Jr.""","=""Smitty's Barn""","=""Manheim""","=""PA""","=""Journeymen Fall Classic and Women's World Classic"""
"=""9/28/2024""","=""170A""","=""RR Rnd 2""","=""Jared Marine""","=""Oceanside""","=""""","=""BYE""","=""""","=""""","=""Manheim""","=""PA""","=""Journeymen Fall Classic and Women's World Classic"""
"=""9/28/2024""","=""170A""","=""RR Rnd 2""","=""Cody Kirk""","=""Stronghold Wrestling Club""","=""6-5""","=""DEC""","=""Max Wiezorek""","=""Chatham Wrestling Club (Cwc)""","=""Manheim""","=""PA""","=""Journeymen Fall Classic and Women's World Classic"""
"=""9/28/2024""","=""170A""","=""RR Rnd 1""","=""Octavian Ashford""","=""Impact""","=""""","=""BYE""","=""""","=""""","=""Manheim""","=""PA""","=""Journeymen Fall Classic and Women's World Classic"""
"=""9/28/2024""","=""170A""","=""RR Rnd 1""","=""Brian Chamberlain""","=""Wyoming Seminary""","=""11-1""","=""MD""","=""David Joseph Pento Jr.""","=""Smitty's Barn""","=""Manheim""","=""PA""","=""Journeymen Fall Classic and Women's World Classic"""
"=""9/28/2024""","=""170A""","=""RR Rnd 1""","=""Max Wiezorek""","=""Chatham Wrestling Club (Cwc)""","=""""","=""BYE""","=""""","=""""","=""Manheim""","=""PA""","=""Journeymen Fall Classic and Women's World Classic"""
"=""9/28/2024""","=""170A""","=""RR Rnd 1""","=""Caleb Neall""","=""Great Bridge High School""","=""15-0 0:59""","=""TF""","=""Colton Bell""","=""Lake Highland Prep""","=""Manheim""","=""PA""","=""Journeymen Fall Classic and Women's World Classic"""
"=""9/28/2024""","=""170A""","=""RR Rnd 1""","=""Bode Marlow""","=""Quest""","=""19-4 3:24""","=""F""","=""Jared Marine""","=""Oceanside""","=""Manheim""","=""PA""","=""Journeymen Fall Classic and Women's World Classic"""
"=""9/28/2024""","=""170A""","=""RR Rnd 1""","=""Shane Mcfillin""","=""Bethlehem Catholic""","=""15-0 5:00""","=""TF""","=""Miguel Rojas""","=""Lake Highland Prep""","=""Manheim""","=""PA""","=""Journeymen Fall Classic and Women's World Classic"""
"=""9/28/2024""","=""170A""","=""RR Rnd 1""","=""Taven Williams""","=""Va Elite""","=""""","=""BYE""","=""""","=""""","=""Manheim""","=""PA""","=""Journeymen Fall Classic and Women's World Classic"""
"=""9/28/2024""","=""170A""","=""RR Rnd 1""","=""Brayden Carson""","=""Monster Garage""","=""""","=""BYE""","=""""","=""""","=""Manheim""","=""PA""","=""Journeymen Fall Classic and Women's World Classic"""
"=""9/28/2024""","=""170A""","=""RR Rnd 1""","=""Kayleb Martin""","=""Grain House Grapplers Wrestling Club""","=""""","=""BYE""","=""""","=""""","=""Manheim""","=""PA""","=""Journeymen Fall Classic and Women's World Classic"""
"=""9/28/2024""","=""170A""","=""RR Rnd 1""","=""Anthony Verdi""","=""Saint Peters Prep Hs""","=""9-6""","=""DEC""","=""Cody Kirk""","=""Stronghold Wrestling Club""","=""Manheim""","=""PA""","=""Journeymen Fall Classic and Women's World Classic"""
"=""9/28/2024""","=""170A""","=""RR Rnd 1""","=""Salah Tsarni""","=""Capital Wrestling Club""","=""15-1""","=""MD""","=""Jacob Stephenson""","=""Wilson""","=""Manheim""","=""PA""","=""Journeymen Fall Classic and Women's World Classic"""
"=""9/28/2024""","=""170A""","=""RR Rnd 1""","=""Loki Bigras""","=""Combat School""","=""""","=""BYE""","=""""","=""""","=""Manheim""","=""PA""","=""Journeymen Fall Classic and Women's World Classic"""
"=""9/28/2024""","=""170A""","=""RR Rnd 1""","=""Gavin Cole""","=""Council Rock South""","=""""","=""BYE""","=""""","=""""","=""Manheim""","=""PA""","=""Journeymen Fall Classic and Women's World Classic"""
"=""9/28/2024""","=""170A""","=""RR Rnd 1""","=""Aj Digiovanni""","=""Bergen Catholic""","=""8-4""","=""DEC""","=""Chase Hetrick""","=""Malvern Prep""","=""Manheim""","=""PA""","=""Journeymen Fall Classic and Women's World Classic"""
"=""9/28/2024""","=""170A""","=""RR Rnd 1""","=""Zachary Meisenzahl""","=""Impact""","=""""","=""BYE""","=""""","=""""","=""Manheim""","=""PA""","=""Journeymen Fall Classic and Women's World Classic"""
"=""9/28/2024""","=""170A""","=""RR Rnd 1""","=""Claudio Torres""","=""Lake Highland Prep""","=""19-4 2:18""","=""TF""","=""Casey Liess""","=""Mcquaid Jesuit""","=""Manheim""","=""PA""","=""Journeymen Fall Classic and Women's World Classic"""
"=""9/28/2024""","=""170A""","=""Consi of 4""","=""Gavin Cole""","=""Council Rock South""","=""16-3""","=""MD""","=""Anthony Verdi""","=""Saint Peters Prep Hs""","=""Manheim""","=""PA""","=""Journeymen Fall Classic and Women's World Classic"""
"=""9/28/2024""","=""170A""","=""Consi of 4""","=""Jacob Stephenson""","=""Wilson""","=""6-5 3:13""","=""F""","=""Jared Marine""","=""Oceanside""","=""Manheim""","=""PA""","=""Journeymen Fall Classic and Women's World Classic"""
"=""9/28/2024""","=""170A""","=""Consi of 4""","=""Colton Bell""","=""Lake Highland Prep""","=""9-4""","=""DEC""","=""Kayleb Martin""","=""Grain House Grapplers Wrestling Club""","=""Manheim""","=""PA""","=""Journeymen Fall Classic and Women's World Classic"""
"=""9/28/2024""","=""170A""","=""Consi of 4""","=""Aj Digiovanni""","=""Bergen Catholic""","=""7-0 2:36""","=""F""","=""Loki Bigras""","=""Combat School""","=""Manheim""","=""PA""","=""Journeymen Fall Classic and Women's World Classic"""
"=""9/28/2024""","=""170A""","=""Consi of 4""","=""Zachary Meisenzahl""","=""Impact""","=""0-0""","=""FOR""","=""David Joseph Pento Jr.""","=""Smitty's Barn""","=""Manheim""","=""PA""","=""Journeymen Fall Classic and Women's World Classic"""
"=""9/28/2024""","=""170A""","=""Consi of 4""","=""Salah Tsarni""","=""Capital Wrestling Club""","=""13-9""","=""DEC""","=""Shane Mcfillin""","=""Bethlehem Catholic""","=""Manheim""","=""PA""","=""Journeymen Fall Classic and Women's World Classic"""
"=""9/28/2024""","=""170A""","=""7th Place""","=""Shane Mcfillin""","=""Bethlehem Catholic""","=""7-0""","=""DEC""","=""Anthony Verdi""","=""Saint Peters Prep Hs""","=""Manheim""","=""PA""","=""Journeymen Fall Classic and Women's World Classic"""
"=""9/28/2024""","=""170A""","=""7th Place""","=""Kayleb Martin""","=""Grain House Grapplers Wrestling Club""","=""18-0 1:27""","=""TF""","=""Loki Bigras""","=""Combat School""","=""Manheim""","=""PA""","=""Journeymen Fall Classic and Women's World Classic"""
"=""9/28/2024""","=""170A""","=""5th Place""","=""Salah Tsarni""","=""Capital Wrestling Club""","=""10-3""","=""DEC""","=""Gavin Cole""","=""Council Rock South""","=""Manheim""","=""PA""","=""Journeymen Fall Classic and Women's World Classic"""
"=""9/28/2024""","=""170A""","=""5th Place""","=""Zachary Meisenzahl""","=""Impact""","=""13-2""","=""MD""","=""Jacob Stephenson""","=""Wilson""","=""Manheim""","=""PA""","=""Journeymen Fall Classic and Women's World Classic"""
"=""9/28/2024""","=""170A""","=""5th Place""","=""Aj Digiovanni""","=""Bergen Catholic""","=""8-0""","=""MD""","=""Colton Bell""","=""Lake Highland Prep""","=""Manheim""","=""PA""","=""Journeymen Fall Classic and Women's World Classic"""
"=""9/28/2024""","=""170A""","=""3rd Place""","=""Chase Hetrick""","=""Malvern Prep""","=""18-1 4:40""","=""TF""","=""Octavian Ashford""","=""Impact""","=""Manheim""","=""PA""","=""Journeymen Fall Classic and Women's World Classic"""
"=""9/28/2024""","=""170A""","=""3rd Place""","=""Caleb Neall""","=""Great Bridge High School""","=""8-3""","=""DEC""","=""Brian Chamberlain""","=""Wyoming Seminary""","=""Manheim""","=""PA""","=""Journeymen Fall Classic and Women's World Classic"""
"=""9/28/2024""","=""170A""","=""3rd Place""","=""Cody Kirk""","=""Stronghold Wrestling Club""","=""9-2 2:21""","=""F""","=""Brayden Carson""","=""Monster Garage""","=""Manheim""","=""PA""","=""Journeymen Fall Classic and Women's World Classic"""
"=""9/28/2024""","=""170A""","=""Quarter-Finals""","=""Casey Liess""","=""Mcquaid Jesuit""","=""14-2""","=""MD""","=""Aj Digiovanni""","=""Bergen Catholic""","=""Manheim""","=""PA""","=""Journeymen Fall Classic and Women's World Classic"""
"=""9/28/2024""","=""170A""","=""Quarter-Finals""","=""Octavian Ashford""","=""Impact""","=""10-2""","=""MD""","=""Jacob Stephenson""","=""Wilson""","=""Manheim""","=""PA""","=""Journeymen Fall Classic and Women's World Classic"""
"=""9/28/2024""","=""170A""","=""Quarter-Finals""","=""Bode Marlow""","=""Quest""","=""5-4""","=""DEC""","=""Shane Mcfillin""","=""Bethlehem Catholic""","=""Manheim""","=""PA""","=""Journeymen Fall Classic and Women's World Classic"""
"=""9/28/2024""","=""170A""","=""Quarter-Finals""","=""Brian Chamberlain""","=""Wyoming Seminary""","=""7-1""","=""DEC""","=""Anthony Verdi""","=""Saint Peters Prep Hs""","=""Manheim""","=""PA""","=""Journeymen Fall Classic and Women's World Classic"""
"=""9/28/2024""","=""170A""","=""Quarter-Finals""","=""Caleb Neall""","=""Great Bridge High School""","=""1-0""","=""DEC""","=""Salah Tsarni""","=""Capital Wrestling Club""","=""Manheim""","=""PA""","=""Journeymen Fall Classic and Women's World Classic"""
"=""9/28/2024""","=""170A""","=""Quarter-Finals""","=""Claudio Torres""","=""Lake Highland Prep""","=""20-10""","=""MD""","=""Gavin Cole""","=""Council Rock South""","=""Manheim""","=""PA""","=""Journeymen Fall Classic and Women's World Classic"""
"=""9/28/2024""","=""170A""","=""Quarter-Finals""","=""Brayden Carson""","=""Monster Garage""","=""6-2""","=""DEC""","=""Colton Bell""","=""Lake Highland Prep""","=""Manheim""","=""PA""","=""Journeymen Fall Classic and Women's World Classic"""
"=""9/28/2024""","=""170A""","=""Quarter-Finals""","=""Miguel Rojas""","=""Lake Highland Prep""","=""3-0 1:56""","=""F""","=""Jared Marine""","=""Oceanside""","=""Manheim""","=""PA""","=""Journeymen Fall Classic and Women's World Classic"""
"=""9/28/2024""","=""170A""","=""Quarter-Finals""","=""Max Wiezorek""","=""Chatham Wrestling Club (Cwc)""","=""""","=""M FOR""","=""David Joseph Pento Jr.""","=""Smitty's Barn""","=""Manheim""","=""PA""","=""Journeymen Fall Classic and Women's World Classic"""
"=""9/28/2024""","=""170A""","=""Quarter-Finals""","=""Chase Hetrick""","=""Malvern Prep""","=""6-5""","=""DEC""","=""Zachary Meisenzahl""","=""Impact""","=""Manheim""","=""PA""","=""Journeymen Fall Classic and Women's World Classic"""
"=""9/28/2024""","=""170A""","=""Quarter-Finals""","=""Cody Kirk""","=""Stronghold Wrestling Club""","=""7-0 1:33""","=""F""","=""Loki Bigras""","=""Combat School""","=""Manheim""","=""PA""","=""Journeymen Fall Classic and Women's World Classic"""
"=""9/28/2024""","=""170A""","=""Quarter-Finals""","=""Taven Williams""","=""Va Elite""","=""13-0""","=""MD""","=""Kayleb Martin""","=""Grain House Grapplers Wrestling Club""","=""Manheim""","=""PA""","=""Journeymen Fall Classic and Women's World Classic"""
"=""9/28/2024""","=""170A""","=""Semi-Finals""","=""Casey Liess""","=""Mcquaid Jesuit""","=""4-3""","=""DEC""","=""Cody Kirk""","=""Stronghold Wrestling Club""","=""Manheim""","=""PA""","=""Journeymen Fall Classic and Women's World Classic"""
"=""9/28/2024""","=""170A""","=""Semi-Finals""","=""Claudio Torres""","=""Lake Highland Prep""","=""12-3""","=""MD""","=""Brian Chamberlain""","=""Wyoming Seminary""","=""Manheim""","=""PA""","=""Journeymen Fall Classic and Women's World Classic"""
"=""9/28/2024""","=""170A""","=""Semi-Finals""","=""Miguel Rojas""","=""Lake Highland Prep""","=""14-0""","=""MD""","=""Octavian Ashford""","=""Impact""","=""Manheim""","=""PA""","=""Journeymen Fall Classic and Women's World Classic"""
"=""9/28/2024""","=""170A""","=""Semi-Finals""","=""Bode Marlow""","=""Quest""","=""4-1 SV""","=""DEC""","=""Caleb Neall""","=""Great Bridge High School""","=""Manheim""","=""PA""","=""Journeymen Fall Classic and Women's World Classic"""
"=""9/28/2024""","=""170A""","=""Semi-Finals""","=""Max Wiezorek""","=""Chatham Wrestling Club (Cwc)""","=""9-6""","=""DEC""","=""Chase Hetrick""","=""Malvern Prep""","=""Manheim""","=""PA""","=""Journeymen Fall Classic and Women's World Classic"""
"=""9/28/2024""","=""170A""","=""Semi-Finals""","=""Taven Williams""","=""Va Elite""","=""4-0""","=""DEC""","=""Brayden Carson""","=""Monster Garage""","=""Manheim""","=""PA""","=""Journeymen Fall Classic and Women's World Classic"""
"=""9/28/2024""","=""170A""","=""Finals""","=""Miguel Rojas""","=""Lake Highland Prep""","=""17-7""","=""MD""","=""Max Wiezorek""","=""Chatham Wrestling Club (Cwc)""","=""Manheim""","=""PA""","=""Journeymen Fall Classic and Women's World Classic"""
"=""9/28/2024""","=""170A""","=""Finals""","=""Casey Liess""","=""Mcquaid Jesuit""","=""4-2""","=""DEC""","=""Taven Williams""","=""Va Elite""","=""Manheim""","=""PA""","=""Journeymen Fall Classic and Women's World Classic"""
"=""9/28/2024""","=""170A""","=""Finals""","=""Claudio Torres""","=""Lake Highland Prep""","=""10-2""","=""MD""","=""Bode Marlow""","=""Quest""","=""Manheim""","=""PA""","=""Journeymen Fall Classic and Women's World Classic"""
"=""9/28/2024""","=""190A""","=""RR Rnd 5""","=""Greyson Meak""","=""Vhw""","=""13-0""","=""MD""","=""Adin Hastings""","=""Coco Trained, Williamsport  High School In Md""","=""Manheim""","=""PA""","=""Journeymen Fall Classic and Women's World Classic"""
"=""9/28/2024""","=""190A""","=""RR Rnd 5""","=""Maximus Morse""","=""Xavier High School""","=""""","=""BYE""","=""""","=""""","=""Manheim""","=""PA""","=""Journeymen Fall Classic and Women's World Classic"""
"=""9/28/2024""","=""190A""","=""RR Rnd 5""","=""Bojan Sulc""","=""Gonzaga High School""","=""5-0 4:27""","=""F""","=""Edgar Ramirez""","=""Monster Garage""","=""Manheim""","=""PA""","=""Journeymen Fall Classic and Women's World Classic"""
"=""9/28/2024""","=""190A""","=""RR Rnd 5""","=""Victor Marks-jenkins""","=""Punisher Wrestling Club""","=""7-2""","=""DEC""","=""Brody Kelly""","=""Izzy Style""","=""Manheim""","=""PA""","=""Journeymen Fall Classic and Women's World Classic"""
"=""9/28/2024""","=""190A""","=""RR Rnd 5""","=""Sepanta Ahanj-elias""","=""Capital Wrestling Club""","=""""","=""BYE""","=""""","=""""","=""Manheim""","=""PA""","=""Journeymen Fall Classic and Women's World Classic"""
"=""9/28/2024""","=""190A""","=""RR Rnd 5""","=""Robert Kucharczk""","=""Lake Highland Prep""","=""3-1 1:16""","=""F""","=""Michael Spielman""","=""Stellar""","=""Manheim""","=""PA""","=""Journeymen Fall Classic and Women's World Classic"""
"=""9/28/2024""","=""190A""","=""RR Rnd 4""","=""Robert Kucharczk""","=""Lake Highland Prep""","=""15-1""","=""MD""","=""Bojan Sulc""","=""Gonzaga High School""","=""Manheim""","=""PA""","=""Journeymen Fall Classic and Women's World Classic"""
"=""9/28/2024""","=""190A""","=""RR Rnd 4""","=""Brody Kelly""","=""Izzy Style""","=""1-0""","=""DEC""","=""Maximus Morse""","=""Xavier High School""","=""Manheim""","=""PA""","=""Journeymen Fall Classic and Women's World Classic"""
"=""9/28/2024""","=""190A""","=""RR Rnd 4""","=""Greyson Meak""","=""Vhw""","=""13-1""","=""MD""","=""Victor Marks-jenkins""","=""Punisher Wrestling Club""","=""Manheim""","=""PA""","=""Journeymen Fall Classic and Women's World Classic"""
"=""9/28/2024""","=""190A""","=""RR Rnd 4""","=""Michael Spielman""","=""Stellar""","=""""","=""BYE""","=""""","=""""","=""Manheim""","=""PA""","=""Journeymen Fall Classic and Women's World Classic"""
"=""9/28/2024""","=""190A""","=""RR Rnd 4""","=""Adin Hastings""","=""Coco Trained, Williamsport  High School In Md""","=""""","=""BYE""","=""""","=""""","=""Manheim""","=""PA""","=""Journeymen Fall Classic and Women's World Classic"""
"=""9/28/2024""","=""190A""","=""RR Rnd 4""","=""Sepanta Ahanj-elias""","=""Capital Wrestling Club""","=""3-0 0:23""","=""F""","=""Edgar Ramirez""","=""Monster Garage""","=""Manheim""","=""PA""","=""Journeymen Fall Classic and Women's World Classic"""
"=""9/28/2024""","=""190A""","=""RR Rnd 3""","=""Victor Marks-jenkins""","=""Punisher Wrestling Club""","=""5-2 SV""","=""DEC""","=""Adin Hastings""","=""Coco Trained, Williamsport  High School In Md""","=""Manheim""","=""PA""","=""Journeymen Fall Classic and Women's World Classic"""
"=""9/28/2024""","=""190A""","=""RR Rnd 3""","=""Edgar Ramirez""","=""Monster Garage""","=""""","=""BYE""","=""""","=""""","=""Manheim""","=""PA""","=""Journeymen Fall Classic and Women's World Classic"""
"=""9/28/2024""","=""190A""","=""RR Rnd 3""","=""Greyson Meak""","=""Vhw""","=""9-0""","=""MD""","=""Maximus Morse""","=""Xavier High School""","=""Manheim""","=""PA""","=""Journeymen Fall Classic and Women's World Classic"""
"=""9/28/2024""","=""190A""","=""RR Rnd 3""","=""Sepanta Ahanj-elias""","=""Capital Wrestling Club""","=""6-1""","=""DEC""","=""Robert Kucharczk""","=""Lake Highland Prep""","=""Manheim""","=""PA""","=""Journeymen Fall Classic and Women's World Classic"""
"=""9/28/2024""","=""190A""","=""RR Rnd 3""","=""Brody Kelly""","=""Izzy Style""","=""""","=""BYE""","=""""","=""""","=""Manheim""","=""PA""","=""Journeymen Fall Classic and Women's World Classic"""
"=""9/28/2024""","=""190A""","=""RR Rnd 3""","=""Michael Spielman""","=""Stellar""","=""17-2 4:52""","=""TF""","=""Bojan Sulc""","=""Gonzaga High School""","=""Manheim""","=""PA""","=""Journeymen Fall Classic and Women's World Classic"""
"=""9/28/2024""","=""190A""","=""RR Rnd 2""","=""Bojan Sulc""","=""Gonzaga High School""","=""""","=""BYE""","=""""","=""""","=""Manheim""","=""PA""","=""Journeymen Fall Classic and Women's World Classic"""
"=""9/28/2024""","=""190A""","=""RR Rnd 2""","=""Adin Hastings""","=""Coco Trained, Williamsport  High School In Md""","=""3-0 0:53""","=""F""","=""Maximus Morse""","=""Xavier High School""","=""Manheim""","=""PA""","=""Journeymen Fall Classic and Women's World Classic"""
"=""9/28/2024""","=""190A""","=""RR Rnd 2""","=""Robert Kucharczk""","=""Lake Highland Prep""","=""13-1 1:51""","=""F""","=""Edgar Ramirez""","=""Monster Garage""","=""Manheim""","=""PA""","=""Journeymen Fall Classic and Women's World Classic"""
"=""9/28/2024""","=""190A""","=""RR Rnd 2""","=""Sepanta Ahanj-elias""","=""Capital Wrestling Club""","=""10-6""","=""DEC""","=""Michael Spielman""","=""Stellar""","=""Manheim""","=""PA""","=""Journeymen Fall Classic and Women's World Classic"""
"=""9/28/2024""","=""190A""","=""RR Rnd 2""","=""Victor Marks-jenkins""","=""Punisher Wrestling Club""","=""""","=""BYE""","=""""","=""""","=""Manheim""","=""PA""","=""Journeymen Fall Classic and Women's World Classic"""
"=""9/28/2024""","=""190A""","=""RR Rnd 2""","=""Greyson Meak""","=""Vhw""","=""9-1""","=""MD""","=""Brody Kelly""","=""Izzy Style""","=""Manheim""","=""PA""","=""Journeymen Fall Classic and Women's World Classic"""
"=""9/28/2024""","=""190A""","=""RR Rnd 1""","=""Sepanta Ahanj-elias""","=""Capital Wrestling Club""","=""16-0 3:15""","=""TF""","=""Bojan Sulc""","=""Gonzaga High School""","=""Manheim""","=""PA""","=""Journeymen Fall Classic and Women's World Classic"""
"=""9/28/2024""","=""190A""","=""RR Rnd 1""","=""Victor Marks-jenkins""","=""Punisher Wrestling Club""","=""6-2""","=""DEC""","=""Maximus Morse""","=""Xavier High School""","=""Manheim""","=""PA""","=""Journeymen Fall Classic and Women's World Classic"""
"=""9/28/2024""","=""190A""","=""RR Rnd 1""","=""Brody Kelly""","=""Izzy Style""","=""17-1 4:58""","=""TF""","=""Adin Hastings""","=""Coco Trained, Williamsport  High School In Md""","=""Manheim""","=""PA""","=""Journeymen Fall Classic and Women's World Classic"""
"=""9/28/2024""","=""190A""","=""RR Rnd 1""","=""Greyson Meak""","=""Vhw""","=""""","=""BYE""","=""""","=""""","=""Manheim""","=""PA""","=""Journeymen Fall Classic and Women's World Classic"""
"=""9/28/2024""","=""190A""","=""RR Rnd 1""","=""Michael Spielman""","=""Stellar""","=""18-2 1:58""","=""TF""","=""Edgar Ramirez""","=""Monster Garage""","=""Manheim""","=""PA""","=""Journeymen Fall Classic and Women's World Classic"""
"=""9/28/2024""","=""190A""","=""RR Rnd 1""","=""Robert Kucharczk""","=""Lake Highland Prep""","=""""","=""BYE""","=""""","=""""","=""Manheim""","=""PA""","=""Journeymen Fall Classic and Women's World Classic"""
"=""9/28/2024""","=""190A""","=""Finals""","=""Adin Hastings""","=""Coco Trained, Williamsport  High School In Md""","=""5-0 2:41""","=""F""","=""Bojan Sulc""","=""Gonzaga High School""","=""Manheim""","=""PA""","=""Journeymen Fall Classic and Women's World Classic"""
"=""9/28/2024""","=""190A""","=""Finals""","=""Victor Marks-jenkins""","=""Punisher Wrestling Club""","=""6-1 1:52""","=""F""","=""Robert Kucharczk""","=""Lake Highland Prep""","=""Manheim""","=""PA""","=""Journeymen Fall Classic and Women's World Classic"""
"=""9/28/2024""","=""190A""","=""Finals""","=""Sepanta Ahanj-elias""","=""Capital Wrestling Club""","=""8-0""","=""MD""","=""Greyson Meak""","=""Vhw""","=""Manheim""","=""PA""","=""Journeymen Fall Classic and Women's World Classic"""
"=""9/28/2024""","=""190A""","=""Finals""","=""Edgar Ramirez""","=""Monster Garage""","=""0-0""","=""FOR""","=""Maximus Morse""","=""Xavier High School""","=""Manheim""","=""PA""","=""Journeymen Fall Classic and Women's World Classic"""
"=""9/28/2024""","=""190A""","=""Finals""","=""Michael Spielman""","=""Stellar""","=""4-2""","=""DEC""","=""Brody Kelly""","=""Izzy Style""","=""Manheim""","=""PA""","=""Journeymen Fall Classic and Women's World Classic"""
"=""9/28/2024""","=""215A""","=""RR Rnd 3""","=""Lukas Zalota""","=""Malvern Prep""","=""21-4 3:46""","=""TF""","=""Alexander Berisha""","=""Gps Wrestling""","=""Manheim""","=""PA""","=""Journeymen Fall Classic and Women's World Classic"""
"=""9/28/2024""","=""215A""","=""RR Rnd 3""","=""Michael Mauro""","=""Empire Wrestling Academy""","=""""","=""FOR""","=""Matthew Harrold""","=""Metrowest United""","=""Manheim""","=""PA""","=""Journeymen Fall Classic and Women's World Classic"""
"=""9/28/2024""","=""215A""","=""RR Rnd 3""","=""Conor Delaney""","=""Rumson Fair Haven""","=""""","=""BYE""","=""""","=""""","=""Manheim""","=""PA""","=""Journeymen Fall Classic and Women's World Classic"""
"=""9/28/2024""","=""215A""","=""RR Rnd 3""","=""Alex Smith""","=""Lake Highland Prep""","=""16-9""","=""DEC""","=""Patrick Donahue""","=""Stellar Trained/cape Henlopen High School""","=""Manheim""","=""PA""","=""Journeymen Fall Classic and Women's World Classic"""
"=""9/28/2024""","=""215A""","=""RR Rnd 2""","=""Michael Mauro""","=""Empire Wrestling Academy""","=""9-8""","=""DEC""","=""Alexander Berisha""","=""Gps Wrestling""","=""Manheim""","=""PA""","=""Journeymen Fall Classic and Women's World Classic"""
"=""9/28/2024""","=""215A""","=""RR Rnd 2""","=""Patrick Donahue""","=""Stellar Trained/cape Henlopen High School""","=""""","=""BYE""","=""""","=""""","=""Manheim""","=""PA""","=""Journeymen Fall Classic and Women's World Classic"""
"=""9/28/2024""","=""215A""","=""RR Rnd 2""","=""Alex Smith""","=""Lake Highland Prep""","=""8-3""","=""DEC""","=""Conor Delaney""","=""Rumson Fair Haven""","=""Manheim""","=""PA""","=""Journeymen Fall Classic and Women's World Classic"""
"=""9/28/2024""","=""215A""","=""RR Rnd 2""","=""Lukas Zalota""","=""Malvern Prep""","=""""","=""FOR""","=""Matthew Harrold""","=""Metrowest United""","=""Manheim""","=""PA""","=""Journeymen Fall Classic and Women's World Classic"""
"=""9/28/2024""","=""215A""","=""RR Rnd 1""","=""Alexander Berisha""","=""Gps Wrestling""","=""10-3""","=""DEC""","=""Matthew Harrold""","=""Metrowest United""","=""Manheim""","=""PA""","=""Journeymen Fall Classic and Women's World Classic"""
"=""9/28/2024""","=""215A""","=""RR Rnd 1""","=""Lukas Zalota""","=""Malvern Prep""","=""17-3""","=""MD""","=""Michael Mauro""","=""Empire Wrestling Academy""","=""Manheim""","=""PA""","=""Journeymen Fall Classic and Women's World Classic"""
"=""9/28/2024""","=""215A""","=""RR Rnd 1""","=""Conor Delaney""","=""Rumson Fair Haven""","=""14-5""","=""MD""","=""Patrick Donahue""","=""Stellar Trained/cape Henlopen High School""","=""Manheim""","=""PA""","=""Journeymen Fall Classic and Women's World Classic"""
"=""9/28/2024""","=""215A""","=""RR Rnd 1""","=""Alex Smith""","=""Lake Highland Prep""","=""""","=""BYE""","=""""","=""""","=""Manheim""","=""PA""","=""Journeymen Fall Classic and Women's World Classic"""
"=""9/28/2024""","=""215A""","=""Finals""","=""Alex Smith""","=""Lake Highland Prep""","=""12-4""","=""MD""","=""Lukas Zalota""","=""Malvern Prep""","=""Manheim""","=""PA""","=""Journeymen Fall Classic and Women's World Classic"""
"=""9/28/2024""","=""215A""","=""Finals""","=""Patrick Donahue""","=""Stellar Trained/cape Henlopen High School""","=""11-4""","=""DEC""","=""Alexander Berisha""","=""Gps Wrestling""","=""Manheim""","=""PA""","=""Journeymen Fall Classic and Women's World Classic"""
"=""9/28/2024""","=""215A""","=""Finals""","=""Conor Delaney""","=""Rumson Fair Haven""","=""11-2""","=""MD""","=""Michael Mauro""","=""Empire Wrestling Academy""","=""Manheim""","=""PA""","=""Journeymen Fall Classic and Women's World Classic"""
"=""9/28/2024""","=""215B""","=""RR Rnd 3""","=""Owen Pavao""","=""Somerset Berkley High School""","=""1-0""","=""DEC""","=""Logan Silva""","=""Lake Highland Prep""","=""Manheim""","=""PA""","=""Journeymen Fall Classic and Women's World Classic"""
"=""9/28/2024""","=""215B""","=""RR Rnd 3""","=""Lincoln Carlson""","=""East Lyme""","=""16-2 3:09""","=""F""","=""Marcus Burgos""","=""Journeymen""","=""Manheim""","=""PA""","=""Journeymen Fall Classic and Women's World Classic"""
"=""9/28/2024""","=""215B""","=""RR Rnd 2""","=""Logan Silva""","=""Lake Highland Prep""","=""4-1""","=""DEC""","=""Marcus Burgos""","=""Journeymen""","=""Manheim""","=""PA""","=""Journeymen Fall Classic and Women's World Classic"""
"=""9/28/2024""","=""215B""","=""RR Rnd 2""","=""Lincoln Carlson""","=""East Lyme""","=""9-1 2:37""","=""F""","=""Owen Pavao""","=""Somerset Berkley High School""","=""Manheim""","=""PA""","=""Journeymen Fall Classic and Women's World Classic"""
"=""9/28/2024""","=""215B""","=""RR Rnd 1""","=""Lincoln Carlson""","=""East Lyme""","=""19-3 4:54""","=""TF""","=""Logan Silva""","=""Lake Highland Prep""","=""Manheim""","=""PA""","=""Journeymen Fall Classic and Women's World Classic"""
"=""9/28/2024""","=""215B""","=""RR Rnd 1""","=""Owen Pavao""","=""Somerset Berkley High School""","=""0-0 3:21""","=""F""","=""Marcus Burgos""","=""Journeymen""","=""Manheim""","=""PA""","=""Journeymen Fall Classic and Women's World Classic"""
"=""9/28/2024""","=""285A""","=""RR Rnd 3""","=""Jacob Levy""","=""Lake Highland Prep""","=""18-3 1:09""","=""TF""","=""Cael Barber""","=""Texans Wrestling Club""","=""Manheim""","=""PA""","=""Journeymen Fall Classic and Women's World Classic"""
"=""9/28/2024""","=""285A""","=""RR Rnd 3""","=""Michael Seeley""","=""Elite Wrestling Academy""","=""""","=""BYE""","=""""","=""""","=""Manheim""","=""PA""","=""Journeymen Fall Classic and Women's World Classic"""
"=""9/28/2024""","=""285A""","=""RR Rnd 3""","=""Michael Diorio""","=""Metrowest United""","=""1-0""","=""DEC""","=""Anderson Palian""","=""Wyoming Seminary""","=""Manheim""","=""PA""","=""Journeymen Fall Classic and Women's World Classic"""
"=""9/28/2024""","=""285A""","=""RR Rnd 3""","=""August Moser""","=""Delbarton""","=""""","=""BYE""","=""""","=""""","=""Manheim""","=""PA""","=""Journeymen Fall Classic and Women's World Classic"""
"=""9/28/2024""","=""285A""","=""RR Rnd 2""","=""Michael Diorio""","=""Metrowest United""","=""""","=""BYE""","=""""","=""""","=""Manheim""","=""PA""","=""Journeymen Fall Classic and Women's World Classic"""
"=""9/28/2024""","=""285A""","=""RR Rnd 2""","=""Jacob Levy""","=""Lake Highland Prep""","=""9-2 1:09""","=""F""","=""August Moser""","=""Delbarton""","=""Manheim""","=""PA""","=""Journeymen Fall Classic and Women's World Classic"""
"=""9/28/2024""","=""285A""","=""RR Rnd 2""","=""Anderson Palian""","=""Wyoming Seminary""","=""3-0 1:16""","=""F""","=""Michael Seeley""","=""Elite Wrestling Academy""","=""Manheim""","=""PA""","=""Journeymen Fall Classic and Women's World Classic"""
"=""9/28/2024""","=""285A""","=""RR Rnd 2""","=""Cael Barber""","=""Texans Wrestling Club""","=""""","=""BYE""","=""""","=""""","=""Manheim""","=""PA""","=""Journeymen Fall Classic and Women's World Classic"""
"=""9/28/2024""","=""285A""","=""RR Rnd 1""","=""Jacob Levy""","=""Lake Highland Prep""","=""""","=""BYE""","=""""","=""""","=""Manheim""","=""PA""","=""Journeymen Fall Classic and Women's World Classic"""
"=""9/28/2024""","=""285A""","=""RR Rnd 1""","=""Anderson Palian""","=""Wyoming Seminary""","=""""","=""BYE""","=""""","=""""","=""Manheim""","=""PA""","=""Journeymen Fall Classic and Women's World Classic"""
"=""9/28/2024""","=""285A""","=""RR Rnd 1""","=""Michael Diorio""","=""Metrowest United""","=""15-3""","=""MD""","=""Michael Seeley""","=""Elite Wrestling Academy""","=""Manheim""","=""PA""","=""Journeymen Fall Classic and Women's World Classic"""
"=""9/28/2024""","=""285A""","=""RR Rnd 1""","=""Cael Barber""","=""Texans Wrestling Club""","=""5-3""","=""DEC""","=""August Moser""","=""Delbarton""","=""Manheim""","=""PA""","=""Journeymen Fall Classic and Women's World Classic"""
"=""9/28/2024""","=""285A""","=""Finals""","=""Jacob Levy""","=""Lake Highland Prep""","=""20-2 3:18""","=""TF""","=""Michael Diorio""","=""Metrowest United""","=""Manheim""","=""PA""","=""Journeymen Fall Classic and Women's World Classic"""
"=""9/28/2024""","=""285A""","=""Finals""","=""August Moser""","=""Delbarton""","=""0-0""","=""FOR""","=""Michael Seeley""","=""Elite Wrestling Academy""","=""Manheim""","=""PA""","=""Journeymen Fall Classic and Women's World Classic"""
"=""9/28/2024""","=""285A""","=""Finals""","=""Anderson Palian""","=""Wyoming Seminary""","=""9-0 3:16""","=""F""","=""Cael Barber""","=""Texans Wrestling Club""","=""Manheim""","=""PA""","=""Journeymen Fall Classic and Women's World Classic"""
