"=""Date""","=""Weight""","=""Round""","=""Winning Wrestler""","=""Winning Team""","=""Result""","=""Win Type""","=""Losing Wrestler""","=""Losing Team""","=""City""","=""State""","=""Event"""
"=""9/28/2024""","=""94""","=""RR Rnd 5""","=""Samantha Massey""","=""Little Falls""","=""1:40 4-0""","=""VFA""","=""Brooklyn Henry""","=""Gettysburg Area High""","=""Manheim""","=""PA""","=""Journeymen Fall Classic and Women's World Classic"""
"=""9/28/2024""","=""94""","=""RR Rnd 5""","=""Mia Pardo""","=""All-american Wrestling Club/ Pembroke Rtc""","=""""","=""BYE""","=""""","=""""","=""Manheim""","=""PA""","=""Journeymen Fall Classic and Women's World Classic"""
"=""9/28/2024""","=""94""","=""RR Rnd 5""","=""Julia Duro""","=""Hammer Wrestling Club""","=""8-1""","=""VPO1""","=""Pirrone Marta""","=""Italy""","=""Manheim""","=""PA""","=""Journeymen Fall Classic and Women's World Classic"""
"=""9/28/2024""","=""94""","=""RR Rnd 4""","=""Samantha Massey""","=""Little Falls""","=""11-0 3:31""","=""VSU""","=""Pirrone Marta""","=""Italy""","=""Manheim""","=""PA""","=""Journeymen Fall Classic and Women's World Classic"""
"=""9/28/2024""","=""94""","=""RR Rnd 4""","=""Julia Duro""","=""Hammer Wrestling Club""","=""""","=""BYE""","=""""","=""""","=""Manheim""","=""PA""","=""Journeymen Fall Classic and Women's World Classic"""
"=""9/28/2024""","=""94""","=""RR Rnd 4""","=""Brooklyn Henry""","=""Gettysburg Area High""","=""0:44 2-0""","=""VFA""","=""Mia Pardo""","=""All-american Wrestling Club/ Pembroke Rtc""","=""Manheim""","=""PA""","=""Journeymen Fall Classic and Women's World Classic"""
"=""9/28/2024""","=""94""","=""RR Rnd 3""","=""Brooklyn Henry""","=""Gettysburg Area High""","=""""","=""BYE""","=""""","=""""","=""Manheim""","=""PA""","=""Journeymen Fall Classic and Women's World Classic"""
"=""9/28/2024""","=""94""","=""RR Rnd 3""","=""Timi Coles""","=""Combat School""","=""2:52 6-2""","=""VFA""","=""Alysa Patel""","=""Rednose Wrestling School/ Paramus Catholic High School""","=""Manheim""","=""PA""","=""Journeymen Fall Classic and Women's World Classic"""
"=""9/28/2024""","=""94""","=""RR Rnd 3""","=""Samantha Massey""","=""Little Falls""","=""11-0 2:51""","=""VSU""","=""Julia Duro""","=""Hammer Wrestling Club""","=""Manheim""","=""PA""","=""Journeymen Fall Classic and Women's World Classic"""
"=""9/28/2024""","=""94""","=""RR Rnd 3""","=""Fern Jewett""","=""General Brown""","=""3:41 13-4""","=""VFA""","=""Anabelle Wessel""","=""Alexander""","=""Manheim""","=""PA""","=""Journeymen Fall Classic and Women's World Classic"""
"=""9/28/2024""","=""94""","=""RR Rnd 3""","=""Pirrone Marta""","=""Italy""","=""10-0 3:43""","=""VSU""","=""Mia Pardo""","=""All-american Wrestling Club/ Pembroke Rtc""","=""Manheim""","=""PA""","=""Journeymen Fall Classic and Women's World Classic"""
"=""9/28/2024""","=""94""","=""RR Rnd 2""","=""Timi Coles""","=""Combat School""","=""10-0 1:54""","=""VSU""","=""Fern Jewett""","=""General Brown""","=""Manheim""","=""PA""","=""Journeymen Fall Classic and Women's World Classic"""
"=""9/28/2024""","=""94""","=""RR Rnd 2""","=""Alysa Patel""","=""Rednose Wrestling School/ Paramus Catholic High School""","=""1:55 6-0""","=""VFA""","=""Anabelle Wessel""","=""Alexander""","=""Manheim""","=""PA""","=""Journeymen Fall Classic and Women's World Classic"""
"=""9/28/2024""","=""94""","=""RR Rnd 2""","=""Samantha Massey""","=""Little Falls""","=""""","=""BYE""","=""""","=""""","=""Manheim""","=""PA""","=""Journeymen Fall Classic and Women's World Classic"""
"=""9/28/2024""","=""94""","=""RR Rnd 2""","=""Julia Duro""","=""Hammer Wrestling Club""","=""12-2 4:02""","=""VSU1""","=""Mia Pardo""","=""All-american Wrestling Club/ Pembroke Rtc""","=""Manheim""","=""PA""","=""Journeymen Fall Classic and Women's World Classic"""
"=""9/28/2024""","=""94""","=""RR Rnd 2""","=""Brooklyn Henry""","=""Gettysburg Area High""","=""0:20 4-0""","=""VFA""","=""Pirrone Marta""","=""Italy""","=""Manheim""","=""PA""","=""Journeymen Fall Classic and Women's World Classic"""
"=""9/28/2024""","=""94""","=""RR Rnd 1""","=""Timi Coles""","=""Combat School""","=""14-0 2:49""","=""VSU""","=""Anabelle Wessel""","=""Alexander""","=""Manheim""","=""PA""","=""Journeymen Fall Classic and Women's World Classic"""
"=""9/28/2024""","=""94""","=""RR Rnd 1""","=""Brooklyn Henry""","=""Gettysburg Area High""","=""10-0 0:43""","=""VSU""","=""Julia Duro""","=""Hammer Wrestling Club""","=""Manheim""","=""PA""","=""Journeymen Fall Classic and Women's World Classic"""
"=""9/28/2024""","=""94""","=""RR Rnd 1""","=""Alysa Patel""","=""Rednose Wrestling School/ Paramus Catholic High School""","=""10-0 1:11""","=""VSU""","=""Fern Jewett""","=""General Brown""","=""Manheim""","=""PA""","=""Journeymen Fall Classic and Women's World Classic"""
"=""9/28/2024""","=""94""","=""RR Rnd 1""","=""Pirrone Marta""","=""Italy""","=""""","=""BYE""","=""""","=""""","=""Manheim""","=""PA""","=""Journeymen Fall Classic and Women's World Classic"""
"=""9/28/2024""","=""94""","=""RR Rnd 1""","=""Samantha Massey""","=""Little Falls""","=""11-0 2:58""","=""VSU""","=""Mia Pardo""","=""All-american Wrestling Club/ Pembroke Rtc""","=""Manheim""","=""PA""","=""Journeymen Fall Classic and Women's World Classic"""
"=""9/28/2024""","=""94""","=""Finals""","=""Julia Duro""","=""Hammer Wrestling Club""","=""6-2""","=""VPO1""","=""Fern Jewett""","=""General Brown""","=""Manheim""","=""PA""","=""Journeymen Fall Classic and Women's World Classic"""
"=""9/28/2024""","=""94""","=""Finals""","=""Pirrone Marta""","=""Italy""","=""4-0""","=""VPO""","=""Anabelle Wessel""","=""Alexander""","=""Manheim""","=""PA""","=""Journeymen Fall Classic and Women's World Classic"""
"=""9/28/2024""","=""94""","=""Finals""","=""Brooklyn Henry""","=""Gettysburg Area High""","=""2:09 6-4""","=""VFA""","=""Alysa Patel""","=""Rednose Wrestling School/ Paramus Catholic High School""","=""Manheim""","=""PA""","=""Journeymen Fall Classic and Women's World Classic"""
"=""9/28/2024""","=""94""","=""Finals""","=""Timi Coles""","=""Combat School""","=""14-5""","=""VPO1""","=""Samantha Massey""","=""Little Falls""","=""Manheim""","=""PA""","=""Journeymen Fall Classic and Women's World Classic"""
"=""9/28/2024""","=""100""","=""RR Rnd 3""","=""Davaajargal Enkh-uchiral""","=""Mongolia""","=""""","=""BYE""","=""""","=""""","=""Manheim""","=""PA""","=""Journeymen Fall Classic and Women's World Classic"""
"=""9/28/2024""","=""100""","=""RR Rnd 3""","=""Bella Manno""","=""Tristate Training Center""","=""12-0 0:56""","=""VSU""","=""Juliette Cuevas""","=""Bellwood Antis""","=""Manheim""","=""PA""","=""Journeymen Fall Classic and Women's World Classic"""
"=""9/28/2024""","=""100""","=""RR Rnd 3""","=""Gigi Sullivan""","=""Apex/monroe Woodbury""","=""0:52 8-0""","=""VFA""","=""Tatiana Alexander""","=""Gps Wrestling""","=""Manheim""","=""PA""","=""Journeymen Fall Classic and Women's World Classic"""
"=""9/28/2024""","=""100""","=""RR Rnd 3""","=""Angelica Serratos""","=""Surfside Wc""","=""1:10 2-4""","=""VFA""","=""Marielys Lugo""","=""Btsnyc""","=""Manheim""","=""PA""","=""Journeymen Fall Classic and Women's World Classic"""
"=""9/28/2024""","=""100""","=""RR Rnd 3""","=""Jasmine Brucato""","=""Pit Crew Wc""","=""2:17 10-4""","=""VFA""","=""Cecca Michelle""","=""Italy""","=""Manheim""","=""PA""","=""Journeymen Fall Classic and Women's World Classic"""
"=""9/28/2024""","=""100""","=""RR Rnd 3""","=""Nelly Zierenberg""","=""Germany""","=""""","=""BYE""","=""""","=""""","=""Manheim""","=""PA""","=""Journeymen Fall Classic and Women's World Classic"""
"=""9/28/2024""","=""100""","=""RR Rnd 3""","=""Klara Winkler""","=""Germany""","=""""","=""BYE""","=""""","=""""","=""Manheim""","=""PA""","=""Journeymen Fall Classic and Women's World Classic"""
"=""9/28/2024""","=""100""","=""RR Rnd 3""","=""Lea Lingscheidt""","=""Germany""","=""""","=""BYE""","=""""","=""""","=""Manheim""","=""PA""","=""Journeymen Fall Classic and Women's World Classic"""
"=""9/28/2024""","=""100""","=""RR Rnd 2""","=""Bella Manno""","=""Tristate Training Center""","=""""","=""BYE""","=""""","=""""","=""Manheim""","=""PA""","=""Journeymen Fall Classic and Women's World Classic"""
"=""9/28/2024""","=""100""","=""RR Rnd 2""","=""Angelica Serratos""","=""Surfside Wc""","=""""","=""BYE""","=""""","=""""","=""Manheim""","=""PA""","=""Journeymen Fall Classic and Women's World Classic"""
"=""9/28/2024""","=""100""","=""RR Rnd 2""","=""Klara Winkler""","=""Germany""","=""12-0 2:51""","=""VSU""","=""Juliette Cuevas""","=""Bellwood Antis""","=""Manheim""","=""PA""","=""Journeymen Fall Classic and Women's World Classic"""
"=""9/28/2024""","=""100""","=""RR Rnd 2""","=""Marielys Lugo""","=""Btsnyc""","=""10-0 1:01""","=""VSU""","=""Davaajargal Enkh-uchiral""","=""Mongolia""","=""Manheim""","=""PA""","=""Journeymen Fall Classic and Women's World Classic"""
"=""9/28/2024""","=""100""","=""RR Rnd 2""","=""Cecca Michelle""","=""Italy""","=""""","=""BYE""","=""""","=""""","=""Manheim""","=""PA""","=""Journeymen Fall Classic and Women's World Classic"""
"=""9/28/2024""","=""100""","=""RR Rnd 2""","=""Lea Lingscheidt""","=""Germany""","=""1:18 6-0""","=""VFA""","=""Tatiana Alexander""","=""Gps Wrestling""","=""Manheim""","=""PA""","=""Journeymen Fall Classic and Women's World Classic"""
"=""9/28/2024""","=""100""","=""RR Rnd 2""","=""Gigi Sullivan""","=""Apex/monroe Woodbury""","=""""","=""BYE""","=""""","=""""","=""Manheim""","=""PA""","=""Journeymen Fall Classic and Women's World Classic"""
"=""9/28/2024""","=""100""","=""RR Rnd 2""","=""Nelly Zierenberg""","=""Germany""","=""9-8""","=""VPO1""","=""Jasmine Brucato""","=""Pit Crew Wc""","=""Manheim""","=""PA""","=""Journeymen Fall Classic and Women's World Classic"""
"=""9/28/2024""","=""100""","=""RR Rnd 1""","=""Jasmine Brucato""","=""Pit Crew Wc""","=""""","=""BYE""","=""""","=""""","=""Manheim""","=""PA""","=""Journeymen Fall Classic and Women's World Classic"""
"=""9/28/2024""","=""100""","=""RR Rnd 1""","=""Tatiana Alexander""","=""Gps Wrestling""","=""""","=""BYE""","=""""","=""""","=""Manheim""","=""PA""","=""Journeymen Fall Classic and Women's World Classic"""
"=""9/28/2024""","=""100""","=""RR Rnd 1""","=""Juliette Cuevas""","=""Bellwood Antis""","=""""","=""BYE""","=""""","=""""","=""Manheim""","=""PA""","=""Journeymen Fall Classic and Women's World Classic"""
"=""9/28/2024""","=""100""","=""RR Rnd 1""","=""Marielys Lugo""","=""Btsnyc""","=""""","=""BYE""","=""""","=""""","=""Manheim""","=""PA""","=""Journeymen Fall Classic and Women's World Classic"""
"=""9/28/2024""","=""100""","=""RR Rnd 1""","=""Gigi Sullivan""","=""Apex/monroe Woodbury""","=""10-2""","=""VPO1""","=""Lea Lingscheidt""","=""Germany""","=""Manheim""","=""PA""","=""Journeymen Fall Classic and Women's World Classic"""
"=""9/28/2024""","=""100""","=""RR Rnd 1""","=""Nelly Zierenberg""","=""Germany""","=""0:39 3-0""","=""VFA""","=""Cecca Michelle""","=""Italy""","=""Manheim""","=""PA""","=""Journeymen Fall Classic and Women's World Classic"""
"=""9/28/2024""","=""100""","=""RR Rnd 1""","=""Angelica Serratos""","=""Surfside Wc""","=""12-2 2:06""","=""VSU1""","=""Davaajargal Enkh-uchiral""","=""Mongolia""","=""Manheim""","=""PA""","=""Journeymen Fall Classic and Women's World Classic"""
"=""9/28/2024""","=""100""","=""RR Rnd 1""","=""Klara Winkler""","=""Germany""","=""10-0 2:26""","=""VSU""","=""Bella Manno""","=""Tristate Training Center""","=""Manheim""","=""PA""","=""Journeymen Fall Classic and Women's World Classic"""
"=""9/28/2024""","=""100""","=""3rd Place""","=""Tatiana Alexander""","=""Gps Wrestling""","=""10-8""","=""VPO1""","=""Juliette Cuevas""","=""Bellwood Antis""","=""Manheim""","=""PA""","=""Journeymen Fall Classic and Women's World Classic"""
"=""9/28/2024""","=""100""","=""3rd Place""","=""Angelica Serratos""","=""Surfside Wc""","=""8-2""","=""VPO1""","=""Nelly Zierenberg""","=""Germany""","=""Manheim""","=""PA""","=""Journeymen Fall Classic and Women's World Classic"""
"=""9/28/2024""","=""100""","=""3rd Place""","=""Marielys Lugo""","=""Btsnyc""","=""""","=""VIN""","=""Jasmine Brucato""","=""Pit Crew Wc""","=""Manheim""","=""PA""","=""Journeymen Fall Classic and Women's World Classic"""
"=""9/28/2024""","=""100""","=""Semi-Finals""","=""Lea Lingscheidt""","=""Germany""","=""1:13 2-0""","=""VFA""","=""Marielys Lugo""","=""Btsnyc""","=""Manheim""","=""PA""","=""Journeymen Fall Classic and Women's World Classic"""
"=""9/28/2024""","=""100""","=""Semi-Finals""","=""Klara Winkler""","=""Germany""","=""10-0 1:54""","=""VSU""","=""Nelly Zierenberg""","=""Germany""","=""Manheim""","=""PA""","=""Journeymen Fall Classic and Women's World Classic"""
"=""9/28/2024""","=""100""","=""Semi-Finals""","=""Gigi Sullivan""","=""Apex/monroe Woodbury""","=""17-6 4:15""","=""VSU1""","=""Angelica Serratos""","=""Surfside Wc""","=""Manheim""","=""PA""","=""Journeymen Fall Classic and Women's World Classic"""
"=""9/28/2024""","=""100""","=""Semi-Finals""","=""Bella Manno""","=""Tristate Training Center""","=""12-2 1:45""","=""VSU1""","=""Jasmine Brucato""","=""Pit Crew Wc""","=""Manheim""","=""PA""","=""Journeymen Fall Classic and Women's World Classic"""
"=""9/28/2024""","=""100""","=""Semi-Finals""","=""Cecca Michelle""","=""Italy""","=""1:20 10-4""","=""VFA""","=""Juliette Cuevas""","=""Bellwood Antis""","=""Manheim""","=""PA""","=""Journeymen Fall Classic and Women's World Classic"""
"=""9/28/2024""","=""100""","=""Semi-Finals""","=""Davaajargal Enkh-uchiral""","=""Mongolia""","=""4:10 8-8""","=""VFA""","=""Tatiana Alexander""","=""Gps Wrestling""","=""Manheim""","=""PA""","=""Journeymen Fall Classic and Women's World Classic"""
"=""9/28/2024""","=""100""","=""Finals""","=""Gigi Sullivan""","=""Apex/monroe Woodbury""","=""10-0 4:08""","=""VSU""","=""Klara Winkler""","=""Germany""","=""Manheim""","=""PA""","=""Journeymen Fall Classic and Women's World Classic"""
"=""9/28/2024""","=""100""","=""Finals""","=""Davaajargal Enkh-uchiral""","=""Mongolia""","=""10-0 3:28""","=""VSU""","=""Cecca Michelle""","=""Italy""","=""Manheim""","=""PA""","=""Journeymen Fall Classic and Women's World Classic"""
"=""9/28/2024""","=""100""","=""Finals""","=""Lea Lingscheidt""","=""Germany""","=""4:14 7-16""","=""VFA""","=""Bella Manno""","=""Tristate Training Center""","=""Manheim""","=""PA""","=""Journeymen Fall Classic and Women's World Classic"""
"=""9/28/2024""","=""107""","=""RR Rnd 3""","=""Madison Healey""","=""Wyoming Seminary""","=""10-0 1:46""","=""VSU""","=""Isabella Fodera""","=""Poway High School""","=""Manheim""","=""PA""","=""Journeymen Fall Classic and Women's World Classic"""
"=""9/28/2024""","=""107""","=""RR Rnd 3""","=""Elmira Karabalaeva""","=""Kyrgystan""","=""""","=""BYE""","=""""","=""""","=""Manheim""","=""PA""","=""Journeymen Fall Classic and Women's World Classic"""
"=""9/28/2024""","=""107""","=""RR Rnd 3""","=""Adsaya Piranavan""","=""Team Impact""","=""""","=""BYE""","=""""","=""""","=""Manheim""","=""PA""","=""Journeymen Fall Classic and Women's World Classic"""
"=""9/28/2024""","=""107""","=""RR Rnd 3""","=""Ava Fodera""","=""Poway High School""","=""16-6 3:31""","=""VSU1""","=""Peggy Susan Dean""","=""Betterman Elite Wrestling""","=""Manheim""","=""PA""","=""Journeymen Fall Classic and Women's World Classic"""
"=""9/28/2024""","=""107""","=""RR Rnd 3""","=""Medina Kuanyshbek""","=""Kazakhstan""","=""""","=""BYE""","=""""","=""""","=""Manheim""","=""PA""","=""Journeymen Fall Classic and Women's World Classic"""
"=""9/28/2024""","=""107""","=""RR Rnd 3""","=""Josephine Wrensch""","=""Germany""","=""4:16 10-2""","=""VFA""","=""Erin Rizzuto""","=""Florida Phoneix""","=""Manheim""","=""PA""","=""Journeymen Fall Classic and Women's World Classic"""
"=""9/28/2024""","=""107""","=""RR Rnd 3""","=""Halilja Azimov""","=""Germany""","=""""","=""BYE""","=""""","=""""","=""Manheim""","=""PA""","=""Journeymen Fall Classic and Women's World Classic"""
"=""9/28/2024""","=""107""","=""RR Rnd 3""","=""Maya Alvarado""","=""Lake Highland Prep""","=""13-2 3:35""","=""VSU1""","=""Bianca Awerman""","=""Crash Girls Wrestling Club""","=""Manheim""","=""PA""","=""Journeymen Fall Classic and Women's World Classic"""
"=""9/28/2024""","=""107""","=""RR Rnd 2""","=""Peggy Susan Dean""","=""Betterman Elite Wrestling""","=""""","=""BYE""","=""""","=""""","=""Manheim""","=""PA""","=""Journeymen Fall Classic and Women's World Classic"""
"=""9/28/2024""","=""107""","=""RR Rnd 2""","=""Ava Fodera""","=""Poway High School""","=""14-3 4:57""","=""VSU1""","=""Medina Kuanyshbek""","=""Kazakhstan""","=""Manheim""","=""PA""","=""Journeymen Fall Classic and Women's World Classic"""
"=""9/28/2024""","=""107""","=""RR Rnd 2""","=""Bianca Awerman""","=""Crash Girls Wrestling Club""","=""""","=""BYE""","=""""","=""""","=""Manheim""","=""PA""","=""Journeymen Fall Classic and Women's World Classic"""
"=""9/28/2024""","=""107""","=""RR Rnd 2""","=""Erin Rizzuto""","=""Florida Phoneix""","=""10-0 0:41""","=""VSU""","=""Adsaya Piranavan""","=""Team Impact""","=""Manheim""","=""PA""","=""Journeymen Fall Classic and Women's World Classic"""
"=""9/28/2024""","=""107""","=""RR Rnd 2""","=""Elmira Karabalaeva""","=""Kyrgystan""","=""10-1""","=""VPO1""","=""Maya Alvarado""","=""Lake Highland Prep""","=""Manheim""","=""PA""","=""Journeymen Fall Classic and Women's World Classic"""
"=""9/28/2024""","=""107""","=""RR Rnd 2""","=""Josephine Wrensch""","=""Germany""","=""""","=""BYE""","=""""","=""""","=""Manheim""","=""PA""","=""Journeymen Fall Classic and Women's World Classic"""
"=""9/28/2024""","=""107""","=""RR Rnd 2""","=""Isabella Fodera""","=""Poway High School""","=""""","=""BYE""","=""""","=""""","=""Manheim""","=""PA""","=""Journeymen Fall Classic and Women's World Classic"""
"=""9/28/2024""","=""107""","=""RR Rnd 2""","=""Madison Healey""","=""Wyoming Seminary""","=""1:00 6-0""","=""VFA""","=""Halilja Azimov""","=""Germany""","=""Manheim""","=""PA""","=""Journeymen Fall Classic and Women's World Classic"""
"=""9/28/2024""","=""107""","=""RR Rnd 1""","=""Kayla Batres""","=""South Side Wrestling Club""","=""10-0 0:25""","=""VSU""","=""Sarina Gunn""","=""Viking Wrestling Club""","=""Manheim""","=""PA""","=""Journeymen Fall Classic and Women's World Classic"""
"=""9/28/2024""","=""107""","=""RR Rnd 1""","=""Madison Healey""","=""Wyoming Seminary""","=""""","=""BYE""","=""""","=""""","=""Manheim""","=""PA""","=""Journeymen Fall Classic and Women's World Classic"""
"=""9/28/2024""","=""107""","=""RR Rnd 1""","=""Josephine Wrensch""","=""Germany""","=""12-1 1:40""","=""VSU1""","=""Adsaya Piranavan""","=""Team Impact""","=""Manheim""","=""PA""","=""Journeymen Fall Classic and Women's World Classic"""
"=""9/28/2024""","=""107""","=""RR Rnd 1""","=""Maya Alvarado""","=""Lake Highland Prep""","=""""","=""BYE""","=""""","=""""","=""Manheim""","=""PA""","=""Journeymen Fall Classic and Women's World Classic"""
"=""9/28/2024""","=""107""","=""RR Rnd 1""","=""Anna Buurma""","=""Michigan Revolution""","=""1:36 3-4""","=""VFA""","=""Payton George""","=""Top Flight Wrestling Academy""","=""Manheim""","=""PA""","=""Journeymen Fall Classic and Women's World Classic"""
"=""9/28/2024""","=""107""","=""RR Rnd 1""","=""Medina Kuanyshbek""","=""Kazakhstan""","=""12-2 4:23""","=""VSU1""","=""Peggy Susan Dean""","=""Betterman Elite Wrestling""","=""Manheim""","=""PA""","=""Journeymen Fall Classic and Women's World Classic"""
"=""9/28/2024""","=""107""","=""RR Rnd 1""","=""Isabella Fodera""","=""Poway High School""","=""10-0 3:56""","=""VSU""","=""Halilja Azimov""","=""Germany""","=""Manheim""","=""PA""","=""Journeymen Fall Classic and Women's World Classic"""
"=""9/28/2024""","=""107""","=""RR Rnd 1""","=""Ava Fodera""","=""Poway High School""","=""""","=""BYE""","=""""","=""""","=""Manheim""","=""PA""","=""Journeymen Fall Classic and Women's World Classic"""
"=""9/28/2024""","=""107""","=""RR Rnd 1""","=""Elmira Karabalaeva""","=""Kyrgystan""","=""1:38 2-2""","=""VFA""","=""Bianca Awerman""","=""Crash Girls Wrestling Club""","=""Manheim""","=""PA""","=""Journeymen Fall Classic and Women's World Classic"""
"=""9/28/2024""","=""107""","=""RR Rnd 1""","=""Nohea Booth""","=""Surfside""","=""4-2""","=""VPO1""","=""Amartuvshin Bolorzaya""","=""Mongolia""","=""Manheim""","=""PA""","=""Journeymen Fall Classic and Women's World Classic"""
"=""9/28/2024""","=""107""","=""RR Rnd 1""","=""Sarissa Tucker""","=""Legacy Wrestling""","=""12-2 2:18""","=""VSU""","=""Alessia De Lucia""","=""Rednose Wrestling School""","=""Manheim""","=""PA""","=""Journeymen Fall Classic and Women's World Classic"""
"=""9/28/2024""","=""107""","=""RR Rnd 1""","=""Erin Rizzuto""","=""Florida Phoneix""","=""""","=""BYE""","=""""","=""""","=""Manheim""","=""PA""","=""Journeymen Fall Classic and Women's World Classic"""
"=""9/28/2024""","=""107""","=""Consi of 4""","=""Sarina Gunn""","=""Viking Wrestling Club""","=""1:48 10-3""","=""VFA""","=""Isabella Fodera""","=""Poway High School""","=""Manheim""","=""PA""","=""Journeymen Fall Classic and Women's World Classic"""
"=""9/28/2024""","=""107""","=""Consi of 4""","=""Amartuvshin Bolorzaya""","=""Mongolia""","=""13-2 3:48""","=""VSU1""","=""Payton George""","=""Top Flight Wrestling Academy""","=""Manheim""","=""PA""","=""Journeymen Fall Classic and Women's World Classic"""
"=""9/28/2024""","=""107""","=""Consi of 4""","=""Madison Healey""","=""Wyoming Seminary""","=""13-10""","=""VPO1""","=""Elmira Karabalaeva""","=""Kyrgystan""","=""Manheim""","=""PA""","=""Journeymen Fall Classic and Women's World Classic"""
"=""9/28/2024""","=""107""","=""Consi of 4""","=""Nohea Booth""","=""Surfside""","=""9-4""","=""VPO1""","=""Anna Buurma""","=""Michigan Revolution""","=""Manheim""","=""PA""","=""Journeymen Fall Classic and Women's World Classic"""
"=""9/28/2024""","=""107""","=""7th Place""","=""Isabella Fodera""","=""Poway High School""","=""0:30 4-0""","=""VFA""","=""Payton George""","=""Top Flight Wrestling Academy""","=""Manheim""","=""PA""","=""Journeymen Fall Classic and Women's World Classic"""
"=""9/28/2024""","=""107""","=""7th Place""","=""Elmira Karabalaeva""","=""Kyrgystan""","=""10-0 1:57""","=""VSU""","=""Anna Buurma""","=""Michigan Revolution""","=""Manheim""","=""PA""","=""Journeymen Fall Classic and Women's World Classic"""
"=""9/28/2024""","=""107""","=""5th Place""","=""Madison Healey""","=""Wyoming Seminary""","=""10-0 1:07""","=""VSU""","=""Nohea Booth""","=""Surfside""","=""Manheim""","=""PA""","=""Journeymen Fall Classic and Women's World Classic"""
"=""9/28/2024""","=""107""","=""5th Place""","=""Amartuvshin Bolorzaya""","=""Mongolia""","=""14-8""","=""VPO1""","=""Sarina Gunn""","=""Viking Wrestling Club""","=""Manheim""","=""PA""","=""Journeymen Fall Classic and Women's World Classic"""
"=""9/28/2024""","=""107""","=""3rd Place""","=""Peggy Susan Dean""","=""Betterman Elite Wrestling""","=""""","=""VIN""","=""Halilja Azimov""","=""Germany""","=""Manheim""","=""PA""","=""Journeymen Fall Classic and Women's World Classic"""
"=""9/28/2024""","=""107""","=""3rd Place""","=""Maya Alvarado""","=""Lake Highland Prep""","=""6-5""","=""VPO1""","=""Erin Rizzuto""","=""Florida Phoneix""","=""Manheim""","=""PA""","=""Journeymen Fall Classic and Women's World Classic"""
"=""9/28/2024""","=""107""","=""3rd Place""","=""Sarissa Tucker""","=""Legacy Wrestling""","=""10-0 1:01""","=""VSU""","=""Ava Fodera""","=""Poway High School""","=""Manheim""","=""PA""","=""Journeymen Fall Classic and Women's World Classic"""
"=""9/28/2024""","=""107""","=""Quarter-Finals""","=""Medina Kuanyshbek""","=""Kazakhstan""","=""0-10 0:33""","=""VSU""","=""Payton George""","=""Top Flight Wrestling Academy""","=""Manheim""","=""PA""","=""Journeymen Fall Classic and Women's World Classic"""
"=""9/28/2024""","=""107""","=""Quarter-Finals""","=""Erin Rizzuto""","=""Florida Phoneix""","=""14-4 3:14""","=""VSU1""","=""Amartuvshin Bolorzaya""","=""Mongolia""","=""Manheim""","=""PA""","=""Journeymen Fall Classic and Women's World Classic"""
"=""9/28/2024""","=""107""","=""Quarter-Finals""","=""Kayla Batres""","=""South Side Wrestling Club""","=""10-0 0:27""","=""VSU""","=""Elmira Karabalaeva""","=""Kyrgystan""","=""Manheim""","=""PA""","=""Journeymen Fall Classic and Women's World Classic"""
"=""9/28/2024""","=""107""","=""Quarter-Finals""","=""Josephine Wrensch""","=""Germany""","=""10-0 4:23""","=""VSU""","=""Nohea Booth""","=""Surfside""","=""Manheim""","=""PA""","=""Journeymen Fall Classic and Women's World Classic"""
"=""9/28/2024""","=""107""","=""Quarter-Finals""","=""Maya Alvarado""","=""Lake Highland Prep""","=""15-14""","=""VPO1""","=""Sarina Gunn""","=""Viking Wrestling Club""","=""Manheim""","=""PA""","=""Journeymen Fall Classic and Women's World Classic"""
"=""9/28/2024""","=""107""","=""Quarter-Finals""","=""Alessia De Lucia""","=""Rednose Wrestling School""","=""12-6""","=""VPO1""","=""Isabella Fodera""","=""Poway High School""","=""Manheim""","=""PA""","=""Journeymen Fall Classic and Women's World Classic"""
"=""9/28/2024""","=""107""","=""Quarter-Finals""","=""Sarissa Tucker""","=""Legacy Wrestling""","=""10-0 2:26""","=""VSU""","=""Madison Healey""","=""Wyoming Seminary""","=""Manheim""","=""PA""","=""Journeymen Fall Classic and Women's World Classic"""
"=""9/28/2024""","=""107""","=""Quarter-Finals""","=""Ava Fodera""","=""Poway High School""","=""12-2 2:22""","=""VSU1""","=""Anna Buurma""","=""Michigan Revolution""","=""Manheim""","=""PA""","=""Journeymen Fall Classic and Women's World Classic"""
"=""9/28/2024""","=""107""","=""Semi-Finals""","=""Bianca Awerman""","=""Crash Girls Wrestling Club""","=""""","=""VIN""","=""Halilja Azimov""","=""Germany""","=""Manheim""","=""PA""","=""Journeymen Fall Classic and Women's World Classic"""
"=""9/28/2024""","=""107""","=""Semi-Finals""","=""Josephine Wrensch""","=""Germany""","=""2:26 9-0""","=""VFA""","=""Ava Fodera""","=""Poway High School""","=""Manheim""","=""PA""","=""Journeymen Fall Classic and Women's World Classic"""
"=""9/28/2024""","=""107""","=""Semi-Finals""","=""Medina Kuanyshbek""","=""Kazakhstan""","=""11-4""","=""VPO1""","=""Erin Rizzuto""","=""Florida Phoneix""","=""Manheim""","=""PA""","=""Journeymen Fall Classic and Women's World Classic"""
"=""9/28/2024""","=""107""","=""Semi-Finals""","=""Adsaya Piranavan""","=""Team Impact""","=""10-0 1:45""","=""VSU""","=""Peggy Susan Dean""","=""Betterman Elite Wrestling""","=""Manheim""","=""PA""","=""Journeymen Fall Classic and Women's World Classic"""
"=""9/28/2024""","=""107""","=""Semi-Finals""","=""Alessia De Lucia""","=""Rednose Wrestling School""","=""10-0 1:46""","=""VSU""","=""Maya Alvarado""","=""Lake Highland Prep""","=""Manheim""","=""PA""","=""Journeymen Fall Classic and Women's World Classic"""
"=""9/28/2024""","=""107""","=""Semi-Finals""","=""Kayla Batres""","=""South Side Wrestling Club""","=""8-7""","=""VPO1""","=""Sarissa Tucker""","=""Legacy Wrestling""","=""Manheim""","=""PA""","=""Journeymen Fall Classic and Women's World Classic"""
"=""9/28/2024""","=""107""","=""Finals""","=""Adsaya Piranavan""","=""Team Impact""","=""10-0 1:12""","=""VSU""","=""Bianca Awerman""","=""Crash Girls Wrestling Club""","=""Manheim""","=""PA""","=""Journeymen Fall Classic and Women's World Classic"""
"=""9/28/2024""","=""107""","=""Finals""","=""Medina Kuanyshbek""","=""Kazakhstan""","=""0:48 4-0""","=""VFA""","=""Alessia De Lucia""","=""Rednose Wrestling School""","=""Manheim""","=""PA""","=""Journeymen Fall Classic and Women's World Classic"""
"=""9/28/2024""","=""107""","=""Finals""","=""Kayla Batres""","=""South Side Wrestling Club""","=""10-0 1:14""","=""VSU""","=""Josephine Wrensch""","=""Germany""","=""Manheim""","=""PA""","=""Journeymen Fall Classic and Women's World Classic"""
"=""9/28/2024""","=""114""","=""RR Rnd 3""","=""Ganpurev Enkhdari""","=""Mongolia""","=""""","=""BYE""","=""""","=""""","=""Manheim""","=""PA""","=""Journeymen Fall Classic and Women's World Classic"""
"=""9/28/2024""","=""114""","=""RR Rnd 3""","=""Gabrielle Ruedy""","=""Bernards High School/ Edge Wrestling Club""","=""3:34 6-3""","=""VFA""","=""Zoeth Pardo""","=""All-american Wrestling Club/ Pembroke Rtc""","=""Manheim""","=""PA""","=""Journeymen Fall Classic and Women's World Classic"""
"=""9/28/2024""","=""114""","=""RR Rnd 3""","=""Marie Sharp""","=""Blair""","=""10-0 2:30""","=""VSU""","=""Emma Grimes""","=""Wyoming Seminary""","=""Manheim""","=""PA""","=""Journeymen Fall Classic and Women's World Classic"""
"=""9/28/2024""","=""114""","=""RR Rnd 3""","=""Sania Soltangali""","=""Kazakhstan""","=""""","=""BYE""","=""""","=""""","=""Manheim""","=""PA""","=""Journeymen Fall Classic and Women's World Classic"""
"=""9/28/2024""","=""114""","=""RR Rnd 3""","=""Samira Octiabreva""","=""Kyrgystan""","=""""","=""BYE""","=""""","=""""","=""Manheim""","=""PA""","=""Journeymen Fall Classic and Women's World Classic"""
"=""9/28/2024""","=""114""","=""RR Rnd 3""","=""Paris Soria""","=""Monster Garage""","=""12-2 3:52""","=""VSU1""","=""Deandra Meza""","=""Surfside""","=""Manheim""","=""PA""","=""Journeymen Fall Classic and Women's World Classic"""
"=""9/28/2024""","=""114""","=""RR Rnd 3""","=""Maddie Ripley""","=""Wyoming Seminary""","=""15-9""","=""VPO1""","=""Lyric Hetzer""","=""Ohio""","=""Manheim""","=""PA""","=""Journeymen Fall Classic and Women's World Classic"""
"=""9/28/2024""","=""114""","=""RR Rnd 3""","=""Sophia Marie Gonzales""","=""Surfside""","=""10-0 3:59""","=""VSU""","=""Madalyn Hill""","=""Journeymen Wrestling Club""","=""Manheim""","=""PA""","=""Journeymen Fall Classic and Women's World Classic"""
"=""9/28/2024""","=""114""","=""RR Rnd 3""","=""Alaina Reynolds""","=""Top Flight""","=""""","=""BYE""","=""""","=""""","=""Manheim""","=""PA""","=""Journeymen Fall Classic and Women's World Classic"""
"=""9/28/2024""","=""114""","=""RR Rnd 3""","=""Arina Abdullina""","=""Kazakhstan""","=""""","=""BYE""","=""""","=""""","=""Manheim""","=""PA""","=""Journeymen Fall Classic and Women's World Classic"""
"=""9/28/2024""","=""114""","=""RR Rnd 3""","=""Talia Pavlic""","=""Wamma""","=""""","=""BYE""","=""""","=""""","=""Manheim""","=""PA""","=""Journeymen Fall Classic and Women's World Classic"""
"=""9/28/2024""","=""114""","=""RR Rnd 3""","=""Grey Henecker""","=""Rednose Wrestling School""","=""10-0 1:47""","=""VSU""","=""Emma Palencia""","=""Crash Gwc""","=""Manheim""","=""PA""","=""Journeymen Fall Classic and Women's World Classic"""
"=""9/28/2024""","=""114""","=""RR Rnd 2""","=""Maddie Ripley""","=""Wyoming Seminary""","=""""","=""BYE""","=""""","=""""","=""Manheim""","=""PA""","=""Journeymen Fall Classic and Women's World Classic"""
"=""9/28/2024""","=""114""","=""RR Rnd 2""","=""Zoeth Pardo""","=""All-american Wrestling Club/ Pembroke Rtc""","=""""","=""BYE""","=""""","=""""","=""Manheim""","=""PA""","=""Journeymen Fall Classic and Women's World Classic"""
"=""9/28/2024""","=""114""","=""RR Rnd 2""","=""Emma Grimes""","=""Wyoming Seminary""","=""0:17 4-0""","=""VFA""","=""Alaina Reynolds""","=""Top Flight""","=""Manheim""","=""PA""","=""Journeymen Fall Classic and Women's World Classic"""
"=""9/28/2024""","=""114""","=""RR Rnd 2""","=""Marie Sharp""","=""Blair""","=""""","=""BYE""","=""""","=""""","=""Manheim""","=""PA""","=""Journeymen Fall Classic and Women's World Classic"""
"=""9/28/2024""","=""114""","=""RR Rnd 2""","=""Samira Octiabreva""","=""Kyrgystan""","=""10-0 0:42""","=""VSU""","=""Emma Palencia""","=""Crash Gwc""","=""Manheim""","=""PA""","=""Journeymen Fall Classic and Women's World Classic"""
"=""9/28/2024""","=""114""","=""RR Rnd 2""","=""Grey Henecker""","=""Rednose Wrestling School""","=""""","=""BYE""","=""""","=""""","=""Manheim""","=""PA""","=""Journeymen Fall Classic and Women's World Classic"""
"=""9/28/2024""","=""114""","=""RR Rnd 2""","=""Arina Abdullina""","=""Kazakhstan""","=""10-0 1:28""","=""VSU""","=""Gabrielle Ruedy""","=""Bernards High School/ Edge Wrestling Club""","=""Manheim""","=""PA""","=""Journeymen Fall Classic and Women's World Classic"""
"=""9/28/2024""","=""114""","=""RR Rnd 2""","=""Sophia Marie Gonzales""","=""Surfside""","=""""","=""BYE""","=""""","=""""","=""Manheim""","=""PA""","=""Journeymen Fall Classic and Women's World Classic"""
"=""9/28/2024""","=""114""","=""RR Rnd 2""","=""Paris Soria""","=""Monster Garage""","=""10-0 0:47""","=""VSU""","=""Ganpurev Enkhdari""","=""Mongolia""","=""Manheim""","=""PA""","=""Journeymen Fall Classic and Women's World Classic"""
"=""9/28/2024""","=""114""","=""RR Rnd 2""","=""Deandra Meza""","=""Surfside""","=""""","=""BYE""","=""""","=""""","=""Manheim""","=""PA""","=""Journeymen Fall Classic and Women's World Classic"""
"=""9/28/2024""","=""114""","=""RR Rnd 2""","=""Sania Soltangali""","=""Kazakhstan""","=""10-0 2:22""","=""VSU""","=""Madalyn Hill""","=""Journeymen Wrestling Club""","=""Manheim""","=""PA""","=""Journeymen Fall Classic and Women's World Classic"""
"=""9/28/2024""","=""114""","=""RR Rnd 2""","=""Lyric Hetzer""","=""Ohio""","=""2:02 8-0""","=""VFA""","=""Talia Pavlic""","=""Wamma""","=""Manheim""","=""PA""","=""Journeymen Fall Classic and Women's World Classic"""
"=""9/28/2024""","=""114""","=""RR Rnd 1""","=""Madalyn Hill""","=""Journeymen Wrestling Club""","=""""","=""BYE""","=""""","=""""","=""Manheim""","=""PA""","=""Journeymen Fall Classic and Women's World Classic"""
"=""9/28/2024""","=""114""","=""RR Rnd 1""","=""Marie Sharp""","=""Blair""","=""0:16 4-0""","=""VFA""","=""Alaina Reynolds""","=""Top Flight""","=""Manheim""","=""PA""","=""Journeymen Fall Classic and Women's World Classic"""
"=""9/28/2024""","=""114""","=""RR Rnd 1""","=""Emma Palencia""","=""Crash Gwc""","=""""","=""BYE""","=""""","=""""","=""Manheim""","=""PA""","=""Journeymen Fall Classic and Women's World Classic"""
"=""9/28/2024""","=""114""","=""RR Rnd 1""","=""Deandra Meza""","=""Surfside""","=""10-0 2:27""","=""VSU""","=""Ganpurev Enkhdari""","=""Mongolia""","=""Manheim""","=""PA""","=""Journeymen Fall Classic and Women's World Classic"""
"=""9/28/2024""","=""114""","=""RR Rnd 1""","=""Maddie Ripley""","=""Wyoming Seminary""","=""10-0 0:24""","=""VSU""","=""Talia Pavlic""","=""Wamma""","=""Manheim""","=""PA""","=""Journeymen Fall Classic and Women's World Classic"""
"=""9/28/2024""","=""114""","=""RR Rnd 1""","=""Paris Soria""","=""Monster Garage""","=""""","=""BYE""","=""""","=""""","=""Manheim""","=""PA""","=""Journeymen Fall Classic and Women's World Classic"""
"=""9/28/2024""","=""114""","=""RR Rnd 1""","=""Gabrielle Severin""","=""Crash Gwc""","=""3:44 11-6""","=""VFA""","=""Emma Chartres""","=""Team Impact""","=""Manheim""","=""PA""","=""Journeymen Fall Classic and Women's World Classic"""
"=""9/28/2024""","=""114""","=""RR Rnd 1""","=""Lyric Hetzer""","=""Ohio""","=""""","=""BYE""","=""""","=""""","=""Manheim""","=""PA""","=""Journeymen Fall Classic and Women's World Classic"""
"=""9/28/2024""","=""114""","=""RR Rnd 1""","=""Samira Octiabreva""","=""Kyrgystan""","=""0:41 2-0""","=""VFA""","=""Grey Henecker""","=""Rednose Wrestling School""","=""Manheim""","=""PA""","=""Journeymen Fall Classic and Women's World Classic"""
"=""9/28/2024""","=""114""","=""RR Rnd 1""","=""Emma Grimes""","=""Wyoming Seminary""","=""""","=""BYE""","=""""","=""""","=""Manheim""","=""PA""","=""Journeymen Fall Classic and Women's World Classic"""
"=""9/28/2024""","=""114""","=""RR Rnd 1""","=""Arina Abdullina""","=""Kazakhstan""","=""1:41 8-0""","=""VFA""","=""Zoeth Pardo""","=""All-american Wrestling Club/ Pembroke Rtc""","=""Manheim""","=""PA""","=""Journeymen Fall Classic and Women's World Classic"""
"=""9/28/2024""","=""114""","=""RR Rnd 1""","=""Sophia Marie Gonzales""","=""Surfside""","=""1:09 4-0""","=""VFA""","=""Sania Soltangali""","=""Kazakhstan""","=""Manheim""","=""PA""","=""Journeymen Fall Classic and Women's World Classic"""
"=""9/28/2024""","=""114""","=""RR Rnd 1""","=""Lucia Ranieri""","=""Roselle Park""","=""10-0 2:28""","=""VSU""","=""Casalino Denise""","=""Italy""","=""Manheim""","=""PA""","=""Journeymen Fall Classic and Women's World Classic"""
"=""9/28/2024""","=""114""","=""RR Rnd 1""","=""Gabrielle Ruedy""","=""Bernards High School/ Edge Wrestling Club""","=""""","=""BYE""","=""""","=""""","=""Manheim""","=""PA""","=""Journeymen Fall Classic and Women's World Classic"""
"=""9/28/2024""","=""114""","=""Consi of 4""","=""Sophia Marie Gonzales""","=""Surfside""","=""2:55 4-8""","=""VFA""","=""Samira Octiabreva""","=""Kyrgystan""","=""Manheim""","=""PA""","=""Journeymen Fall Classic and Women's World Classic"""
"=""9/28/2024""","=""114""","=""Consi of 4""","=""Alaina Reynolds""","=""Top Flight""","=""""","=""BYE""","=""""","=""""","=""Manheim""","=""PA""","=""Journeymen Fall Classic and Women's World Classic"""
"=""9/28/2024""","=""114""","=""Consi of 4""","=""Emma Palencia""","=""Crash Gwc""","=""""","=""BYE""","=""""","=""""","=""Manheim""","=""PA""","=""Journeymen Fall Classic and Women's World Classic"""
"=""9/28/2024""","=""114""","=""Consi of 4""","=""Emma Grimes""","=""Wyoming Seminary""","=""0:54 6-0""","=""VFA""","=""Gabrielle Ruedy""","=""Bernards High School/ Edge Wrestling Club""","=""Manheim""","=""PA""","=""Journeymen Fall Classic and Women's World Classic"""
"=""9/28/2024""","=""114""","=""Consi of 4""","=""Casalino Denise""","=""Italy""","=""10-0 2:30""","=""VSU""","=""Grey Henecker""","=""Rednose Wrestling School""","=""Manheim""","=""PA""","=""Journeymen Fall Classic and Women's World Classic"""
"=""9/28/2024""","=""114""","=""Consi of 4""","=""Maddie Ripley""","=""Wyoming Seminary""","=""10-0 3:10""","=""VSU""","=""Gabrielle Severin""","=""Crash Gwc""","=""Manheim""","=""PA""","=""Journeymen Fall Classic and Women's World Classic"""
"=""9/28/2024""","=""114""","=""7th Place""","=""Gabrielle Severin""","=""Crash Gwc""","=""1:57 4-0""","=""VFA""","=""Samira Octiabreva""","=""Kyrgystan""","=""Manheim""","=""PA""","=""Journeymen Fall Classic and Women's World Classic"""
"=""9/28/2024""","=""114""","=""7th Place""","=""Gabrielle Ruedy""","=""Bernards High School/ Edge Wrestling Club""","=""1:43 4-0""","=""VFA""","=""Grey Henecker""","=""Rednose Wrestling School""","=""Manheim""","=""PA""","=""Journeymen Fall Classic and Women's World Classic"""
"=""9/28/2024""","=""114""","=""5th Place""","=""Emma Grimes""","=""Wyoming Seminary""","=""0:16 4-0""","=""VFA""","=""Casalino Denise""","=""Italy""","=""Manheim""","=""PA""","=""Journeymen Fall Classic and Women's World Classic"""
"=""9/28/2024""","=""114""","=""5th Place""","=""Sophia Marie Gonzales""","=""Surfside""","=""13-2 3:38""","=""VSU1""","=""Maddie Ripley""","=""Wyoming Seminary""","=""Manheim""","=""PA""","=""Journeymen Fall Classic and Women's World Classic"""
"=""9/28/2024""","=""114""","=""5th Place""","=""Alaina Reynolds""","=""Top Flight""","=""1:12 4-6""","=""VFA""","=""Emma Palencia""","=""Crash Gwc""","=""Manheim""","=""PA""","=""Journeymen Fall Classic and Women's World Classic"""
"=""9/28/2024""","=""114""","=""3rd Place""","=""Lucia Ranieri""","=""Roselle Park""","=""1:23 3-4""","=""VFA""","=""Arina Abdullina""","=""Kazakhstan""","=""Manheim""","=""PA""","=""Journeymen Fall Classic and Women's World Classic"""
"=""9/28/2024""","=""114""","=""3rd Place""","=""Madalyn Hill""","=""Journeymen Wrestling Club""","=""10-0 1:15""","=""VSU""","=""Zoeth Pardo""","=""All-american Wrestling Club/ Pembroke Rtc""","=""Manheim""","=""PA""","=""Journeymen Fall Classic and Women's World Classic"""
"=""9/28/2024""","=""114""","=""3rd Place""","=""Sania Soltangali""","=""Kazakhstan""","=""1:03 2-3""","=""VFA""","=""Emma Chartres""","=""Team Impact""","=""Manheim""","=""PA""","=""Journeymen Fall Classic and Women's World Classic"""
"=""9/28/2024""","=""114""","=""Quarter-Finals""","=""Emma Chartres""","=""Team Impact""","=""11-0 3:49""","=""VSU""","=""Gabrielle Ruedy""","=""Bernards High School/ Edge Wrestling Club""","=""Manheim""","=""PA""","=""Journeymen Fall Classic and Women's World Classic"""
"=""9/28/2024""","=""114""","=""Quarter-Finals""","=""Sania Soltangali""","=""Kazakhstan""","=""10-0 1:04""","=""VSU""","=""Casalino Denise""","=""Italy""","=""Manheim""","=""PA""","=""Journeymen Fall Classic and Women's World Classic"""
"=""9/28/2024""","=""114""","=""Quarter-Finals""","=""Lyric Hetzer""","=""Ohio""","=""10-0 2:07""","=""VSU""","=""Emma Grimes""","=""Wyoming Seminary""","=""Manheim""","=""PA""","=""Journeymen Fall Classic and Women's World Classic"""
"=""9/28/2024""","=""114""","=""Quarter-Finals""","=""Deandra Meza""","=""Surfside""","=""10-0 2:01""","=""VSU""","=""Grey Henecker""","=""Rednose Wrestling School""","=""Manheim""","=""PA""","=""Journeymen Fall Classic and Women's World Classic"""
"=""9/28/2024""","=""114""","=""Quarter-Finals""","=""Talia Pavlic""","=""Wamma""","=""13-2 4:05""","=""VSU1""","=""Alaina Reynolds""","=""Top Flight""","=""Manheim""","=""PA""","=""Journeymen Fall Classic and Women's World Classic"""
"=""9/28/2024""","=""114""","=""Quarter-Finals""","=""Ganpurev Enkhdari""","=""Mongolia""","=""1:20 4-0""","=""VFA""","=""Emma Palencia""","=""Crash Gwc""","=""Manheim""","=""PA""","=""Journeymen Fall Classic and Women's World Classic"""
"=""9/28/2024""","=""114""","=""Quarter-Finals""","=""Lucia Ranieri""","=""Roselle Park""","=""10-2""","=""VPO1""","=""Sophia Marie Gonzales""","=""Surfside""","=""Manheim""","=""PA""","=""Journeymen Fall Classic and Women's World Classic"""
"=""9/28/2024""","=""114""","=""Quarter-Finals""","=""Marie Sharp""","=""Blair""","=""13-3 4:29""","=""VSU1""","=""Maddie Ripley""","=""Wyoming Seminary""","=""Manheim""","=""PA""","=""Journeymen Fall Classic and Women's World Classic"""
"=""9/28/2024""","=""114""","=""Quarter-Finals""","=""Zoeth Pardo""","=""All-american Wrestling Club/ Pembroke Rtc""","=""""","=""BYE""","=""""","=""""","=""Manheim""","=""PA""","=""Journeymen Fall Classic and Women's World Classic"""
"=""9/28/2024""","=""114""","=""Quarter-Finals""","=""Madalyn Hill""","=""Journeymen Wrestling Club""","=""""","=""BYE""","=""""","=""""","=""Manheim""","=""PA""","=""Journeymen Fall Classic and Women's World Classic"""
"=""9/28/2024""","=""114""","=""Quarter-Finals""","=""Arina Abdullina""","=""Kazakhstan""","=""4:20 12-4""","=""VFA""","=""Gabrielle Severin""","=""Crash Gwc""","=""Manheim""","=""PA""","=""Journeymen Fall Classic and Women's World Classic"""
"=""9/28/2024""","=""114""","=""Quarter-Finals""","=""Paris Soria""","=""Monster Garage""","=""11-0 1:24""","=""VSU""","=""Samira Octiabreva""","=""Kyrgystan""","=""Manheim""","=""PA""","=""Journeymen Fall Classic and Women's World Classic"""
"=""9/28/2024""","=""114""","=""Semi-Finals""","=""Lyric Hetzer""","=""Ohio""","=""10-0 0:57""","=""VSU""","=""Emma Chartres""","=""Team Impact""","=""Manheim""","=""PA""","=""Journeymen Fall Classic and Women's World Classic"""
"=""9/28/2024""","=""114""","=""Semi-Finals""","=""Talia Pavlic""","=""Wamma""","=""14-4 2:46""","=""VSU1""","=""Zoeth Pardo""","=""All-american Wrestling Club/ Pembroke Rtc""","=""Manheim""","=""PA""","=""Journeymen Fall Classic and Women's World Classic"""
"=""9/28/2024""","=""114""","=""Semi-Finals""","=""Ganpurev Enkhdari""","=""Mongolia""","=""4-0""","=""VPO""","=""Madalyn Hill""","=""Journeymen Wrestling Club""","=""Manheim""","=""PA""","=""Journeymen Fall Classic and Women's World Classic"""
"=""9/28/2024""","=""114""","=""Semi-Finals""","=""Marie Sharp""","=""Blair""","=""10-0 2:44""","=""VSU""","=""Arina Abdullina""","=""Kazakhstan""","=""Manheim""","=""PA""","=""Journeymen Fall Classic and Women's World Classic"""
"=""9/28/2024""","=""114""","=""Semi-Finals""","=""Paris Soria""","=""Monster Garage""","=""1:58 6-1""","=""VFA""","=""Lucia Ranieri""","=""Roselle Park""","=""Manheim""","=""PA""","=""Journeymen Fall Classic and Women's World Classic"""
"=""9/28/2024""","=""114""","=""Semi-Finals""","=""Deandra Meza""","=""Surfside""","=""13-2 2:27""","=""VSU1""","=""Sania Soltangali""","=""Kazakhstan""","=""Manheim""","=""PA""","=""Journeymen Fall Classic and Women's World Classic"""
"=""9/28/2024""","=""114""","=""Finals""","=""Lyric Hetzer""","=""Ohio""","=""12-9""","=""VPO1""","=""Deandra Meza""","=""Surfside""","=""Manheim""","=""PA""","=""Journeymen Fall Classic and Women's World Classic"""
"=""9/28/2024""","=""114""","=""Finals""","=""Paris Soria""","=""Monster Garage""","=""10-0 5:00""","=""VSU""","=""Marie Sharp""","=""Blair""","=""Manheim""","=""PA""","=""Journeymen Fall Classic and Women's World Classic"""
"=""9/28/2024""","=""114""","=""Finals""","=""Ganpurev Enkhdari""","=""Mongolia""","=""2:06 4-0""","=""VFA""","=""Talia Pavlic""","=""Wamma""","=""Manheim""","=""PA""","=""Journeymen Fall Classic and Women's World Classic"""
"=""9/28/2024""","=""120""","=""RR Rnd 3""","=""Maia Delacruz""","=""Hammer Wrestling Club""","=""""","=""BYE""","=""""","=""""","=""Manheim""","=""PA""","=""Journeymen Fall Classic and Women's World Classic"""
"=""9/28/2024""","=""120""","=""RR Rnd 3""","=""Liuzzi Naomi""","=""Italy""","=""10-0 1:37""","=""VSU""","=""Andi Bibeau""","=""East Stroudsburg North Hs""","=""Manheim""","=""PA""","=""Journeymen Fall Classic and Women's World Classic"""
"=""9/28/2024""","=""120""","=""RR Rnd 3""","=""Amelia Murphy""","=""Wyoming Seminary""","=""10-0 3:26""","=""VSU""","=""Adriana Degroat""","=""Metrowest United""","=""Manheim""","=""PA""","=""Journeymen Fall Classic and Women's World Classic"""
"=""9/28/2024""","=""120""","=""RR Rnd 3""","=""Tatiana Guzman""","=""Matmen""","=""""","=""BYE""","=""""","=""""","=""Manheim""","=""PA""","=""Journeymen Fall Classic and Women's World Classic"""
"=""9/28/2024""","=""120""","=""RR Rnd 3""","=""Talea Guntrum""","=""Steubenville Hs""","=""2:18 4-2""","=""VFA""","=""Makenzie Harbour""","=""Journeymen Wrestling Club""","=""Manheim""","=""PA""","=""Journeymen Fall Classic and Women's World Classic"""
"=""9/28/2024""","=""120""","=""RR Rnd 3""","=""Aubree Storm Gutierrez""","=""Surfside""","=""10-0 1:30""","=""VSU""","=""Mia Dineen""","=""Metrowest United""","=""Manheim""","=""PA""","=""Journeymen Fall Classic and Women's World Classic"""
"=""9/28/2024""","=""120""","=""RR Rnd 3""","=""Delaney Bisaillon""","=""Hammer""","=""""","=""BYE""","=""""","=""""","=""Manheim""","=""PA""","=""Journeymen Fall Classic and Women's World Classic"""
"=""9/28/2024""","=""120""","=""RR Rnd 3""","=""Casarola Angela""","=""Italy""","=""""","=""BYE""","=""""","=""""","=""Manheim""","=""PA""","=""Journeymen Fall Classic and Women's World Classic"""
"=""9/28/2024""","=""120""","=""RR Rnd 3""","=""Diana Amanturova""","=""Kyrgystan""","=""""","=""BYE""","=""""","=""""","=""Manheim""","=""PA""","=""Journeymen Fall Classic and Women's World Classic"""
"=""9/28/2024""","=""120""","=""RR Rnd 3""","=""Jocelyn Danbe""","=""Rednose""","=""12-8""","=""VPO1""","=""Ivy Andersen""","=""Roundtree Wrestling Academy""","=""Manheim""","=""PA""","=""Journeymen Fall Classic and Women's World Classic"""
"=""9/28/2024""","=""120""","=""RR Rnd 3""","=""Kaura Coles""","=""Cambat School""","=""11-0 1:38""","=""VSU""","=""Lyla Devereaux""","=""Wyoming Seminary""","=""Manheim""","=""PA""","=""Journeymen Fall Classic and Women's World Classic"""
"=""9/28/2024""","=""120""","=""RR Rnd 3""","=""Kaydence Proulx""","=""Journeymen Wrestling Club""","=""""","=""BYE""","=""""","=""""","=""Manheim""","=""PA""","=""Journeymen Fall Classic and Women's World Classic"""
"=""9/28/2024""","=""120""","=""RR Rnd 3""","=""Natalia Accorsi""","=""Blair Academy""","=""1:14 6-0""","=""VFA""","=""Layla Namerow""","=""Malvern Wrestling Club""","=""Manheim""","=""PA""","=""Journeymen Fall Classic and Women's World Classic"""
"=""9/28/2024""","=""120""","=""RR Rnd 3""","=""Josefine Widman""","=""Germany""","=""""","=""BYE""","=""""","=""""","=""Manheim""","=""PA""","=""Journeymen Fall Classic and Women's World Classic"""
"=""9/28/2024""","=""120""","=""RR Rnd 2""","=""Aubree Storm Gutierrez""","=""Surfside""","=""""","=""BYE""","=""""","=""""","=""Manheim""","=""PA""","=""Journeymen Fall Classic and Women's World Classic"""
"=""9/28/2024""","=""120""","=""RR Rnd 2""","=""Casarola Angela""","=""Italy""","=""11-0 3:48""","=""VSU""","=""Natalia Accorsi""","=""Blair Academy""","=""Manheim""","=""PA""","=""Journeymen Fall Classic and Women's World Classic"""
"=""9/28/2024""","=""120""","=""RR Rnd 2""","=""Ivy Andersen""","=""Roundtree Wrestling Academy""","=""""","=""BYE""","=""""","=""""","=""Manheim""","=""PA""","=""Journeymen Fall Classic and Women's World Classic"""
"=""9/28/2024""","=""120""","=""RR Rnd 2""","=""Talea Guntrum""","=""Steubenville Hs""","=""""","=""BYE""","=""""","=""""","=""Manheim""","=""PA""","=""Journeymen Fall Classic and Women's World Classic"""
"=""9/28/2024""","=""120""","=""RR Rnd 2""","=""Mia Dineen""","=""Metrowest United""","=""11-0 3:26""","=""VSU""","=""Kaydence Proulx""","=""Journeymen Wrestling Club""","=""Manheim""","=""PA""","=""Journeymen Fall Classic and Women's World Classic"""
"=""9/28/2024""","=""120""","=""RR Rnd 2""","=""Maia Delacruz""","=""Hammer Wrestling Club""","=""12-2 2:58""","=""VSU1""","=""Andi Bibeau""","=""East Stroudsburg North Hs""","=""Manheim""","=""PA""","=""Journeymen Fall Classic and Women's World Classic"""
"=""9/28/2024""","=""120""","=""RR Rnd 2""","=""Amelia Murphy""","=""Wyoming Seminary""","=""""","=""BYE""","=""""","=""""","=""Manheim""","=""PA""","=""Journeymen Fall Classic and Women's World Classic"""
"=""9/28/2024""","=""120""","=""RR Rnd 2""","=""Lyla Devereaux""","=""Wyoming Seminary""","=""1:34 4-6""","=""VFA""","=""Tatiana Guzman""","=""Matmen""","=""Manheim""","=""PA""","=""Journeymen Fall Classic and Women's World Classic"""
"=""9/28/2024""","=""120""","=""RR Rnd 2""","=""Adriana Degroat""","=""Metrowest United""","=""3:36 11-4""","=""VFA""","=""Delaney Bisaillon""","=""Hammer""","=""Manheim""","=""PA""","=""Journeymen Fall Classic and Women's World Classic"""
"=""9/28/2024""","=""120""","=""RR Rnd 2""","=""Josefine Widman""","=""Germany""","=""2:46 15-8""","=""VFA""","=""Makenzie Harbour""","=""Journeymen Wrestling Club""","=""Manheim""","=""PA""","=""Journeymen Fall Classic and Women's World Classic"""
"=""9/28/2024""","=""120""","=""RR Rnd 2""","=""Jocelyn Danbe""","=""Rednose""","=""1:02 3-2""","=""VFA""","=""Diana Amanturova""","=""Kyrgystan""","=""Manheim""","=""PA""","=""Journeymen Fall Classic and Women's World Classic"""
"=""9/28/2024""","=""120""","=""RR Rnd 2""","=""Layla Namerow""","=""Malvern Wrestling Club""","=""""","=""BYE""","=""""","=""""","=""Manheim""","=""PA""","=""Journeymen Fall Classic and Women's World Classic"""
"=""9/28/2024""","=""120""","=""RR Rnd 2""","=""Liuzzi Naomi""","=""Italy""","=""""","=""BYE""","=""""","=""""","=""Manheim""","=""PA""","=""Journeymen Fall Classic and Women's World Classic"""
"=""9/28/2024""","=""120""","=""RR Rnd 2""","=""Kaura Coles""","=""Cambat School""","=""""","=""BYE""","=""""","=""""","=""Manheim""","=""PA""","=""Journeymen Fall Classic and Women's World Classic"""
"=""9/28/2024""","=""120""","=""RR Rnd 1""","=""Natalia Accorsi""","=""Blair Academy""","=""""","=""BYE""","=""""","=""""","=""Manheim""","=""PA""","=""Journeymen Fall Classic and Women's World Classic"""
"=""9/28/2024""","=""120""","=""RR Rnd 1""","=""Andi Bibeau""","=""East Stroudsburg North Hs""","=""""","=""BYE""","=""""","=""""","=""Manheim""","=""PA""","=""Journeymen Fall Classic and Women's World Classic"""
"=""9/28/2024""","=""120""","=""RR Rnd 1""","=""Diana Amanturova""","=""Kyrgystan""","=""5-0""","=""VPO""","=""Ivy Andersen""","=""Roundtree Wrestling Academy""","=""Manheim""","=""PA""","=""Journeymen Fall Classic and Women's World Classic"""
"=""9/28/2024""","=""120""","=""RR Rnd 1""","=""Mia Dineen""","=""Metrowest United""","=""""","=""BYE""","=""""","=""""","=""Manheim""","=""PA""","=""Journeymen Fall Classic and Women's World Classic"""
"=""9/28/2024""","=""120""","=""RR Rnd 1""","=""Amelia Murphy""","=""Wyoming Seminary""","=""0:36 4-0""","=""VFA""","=""Delaney Bisaillon""","=""Hammer""","=""Manheim""","=""PA""","=""Journeymen Fall Classic and Women's World Classic"""
"=""9/28/2024""","=""120""","=""RR Rnd 1""","=""Lyla Devereaux""","=""Wyoming Seminary""","=""""","=""BYE""","=""""","=""""","=""Manheim""","=""PA""","=""Journeymen Fall Classic and Women's World Classic"""
"=""9/28/2024""","=""120""","=""RR Rnd 1""","=""Liuzzi Naomi""","=""Italy""","=""10-0 0:47""","=""VSU""","=""Maia Delacruz""","=""Hammer Wrestling Club""","=""Manheim""","=""PA""","=""Journeymen Fall Classic and Women's World Classic"""
"=""9/28/2024""","=""120""","=""RR Rnd 1""","=""Adriana Degroat""","=""Metrowest United""","=""""","=""BYE""","=""""","=""""","=""Manheim""","=""PA""","=""Journeymen Fall Classic and Women's World Classic"""
"=""9/28/2024""","=""120""","=""RR Rnd 1""","=""Savannah Arroyo""","=""Wyoming Seminary""","=""4:48 10-2""","=""VFA""","=""Aysyrga Dzhaynakova""","=""Kyrgystan""","=""Manheim""","=""PA""","=""Journeymen Fall Classic and Women's World Classic"""
"=""9/28/2024""","=""120""","=""RR Rnd 1""","=""Makenzie Harbour""","=""Journeymen Wrestling Club""","=""""","=""BYE""","=""""","=""""","=""Manheim""","=""PA""","=""Journeymen Fall Classic and Women's World Classic"""
"=""9/28/2024""","=""120""","=""RR Rnd 1""","=""Josefine Widman""","=""Germany""","=""13-2 4:34""","=""VSU1""","=""Talea Guntrum""","=""Steubenville Hs""","=""Manheim""","=""PA""","=""Journeymen Fall Classic and Women's World Classic"""
"=""9/28/2024""","=""120""","=""RR Rnd 1""","=""Aubree Storm Gutierrez""","=""Surfside""","=""10-0 0:44""","=""VSU""","=""Kaydence Proulx""","=""Journeymen Wrestling Club""","=""Manheim""","=""PA""","=""Journeymen Fall Classic and Women's World Classic"""
"=""9/28/2024""","=""120""","=""RR Rnd 1""","=""Casarola Angela""","=""Italy""","=""10-0 0:47""","=""VSU""","=""Layla Namerow""","=""Malvern Wrestling Club""","=""Manheim""","=""PA""","=""Journeymen Fall Classic and Women's World Classic"""
"=""9/28/2024""","=""120""","=""RR Rnd 1""","=""Jocelyn Danbe""","=""Rednose""","=""""","=""BYE""","=""""","=""""","=""Manheim""","=""PA""","=""Journeymen Fall Classic and Women's World Classic"""
"=""9/28/2024""","=""120""","=""RR Rnd 1""","=""Kaura Coles""","=""Cambat School""","=""10-0 1:33""","=""VSU""","=""Tatiana Guzman""","=""Matmen""","=""Manheim""","=""PA""","=""Journeymen Fall Classic and Women's World Classic"""
"=""9/28/2024""","=""120""","=""Consi of 4""","=""Aysyrga Dzhaynakova""","=""Kyrgystan""","=""17-5 3:29""","=""VSU1""","=""Lyla Devereaux""","=""Wyoming Seminary""","=""Manheim""","=""PA""","=""Journeymen Fall Classic and Women's World Classic"""
"=""9/28/2024""","=""120""","=""Consi of 4""","=""Layla Namerow""","=""Malvern Wrestling Club""","=""1:13 6-2""","=""VFA""","=""Kaydence Proulx""","=""Journeymen Wrestling Club""","=""Manheim""","=""PA""","=""Journeymen Fall Classic and Women's World Classic"""
"=""9/28/2024""","=""120""","=""Consi of 4""","=""Adriana Degroat""","=""Metrowest United""","=""11-1 3:47""","=""VSU1""","=""Mia Dineen""","=""Metrowest United""","=""Manheim""","=""PA""","=""Journeymen Fall Classic and Women's World Classic"""
"=""9/28/2024""","=""120""","=""Consi of 4""","=""Savannah Arroyo""","=""Wyoming Seminary""","=""4:22 6-8""","=""VFA""","=""Liuzzi Naomi""","=""Italy""","=""Manheim""","=""PA""","=""Journeymen Fall Classic and Women's World Classic"""
"=""9/28/2024""","=""120""","=""Consi of 4""","=""Amelia Murphy""","=""Wyoming Seminary""","=""4:00 11-6""","=""VFA""","=""Jocelyn Danbe""","=""Rednose""","=""Manheim""","=""PA""","=""Journeymen Fall Classic and Women's World Classic"""
"=""9/28/2024""","=""120""","=""Consi of 4""","=""Andi Bibeau""","=""East Stroudsburg North Hs""","=""""","=""BYE""","=""""","=""""","=""Manheim""","=""PA""","=""Journeymen Fall Classic and Women's World Classic"""
"=""9/28/2024""","=""120""","=""7th Place""","=""Kaydence Proulx""","=""Journeymen Wrestling Club""","=""""","=""BYE""","=""""","=""""","=""Manheim""","=""PA""","=""Journeymen Fall Classic and Women's World Classic"""
"=""9/28/2024""","=""120""","=""7th Place""","=""Mia Dineen""","=""Metrowest United""","=""0-0""","=""VFO""","=""Lyla Devereaux""","=""Wyoming Seminary""","=""Manheim""","=""PA""","=""Journeymen Fall Classic and Women's World Classic"""
"=""9/28/2024""","=""120""","=""7th Place""","=""Jocelyn Danbe""","=""Rednose""","=""0-0""","=""VFO""","=""Liuzzi Naomi""","=""Italy""","=""Manheim""","=""PA""","=""Journeymen Fall Classic and Women's World Classic"""
"=""9/28/2024""","=""120""","=""5th Place""","=""Andi Bibeau""","=""East Stroudsburg North Hs""","=""0:25 5-0""","=""VFA""","=""Layla Namerow""","=""Malvern Wrestling Club""","=""Manheim""","=""PA""","=""Journeymen Fall Classic and Women's World Classic"""
"=""9/28/2024""","=""120""","=""5th Place""","=""Aysyrga Dzhaynakova""","=""Kyrgystan""","=""12-1 2:15""","=""VSU1""","=""Adriana Degroat""","=""Metrowest United""","=""Manheim""","=""PA""","=""Journeymen Fall Classic and Women's World Classic"""
"=""9/28/2024""","=""120""","=""5th Place""","=""Savannah Arroyo""","=""Wyoming Seminary""","=""""","=""VIN""","=""Amelia Murphy""","=""Wyoming Seminary""","=""Manheim""","=""PA""","=""Journeymen Fall Classic and Women's World Classic"""
"=""9/28/2024""","=""120""","=""3rd Place""","=""Delaney Bisaillon""","=""Hammer""","=""0:53 2-0""","=""VFA""","=""Tatiana Guzman""","=""Matmen""","=""Manheim""","=""PA""","=""Journeymen Fall Classic and Women's World Classic"""
"=""9/28/2024""","=""120""","=""3rd Place""","=""Josefine Widman""","=""Germany""","=""12-2 2:06""","=""VSU1""","=""Aubree Storm Gutierrez""","=""Surfside""","=""Manheim""","=""PA""","=""Journeymen Fall Classic and Women's World Classic"""
"=""9/28/2024""","=""120""","=""3rd Place""","=""Diana Amanturova""","=""Kyrgystan""","=""10-0 3:09""","=""VSU""","=""Maia Delacruz""","=""Hammer Wrestling Club""","=""Manheim""","=""PA""","=""Journeymen Fall Classic and Women's World Classic"""
"=""9/28/2024""","=""120""","=""Quarter-Finals""","=""Diana Amanturova""","=""Kyrgystan""","=""4:59 8-0""","=""VFA""","=""Mia Dineen""","=""Metrowest United""","=""Manheim""","=""PA""","=""Journeymen Fall Classic and Women's World Classic"""
"=""9/28/2024""","=""120""","=""Quarter-Finals""","=""Ivy Andersen""","=""Roundtree Wrestling Academy""","=""1:58 6-0""","=""VFA""","=""Kaydence Proulx""","=""Journeymen Wrestling Club""","=""Manheim""","=""PA""","=""Journeymen Fall Classic and Women's World Classic"""
"=""9/28/2024""","=""120""","=""Quarter-Finals""","=""Makenzie Harbour""","=""Journeymen Wrestling Club""","=""""","=""BYE""","=""""","=""""","=""Manheim""","=""PA""","=""Journeymen Fall Classic and Women's World Classic"""
"=""9/28/2024""","=""120""","=""Quarter-Finals""","=""Natalia Accorsi""","=""Blair Academy""","=""11-0 3:19""","=""VSU""","=""Adriana Degroat""","=""Metrowest United""","=""Manheim""","=""PA""","=""Journeymen Fall Classic and Women's World Classic"""
"=""9/28/2024""","=""120""","=""Quarter-Finals""","=""Casarola Angela""","=""Italy""","=""1-1""","=""VPO1""","=""Amelia Murphy""","=""Wyoming Seminary""","=""Manheim""","=""PA""","=""Journeymen Fall Classic and Women's World Classic"""
"=""9/28/2024""","=""120""","=""Quarter-Finals""","=""Aubree Storm Gutierrez""","=""Surfside""","=""10-0 2:53""","=""VSU""","=""Jocelyn Danbe""","=""Rednose""","=""Manheim""","=""PA""","=""Journeymen Fall Classic and Women's World Classic"""
"=""9/28/2024""","=""120""","=""Quarter-Finals""","=""Kaura Coles""","=""Cambat School""","=""13-0 3:00""","=""VSU""","=""Liuzzi Naomi""","=""Italy""","=""Manheim""","=""PA""","=""Journeymen Fall Classic and Women's World Classic"""
"=""9/28/2024""","=""120""","=""Quarter-Finals""","=""Talea Guntrum""","=""Steubenville Hs""","=""0:43 4-0""","=""VFA""","=""Aysyrga Dzhaynakova""","=""Kyrgystan""","=""Manheim""","=""PA""","=""Journeymen Fall Classic and Women's World Classic"""
"=""9/28/2024""","=""120""","=""Quarter-Finals""","=""Tatiana Guzman""","=""Matmen""","=""11-4""","=""VPO1""","=""Andi Bibeau""","=""East Stroudsburg North Hs""","=""Manheim""","=""PA""","=""Journeymen Fall Classic and Women's World Classic"""
"=""9/28/2024""","=""120""","=""Quarter-Finals""","=""Josefine Widman""","=""Germany""","=""1:36 4-0""","=""VFA""","=""Savannah Arroyo""","=""Wyoming Seminary""","=""Manheim""","=""PA""","=""Journeymen Fall Classic and Women's World Classic"""
"=""9/28/2024""","=""120""","=""Quarter-Finals""","=""Maia Delacruz""","=""Hammer Wrestling Club""","=""13-0 5:00""","=""VSU""","=""Lyla Devereaux""","=""Wyoming Seminary""","=""Manheim""","=""PA""","=""Journeymen Fall Classic and Women's World Classic"""
"=""9/28/2024""","=""120""","=""Quarter-Finals""","=""Delaney Bisaillon""","=""Hammer""","=""1:53 8-0""","=""VFA""","=""Layla Namerow""","=""Malvern Wrestling Club""","=""Manheim""","=""PA""","=""Journeymen Fall Classic and Women's World Classic"""
"=""9/28/2024""","=""120""","=""Semi-Finals""","=""Ivy Andersen""","=""Roundtree Wrestling Academy""","=""1:04 4-0""","=""VFA""","=""Delaney Bisaillon""","=""Hammer""","=""Manheim""","=""PA""","=""Journeymen Fall Classic and Women's World Classic"""
"=""9/28/2024""","=""120""","=""Semi-Finals""","=""Kaura Coles""","=""Cambat School""","=""1:42 10-2""","=""VFA""","=""Josefine Widman""","=""Germany""","=""Manheim""","=""PA""","=""Journeymen Fall Classic and Women's World Classic"""
"=""9/28/2024""","=""120""","=""Semi-Finals""","=""Casarola Angela""","=""Italy""","=""6-4""","=""VPO1""","=""Aubree Storm Gutierrez""","=""Surfside""","=""Manheim""","=""PA""","=""Journeymen Fall Classic and Women's World Classic"""
"=""9/28/2024""","=""120""","=""Semi-Finals""","=""Natalia Accorsi""","=""Blair Academy""","=""9-4""","=""VPO1""","=""Diana Amanturova""","=""Kyrgystan""","=""Manheim""","=""PA""","=""Journeymen Fall Classic and Women's World Classic"""
"=""9/28/2024""","=""120""","=""Semi-Finals""","=""Makenzie Harbour""","=""Journeymen Wrestling Club""","=""12-2 2:30""","=""VSU1""","=""Tatiana Guzman""","=""Matmen""","=""Manheim""","=""PA""","=""Journeymen Fall Classic and Women's World Classic"""
"=""9/28/2024""","=""120""","=""Semi-Finals""","=""Talea Guntrum""","=""Steubenville Hs""","=""2:25 6-0""","=""VFA""","=""Maia Delacruz""","=""Hammer Wrestling Club""","=""Manheim""","=""PA""","=""Journeymen Fall Classic and Women's World Classic"""
"=""9/28/2024""","=""120""","=""Finals""","=""Ivy Andersen""","=""Roundtree Wrestling Academy""","=""10-6""","=""VPO1""","=""Makenzie Harbour""","=""Journeymen Wrestling Club""","=""Manheim""","=""PA""","=""Journeymen Fall Classic and Women's World Classic"""
"=""9/28/2024""","=""120""","=""Finals""","=""Kaura Coles""","=""Cambat School""","=""11-0 2:00""","=""VSU""","=""Casarola Angela""","=""Italy""","=""Manheim""","=""PA""","=""Journeymen Fall Classic and Women's World Classic"""
"=""9/28/2024""","=""120""","=""Finals""","=""Talea Guntrum""","=""Steubenville Hs""","=""1:09 8-0""","=""VFA""","=""Natalia Accorsi""","=""Blair Academy""","=""Manheim""","=""PA""","=""Journeymen Fall Classic and Women's World Classic"""
"=""9/28/2024""","=""126""","=""RR Rnd 3""","=""Mary Manis""","=""Wyoming Seminary""","=""10-0 2:41""","=""VSU""","=""Chloe Zacherl""","=""Victory Wrestling Club""","=""Manheim""","=""PA""","=""Journeymen Fall Classic and Women's World Classic"""
"=""9/28/2024""","=""126""","=""RR Rnd 3""","=""Servedio Sara""","=""Italy""","=""""","=""BYE""","=""""","=""""","=""Manheim""","=""PA""","=""Journeymen Fall Classic and Women's World Classic"""
"=""9/28/2024""","=""126""","=""RR Rnd 3""","=""Ava Ebrahimi""","=""Poway High School""","=""2:59 10-0""","=""VFA""","=""Camila Alexandra Pachas Huaroto""","=""Peru""","=""Manheim""","=""PA""","=""Journeymen Fall Classic and Women's World Classic"""
"=""9/28/2024""","=""126""","=""RR Rnd 3""","=""Joy Murray""","=""Btsnyc""","=""""","=""BYE""","=""""","=""""","=""Manheim""","=""PA""","=""Journeymen Fall Classic and Women's World Classic"""
"=""9/28/2024""","=""126""","=""RR Rnd 3""","=""Jargalsaikhan Erdenet-od""","=""Mongolia""","=""0:49 3-0""","=""VFA""","=""Kate Crockett""","=""Legend Wrestling Club""","=""Manheim""","=""PA""","=""Journeymen Fall Classic and Women's World Classic"""
"=""9/28/2024""","=""126""","=""RR Rnd 3""","=""Lily Oh""","=""Legend Wrestling Club""","=""3:47 9-8""","=""VFA""","=""Akylay Satybayeva""","=""Kyrgystan""","=""Manheim""","=""PA""","=""Journeymen Fall Classic and Women's World Classic"""
"=""9/28/2024""","=""126""","=""RR Rnd 3""","=""Tilly Kakuk""","=""Surfside""","=""10-0 1:30""","=""VSU""","=""Haley Proulx""","=""Journeymen Wrestling Club""","=""Manheim""","=""PA""","=""Journeymen Fall Classic and Women's World Classic"""
"=""9/28/2024""","=""126""","=""RR Rnd 3""","=""Pira Sofia""","=""Italy""","=""7-3""","=""VPO1""","=""Reese Adams""","=""Crash/calhoun H.s.""","=""Manheim""","=""PA""","=""Journeymen Fall Classic and Women's World Classic"""
"=""9/28/2024""","=""126""","=""RR Rnd 3""","=""Sela Rozov""","=""Blair Academy""","=""""","=""BYE""","=""""","=""""","=""Manheim""","=""PA""","=""Journeymen Fall Classic and Women's World Classic"""
"=""9/28/2024""","=""126""","=""RR Rnd 3""","=""Rianna Bernal""","=""Surfside""","=""3:18 8-1""","=""VFA""","=""Emma Peake""","=""Duro/hunterdon Central""","=""Manheim""","=""PA""","=""Journeymen Fall Classic and Women's World Classic"""
"=""9/28/2024""","=""126""","=""RR Rnd 3""","=""Haley Gonzales""","=""Crash""","=""""","=""BYE""","=""""","=""""","=""Manheim""","=""PA""","=""Journeymen Fall Classic and Women's World Classic"""
"=""9/28/2024""","=""126""","=""RR Rnd 3""","=""Madeline Ngo""","=""Metrowest United""","=""""","=""BYE""","=""""","=""""","=""Manheim""","=""PA""","=""Journeymen Fall Classic and Women's World Classic"""
"=""9/28/2024""","=""126""","=""RR Rnd 3""","=""Myla Blackshaw""","=""Matmen""","=""""","=""BYE""","=""""","=""""","=""Manheim""","=""PA""","=""Journeymen Fall Classic and Women's World Classic"""
"=""9/28/2024""","=""126""","=""RR Rnd 3""","=""Victoria Carbonaro""","=""Blair Academy""","=""10-0 0:33""","=""VSU""","=""Paige Cowan""","=""Ohio National Team""","=""Manheim""","=""PA""","=""Journeymen Fall Classic and Women's World Classic"""
"=""9/28/2024""","=""126""","=""RR Rnd 3""","=""Sophie Ritter""","=""Hungary""","=""""","=""BYE""","=""""","=""""","=""Manheim""","=""PA""","=""Journeymen Fall Classic and Women's World Classic"""
"=""9/28/2024""","=""126""","=""RR Rnd 3""","=""Olivia Fox""","=""Journeymen Wrestling Club""","=""""","=""BYE""","=""""","=""""","=""Manheim""","=""PA""","=""Journeymen Fall Classic and Women's World Classic"""
"=""9/28/2024""","=""126""","=""RR Rnd 2""","=""Lily Oh""","=""Legend Wrestling Club""","=""1:17 10-0""","=""VFA""","=""Myla Blackshaw""","=""Matmen""","=""Manheim""","=""PA""","=""Journeymen Fall Classic and Women's World Classic"""
"=""9/28/2024""","=""126""","=""RR Rnd 2""","=""Mary Manis""","=""Wyoming Seminary""","=""""","=""BYE""","=""""","=""""","=""Manheim""","=""PA""","=""Journeymen Fall Classic and Women's World Classic"""
"=""9/28/2024""","=""126""","=""RR Rnd 2""","=""Reese Adams""","=""Crash/calhoun H.s.""","=""1:15 6-0""","=""VFA""","=""Olivia Fox""","=""Journeymen Wrestling Club""","=""Manheim""","=""PA""","=""Journeymen Fall Classic and Women's World Classic"""
"=""9/28/2024""","=""126""","=""RR Rnd 2""","=""Jargalsaikhan Erdenet-od""","=""Mongolia""","=""""","=""BYE""","=""""","=""""","=""Manheim""","=""PA""","=""Journeymen Fall Classic and Women's World Classic"""
"=""9/28/2024""","=""126""","=""RR Rnd 2""","=""Sophie Ritter""","=""Hungary""","=""10-0 1:26""","=""VSU""","=""Emma Peake""","=""Duro/hunterdon Central""","=""Manheim""","=""PA""","=""Journeymen Fall Classic and Women's World Classic"""
"=""9/28/2024""","=""126""","=""RR Rnd 2""","=""Victoria Carbonaro""","=""Blair Academy""","=""""","=""BYE""","=""""","=""""","=""Manheim""","=""PA""","=""Journeymen Fall Classic and Women's World Classic"""
"=""9/28/2024""","=""126""","=""RR Rnd 2""","=""Kate Crockett""","=""Legend Wrestling Club""","=""0:43 4-0""","=""VFA""","=""Sela Rozov""","=""Blair Academy""","=""Manheim""","=""PA""","=""Journeymen Fall Classic and Women's World Classic"""
"=""9/28/2024""","=""126""","=""RR Rnd 2""","=""Tilly Kakuk""","=""Surfside""","=""""","=""BYE""","=""""","=""""","=""Manheim""","=""PA""","=""Journeymen Fall Classic and Women's World Classic"""
"=""9/28/2024""","=""126""","=""RR Rnd 2""","=""Akylay Satybayeva""","=""Kyrgystan""","=""""","=""BYE""","=""""","=""""","=""Manheim""","=""PA""","=""Journeymen Fall Classic and Women's World Classic"""
"=""9/28/2024""","=""126""","=""RR Rnd 2""","=""Pira Sofia""","=""Italy""","=""""","=""BYE""","=""""","=""""","=""Manheim""","=""PA""","=""Journeymen Fall Classic and Women's World Classic"""
"=""9/28/2024""","=""126""","=""RR Rnd 2""","=""Madeline Ngo""","=""Metrowest United""","=""1:19 2-2""","=""VFA""","=""Paige Cowan""","=""Ohio National Team""","=""Manheim""","=""PA""","=""Journeymen Fall Classic and Women's World Classic"""
"=""9/28/2024""","=""126""","=""RR Rnd 2""","=""Chloe Zacherl""","=""Victory Wrestling Club""","=""1:52 8-0""","=""VFA""","=""Joy Murray""","=""Btsnyc""","=""Manheim""","=""PA""","=""Journeymen Fall Classic and Women's World Classic"""
"=""9/28/2024""","=""126""","=""RR Rnd 2""","=""Camila Alexandra Pachas Huaroto""","=""Peru""","=""""","=""BYE""","=""""","=""""","=""Manheim""","=""PA""","=""Journeymen Fall Classic and Women's World Classic"""
"=""9/28/2024""","=""126""","=""RR Rnd 2""","=""Servedio Sara""","=""Italy""","=""8-0""","=""VPO""","=""Haley Proulx""","=""Journeymen Wrestling Club""","=""Manheim""","=""PA""","=""Journeymen Fall Classic and Women's World Classic"""
"=""9/28/2024""","=""126""","=""RR Rnd 2""","=""Haley Gonzales""","=""Crash""","=""2-2""","=""VPO1""","=""Ava Ebrahimi""","=""Poway High School""","=""Manheim""","=""PA""","=""Journeymen Fall Classic and Women's World Classic"""
"=""9/28/2024""","=""126""","=""RR Rnd 2""","=""Rianna Bernal""","=""Surfside""","=""""","=""BYE""","=""""","=""""","=""Manheim""","=""PA""","=""Journeymen Fall Classic and Women's World Classic"""
"=""9/28/2024""","=""126""","=""RR Rnd 1""","=""Mary Manis""","=""Wyoming Seminary""","=""1:23 10-0""","=""VFA""","=""Joy Murray""","=""Btsnyc""","=""Manheim""","=""PA""","=""Journeymen Fall Classic and Women's World Classic"""
"=""9/28/2024""","=""126""","=""RR Rnd 1""","=""Reese Adams""","=""Crash/calhoun H.s.""","=""""","=""BYE""","=""""","=""""","=""Manheim""","=""PA""","=""Journeymen Fall Classic and Women's World Classic"""
"=""9/28/2024""","=""126""","=""RR Rnd 1""","=""Sophie Ritter""","=""Hungary""","=""13-2 2:30""","=""VSU""","=""Rianna Bernal""","=""Surfside""","=""Manheim""","=""PA""","=""Journeymen Fall Classic and Women's World Classic"""
"=""9/28/2024""","=""126""","=""RR Rnd 1""","=""Chloe Zacherl""","=""Victory Wrestling Club""","=""""","=""BYE""","=""""","=""""","=""Manheim""","=""PA""","=""Journeymen Fall Classic and Women's World Classic"""
"=""9/28/2024""","=""126""","=""RR Rnd 1""","=""Lily Oh""","=""Legend Wrestling Club""","=""""","=""BYE""","=""""","=""""","=""Manheim""","=""PA""","=""Journeymen Fall Classic and Women's World Classic"""
"=""9/28/2024""","=""126""","=""RR Rnd 1""","=""Pira Sofia""","=""Italy""","=""10-4""","=""VPO1""","=""Olivia Fox""","=""Journeymen Wrestling Club""","=""Manheim""","=""PA""","=""Journeymen Fall Classic and Women's World Classic"""
"=""9/28/2024""","=""126""","=""RR Rnd 1""","=""Paige Cowan""","=""Ohio National Team""","=""""","=""BYE""","=""""","=""""","=""Manheim""","=""PA""","=""Journeymen Fall Classic and Women's World Classic"""
"=""9/28/2024""","=""126""","=""RR Rnd 1""","=""Victoria Carbonaro""","=""Blair Academy""","=""11-0 4:01""","=""VSU""","=""Madeline Ngo""","=""Metrowest United""","=""Manheim""","=""PA""","=""Journeymen Fall Classic and Women's World Classic"""
"=""9/28/2024""","=""126""","=""RR Rnd 1""","=""Akylay Satybayeva""","=""Kyrgystan""","=""1:36 6-0""","=""VFA""","=""Myla Blackshaw""","=""Matmen""","=""Manheim""","=""PA""","=""Journeymen Fall Classic and Women's World Classic"""
"=""9/28/2024""","=""126""","=""RR Rnd 1""","=""Haley Gonzales""","=""Crash""","=""2:44 10-2""","=""VFA""","=""Camila Alexandra Pachas Huaroto""","=""Peru""","=""Manheim""","=""PA""","=""Journeymen Fall Classic and Women's World Classic"""
"=""9/28/2024""","=""126""","=""RR Rnd 1""","=""Jargalsaikhan Erdenet-od""","=""Mongolia""","=""1:42 8-0""","=""VFA""","=""Sela Rozov""","=""Blair Academy""","=""Manheim""","=""PA""","=""Journeymen Fall Classic and Women's World Classic"""
"=""9/28/2024""","=""126""","=""RR Rnd 1""","=""Servedio Sara""","=""Italy""","=""10-8""","=""VPO1""","=""Tilly Kakuk""","=""Surfside""","=""Manheim""","=""PA""","=""Journeymen Fall Classic and Women's World Classic"""
"=""9/28/2024""","=""126""","=""RR Rnd 1""","=""Emma Peake""","=""Duro/hunterdon Central""","=""""","=""BYE""","=""""","=""""","=""Manheim""","=""PA""","=""Journeymen Fall Classic and Women's World Classic"""
"=""9/28/2024""","=""126""","=""RR Rnd 1""","=""Ava Ebrahimi""","=""Poway High School""","=""""","=""BYE""","=""""","=""""","=""Manheim""","=""PA""","=""Journeymen Fall Classic and Women's World Classic"""
"=""9/28/2024""","=""126""","=""RR Rnd 1""","=""Kate Crockett""","=""Legend Wrestling Club""","=""""","=""BYE""","=""""","=""""","=""Manheim""","=""PA""","=""Journeymen Fall Classic and Women's World Classic"""
"=""9/28/2024""","=""126""","=""RR Rnd 1""","=""Haley Proulx""","=""Journeymen Wrestling Club""","=""""","=""BYE""","=""""","=""""","=""Manheim""","=""PA""","=""Journeymen Fall Classic and Women's World Classic"""
"=""9/28/2024""","=""126""","=""Consi of 4""","=""Paige Cowan""","=""Ohio National Team""","=""10-0 3:00""","=""VSU""","=""Camila Alexandra Pachas Huaroto""","=""Peru""","=""Manheim""","=""PA""","=""Journeymen Fall Classic and Women's World Classic"""
"=""9/28/2024""","=""126""","=""Consi of 4""","=""Chloe Zacherl""","=""Victory Wrestling Club""","=""1:31 7-0""","=""VFA""","=""Kate Crockett""","=""Legend Wrestling Club""","=""Manheim""","=""PA""","=""Journeymen Fall Classic and Women's World Classic"""
"=""9/28/2024""","=""126""","=""Consi of 4""","=""Ava Ebrahimi""","=""Poway High School""","=""10-0 3:21""","=""VSU""","=""Madeline Ngo""","=""Metrowest United""","=""Manheim""","=""PA""","=""Journeymen Fall Classic and Women's World Classic"""
"=""9/28/2024""","=""126""","=""Consi of 4""","=""Mary Manis""","=""Wyoming Seminary""","=""10-0 1:47""","=""VSU""","=""Jargalsaikhan Erdenet-od""","=""Mongolia""","=""Manheim""","=""PA""","=""Journeymen Fall Classic and Women's World Classic"""
"=""9/28/2024""","=""126""","=""Consi of 4""","=""Sela Rozov""","=""Blair Academy""","=""2:27 8-0""","=""VFA""","=""Joy Murray""","=""Btsnyc""","=""Manheim""","=""PA""","=""Journeymen Fall Classic and Women's World Classic"""
"=""9/28/2024""","=""126""","=""Consi of 4""","=""Lily Oh""","=""Legend Wrestling Club""","=""6-6""","=""VPO1""","=""Servedio Sara""","=""Italy""","=""Manheim""","=""PA""","=""Journeymen Fall Classic and Women's World Classic"""
"=""9/28/2024""","=""126""","=""7th Place""","=""Servedio Sara""","=""Italy""","=""7-2""","=""VPO1""","=""Jargalsaikhan Erdenet-od""","=""Mongolia""","=""Manheim""","=""PA""","=""Journeymen Fall Classic and Women's World Classic"""
"=""9/28/2024""","=""126""","=""7th Place""","=""Kate Crockett""","=""Legend Wrestling Club""","=""8-0""","=""VPO""","=""Madeline Ngo""","=""Metrowest United""","=""Manheim""","=""PA""","=""Journeymen Fall Classic and Women's World Classic"""
"=""9/28/2024""","=""126""","=""5th Place""","=""Paige Cowan""","=""Ohio National Team""","=""4:49 10-0""","=""VFA""","=""Sela Rozov""","=""Blair Academy""","=""Manheim""","=""PA""","=""Journeymen Fall Classic and Women's World Classic"""
"=""9/28/2024""","=""126""","=""5th Place""","=""Chloe Zacherl""","=""Victory Wrestling Club""","=""2:22 4-3""","=""VFA""","=""Ava Ebrahimi""","=""Poway High School""","=""Manheim""","=""PA""","=""Journeymen Fall Classic and Women's World Classic"""
"=""9/28/2024""","=""126""","=""5th Place""","=""Mary Manis""","=""Wyoming Seminary""","=""0:41 6-0""","=""VFA""","=""Lily Oh""","=""Legend Wrestling Club""","=""Manheim""","=""PA""","=""Journeymen Fall Classic and Women's World Classic"""
"=""9/28/2024""","=""126""","=""3rd Place""","=""Haley Gonzales""","=""Crash""","=""4-0""","=""VPO""","=""Pira Sofia""","=""Italy""","=""Manheim""","=""PA""","=""Journeymen Fall Classic and Women's World Classic"""
"=""9/28/2024""","=""126""","=""3rd Place""","=""Olivia Fox""","=""Journeymen Wrestling Club""","=""1:51 4-4""","=""VFA""","=""Haley Proulx""","=""Journeymen Wrestling Club""","=""Manheim""","=""PA""","=""Journeymen Fall Classic and Women's World Classic"""
"=""9/28/2024""","=""126""","=""3rd Place""","=""Reese Adams""","=""Crash/calhoun H.s.""","=""0:00 0-0""","=""VIN""","=""Akylay Satybayeva""","=""Kyrgystan""","=""Manheim""","=""PA""","=""Journeymen Fall Classic and Women's World Classic"""
"=""9/28/2024""","=""126""","=""Quarter-Finals""","=""Rianna Bernal""","=""Surfside""","=""10-0 2:19""","=""VSU""","=""Chloe Zacherl""","=""Victory Wrestling Club""","=""Manheim""","=""PA""","=""Journeymen Fall Classic and Women's World Classic"""
"=""9/28/2024""","=""126""","=""Quarter-Finals""","=""Haley Proulx""","=""Journeymen Wrestling Club""","=""2:00 10-5""","=""VFA""","=""Paige Cowan""","=""Ohio National Team""","=""Manheim""","=""PA""","=""Journeymen Fall Classic and Women's World Classic"""
"=""9/28/2024""","=""126""","=""Quarter-Finals""","=""Pira Sofia""","=""Italy""","=""15-4 3:58""","=""VSU1""","=""Jargalsaikhan Erdenet-od""","=""Mongolia""","=""Manheim""","=""PA""","=""Journeymen Fall Classic and Women's World Classic"""
"=""9/28/2024""","=""126""","=""Quarter-Finals""","=""Reese Adams""","=""Crash/calhoun H.s.""","=""2:18 4-4""","=""VFA""","=""Kate Crockett""","=""Legend Wrestling Club""","=""Manheim""","=""PA""","=""Journeymen Fall Classic and Women's World Classic"""
"=""9/28/2024""","=""126""","=""Quarter-Finals""","=""Akylay Satybayeva""","=""Kyrgystan""","=""0:22 2-0""","=""VFA""","=""Ava Ebrahimi""","=""Poway High School""","=""Manheim""","=""PA""","=""Journeymen Fall Classic and Women's World Classic"""
"=""9/28/2024""","=""126""","=""Quarter-Finals""","=""Victoria Carbonaro""","=""Blair Academy""","=""11-0 1:36""","=""VSU""","=""Servedio Sara""","=""Italy""","=""Manheim""","=""PA""","=""Journeymen Fall Classic and Women's World Classic"""
"=""9/28/2024""","=""126""","=""Quarter-Finals""","=""Emma Peake""","=""Duro/hunterdon Central""","=""10-0 1:55""","=""VSU""","=""Joy Murray""","=""Btsnyc""","=""Manheim""","=""PA""","=""Journeymen Fall Classic and Women's World Classic"""
"=""9/28/2024""","=""126""","=""Quarter-Finals""","=""Tilly Kakuk""","=""Surfside""","=""7-2""","=""VPO1""","=""Madeline Ngo""","=""Metrowest United""","=""Manheim""","=""PA""","=""Journeymen Fall Classic and Women's World Classic"""
"=""9/28/2024""","=""126""","=""Quarter-Finals""","=""Haley Gonzales""","=""Crash""","=""12-8""","=""VPO1""","=""Lily Oh""","=""Legend Wrestling Club""","=""Manheim""","=""PA""","=""Journeymen Fall Classic and Women's World Classic"""
"=""9/28/2024""","=""126""","=""Quarter-Finals""","=""Olivia Fox""","=""Journeymen Wrestling Club""","=""1:08 3-0""","=""VFA""","=""Sela Rozov""","=""Blair Academy""","=""Manheim""","=""PA""","=""Journeymen Fall Classic and Women's World Classic"""
"=""9/28/2024""","=""126""","=""Quarter-Finals""","=""Myla Blackshaw""","=""Matmen""","=""1:36 13-6""","=""VFA""","=""Camila Alexandra Pachas Huaroto""","=""Peru""","=""Manheim""","=""PA""","=""Journeymen Fall Classic and Women's World Classic"""
"=""9/28/2024""","=""126""","=""Quarter-Finals""","=""Sophie Ritter""","=""Hungary""","=""8-4""","=""VPO1""","=""Mary Manis""","=""Wyoming Seminary""","=""Manheim""","=""PA""","=""Journeymen Fall Classic and Women's World Classic"""
"=""9/28/2024""","=""126""","=""Semi-Finals""","=""Myla Blackshaw""","=""Matmen""","=""1:07 6-0""","=""VFA""","=""Haley Proulx""","=""Journeymen Wrestling Club""","=""Manheim""","=""PA""","=""Journeymen Fall Classic and Women's World Classic"""
"=""9/28/2024""","=""126""","=""Semi-Finals""","=""Victoria Carbonaro""","=""Blair Academy""","=""12-1 1:07""","=""VSU1""","=""Haley Gonzales""","=""Crash""","=""Manheim""","=""PA""","=""Journeymen Fall Classic and Women's World Classic"""
"=""9/28/2024""","=""126""","=""Semi-Finals""","=""Tilly Kakuk""","=""Surfside""","=""3:15 7-6""","=""VFA""","=""Akylay Satybayeva""","=""Kyrgystan""","=""Manheim""","=""PA""","=""Journeymen Fall Classic and Women's World Classic"""
"=""9/28/2024""","=""126""","=""Semi-Finals""","=""Sophie Ritter""","=""Hungary""","=""10-0 3:04""","=""VSU""","=""Pira Sofia""","=""Italy""","=""Manheim""","=""PA""","=""Journeymen Fall Classic and Women's World Classic"""
"=""9/28/2024""","=""126""","=""Semi-Finals""","=""Rianna Bernal""","=""Surfside""","=""11-6""","=""VPO1""","=""Reese Adams""","=""Crash/calhoun H.s.""","=""Manheim""","=""PA""","=""Journeymen Fall Classic and Women's World Classic"""
"=""9/28/2024""","=""126""","=""Semi-Finals""","=""Emma Peake""","=""Duro/hunterdon Central""","=""1:21 8-2""","=""VFA""","=""Olivia Fox""","=""Journeymen Wrestling Club""","=""Manheim""","=""PA""","=""Journeymen Fall Classic and Women's World Classic"""
"=""9/28/2024""","=""126""","=""Finals""","=""Sophie Ritter""","=""Hungary""","=""10-0 0:41""","=""VSU""","=""Victoria Carbonaro""","=""Blair Academy""","=""Manheim""","=""PA""","=""Journeymen Fall Classic and Women's World Classic"""
"=""9/28/2024""","=""126""","=""Finals""","=""Rianna Bernal""","=""Surfside""","=""67-112 5:00""","=""VSU1""","=""Tilly Kakuk""","=""Surfside""","=""Manheim""","=""PA""","=""Journeymen Fall Classic and Women's World Classic"""
"=""9/28/2024""","=""126""","=""Finals""","=""Myla Blackshaw""","=""Matmen""","=""0:23 4-0""","=""VFA""","=""Emma Peake""","=""Duro/hunterdon Central""","=""Manheim""","=""PA""","=""Journeymen Fall Classic and Women's World Classic"""
"=""9/28/2024""","=""132""","=""RR Rnd 3""","=""Mongolkhuu Bayasgalan""","=""Mongolia""","=""""","=""BYE""","=""""","=""""","=""Manheim""","=""PA""","=""Journeymen Fall Classic and Women's World Classic"""
"=""9/28/2024""","=""132""","=""RR Rnd 3""","=""Kaitlyn Young""","=""Journeymen Wrestling Club""","=""10-0 3:03""","=""VSU""","=""Juliette Villafane""","=""Btsnyc""","=""Manheim""","=""PA""","=""Journeymen Fall Classic and Women's World Classic"""
"=""9/28/2024""","=""132""","=""RR Rnd 3""","=""Aleena Dhanji""","=""Kbay Wrestling Club""","=""15-4 4:46""","=""VSU1""","=""Gabriella Frankian""","=""Journeymen Wrestling Club""","=""Manheim""","=""PA""","=""Journeymen Fall Classic and Women's World Classic"""
"=""9/28/2024""","=""132""","=""RR Rnd 3""","=""Corynne Mcnulty""","=""Blair Academy""","=""""","=""BYE""","=""""","=""""","=""Manheim""","=""PA""","=""Journeymen Fall Classic and Women's World Classic"""
"=""9/28/2024""","=""132""","=""RR Rnd 2""","=""Corynne Mcnulty""","=""Blair Academy""","=""10-0 0:49""","=""VSU""","=""Juliette Villafane""","=""Btsnyc""","=""Manheim""","=""PA""","=""Journeymen Fall Classic and Women's World Classic"""
"=""9/28/2024""","=""132""","=""RR Rnd 2""","=""Kaitlyn Young""","=""Journeymen Wrestling Club""","=""""","=""BYE""","=""""","=""""","=""Manheim""","=""PA""","=""Journeymen Fall Classic and Women's World Classic"""
"=""9/28/2024""","=""132""","=""RR Rnd 2""","=""Gabriella Frankian""","=""Journeymen Wrestling Club""","=""""","=""BYE""","=""""","=""""","=""Manheim""","=""PA""","=""Journeymen Fall Classic and Women's World Classic"""
"=""9/28/2024""","=""132""","=""RR Rnd 2""","=""Mongolkhuu Bayasgalan""","=""Mongolia""","=""0:16 4-0""","=""VFA""","=""Aleena Dhanji""","=""Kbay Wrestling Club""","=""Manheim""","=""PA""","=""Journeymen Fall Classic and Women's World Classic"""
"=""9/28/2024""","=""132""","=""RR Rnd 1""","=""Raya Fowle""","=""Legend Wrestling, Va""","=""10-0 1:11""","=""VSU""","=""Uzhgoroshova Zhanyl-ves""","=""Kyrgystan""","=""Manheim""","=""PA""","=""Journeymen Fall Classic and Women's World Classic"""
"=""9/28/2024""","=""132""","=""RR Rnd 1""","=""Juliette Villafane""","=""Btsnyc""","=""""","=""BYE""","=""""","=""""","=""Manheim""","=""PA""","=""Journeymen Fall Classic and Women's World Classic"""
"=""9/28/2024""","=""132""","=""RR Rnd 1""","=""Lilliana Banks""","=""Aviators Wrestling""","=""10-0 2:30""","=""VSU""","=""Eva Altamirano""","=""Scorpion""","=""Manheim""","=""PA""","=""Journeymen Fall Classic and Women's World Classic"""
"=""9/28/2024""","=""132""","=""RR Rnd 1""","=""Lexy Pabon""","=""Head Hunters Wrestling""","=""16-4 4:18""","=""VSU""","=""Ella Hughes""","=""Roundtree Wrestling Academy""","=""Manheim""","=""PA""","=""Journeymen Fall Classic and Women's World Classic"""
"=""9/28/2024""","=""132""","=""RR Rnd 1""","=""Mongolkhuu Bayasgalan""","=""Mongolia""","=""1:14 9-0""","=""VFA""","=""Gabriella Frankian""","=""Journeymen Wrestling Club""","=""Manheim""","=""PA""","=""Journeymen Fall Classic and Women's World Classic"""
"=""9/28/2024""","=""132""","=""RR Rnd 1""","=""Sophia Fodera""","=""Poway High School""","=""3:10 10-4""","=""VFA""","=""Kanykey Kubatbekova""","=""Kyrgystan""","=""Manheim""","=""PA""","=""Journeymen Fall Classic and Women's World Classic"""
"=""9/28/2024""","=""132""","=""RR Rnd 1""","=""Iyanna Crawford""","=""Pembroke Rtc""","=""1:02 4-0""","=""VFA""","=""Ilyasovna Ilyasova Cholpon""","=""Kyrgystan""","=""Manheim""","=""PA""","=""Journeymen Fall Classic and Women's World Classic"""
"=""9/28/2024""","=""132""","=""RR Rnd 1""","=""Aleena Dhanji""","=""Kbay Wrestling Club""","=""""","=""BYE""","=""""","=""""","=""Manheim""","=""PA""","=""Journeymen Fall Classic and Women's World Classic"""
"=""9/28/2024""","=""132""","=""RR Rnd 1""","=""Alexis Lazar""","=""Michigan Revolution""","=""10-0 2:38""","=""VSU""","=""Abigail Mozden""","=""Alliance High School""","=""Manheim""","=""PA""","=""Journeymen Fall Classic and Women's World Classic"""
"=""9/28/2024""","=""132""","=""RR Rnd 1""","=""Corynne Mcnulty""","=""Blair Academy""","=""12-0 1:18""","=""VSU""","=""Kaitlyn Young""","=""Journeymen Wrestling Club""","=""Manheim""","=""PA""","=""Journeymen Fall Classic and Women's World Classic"""
"=""9/28/2024""","=""132""","=""Consi of 4""","=""Lexy Pabon""","=""Head Hunters Wrestling""","=""11-0 2:08""","=""VSU""","=""Sophia Fodera""","=""Poway High School""","=""Manheim""","=""PA""","=""Journeymen Fall Classic and Women's World Classic"""
"=""9/28/2024""","=""132""","=""Consi of 4""","=""Iyanna Crawford""","=""Pembroke Rtc""","=""10-0 1:06""","=""VSU""","=""Raya Fowle""","=""Legend Wrestling, Va""","=""Manheim""","=""PA""","=""Journeymen Fall Classic and Women's World Classic"""
"=""9/28/2024""","=""132""","=""Consi of 4""","=""Kanykey Kubatbekova""","=""Kyrgystan""","=""2:26 12-0""","=""VFA""","=""Kaitlyn Young""","=""Journeymen Wrestling Club""","=""Manheim""","=""PA""","=""Journeymen Fall Classic and Women's World Classic"""
"=""9/28/2024""","=""132""","=""Consi of 4""","=""Aleena Dhanji""","=""Kbay Wrestling Club""","=""12-2 2:16""","=""VSU1""","=""Ilyasovna Ilyasova Cholpon""","=""Kyrgystan""","=""Manheim""","=""PA""","=""Journeymen Fall Classic and Women's World Classic"""
"=""9/28/2024""","=""132""","=""7th Place""","=""Kaitlyn Young""","=""Journeymen Wrestling Club""","=""2:25 4-0""","=""VFA""","=""Ilyasovna Ilyasova Cholpon""","=""Kyrgystan""","=""Manheim""","=""PA""","=""Journeymen Fall Classic and Women's World Classic"""
"=""9/28/2024""","=""132""","=""7th Place""","=""Raya Fowle""","=""Legend Wrestling, Va""","=""10-0 0:34""","=""VSU""","=""Sophia Fodera""","=""Poway High School""","=""Manheim""","=""PA""","=""Journeymen Fall Classic and Women's World Classic"""
"=""9/28/2024""","=""132""","=""5th Place""","=""Kanykey Kubatbekova""","=""Kyrgystan""","=""0:43 2-0""","=""VFA""","=""Aleena Dhanji""","=""Kbay Wrestling Club""","=""Manheim""","=""PA""","=""Journeymen Fall Classic and Women's World Classic"""
"=""9/28/2024""","=""132""","=""5th Place""","=""Lexy Pabon""","=""Head Hunters Wrestling""","=""1:23 8-0""","=""VFA""","=""Iyanna Crawford""","=""Pembroke Rtc""","=""Manheim""","=""PA""","=""Journeymen Fall Classic and Women's World Classic"""
"=""9/28/2024""","=""132""","=""3rd Place""","=""Corynne Mcnulty""","=""Blair Academy""","=""10-0 2:56""","=""VSU""","=""Mongolkhuu Bayasgalan""","=""Mongolia""","=""Manheim""","=""PA""","=""Journeymen Fall Classic and Women's World Classic"""
"=""9/28/2024""","=""132""","=""3rd Place""","=""Abigail Mozden""","=""Alliance High School""","=""0:00 0-0""","=""VIN""","=""Uzhgoroshova Zhanyl-ves""","=""Kyrgystan""","=""Manheim""","=""PA""","=""Journeymen Fall Classic and Women's World Classic"""
"=""9/28/2024""","=""132""","=""Quarter-Finals""","=""Abigail Mozden""","=""Alliance High School""","=""2:21 6-2""","=""VFA""","=""Kanykey Kubatbekova""","=""Kyrgystan""","=""Manheim""","=""PA""","=""Journeymen Fall Classic and Women's World Classic"""
"=""9/28/2024""","=""132""","=""Quarter-Finals""","=""Eva Altamirano""","=""Scorpion""","=""1:32 6-0""","=""VFA""","=""Ilyasovna Ilyasova Cholpon""","=""Kyrgystan""","=""Manheim""","=""PA""","=""Journeymen Fall Classic and Women's World Classic"""
"=""9/28/2024""","=""132""","=""Quarter-Finals""","=""Mongolkhuu Bayasgalan""","=""Mongolia""","=""11-0 3:44""","=""VSU""","=""Raya Fowle""","=""Legend Wrestling, Va""","=""Manheim""","=""PA""","=""Journeymen Fall Classic and Women's World Classic"""
"=""9/28/2024""","=""132""","=""Quarter-Finals""","=""Ella Hughes""","=""Roundtree Wrestling Academy""","=""1:11 6-0""","=""VFA""","=""Kaitlyn Young""","=""Journeymen Wrestling Club""","=""Manheim""","=""PA""","=""Journeymen Fall Classic and Women's World Classic"""
"=""9/28/2024""","=""132""","=""Quarter-Finals""","=""Alexis Lazar""","=""Michigan Revolution""","=""1:44 4-0""","=""VFA""","=""Sophia Fodera""","=""Poway High School""","=""Manheim""","=""PA""","=""Journeymen Fall Classic and Women's World Classic"""
"=""9/28/2024""","=""132""","=""Quarter-Finals""","=""Corynne Mcnulty""","=""Blair Academy""","=""12-1 3:03""","=""VSU1""","=""Lexy Pabon""","=""Head Hunters Wrestling""","=""Manheim""","=""PA""","=""Journeymen Fall Classic and Women's World Classic"""
"=""9/28/2024""","=""132""","=""Quarter-Finals""","=""Lilliana Banks""","=""Aviators Wrestling""","=""3:55 12-14""","=""VFA""","=""Iyanna Crawford""","=""Pembroke Rtc""","=""Manheim""","=""PA""","=""Journeymen Fall Classic and Women's World Classic"""
"=""9/28/2024""","=""132""","=""Quarter-Finals""","=""Uzhgoroshova Zhanyl-ves""","=""Kyrgystan""","=""8-3""","=""VPO1""","=""Aleena Dhanji""","=""Kbay Wrestling Club""","=""Manheim""","=""PA""","=""Journeymen Fall Classic and Women's World Classic"""
"=""9/28/2024""","=""132""","=""Semi-Finals""","=""Lilliana Banks""","=""Aviators Wrestling""","=""19-8 5:00""","=""VSU1""","=""Mongolkhuu Bayasgalan""","=""Mongolia""","=""Manheim""","=""PA""","=""Journeymen Fall Classic and Women's World Classic"""
"=""9/28/2024""","=""132""","=""Semi-Finals""","=""Ella Hughes""","=""Roundtree Wrestling Academy""","=""2:03 12-2""","=""VFA""","=""Abigail Mozden""","=""Alliance High School""","=""Manheim""","=""PA""","=""Journeymen Fall Classic and Women's World Classic"""
"=""9/28/2024""","=""132""","=""Semi-Finals""","=""Alexis Lazar""","=""Michigan Revolution""","=""8-4""","=""VPO1""","=""Corynne Mcnulty""","=""Blair Academy""","=""Manheim""","=""PA""","=""Journeymen Fall Classic and Women's World Classic"""
"=""9/28/2024""","=""132""","=""Semi-Finals""","=""Eva Altamirano""","=""Scorpion""","=""2:56 4-1""","=""VFA""","=""Uzhgoroshova Zhanyl-ves""","=""Kyrgystan""","=""Manheim""","=""PA""","=""Journeymen Fall Classic and Women's World Classic"""
"=""9/28/2024""","=""132""","=""Finals""","=""Gabriella Frankian""","=""Journeymen Wrestling Club""","=""11-0 2:16""","=""VSU""","=""Juliette Villafane""","=""Btsnyc""","=""Manheim""","=""PA""","=""Journeymen Fall Classic and Women's World Classic"""
"=""9/28/2024""","=""132""","=""Finals""","=""Alexis Lazar""","=""Michigan Revolution""","=""0:27 1-0""","=""VIN""","=""Lilliana Banks""","=""Aviators Wrestling""","=""Manheim""","=""PA""","=""Journeymen Fall Classic and Women's World Classic"""
"=""9/28/2024""","=""132""","=""Finals""","=""Eva Altamirano""","=""Scorpion""","=""12-2 3:27""","=""VSU1""","=""Ella Hughes""","=""Roundtree Wrestling Academy""","=""Manheim""","=""PA""","=""Journeymen Fall Classic and Women's World Classic"""
"=""9/28/2024""","=""138""","=""RR Rnd 5""","=""Alexandra Ford""","=""Headhunters""","=""10-0 2:40""","=""VSU""","=""Nicole Kremyanksiy""","=""Btsnyc""","=""Manheim""","=""PA""","=""Journeymen Fall Classic and Women's World Classic"""
"=""9/28/2024""","=""138""","=""RR Rnd 5""","=""Leonie Steigert""","=""Germany""","=""0:21 2-2""","=""VIN""","=""Haylynn Littleton""","=""Athena/harrison High-school""","=""Manheim""","=""PA""","=""Journeymen Fall Classic and Women's World Classic"""
"=""9/28/2024""","=""138""","=""RR Rnd 5""","=""Mackenze Bunton""","=""Texan Wrestling Club""","=""""","=""BYE""","=""""","=""""","=""Manheim""","=""PA""","=""Journeymen Fall Classic and Women's World Classic"""
"=""9/28/2024""","=""138""","=""RR Rnd 4""","=""Haylynn Littleton""","=""Athena/harrison High-school""","=""""","=""BYE""","=""""","=""""","=""Manheim""","=""PA""","=""Journeymen Fall Classic and Women's World Classic"""
"=""9/28/2024""","=""138""","=""RR Rnd 4""","=""Alexandra Ford""","=""Headhunters""","=""3:50 11-2""","=""VIN""","=""Mackenze Bunton""","=""Texan Wrestling Club""","=""Manheim""","=""PA""","=""Journeymen Fall Classic and Women's World Classic"""
"=""9/28/2024""","=""138""","=""RR Rnd 4""","=""Leonie Steigert""","=""Germany""","=""0:56 6-0""","=""VFA""","=""Nicole Kremyanksiy""","=""Btsnyc""","=""Manheim""","=""PA""","=""Journeymen Fall Classic and Women's World Classic"""
"=""9/28/2024""","=""138""","=""RR Rnd 3""","=""Alexandra Ford""","=""Headhunters""","=""""","=""BYE""","=""""","=""""","=""Manheim""","=""PA""","=""Journeymen Fall Classic and Women's World Classic"""
"=""9/28/2024""","=""138""","=""RR Rnd 3""","=""Feenja Hermann""","=""Germany""","=""""","=""VIN""","=""Asema Aitmyrsaeva""","=""Kyrgystan""","=""Manheim""","=""PA""","=""Journeymen Fall Classic and Women's World Classic"""
"=""9/28/2024""","=""138""","=""RR Rnd 3""","=""Nicole Kremyanksiy""","=""Btsnyc""","=""1:06 2-2""","=""VFA""","=""Haylynn Littleton""","=""Athena/harrison High-school""","=""Manheim""","=""PA""","=""Journeymen Fall Classic and Women's World Classic"""
"=""9/28/2024""","=""138""","=""RR Rnd 3""","=""Leonie Steigert""","=""Germany""","=""1:01 4-0""","=""VFA""","=""Mackenze Bunton""","=""Texan Wrestling Club""","=""Manheim""","=""PA""","=""Journeymen Fall Classic and Women's World Classic"""
"=""9/28/2024""","=""138""","=""RR Rnd 3""","=""Camilla Hathaway""","=""Shwa/mt. Lebanon""","=""12-0 2:29""","=""VSU""","=""Madeline Merideth""","=""Church Boyz""","=""Manheim""","=""PA""","=""Journeymen Fall Classic and Women's World Classic"""
"=""9/28/2024""","=""138""","=""RR Rnd 2""","=""Haylynn Littleton""","=""Athena/harrison High-school""","=""2:55 11-2""","=""VFA""","=""Mackenze Bunton""","=""Texan Wrestling Club""","=""Manheim""","=""PA""","=""Journeymen Fall Classic and Women's World Classic"""
"=""9/28/2024""","=""138""","=""RR Rnd 2""","=""Madeline Merideth""","=""Church Boyz""","=""""","=""VIN""","=""Asema Aitmyrsaeva""","=""Kyrgystan""","=""Manheim""","=""PA""","=""Journeymen Fall Classic and Women's World Classic"""
"=""9/28/2024""","=""138""","=""RR Rnd 2""","=""Camilla Hathaway""","=""Shwa/mt. Lebanon""","=""6-4""","=""VPO1""","=""Feenja Hermann""","=""Germany""","=""Manheim""","=""PA""","=""Journeymen Fall Classic and Women's World Classic"""
"=""9/28/2024""","=""138""","=""RR Rnd 2""","=""Nicole Kremyanksiy""","=""Btsnyc""","=""""","=""BYE""","=""""","=""""","=""Manheim""","=""PA""","=""Journeymen Fall Classic and Women's World Classic"""
"=""9/28/2024""","=""138""","=""RR Rnd 2""","=""Leonie Steigert""","=""Germany""","=""10-0 3:28""","=""VSU""","=""Alexandra Ford""","=""Headhunters""","=""Manheim""","=""PA""","=""Journeymen Fall Classic and Women's World Classic"""
"=""9/28/2024""","=""138""","=""RR Rnd 1""","=""Leonie Steigert""","=""Germany""","=""""","=""BYE""","=""""","=""""","=""Manheim""","=""PA""","=""Journeymen Fall Classic and Women's World Classic"""
"=""9/28/2024""","=""138""","=""RR Rnd 1""","=""Mackenze Bunton""","=""Texan Wrestling Club""","=""5-0 0:19""","=""VSU""","=""Nicole Kremyanksiy""","=""Btsnyc""","=""Manheim""","=""PA""","=""Journeymen Fall Classic and Women's World Classic"""
"=""9/28/2024""","=""138""","=""RR Rnd 1""","=""Camilla Hathaway""","=""Shwa/mt. Lebanon""","=""3:17 8-0""","=""VFA""","=""Asema Aitmyrsaeva""","=""Kyrgystan""","=""Manheim""","=""PA""","=""Journeymen Fall Classic and Women's World Classic"""
"=""9/28/2024""","=""138""","=""RR Rnd 1""","=""Alexandra Ford""","=""Headhunters""","=""3:06 8-4""","=""VFA""","=""Haylynn Littleton""","=""Athena/harrison High-school""","=""Manheim""","=""PA""","=""Journeymen Fall Classic and Women's World Classic"""
"=""9/28/2024""","=""138""","=""RR Rnd 1""","=""Feenja Hermann""","=""Germany""","=""3:24 7-0""","=""VFA""","=""Madeline Merideth""","=""Church Boyz""","=""Manheim""","=""PA""","=""Journeymen Fall Classic and Women's World Classic"""
"=""9/28/2024""","=""138""","=""Finals""","=""Feenja Hermann""","=""Germany""","=""12-2 4:00""","=""VSU1""","=""Alexandra Ford""","=""Headhunters""","=""Manheim""","=""PA""","=""Journeymen Fall Classic and Women's World Classic"""
"=""9/28/2024""","=""138""","=""Finals""","=""Madeline Merideth""","=""Church Boyz""","=""""","=""VIN""","=""Haylynn Littleton""","=""Athena/harrison High-school""","=""Manheim""","=""PA""","=""Journeymen Fall Classic and Women's World Classic"""
"=""9/28/2024""","=""138""","=""Finals""","=""Camilla Hathaway""","=""Shwa/mt. Lebanon""","=""5-4""","=""VPO1""","=""Leonie Steigert""","=""Germany""","=""Manheim""","=""PA""","=""Journeymen Fall Classic and Women's World Classic"""
"=""9/28/2024""","=""138""","=""Finals""","=""Mackenze Bunton""","=""Texan Wrestling Club""","=""0-0""","=""VFO""","=""Asema Aitmyrsaeva""","=""Kyrgystan""","=""Manheim""","=""PA""","=""Journeymen Fall Classic and Women's World Classic"""
"=""9/28/2024""","=""145""","=""RR Rnd 3""","=""Kesi Tsarni""","=""Capital Wrestling Club""","=""10-0 0:36""","=""VSU""","=""Nanda Kibi""","=""Michigan Rev/ Plymouth High School""","=""Manheim""","=""PA""","=""Journeymen Fall Classic and Women's World Classic"""
"=""9/28/2024""","=""145""","=""RR Rnd 3""","=""Jada Lawrence""","=""Reverence Wrestling Club""","=""11-0 1:27""","=""VSU""","=""Dariya Tyubeyeva""","=""Kyrgystan""","=""Manheim""","=""PA""","=""Journeymen Fall Classic and Women's World Classic"""
"=""9/28/2024""","=""145""","=""RR Rnd 3""","=""Makayla Hinchey""","=""Reverence Wrestling Club""","=""""","=""BYE""","=""""","=""""","=""Manheim""","=""PA""","=""Journeymen Fall Classic and Women's World Classic"""
"=""9/28/2024""","=""145""","=""RR Rnd 3""","=""Julia Fongaro""","=""Edge""","=""""","=""BYE""","=""""","=""""","=""Manheim""","=""PA""","=""Journeymen Fall Classic and Women's World Classic"""
"=""9/28/2024""","=""145""","=""RR Rnd 3""","=""Ayla Sahin""","=""Germany""","=""1:19 10-0""","=""VFA""","=""Faith Bane""","=""Raw Raleigh Area Wrestling""","=""Manheim""","=""PA""","=""Journeymen Fall Classic and Women's World Classic"""
"=""9/28/2024""","=""145""","=""RR Rnd 3""","=""Violette Lasure""","=""Orchard Wc""","=""1:26 4-0""","=""VFA""","=""Margaret Buurma""","=""Michigan Revolution""","=""Manheim""","=""PA""","=""Journeymen Fall Classic and Women's World Classic"""
"=""9/28/2024""","=""145""","=""RR Rnd 3""","=""Sumaiya Aamoud""","=""Raw Wrestling""","=""13-2 3:12""","=""VSU1""","=""Kiara Richard""","=""Hammer Wrestling""","=""Manheim""","=""PA""","=""Journeymen Fall Classic and Women's World Classic"""
"=""9/28/2024""","=""145""","=""RR Rnd 3""","=""Victoria Alvarado""","=""Venom""","=""10-8""","=""VPO1""","=""Audrey Rogotzke""","=""Stillwater Mn""","=""Manheim""","=""PA""","=""Journeymen Fall Classic and Women's World Classic"""
"=""9/28/2024""","=""145""","=""RR Rnd 2""","=""Violette Lasure""","=""Orchard Wc""","=""1:54 6-0""","=""VFA""","=""Julia Fongaro""","=""Edge""","=""Manheim""","=""PA""","=""Journeymen Fall Classic and Women's World Classic"""
"=""9/28/2024""","=""145""","=""RR Rnd 2""","=""Ayla Sahin""","=""Germany""","=""10-0 1:31""","=""VSU""","=""Makayla Hinchey""","=""Reverence Wrestling Club""","=""Manheim""","=""PA""","=""Journeymen Fall Classic and Women's World Classic"""
"=""9/28/2024""","=""145""","=""RR Rnd 2""","=""Sumaiya Aamoud""","=""Raw Wrestling""","=""1:36 6-0""","=""VFA""","=""Dariya Tyubeyeva""","=""Kyrgystan""","=""Manheim""","=""PA""","=""Journeymen Fall Classic and Women's World Classic"""
"=""9/28/2024""","=""145""","=""RR Rnd 2""","=""Audrey Rogotzke""","=""Stillwater Mn""","=""1:10 5-4""","=""VFA""","=""Nanda Kibi""","=""Michigan Rev/ Plymouth High School""","=""Manheim""","=""PA""","=""Journeymen Fall Classic and Women's World Classic"""
"=""9/28/2024""","=""145""","=""RR Rnd 2""","=""Kesi Tsarni""","=""Capital Wrestling Club""","=""10-0 0:47""","=""VSU""","=""Victoria Alvarado""","=""Venom""","=""Manheim""","=""PA""","=""Journeymen Fall Classic and Women's World Classic"""
"=""9/28/2024""","=""145""","=""RR Rnd 2""","=""Faith Bane""","=""Raw Raleigh Area Wrestling""","=""""","=""BYE""","=""""","=""""","=""Manheim""","=""PA""","=""Journeymen Fall Classic and Women's World Classic"""
"=""9/28/2024""","=""145""","=""RR Rnd 2""","=""Jada Lawrence""","=""Reverence Wrestling Club""","=""10-0 0:46""","=""VSU""","=""Kiara Richard""","=""Hammer Wrestling""","=""Manheim""","=""PA""","=""Journeymen Fall Classic and Women's World Classic"""
"=""9/28/2024""","=""145""","=""RR Rnd 2""","=""Margaret Buurma""","=""Michigan Revolution""","=""""","=""BYE""","=""""","=""""","=""Manheim""","=""PA""","=""Journeymen Fall Classic and Women's World Classic"""
"=""9/28/2024""","=""145""","=""RR Rnd 1""","=""Margaret Buurma""","=""Michigan Revolution""","=""4:03 9-2""","=""VFA""","=""Julia Fongaro""","=""Edge""","=""Manheim""","=""PA""","=""Journeymen Fall Classic and Women's World Classic"""
"=""9/28/2024""","=""145""","=""RR Rnd 1""","=""Jada Lawrence""","=""Reverence Wrestling Club""","=""11-7""","=""VPO1""","=""Sumaiya Aamoud""","=""Raw Wrestling""","=""Manheim""","=""PA""","=""Journeymen Fall Classic and Women's World Classic"""
"=""9/28/2024""","=""145""","=""RR Rnd 1""","=""Faith Bane""","=""Raw Raleigh Area Wrestling""","=""2:09 5-0""","=""VFA""","=""Makayla Hinchey""","=""Reverence Wrestling Club""","=""Manheim""","=""PA""","=""Journeymen Fall Classic and Women's World Classic"""
"=""9/28/2024""","=""145""","=""RR Rnd 1""","=""Victoria Alvarado""","=""Venom""","=""10-0 1:34""","=""VSU""","=""Nanda Kibi""","=""Michigan Rev/ Plymouth High School""","=""Manheim""","=""PA""","=""Journeymen Fall Classic and Women's World Classic"""
"=""9/28/2024""","=""145""","=""RR Rnd 1""","=""Kesi Tsarni""","=""Capital Wrestling Club""","=""19-9 1:01""","=""VSU""","=""Audrey Rogotzke""","=""Stillwater Mn""","=""Manheim""","=""PA""","=""Journeymen Fall Classic and Women's World Classic"""
"=""9/28/2024""","=""145""","=""RR Rnd 1""","=""Violette Lasure""","=""Orchard Wc""","=""""","=""BYE""","=""""","=""""","=""Manheim""","=""PA""","=""Journeymen Fall Classic and Women's World Classic"""
"=""9/28/2024""","=""145""","=""RR Rnd 1""","=""Ayla Sahin""","=""Germany""","=""""","=""BYE""","=""""","=""""","=""Manheim""","=""PA""","=""Journeymen Fall Classic and Women's World Classic"""
"=""9/28/2024""","=""145""","=""RR Rnd 1""","=""Kiara Richard""","=""Hammer Wrestling""","=""1:37 4-0""","=""VFA""","=""Dariya Tyubeyeva""","=""Kyrgystan""","=""Manheim""","=""PA""","=""Journeymen Fall Classic and Women's World Classic"""
"=""9/28/2024""","=""145""","=""3rd Place""","=""Kesi Tsarni""","=""Capital Wrestling Club""","=""13-3 3:07""","=""VSU1""","=""Jada Lawrence""","=""Reverence Wrestling Club""","=""Manheim""","=""PA""","=""Journeymen Fall Classic and Women's World Classic"""
"=""9/28/2024""","=""145""","=""3rd Place""","=""Margaret Buurma""","=""Michigan Revolution""","=""4-3""","=""VPO1""","=""Victoria Alvarado""","=""Venom""","=""Manheim""","=""PA""","=""Journeymen Fall Classic and Women's World Classic"""
"=""9/28/2024""","=""145""","=""3rd Place""","=""Kiara Richard""","=""Hammer Wrestling""","=""5-2""","=""VPO1""","=""Makayla Hinchey""","=""Reverence Wrestling Club""","=""Manheim""","=""PA""","=""Journeymen Fall Classic and Women's World Classic"""
"=""9/28/2024""","=""145""","=""Semi-Finals""","=""Audrey Rogotzke""","=""Stillwater Mn""","=""4:00 5-1""","=""VFA""","=""Makayla Hinchey""","=""Reverence Wrestling Club""","=""Manheim""","=""PA""","=""Journeymen Fall Classic and Women's World Classic"""
"=""9/28/2024""","=""145""","=""Semi-Finals""","=""Ayla Sahin""","=""Germany""","=""10-0 2:18""","=""VSU""","=""Kesi Tsarni""","=""Capital Wrestling Club""","=""Manheim""","=""PA""","=""Journeymen Fall Classic and Women's World Classic"""
"=""9/28/2024""","=""145""","=""Semi-Finals""","=""Faith Bane""","=""Raw Raleigh Area Wrestling""","=""6-0""","=""VPO""","=""Victoria Alvarado""","=""Venom""","=""Manheim""","=""PA""","=""Journeymen Fall Classic and Women's World Classic"""
"=""9/28/2024""","=""145""","=""Semi-Finals""","=""Sumaiya Aamoud""","=""Raw Wrestling""","=""6-0""","=""VPO""","=""Margaret Buurma""","=""Michigan Revolution""","=""Manheim""","=""PA""","=""Journeymen Fall Classic and Women's World Classic"""
"=""9/28/2024""","=""145""","=""Semi-Finals""","=""Julia Fongaro""","=""Edge""","=""12-1 1:42""","=""VSU1""","=""Kiara Richard""","=""Hammer Wrestling""","=""Manheim""","=""PA""","=""Journeymen Fall Classic and Women's World Classic"""
"=""9/28/2024""","=""145""","=""Semi-Finals""","=""Violette Lasure""","=""Orchard Wc""","=""0:59 2-2""","=""VFA""","=""Jada Lawrence""","=""Reverence Wrestling Club""","=""Manheim""","=""PA""","=""Journeymen Fall Classic and Women's World Classic"""
"=""9/28/2024""","=""145""","=""Finals""","=""Faith Bane""","=""Raw Raleigh Area Wrestling""","=""6-0""","=""VPO""","=""Sumaiya Aamoud""","=""Raw Wrestling""","=""Manheim""","=""PA""","=""Journeymen Fall Classic and Women's World Classic"""
"=""9/28/2024""","=""145""","=""Finals""","=""Violette Lasure""","=""Orchard Wc""","=""2:40 13-6""","=""VFA""","=""Ayla Sahin""","=""Germany""","=""Manheim""","=""PA""","=""Journeymen Fall Classic and Women's World Classic"""
"=""9/28/2024""","=""145""","=""Finals""","=""Julia Fongaro""","=""Edge""","=""1:34 2-0""","=""VFA""","=""Audrey Rogotzke""","=""Stillwater Mn""","=""Manheim""","=""PA""","=""Journeymen Fall Classic and Women's World Classic"""
"=""9/28/2024""","=""145""","=""Finals""","=""Dariya Tyubeyeva""","=""Kyrgystan""","=""0-0""","=""VFO""","=""Nanda Kibi""","=""Michigan Rev/ Plymouth High School""","=""Manheim""","=""PA""","=""Journeymen Fall Classic and Women's World Classic"""
"=""9/28/2024""","=""152""","=""RR Rnd 3""","=""Ella Poalillo""","=""Scorpions Wrestling School""","=""1:08 6-0""","=""VFA""","=""Bronwyn Arsyn Sadlier""","=""Thundercats/mcallen High School""","=""Manheim""","=""PA""","=""Journeymen Fall Classic and Women's World Classic"""
"=""9/28/2024""","=""152""","=""RR Rnd 3""","=""Uldana Tileukhan""","=""Kazakhstan""","=""10-0 0:56""","=""VSU""","=""Rylee Dearwester""","=""Team Ohio""","=""Manheim""","=""PA""","=""Journeymen Fall Classic and Women's World Classic"""
"=""9/28/2024""","=""152""","=""RR Rnd 3""","=""Carolina Lockard""","=""Btsnyc""","=""0:42 10-0""","=""VFA""","=""Kiernan Quinn""","=""Gowanda High School""","=""Manheim""","=""PA""","=""Journeymen Fall Classic and Women's World Classic"""
"=""9/28/2024""","=""152""","=""RR Rnd 3""","=""Kaylah Evans""","=""Darkhorse Wrestling""","=""""","=""BYE""","=""""","=""""","=""Manheim""","=""PA""","=""Journeymen Fall Classic and Women's World Classic"""
"=""9/28/2024""","=""152""","=""RR Rnd 3""","=""Ava Guilmette""","=""Curby""","=""12-4""","=""VPO1""","=""Dani-alejandra Van-roojien""","=""Netherland""","=""Manheim""","=""PA""","=""Journeymen Fall Classic and Women's World Classic"""
"=""9/28/2024""","=""152""","=""RR Rnd 3""","=""Eva Garcia""","=""Surfside""","=""10-0 0:46""","=""VSU""","=""Sofia George""","=""Top Flight Wrestling Academy""","=""Manheim""","=""PA""","=""Journeymen Fall Classic and Women's World Classic"""
"=""9/28/2024""","=""152""","=""RR Rnd 3""","=""Juliet Alt""","=""Orchard Wc""","=""""","=""BYE""","=""""","=""""","=""Manheim""","=""PA""","=""Journeymen Fall Classic and Women's World Classic"""
"=""9/28/2024""","=""152""","=""RR Rnd 3""","=""Remy La Flamme""","=""Wyoming Seminary""","=""""","=""BYE""","=""""","=""""","=""Manheim""","=""PA""","=""Journeymen Fall Classic and Women's World Classic"""
"=""9/28/2024""","=""152""","=""RR Rnd 2""","=""Uldana Tileukhan""","=""Kazakhstan""","=""1:03 4-0""","=""VFA""","=""Juliet Alt""","=""Orchard Wc""","=""Manheim""","=""PA""","=""Journeymen Fall Classic and Women's World Classic"""
"=""9/28/2024""","=""152""","=""RR Rnd 2""","=""Ella Poalillo""","=""Scorpions Wrestling School""","=""10-0 0:23""","=""VSU""","=""Kiernan Quinn""","=""Gowanda High School""","=""Manheim""","=""PA""","=""Journeymen Fall Classic and Women's World Classic"""
"=""9/28/2024""","=""152""","=""RR Rnd 2""","=""Sofia George""","=""Top Flight Wrestling Academy""","=""""","=""BYE""","=""""","=""""","=""Manheim""","=""PA""","=""Journeymen Fall Classic and Women's World Classic"""
"=""9/28/2024""","=""152""","=""RR Rnd 2""","=""Dani-alejandra Van-roojien""","=""Netherland""","=""""","=""BYE""","=""""","=""""","=""Manheim""","=""PA""","=""Journeymen Fall Classic and Women's World Classic"""
"=""9/28/2024""","=""152""","=""RR Rnd 2""","=""Ava Guilmette""","=""Curby""","=""4:22 14-6""","=""VFA""","=""Kaylah Evans""","=""Darkhorse Wrestling""","=""Manheim""","=""PA""","=""Journeymen Fall Classic and Women's World Classic"""
"=""9/28/2024""","=""152""","=""RR Rnd 2""","=""Rylee Dearwester""","=""Team Ohio""","=""""","=""BYE""","=""""","=""""","=""Manheim""","=""PA""","=""Journeymen Fall Classic and Women's World Classic"""
"=""9/28/2024""","=""152""","=""RR Rnd 2""","=""Remy La Flamme""","=""Wyoming Seminary""","=""6-4""","=""VPO1""","=""Eva Garcia""","=""Surfside""","=""Manheim""","=""PA""","=""Journeymen Fall Classic and Women's World Classic"""
"=""9/28/2024""","=""152""","=""RR Rnd 2""","=""Bronwyn Arsyn Sadlier""","=""Thundercats/mcallen High School""","=""10-0 2:28""","=""VSU""","=""Carolina Lockard""","=""Btsnyc""","=""Manheim""","=""PA""","=""Journeymen Fall Classic and Women's World Classic"""
"=""9/28/2024""","=""152""","=""RR Rnd 1""","=""Eva Garcia""","=""Surfside""","=""""","=""BYE""","=""""","=""""","=""Manheim""","=""PA""","=""Journeymen Fall Classic and Women's World Classic"""
"=""9/28/2024""","=""152""","=""RR Rnd 1""","=""Juliet Alt""","=""Orchard Wc""","=""11-0 2:06""","=""VSU""","=""Rylee Dearwester""","=""Team Ohio""","=""Manheim""","=""PA""","=""Journeymen Fall Classic and Women's World Classic"""
"=""9/28/2024""","=""152""","=""RR Rnd 1""","=""Kiernan Quinn""","=""Gowanda High School""","=""""","=""BYE""","=""""","=""""","=""Manheim""","=""PA""","=""Journeymen Fall Classic and Women's World Classic"""
"=""9/28/2024""","=""152""","=""RR Rnd 1""","=""Dani-alejandra Van-roojien""","=""Netherland""","=""1:27 4-2""","=""VFA""","=""Kaylah Evans""","=""Darkhorse Wrestling""","=""Manheim""","=""PA""","=""Journeymen Fall Classic and Women's World Classic"""
"=""9/28/2024""","=""152""","=""RR Rnd 1""","=""Ella Poalillo""","=""Scorpions Wrestling School""","=""12-0 2:25""","=""VSU""","=""Carolina Lockard""","=""Btsnyc""","=""Manheim""","=""PA""","=""Journeymen Fall Classic and Women's World Classic"""
"=""9/28/2024""","=""152""","=""RR Rnd 1""","=""Uldana Tileukhan""","=""Kazakhstan""","=""""","=""BYE""","=""""","=""""","=""Manheim""","=""PA""","=""Journeymen Fall Classic and Women's World Classic"""
"=""9/28/2024""","=""152""","=""RR Rnd 1""","=""Remy La Flamme""","=""Wyoming Seminary""","=""0:42 6-0""","=""VFA""","=""Sofia George""","=""Top Flight Wrestling Academy""","=""Manheim""","=""PA""","=""Journeymen Fall Classic and Women's World Classic"""
"=""9/28/2024""","=""152""","=""RR Rnd 1""","=""Ava Guilmette""","=""Curby""","=""""","=""BYE""","=""""","=""""","=""Manheim""","=""PA""","=""Journeymen Fall Classic and Women's World Classic"""
"=""9/28/2024""","=""152""","=""RR Rnd 1""","=""Bronwyn Arsyn Sadlier""","=""Thundercats/mcallen High School""","=""10-0 1:22""","=""VSU""","=""Kiernan Quinn""","=""Gowanda High School""","=""Manheim""","=""PA""","=""Journeymen Fall Classic and Women's World Classic"""
"=""9/28/2024""","=""152""","=""3rd Place""","=""Ella Poalillo""","=""Scorpions Wrestling School""","=""11-1 3:22""","=""VSU1""","=""Remy La Flamme""","=""Wyoming Seminary""","=""Manheim""","=""PA""","=""Journeymen Fall Classic and Women's World Classic"""
"=""9/28/2024""","=""152""","=""3rd Place""","=""Eva Garcia""","=""Surfside""","=""4:14 2-3""","=""VFA""","=""Bronwyn Arsyn Sadlier""","=""Thundercats/mcallen High School""","=""Manheim""","=""PA""","=""Journeymen Fall Classic and Women's World Classic"""
"=""9/28/2024""","=""152""","=""3rd Place""","=""Rylee Dearwester""","=""Team Ohio""","=""0:19 4-0""","=""VFA""","=""Sofia George""","=""Top Flight Wrestling Academy""","=""Manheim""","=""PA""","=""Journeymen Fall Classic and Women's World Classic"""
"=""9/28/2024""","=""152""","=""Semi-Finals""","=""Dani-alejandra Van-roojien""","=""Netherland""","=""2:05 6-0""","=""VFA""","=""Eva Garcia""","=""Surfside""","=""Manheim""","=""PA""","=""Journeymen Fall Classic and Women's World Classic"""
"=""9/28/2024""","=""152""","=""Semi-Finals""","=""Juliet Alt""","=""Orchard Wc""","=""3:57 6-0""","=""VFA""","=""Bronwyn Arsyn Sadlier""","=""Thundercats/mcallen High School""","=""Manheim""","=""PA""","=""Journeymen Fall Classic and Women's World Classic"""
"=""9/28/2024""","=""152""","=""Semi-Finals""","=""Kaylah Evans""","=""Darkhorse Wrestling""","=""10-0 0:53""","=""VSU""","=""Sofia George""","=""Top Flight Wrestling Academy""","=""Manheim""","=""PA""","=""Journeymen Fall Classic and Women's World Classic"""
"=""9/28/2024""","=""152""","=""Semi-Finals""","=""Carolina Lockard""","=""Btsnyc""","=""1:40 8-4""","=""VFA""","=""Rylee Dearwester""","=""Team Ohio""","=""Manheim""","=""PA""","=""Journeymen Fall Classic and Women's World Classic"""
"=""9/28/2024""","=""152""","=""Semi-Finals""","=""Ava Guilmette""","=""Curby""","=""1:00 2-0""","=""VFA""","=""Remy La Flamme""","=""Wyoming Seminary""","=""Manheim""","=""PA""","=""Journeymen Fall Classic and Women's World Classic"""
"=""9/28/2024""","=""152""","=""Semi-Finals""","=""Uldana Tileukhan""","=""Kazakhstan""","=""1:22 4-5""","=""VFA""","=""Ella Poalillo""","=""Scorpions Wrestling School""","=""Manheim""","=""PA""","=""Journeymen Fall Classic and Women's World Classic"""
"=""9/28/2024""","=""152""","=""Finals""","=""Kaylah Evans""","=""Darkhorse Wrestling""","=""10-0 1:38""","=""VSU""","=""Carolina Lockard""","=""Btsnyc""","=""Manheim""","=""PA""","=""Journeymen Fall Classic and Women's World Classic"""
"=""9/28/2024""","=""152""","=""Finals""","=""Uldana Tileukhan""","=""Kazakhstan""","=""4:21 11-4""","=""VIN""","=""Ava Guilmette""","=""Curby""","=""Manheim""","=""PA""","=""Journeymen Fall Classic and Women's World Classic"""
"=""9/28/2024""","=""152""","=""Finals""","=""Juliet Alt""","=""Orchard Wc""","=""4:08 4-0""","=""VFA""","=""Dani-alejandra Van-roojien""","=""Netherland""","=""Manheim""","=""PA""","=""Journeymen Fall Classic and Women's World Classic"""
"=""9/28/2024""","=""165""","=""RR Rnd 3""","=""Britt-lesley Van--roojien""","=""Netherland""","=""10-0 0:50""","=""VSU""","=""Savannah Oxendine""","=""Pembroke Rtc""","=""Manheim""","=""PA""","=""Journeymen Fall Classic and Women's World Classic"""
"=""9/28/2024""","=""165""","=""RR Rnd 3""","=""Lotta Englich""","=""Germany""","=""1:05 6-0""","=""VFA""","=""Laila Hustoles""","=""Reverence""","=""Manheim""","=""PA""","=""Journeymen Fall Classic and Women's World Classic"""
"=""9/28/2024""","=""165""","=""RR Rnd 3""","=""Meruert Octiabreva""","=""Kyrgystan""","=""10-0 2:53""","=""VSU""","=""Isabella Steffa""","=""Crash Girls Wrestling Club""","=""Manheim""","=""PA""","=""Journeymen Fall Classic and Women's World Classic"""
"=""9/28/2024""","=""165""","=""RR Rnd 3""","=""Adriana Palumbo""","=""Gps Wrestling""","=""1:22 8-0""","=""VFA""","=""Dattilo Fabiana""","=""Italy""","=""Manheim""","=""PA""","=""Journeymen Fall Classic and Women's World Classic"""
"=""9/28/2024""","=""165""","=""RR Rnd 2""","=""Laila Hustoles""","=""Reverence""","=""10-0 0:19""","=""VSU""","=""Isabella Steffa""","=""Crash Girls Wrestling Club""","=""Manheim""","=""PA""","=""Journeymen Fall Classic and Women's World Classic"""
"=""9/28/2024""","=""165""","=""RR Rnd 2""","=""Dattilo Fabiana""","=""Italy""","=""0:23 4-0""","=""VFA""","=""Savannah Oxendine""","=""Pembroke Rtc""","=""Manheim""","=""PA""","=""Journeymen Fall Classic and Women's World Classic"""
"=""9/28/2024""","=""165""","=""RR Rnd 2""","=""Lotta Englich""","=""Germany""","=""0:16 2-0""","=""VFA""","=""Meruert Octiabreva""","=""Kyrgystan""","=""Manheim""","=""PA""","=""Journeymen Fall Classic and Women's World Classic"""
"=""9/28/2024""","=""165""","=""RR Rnd 2""","=""Adriana Palumbo""","=""Gps Wrestling""","=""10-0 1:19""","=""VSU""","=""Britt-lesley Van--roojien""","=""Netherland""","=""Manheim""","=""PA""","=""Journeymen Fall Classic and Women's World Classic"""
"=""9/28/2024""","=""165""","=""RR Rnd 1""","=""Dattilo Fabiana""","=""Italy""","=""10-0 1:35""","=""VSU""","=""Britt-lesley Van--roojien""","=""Netherland""","=""Manheim""","=""PA""","=""Journeymen Fall Classic and Women's World Classic"""
"=""9/28/2024""","=""165""","=""RR Rnd 1""","=""Laila Hustoles""","=""Reverence""","=""1:08 4-2""","=""VFA""","=""Meruert Octiabreva""","=""Kyrgystan""","=""Manheim""","=""PA""","=""Journeymen Fall Classic and Women's World Classic"""
"=""9/28/2024""","=""165""","=""RR Rnd 1""","=""Adriana Palumbo""","=""Gps Wrestling""","=""0:36 4-0""","=""VFA""","=""Savannah Oxendine""","=""Pembroke Rtc""","=""Manheim""","=""PA""","=""Journeymen Fall Classic and Women's World Classic"""
"=""9/28/2024""","=""165""","=""RR Rnd 1""","=""Lotta Englich""","=""Germany""","=""0:12 2-0""","=""VFA""","=""Isabella Steffa""","=""Crash Girls Wrestling Club""","=""Manheim""","=""PA""","=""Journeymen Fall Classic and Women's World Classic"""
"=""9/28/2024""","=""165""","=""Finals""","=""Savannah Oxendine""","=""Pembroke Rtc""","=""1:12 4-4""","=""VFA""","=""Isabella Steffa""","=""Crash Girls Wrestling Club""","=""Manheim""","=""PA""","=""Journeymen Fall Classic and Women's World Classic"""
"=""9/28/2024""","=""165""","=""Finals""","=""Meruert Octiabreva""","=""Kyrgystan""","=""9-8""","=""VPO1""","=""Britt-lesley Van--roojien""","=""Netherland""","=""Manheim""","=""PA""","=""Journeymen Fall Classic and Women's World Classic"""
"=""9/28/2024""","=""165""","=""Finals""","=""Adriana Palumbo""","=""Gps Wrestling""","=""12-5""","=""VPO1""","=""Lotta Englich""","=""Germany""","=""Manheim""","=""PA""","=""Journeymen Fall Classic and Women's World Classic"""
"=""9/28/2024""","=""165""","=""Finals""","=""Laila Hustoles""","=""Reverence""","=""2:45 6-6""","=""VFA""","=""Dattilo Fabiana""","=""Italy""","=""Manheim""","=""PA""","=""Journeymen Fall Classic and Women's World Classic"""
"=""9/28/2024""","=""185""","=""RR Rnd 3""","=""Brooklynn Newton""","=""Team Ohio""","=""0:31 4-0""","=""VFA""","=""Emily Dudar""","=""Hammer Wrestling Club""","=""Manheim""","=""PA""","=""Journeymen Fall Classic and Women's World Classic"""
"=""9/28/2024""","=""185""","=""RR Rnd 3""","=""Ylyana Sandoval""","=""Wyoming Seminary""","=""3:38 6-0""","=""VFA""","=""Brynn Shepardson""","=""Journeymen Wrestling Club""","=""Manheim""","=""PA""","=""Journeymen Fall Classic and Women's World Classic"""
"=""9/28/2024""","=""185""","=""RR Rnd 2""","=""Ylyana Sandoval""","=""Wyoming Seminary""","=""1:16 4-0""","=""VFA""","=""Brooklynn Newton""","=""Team Ohio""","=""Manheim""","=""PA""","=""Journeymen Fall Classic and Women's World Classic"""
"=""9/28/2024""","=""185""","=""RR Rnd 2""","=""Brynn Shepardson""","=""Journeymen Wrestling Club""","=""0:45 8-0""","=""VFA""","=""Emily Dudar""","=""Hammer Wrestling Club""","=""Manheim""","=""PA""","=""Journeymen Fall Classic and Women's World Classic"""
"=""9/28/2024""","=""185""","=""RR Rnd 1""","=""Brynn Shepardson""","=""Journeymen Wrestling Club""","=""3:43 13-2""","=""VFA""","=""Brooklynn Newton""","=""Team Ohio""","=""Manheim""","=""PA""","=""Journeymen Fall Classic and Women's World Classic"""
"=""9/28/2024""","=""185""","=""RR Rnd 1""","=""Ylyana Sandoval""","=""Wyoming Seminary""","=""0:51 2-0""","=""VFA""","=""Emily Dudar""","=""Hammer Wrestling Club""","=""Manheim""","=""PA""","=""Journeymen Fall Classic and Women's World Classic"""
