"=""Date""","=""Weight""","=""Round""","=""Winning Wrestler""","=""Winning Team""","=""Result""","=""Win Type""","=""Losing Wrestler""","=""Losing Team""","=""City""","=""State""","=""Event"""
"=""10/4/2025""","=""75""","=""RR Rnd 5""","=""Michael Anello""","=""Ruthless Wrestling Club""","=""15-0 3:25""","=""TF""","=""Colten Becker""","=""Black Fox Wrestling Academy""","=""Schenectady""","=""NY""","=""Journeymen Fall Classic and Womens World Classic"""
"=""10/4/2025""","=""75""","=""RR Rnd 5""","=""Chasen Burk""","=""Wentzville""","=""""","=""BYE""","=""""","=""""","=""Schenectady""","=""NY""","=""Journeymen Fall Classic and Womens World Classic"""
"=""10/4/2025""","=""75""","=""RR Rnd 5""","=""Vincent Lissenden""","=""Ruthless Wrestling Club""","=""""","=""BYE""","=""""","=""""","=""Schenectady""","=""NY""","=""Journeymen Fall Classic and Womens World Classic"""
"=""10/4/2025""","=""75""","=""RR Rnd 5""","=""Vincent Foster""","=""Mat Assassins Wc""","=""14-0""","=""MD""","=""Talan Berube""","=""Smitty's Barn""","=""Schenectady""","=""NY""","=""Journeymen Fall Classic and Womens World Classic"""
"=""10/4/2025""","=""55""","=""RR Rnd 5""","=""Reeves Leland""","=""Svrwc""","=""""","=""BYE""","=""""","=""""","=""Schenectady""","=""NY""","=""Journeymen Fall Classic and Womens World Classic"""
"=""10/4/2025""","=""75""","=""RR Rnd 5""","=""Noah Lagman""","=""Monster Garage""","=""8-0""","=""MD""","=""Lucas Schuman""","=""Mat Assassins Wc""","=""Schenectady""","=""NY""","=""Journeymen Fall Classic and Womens World Classic"""
"=""10/4/2025""","=""75""","=""RR Rnd 5""","=""Aaron Ramirez""","=""Monster Garage""","=""17-1 3:00""","=""TF""","=""Logan Vallalla""","=""Mat Assassins Wc""","=""Schenectady""","=""NY""","=""Journeymen Fall Classic and Womens World Classic"""
"=""10/4/2025""","=""55""","=""RR Rnd 5""","=""Rylan Garcia""","=""Gladiator Wrestling""","=""6-0""","=""DEC""","=""Dominic Paparello""","=""Gladiator Wrestling""","=""Schenectady""","=""NY""","=""Journeymen Fall Classic and Womens World Classic"""
"=""10/4/2025""","=""55""","=""RR Rnd 5""","=""Apollo Hawkins""","=""Mat Assassins""","=""3-0 0:16""","=""F""","=""Kamden Foster""","=""Journeymen""","=""Schenectady""","=""NY""","=""Journeymen Fall Classic and Womens World Classic"""
"=""10/4/2025""","=""55""","=""RR Rnd 4""","=""Apollo Hawkins""","=""Mat Assassins""","=""""","=""BYE""","=""""","=""""","=""Schenectady""","=""NY""","=""Journeymen Fall Classic and Womens World Classic"""
"=""10/4/2025""","=""75""","=""RR Rnd 4""","=""Michael Anello""","=""Ruthless Wrestling Club""","=""7-0 2:33""","=""F""","=""Aaron Ramirez""","=""Monster Garage""","=""Schenectady""","=""NY""","=""Journeymen Fall Classic and Womens World Classic"""
"=""10/4/2025""","=""55""","=""RR Rnd 4""","=""Rylan Garcia""","=""Gladiator Wrestling""","=""15-0 3:33""","=""TF""","=""Reeves Leland""","=""Svrwc""","=""Schenectady""","=""NY""","=""Journeymen Fall Classic and Womens World Classic"""
"=""10/4/2025""","=""75""","=""RR Rnd 4""","=""Logan Vallalla""","=""Mat Assassins Wc""","=""9-3""","=""DEC""","=""Chasen Burk""","=""Wentzville""","=""Schenectady""","=""NY""","=""Journeymen Fall Classic and Womens World Classic"""
"=""10/4/2025""","=""75""","=""RR Rnd 4""","=""Noah Lagman""","=""Monster Garage""","=""3-0 1:25""","=""F""","=""Vincent Lissenden""","=""Ruthless Wrestling Club""","=""Schenectady""","=""NY""","=""Journeymen Fall Classic and Womens World Classic"""
"=""10/4/2025""","=""55""","=""RR Rnd 4""","=""Kamden Foster""","=""Journeymen""","=""12-0""","=""MD""","=""Dominic Paparello""","=""Gladiator Wrestling""","=""Schenectady""","=""NY""","=""Journeymen Fall Classic and Womens World Classic"""
"=""10/4/2025""","=""75""","=""RR Rnd 4""","=""Vincent Foster""","=""Mat Assassins Wc""","=""""","=""BYE""","=""""","=""""","=""Schenectady""","=""NY""","=""Journeymen Fall Classic and Womens World Classic"""
"=""10/4/2025""","=""75""","=""RR Rnd 4""","=""Talan Berube""","=""Smitty's Barn""","=""16-0 4:30""","=""TF""","=""Lucas Schuman""","=""Mat Assassins Wc""","=""Schenectady""","=""NY""","=""Journeymen Fall Classic and Womens World Classic"""
"=""10/4/2025""","=""75""","=""RR Rnd 4""","=""Colten Becker""","=""Black Fox Wrestling Academy""","=""""","=""BYE""","=""""","=""""","=""Schenectady""","=""NY""","=""Journeymen Fall Classic and Womens World Classic"""
"=""10/4/2025""","=""75""","=""RR Rnd 3""","=""Noah Lagman""","=""Monster Garage""","=""""","=""BYE""","=""""","=""""","=""Schenectady""","=""NY""","=""Journeymen Fall Classic and Womens World Classic"""
"=""10/4/2025""","=""106""","=""RR Rnd 3""","=""Luke Loren""","=""Monster Garage""","=""""","=""BYE""","=""""","=""""","=""Schenectady""","=""NY""","=""Journeymen Fall Classic and Womens World Classic"""
"=""10/4/2025""","=""106""","=""RR Rnd 3""","=""Michael Nicosia""","=""Mat Assassins""","=""22-10""","=""MD""","=""Lucas Huntley""","=""High Pace/immaculata Hs Nj""","=""Schenectady""","=""NY""","=""Journeymen Fall Classic and Womens World Classic"""
"=""10/4/2025""","=""106""","=""RR Rnd 3""","=""Jonathan Toriello""","=""Nmh""","=""""","=""BYE""","=""""","=""""","=""Schenectady""","=""NY""","=""Journeymen Fall Classic and Womens World Classic"""
"=""10/4/2025""","=""106""","=""RR Rnd 3""","=""Connor Maddox""","=""Maurer Coughlin Wrestling Club""","=""""","=""BYE""","=""""","=""""","=""Schenectady""","=""NY""","=""Journeymen Fall Classic and Womens World Classic"""
"=""10/4/2025""","=""75""","=""RR Rnd 3""","=""Vincent Foster""","=""Mat Assassins Wc""","=""18-3 3:18""","=""TF""","=""Lucas Schuman""","=""Mat Assassins Wc""","=""Schenectady""","=""NY""","=""Journeymen Fall Classic and Womens World Classic"""
"=""10/4/2025""","=""75""","=""RR Rnd 3""","=""Talan Berube""","=""Smitty's Barn""","=""7-0 3:59""","=""F""","=""Vincent Lissenden""","=""Ruthless Wrestling Club""","=""Schenectady""","=""NY""","=""Journeymen Fall Classic and Womens World Classic"""
"=""10/4/2025""","=""75""","=""RR Rnd 3""","=""Logan Vallalla""","=""Mat Assassins Wc""","=""""","=""BYE""","=""""","=""""","=""Schenectady""","=""NY""","=""Journeymen Fall Classic and Womens World Classic"""
"=""10/4/2025""","=""106""","=""RR Rnd 3""","=""Wyatt Dannegger""","=""Collum Trained""","=""""","=""BYE""","=""""","=""""","=""Schenectady""","=""NY""","=""Journeymen Fall Classic and Womens World Classic"""
"=""10/4/2025""","=""106""","=""RR Rnd 3""","=""Patrick Bulger""","=""Tdwc""","=""11-1""","=""MD""","=""Alexander Spagnuolo""","=""Hanover Park""","=""Schenectady""","=""NY""","=""Journeymen Fall Classic and Womens World Classic"""
"=""10/4/2025""","=""106""","=""RR Rnd 3""","=""Jack Anello""","=""Blair Academy""","=""4-0""","=""DEC""","=""Mason Keesecker""","=""Tdwc""","=""Schenectady""","=""NY""","=""Journeymen Fall Classic and Womens World Classic"""
"=""10/4/2025""","=""55""","=""RR Rnd 3""","=""Rylan Garcia""","=""Gladiator Wrestling""","=""""","=""BYE""","=""""","=""""","=""Schenectady""","=""NY""","=""Journeymen Fall Classic and Womens World Classic"""
"=""10/4/2025""","=""106""","=""RR Rnd 3""","=""Will Webb""","=""Wyoming Seminary""","=""16-1 4:41""","=""TF""","=""Jack Jasionowicz""","=""Stroudsburg""","=""Schenectady""","=""NY""","=""Journeymen Fall Classic and Womens World Classic"""
"=""10/4/2025""","=""106""","=""RR Rnd 3""","=""Nelson Villafane""","=""Mat Assassins""","=""7-2""","=""DEC""","=""Cayden Wadle""","=""Yale St""","=""Schenectady""","=""NY""","=""Journeymen Fall Classic and Womens World Classic"""
"=""10/4/2025""","=""55""","=""RR Rnd 3""","=""Apollo Hawkins""","=""Mat Assassins""","=""6-0 1:12""","=""F""","=""Dominic Paparello""","=""Gladiator Wrestling""","=""Schenectady""","=""NY""","=""Journeymen Fall Classic and Womens World Classic"""
"=""10/4/2025""","=""75""","=""RR Rnd 3""","=""Aaron Ramirez""","=""Monster Garage""","=""18-2 4:29""","=""TF""","=""Colten Becker""","=""Black Fox Wrestling Academy""","=""Schenectady""","=""NY""","=""Journeymen Fall Classic and Womens World Classic"""
"=""10/4/2025""","=""75""","=""RR Rnd 3""","=""Michael Anello""","=""Ruthless Wrestling Club""","=""3-0 1:17""","=""F""","=""Chasen Burk""","=""Wentzville""","=""Schenectady""","=""NY""","=""Journeymen Fall Classic and Womens World Classic"""
"=""10/4/2025""","=""106""","=""RR Rnd 3""","=""Luke Hosonitz Iv""","=""Blair Academy""","=""""","=""BYE""","=""""","=""""","=""Schenectady""","=""NY""","=""Journeymen Fall Classic and Womens World Classic"""
"=""10/4/2025""","=""106""","=""RR Rnd 3""","=""Onofre Gonzales Jr.""","=""Black Fox""","=""5-4""","=""DEC""","=""Jordan Hill""","=""Savage""","=""Schenectady""","=""NY""","=""Journeymen Fall Classic and Womens World Classic"""
"=""10/4/2025""","=""55""","=""RR Rnd 3""","=""Kamden Foster""","=""Journeymen""","=""19-3 3:39""","=""TF""","=""Reeves Leland""","=""Svrwc""","=""Schenectady""","=""NY""","=""Journeymen Fall Classic and Womens World Classic"""
"=""10/4/2025""","=""106""","=""RR Rnd 3""","=""David Serrano""","=""Brevard Fca""","=""""","=""BYE""","=""""","=""""","=""Schenectady""","=""NY""","=""Journeymen Fall Classic and Womens World Classic"""
"=""10/4/2025""","=""106""","=""RR Rnd 2""","=""Lucas Huntley""","=""High Pace/immaculata Hs Nj""","=""""","=""BYE""","=""""","=""""","=""Schenectady""","=""NY""","=""Journeymen Fall Classic and Womens World Classic"""
"=""10/4/2025""","=""75""","=""RR Rnd 2""","=""Michael Anello""","=""Ruthless Wrestling Club""","=""20-2 2:39""","=""TF""","=""Logan Vallalla""","=""Mat Assassins Wc""","=""Schenectady""","=""NY""","=""Journeymen Fall Classic and Womens World Classic"""
"=""10/4/2025""","=""106""","=""RR Rnd 2""","=""Jordan Hill""","=""Savage""","=""16-3 1:36""","=""F""","=""Luke Hosonitz Iv""","=""Blair Academy""","=""Schenectady""","=""NY""","=""Journeymen Fall Classic and Womens World Classic"""
"=""10/4/2025""","=""106""","=""RR Rnd 2""","=""Cayden Wadle""","=""Yale St""","=""13-0 2:54""","=""F""","=""David Serrano""","=""Brevard Fca""","=""Schenectady""","=""NY""","=""Journeymen Fall Classic and Womens World Classic"""
"=""10/4/2025""","=""106""","=""RR Rnd 2""","=""Luke Loren""","=""Monster Garage""","=""14-1 2:33""","=""F""","=""Michael Nicosia""","=""Mat Assassins""","=""Schenectady""","=""NY""","=""Journeymen Fall Classic and Womens World Classic"""
"=""10/4/2025""","=""106""","=""RR Rnd 2""","=""Wyatt Dannegger""","=""Collum Trained""","=""9-0""","=""MD""","=""Patrick Bulger""","=""Tdwc""","=""Schenectady""","=""NY""","=""Journeymen Fall Classic and Womens World Classic"""
"=""10/4/2025""","=""75""","=""RR Rnd 2""","=""Chasen Burk""","=""Wentzville""","=""13-2""","=""MD""","=""Colten Becker""","=""Black Fox Wrestling Academy""","=""Schenectady""","=""NY""","=""Journeymen Fall Classic and Womens World Classic"""
"=""10/4/2025""","=""55""","=""RR Rnd 2""","=""Dominic Paparello""","=""Gladiator Wrestling""","=""""","=""BYE""","=""""","=""""","=""Schenectady""","=""NY""","=""Journeymen Fall Classic and Womens World Classic"""
"=""10/4/2025""","=""106""","=""RR Rnd 2""","=""Will Webb""","=""Wyoming Seminary""","=""""","=""BYE""","=""""","=""""","=""Schenectady""","=""NY""","=""Journeymen Fall Classic and Womens World Classic"""
"=""10/4/2025""","=""106""","=""RR Rnd 2""","=""Jack Anello""","=""Blair Academy""","=""""","=""BYE""","=""""","=""""","=""Schenectady""","=""NY""","=""Journeymen Fall Classic and Womens World Classic"""
"=""10/4/2025""","=""106""","=""RR Rnd 2""","=""Nelson Villafane""","=""Mat Assassins""","=""""","=""BYE""","=""""","=""""","=""Schenectady""","=""NY""","=""Journeymen Fall Classic and Womens World Classic"""
"=""10/4/2025""","=""106""","=""RR Rnd 2""","=""Alexander Spagnuolo""","=""Hanover Park""","=""""","=""BYE""","=""""","=""""","=""Schenectady""","=""NY""","=""Journeymen Fall Classic and Womens World Classic"""
"=""10/4/2025""","=""106""","=""RR Rnd 2""","=""Onofre Gonzales Jr.""","=""Black Fox""","=""""","=""BYE""","=""""","=""""","=""Schenectady""","=""NY""","=""Journeymen Fall Classic and Womens World Classic"""
"=""10/4/2025""","=""106""","=""RR Rnd 2""","=""Mason Keesecker""","=""Tdwc""","=""17-1 2:33""","=""TF""","=""Jonathan Toriello""","=""Nmh""","=""Schenectady""","=""NY""","=""Journeymen Fall Classic and Womens World Classic"""
"=""10/4/2025""","=""75""","=""RR Rnd 2""","=""Vincent Foster""","=""Mat Assassins Wc""","=""3-0 0:56""","=""F""","=""Vincent Lissenden""","=""Ruthless Wrestling Club""","=""Schenectady""","=""NY""","=""Journeymen Fall Classic and Womens World Classic"""
"=""10/4/2025""","=""75""","=""RR Rnd 2""","=""Lucas Schuman""","=""Mat Assassins Wc""","=""""","=""BYE""","=""""","=""""","=""Schenectady""","=""NY""","=""Journeymen Fall Classic and Womens World Classic"""
"=""10/4/2025""","=""55""","=""RR Rnd 2""","=""Apollo Hawkins""","=""Mat Assassins""","=""5-0 0:26""","=""F""","=""Reeves Leland""","=""Svrwc""","=""Schenectady""","=""NY""","=""Journeymen Fall Classic and Womens World Classic"""
"=""10/4/2025""","=""75""","=""RR Rnd 2""","=""Aaron Ramirez""","=""Monster Garage""","=""""","=""BYE""","=""""","=""""","=""Schenectady""","=""NY""","=""Journeymen Fall Classic and Womens World Classic"""
"=""10/4/2025""","=""55""","=""RR Rnd 2""","=""Kamden Foster""","=""Journeymen""","=""4-0""","=""DEC""","=""Rylan Garcia""","=""Gladiator Wrestling""","=""Schenectady""","=""NY""","=""Journeymen Fall Classic and Womens World Classic"""
"=""10/4/2025""","=""75""","=""RR Rnd 2""","=""Noah Lagman""","=""Monster Garage""","=""3-0""","=""DEC""","=""Talan Berube""","=""Smitty's Barn""","=""Schenectady""","=""NY""","=""Journeymen Fall Classic and Womens World Classic"""
"=""10/4/2025""","=""106""","=""RR Rnd 2""","=""Connor Maddox""","=""Maurer Coughlin Wrestling Club""","=""17-2 1:26""","=""TF""","=""Jack Jasionowicz""","=""Stroudsburg""","=""Schenectady""","=""NY""","=""Journeymen Fall Classic and Womens World Classic"""
"=""10/4/2025""","=""106""","=""RR Rnd 1""","=""Luke Loren""","=""Monster Garage""","=""3-0 1:00""","=""F""","=""Lucas Huntley""","=""High Pace/immaculata Hs Nj""","=""Schenectady""","=""NY""","=""Journeymen Fall Classic and Womens World Classic"""
"=""10/4/2025""","=""106""","=""RR Rnd 1""","=""Thomas Blewett""","=""Middletown North, Middletown, Nj""","=""9-0""","=""MD""","=""Carson Raper""","=""Nc United""","=""Schenectady""","=""NY""","=""Journeymen Fall Classic and Womens World Classic"""
"=""10/4/2025""","=""106""","=""RR Rnd 1""","=""Nelson Villafane""","=""Mat Assassins""","=""18-1 2:16""","=""TF""","=""David Serrano""","=""Brevard Fca""","=""Schenectady""","=""NY""","=""Journeymen Fall Classic and Womens World Classic"""
"=""10/4/2025""","=""106""","=""RR Rnd 1""","=""Mason Keesecker""","=""Tdwc""","=""""","=""BYE""","=""""","=""""","=""Schenectady""","=""NY""","=""Journeymen Fall Classic and Womens World Classic"""
"=""10/4/2025""","=""75""","=""RR Rnd 1""","=""Talan Berube""","=""Smitty's Barn""","=""""","=""BYE""","=""""","=""""","=""Schenectady""","=""NY""","=""Journeymen Fall Classic and Womens World Classic"""
"=""10/4/2025""","=""75""","=""RR Rnd 1""","=""Vincent Lissenden""","=""Ruthless Wrestling Club""","=""8-3""","=""DEC""","=""Lucas Schuman""","=""Mat Assassins Wc""","=""Schenectady""","=""NY""","=""Journeymen Fall Classic and Womens World Classic"""
"=""10/4/2025""","=""106""","=""RR Rnd 1""","=""Onofre Gonzales Jr.""","=""Black Fox""","=""15-0 1:08""","=""TF""","=""Luke Hosonitz Iv""","=""Blair Academy""","=""Schenectady""","=""NY""","=""Journeymen Fall Classic and Womens World Classic"""
"=""10/4/2025""","=""106""","=""RR Rnd 1""","=""Wyatt Dannegger""","=""Collum Trained""","=""7-2 2:44""","=""F""","=""Alexander Spagnuolo""","=""Hanover Park""","=""Schenectady""","=""NY""","=""Journeymen Fall Classic and Womens World Classic"""
"=""10/4/2025""","=""55""","=""RR Rnd 1""","=""Apollo Hawkins""","=""Mat Assassins""","=""3-0 0:30""","=""F""","=""Rylan Garcia""","=""Gladiator Wrestling""","=""Schenectady""","=""NY""","=""Journeymen Fall Classic and Womens World Classic"""
"=""10/4/2025""","=""55""","=""RR Rnd 1""","=""Dominic Paparello""","=""Gladiator Wrestling""","=""3-0 0:26""","=""F""","=""Reeves Leland""","=""Svrwc""","=""Schenectady""","=""NY""","=""Journeymen Fall Classic and Womens World Classic"""
"=""10/4/2025""","=""106""","=""RR Rnd 1""","=""Jack Anello""","=""Blair Academy""","=""18-1 4:03""","=""TF""","=""Jonathan Toriello""","=""Nmh""","=""Schenectady""","=""NY""","=""Journeymen Fall Classic and Womens World Classic"""
"=""10/4/2025""","=""75""","=""RR Rnd 1""","=""Aaron Ramirez""","=""Monster Garage""","=""3-0 1:23""","=""F""","=""Vincent Foster""","=""Mat Assassins Wc""","=""Schenectady""","=""NY""","=""Journeymen Fall Classic and Womens World Classic"""
"=""10/4/2025""","=""75""","=""RR Rnd 1""","=""Michael Anello""","=""Ruthless Wrestling Club""","=""""","=""BYE""","=""""","=""""","=""Schenectady""","=""NY""","=""Journeymen Fall Classic and Womens World Classic"""
"=""10/4/2025""","=""106""","=""RR Rnd 1""","=""Cayden Wadle""","=""Yale St""","=""""","=""BYE""","=""""","=""""","=""Schenectady""","=""NY""","=""Journeymen Fall Classic and Womens World Classic"""
"=""10/4/2025""","=""106""","=""RR Rnd 1""","=""Michael Nicosia""","=""Mat Assassins""","=""""","=""BYE""","=""""","=""""","=""Schenectady""","=""NY""","=""Journeymen Fall Classic and Womens World Classic"""
"=""10/4/2025""","=""106""","=""RR Rnd 1""","=""Patrick Bulger""","=""Tdwc""","=""""","=""BYE""","=""""","=""""","=""Schenectady""","=""NY""","=""Journeymen Fall Classic and Womens World Classic"""
"=""10/4/2025""","=""75""","=""RR Rnd 1""","=""Aaron Ramirez""","=""Monster Garage""","=""11-1""","=""MD""","=""Chasen Burk""","=""Wentzville""","=""Schenectady""","=""NY""","=""Journeymen Fall Classic and Womens World Classic"""
"=""10/4/2025""","=""75""","=""RR Rnd 1""","=""Talan Berube""","=""Smitty's Barn""","=""7-6 SV""","=""DEC""","=""Logan Vallalla""","=""Mat Assassins Wc""","=""Schenectady""","=""NY""","=""Journeymen Fall Classic and Womens World Classic"""
"=""10/4/2025""","=""106""","=""RR Rnd 1""","=""Damian Duchez""","=""Capital Wrestling Club""","=""15-1""","=""MD""","=""Jaxson Weber""","=""Pope John Hs/edge""","=""Schenectady""","=""NY""","=""Journeymen Fall Classic and Womens World Classic"""
"=""10/4/2025""","=""75""","=""RR Rnd 1""","=""Colten Becker""","=""Black Fox Wrestling Academy""","=""4-0""","=""DEC""","=""Lucas Schuman""","=""Mat Assassins Wc""","=""Schenectady""","=""NY""","=""Journeymen Fall Classic and Womens World Classic"""
"=""10/4/2025""","=""75""","=""RR Rnd 1""","=""Noah Lagman""","=""Monster Garage""","=""2-1""","=""DEC""","=""Vincent Foster""","=""Mat Assassins Wc""","=""Schenectady""","=""NY""","=""Journeymen Fall Classic and Womens World Classic"""
"=""10/4/2025""","=""106""","=""RR Rnd 1""","=""Connor Maddox""","=""Maurer Coughlin Wrestling Club""","=""13-3""","=""MD""","=""Will Webb""","=""Wyoming Seminary""","=""Schenectady""","=""NY""","=""Journeymen Fall Classic and Womens World Classic"""
"=""10/4/2025""","=""55""","=""RR Rnd 1""","=""Kamden Foster""","=""Journeymen""","=""""","=""BYE""","=""""","=""""","=""Schenectady""","=""NY""","=""Journeymen Fall Classic and Womens World Classic"""
"=""10/4/2025""","=""106""","=""RR Rnd 1""","=""Jack Jasionowicz""","=""Stroudsburg""","=""""","=""BYE""","=""""","=""""","=""Schenectady""","=""NY""","=""Journeymen Fall Classic and Womens World Classic"""
"=""10/4/2025""","=""106""","=""RR Rnd 1""","=""Jordan Hill""","=""Savage""","=""""","=""BYE""","=""""","=""""","=""Schenectady""","=""NY""","=""Journeymen Fall Classic and Womens World Classic"""
"=""10/4/2025""","=""75""","=""RR Rnd 1""","=""Michael Anello""","=""Ruthless Wrestling Club""","=""3-0""","=""DEC""","=""Noah Lagman""","=""Monster Garage""","=""Schenectady""","=""NY""","=""Journeymen Fall Classic and Womens World Classic"""
"=""10/4/2025""","=""75""","=""RR Rnd 1""","=""Chasen Burk""","=""Wentzville""","=""18-2 4:17""","=""TF""","=""Vincent Lissenden""","=""Ruthless Wrestling Club""","=""Schenectady""","=""NY""","=""Journeymen Fall Classic and Womens World Classic"""
"=""10/4/2025""","=""75""","=""RR Rnd 1""","=""Logan Vallalla""","=""Mat Assassins Wc""","=""9-0 3:38""","=""F""","=""Colten Becker""","=""Black Fox Wrestling Academy""","=""Schenectady""","=""NY""","=""Journeymen Fall Classic and Womens World Classic"""
"=""10/4/2025""","=""106""","=""Consi of 16 #1""","=""Jaxson Tocco""","=""St Francis/kd6""","=""""","=""BYE""","=""""","=""""","=""Schenectady""","=""NY""","=""Journeymen Fall Classic and Womens World Classic"""
"=""10/4/2025""","=""106""","=""Consi of 16 #1""","=""Henry Mcgovern""","=""Iron Faith""","=""""","=""BYE""","=""""","=""""","=""Schenectady""","=""NY""","=""Journeymen Fall Classic and Womens World Classic"""
"=""10/4/2025""","=""106""","=""Consi of 16 #2""","=""Jake Appello""","=""Yale Street Wrestling Club""","=""""","=""BYE""","=""""","=""""","=""Schenectady""","=""NY""","=""Journeymen Fall Classic and Womens World Classic"""
"=""10/4/2025""","=""106""","=""Consi of 16 #2""","=""Maximillian Shvartsman""","=""Doughboy Wrestling Club""","=""""","=""BYE""","=""""","=""""","=""Schenectady""","=""NY""","=""Journeymen Fall Classic and Womens World Classic"""
"=""10/4/2025""","=""106""","=""Consi of 16 #2""","=""Zavier Olver""","=""Mat Assassins Wc""","=""9-0""","=""MD""","=""Jaxson Tocco""","=""St Francis/kd6""","=""Schenectady""","=""NY""","=""Journeymen Fall Classic and Womens World Classic"""
"=""10/4/2025""","=""106""","=""Consi of 16 #2""","=""Joshua Vernon""","=""Fisheye""","=""""","=""BYE""","=""""","=""""","=""Schenectady""","=""NY""","=""Journeymen Fall Classic and Womens World Classic"""
"=""10/4/2025""","=""106""","=""Consi of 16 #2""","=""Samuel Floody""","=""Mayo Quanchi""","=""""","=""BYE""","=""""","=""""","=""Schenectady""","=""NY""","=""Journeymen Fall Classic and Womens World Classic"""
"=""10/4/2025""","=""106""","=""Consi of 16 #2""","=""Grady Loureiro""","=""Xtreme""","=""20-2 1:27""","=""TF""","=""Henry Mcgovern""","=""Iron Faith""","=""Schenectady""","=""NY""","=""Journeymen Fall Classic and Womens World Classic"""
"=""10/4/2025""","=""106""","=""Consi of 16 #2""","=""Everett Bluman""","=""Doughboy Wrestling Club""","=""""","=""BYE""","=""""","=""""","=""Schenectady""","=""NY""","=""Journeymen Fall Classic and Womens World Classic"""
"=""10/4/2025""","=""106""","=""Consi of 16 #2""","=""Christian Benevides""","=""Iron Faith""","=""""","=""BYE""","=""""","=""""","=""Schenectady""","=""NY""","=""Journeymen Fall Classic and Womens World Classic"""
"=""10/4/2025""","=""106""","=""Consi of 8 #1""","=""Grady Loureiro""","=""Xtreme""","=""14-1 1:34""","=""F""","=""Maximillian Shvartsman""","=""Doughboy Wrestling Club""","=""Schenectady""","=""NY""","=""Journeymen Fall Classic and Womens World Classic"""
"=""10/4/2025""","=""106""","=""Consi of 8 #1""","=""Zavier Olver""","=""Mat Assassins Wc""","=""3-0 1:56""","=""F""","=""Joshua Vernon""","=""Fisheye""","=""Schenectady""","=""NY""","=""Journeymen Fall Classic and Womens World Classic"""
"=""10/4/2025""","=""106""","=""Consi of 8 #1""","=""Samuel Floody""","=""Mayo Quanchi""","=""9-0 3:18""","=""F""","=""Christian Benevides""","=""Iron Faith""","=""Schenectady""","=""NY""","=""Journeymen Fall Classic and Womens World Classic"""
"=""10/4/2025""","=""106""","=""Consi of 8 #1""","=""Jake Appello""","=""Yale Street Wrestling Club""","=""6-1 1:23""","=""F""","=""Everett Bluman""","=""Doughboy Wrestling Club""","=""Schenectady""","=""NY""","=""Journeymen Fall Classic and Womens World Classic"""
"=""10/4/2025""","=""106""","=""Consi of 8 #2""","=""Jake Appello""","=""Yale Street Wrestling Club""","=""13-2 2:28""","=""F""","=""James Swan""","=""Smitty's Barn""","=""Schenectady""","=""NY""","=""Journeymen Fall Classic and Womens World Classic"""
"=""10/4/2025""","=""106""","=""Consi of 8 #2""","=""Dylan Deck""","=""Germantown Academy/river Wrestling Club""","=""11-3""","=""MD""","=""Zavier Olver""","=""Mat Assassins Wc""","=""Schenectady""","=""NY""","=""Journeymen Fall Classic and Womens World Classic"""
"=""10/4/2025""","=""106""","=""Consi of 8 #2""","=""Grady Loureiro""","=""Xtreme""","=""6-0""","=""DEC""","=""Casey Powers""","=""Long Beach High School""","=""Schenectady""","=""NY""","=""Journeymen Fall Classic and Womens World Classic"""
"=""10/4/2025""","=""106""","=""Consi of 8 #2""","=""Samuel Floody""","=""Mayo Quanchi""","=""5-0 2:48""","=""F""","=""Mason Little""","=""Journeymen WC""","=""Schenectady""","=""NY""","=""Journeymen Fall Classic and Womens World Classic"""
"=""10/4/2025""","=""106""","=""Consi of 4""","=""Alexander Spagnuolo""","=""Hanover Park""","=""""","=""BYE""","=""""","=""""","=""Schenectady""","=""NY""","=""Journeymen Fall Classic and Womens World Classic"""
"=""10/4/2025""","=""106""","=""Consi of 4""","=""Thomas Blewett""","=""Middletown North, Middletown, Nj""","=""5-3""","=""DEC""","=""Jack Anello""","=""Blair Academy""","=""Schenectady""","=""NY""","=""Journeymen Fall Classic and Womens World Classic"""
"=""10/4/2025""","=""106""","=""Consi of 4""","=""Samuel Floody""","=""Mayo Quanchi""","=""3-3 2:47""","=""F""","=""Grady Loureiro""","=""Xtreme""","=""Schenectady""","=""NY""","=""Journeymen Fall Classic and Womens World Classic"""
"=""10/4/2025""","=""106""","=""Consi of 4""","=""Cayden Wadle""","=""Yale St""","=""4-2""","=""DEC""","=""Will Webb""","=""Wyoming Seminary""","=""Schenectady""","=""NY""","=""Journeymen Fall Classic and Womens World Classic"""
"=""10/4/2025""","=""106""","=""Consi of 4""","=""Luke Hosonitz Iv""","=""Blair Academy""","=""""","=""BYE""","=""""","=""""","=""Schenectady""","=""NY""","=""Journeymen Fall Classic and Womens World Classic"""
"=""10/4/2025""","=""106""","=""Consi of 4""","=""Jordan Hill""","=""Savage""","=""18-2 3:30""","=""TF""","=""Jaxson Weber""","=""Pope John Hs/edge""","=""Schenectady""","=""NY""","=""Journeymen Fall Classic and Womens World Classic"""
"=""10/4/2025""","=""106""","=""Consi of 4""","=""Onofre Gonzales Jr.""","=""Black Fox""","=""5-0""","=""DEC""","=""Damian Duchez""","=""Capital Wrestling Club""","=""Schenectady""","=""NY""","=""Journeymen Fall Classic and Womens World Classic"""
"=""10/4/2025""","=""106""","=""Consi of 4""","=""Dylan Deck""","=""Germantown Academy/river Wrestling Club""","=""7-5""","=""DEC""","=""Jake Appello""","=""Yale Street Wrestling Club""","=""Schenectady""","=""NY""","=""Journeymen Fall Classic and Womens World Classic"""
"=""10/4/2025""","=""106""","=""Consi-Semis""","=""Samuel Floody""","=""Mayo Quanchi""","=""5-0""","=""DEC""","=""Sam Winship""","=""Smitty's Barn""","=""Schenectady""","=""NY""","=""Journeymen Fall Classic and Womens World Classic"""
"=""10/4/2025""","=""106""","=""Consi-Semis""","=""Luis Estevez""","=""Savage Wrestling Academy, Oceanside Hs""","=""5-1""","=""DEC""","=""Dylan Deck""","=""Germantown Academy/river Wrestling Club""","=""Schenectady""","=""NY""","=""Journeymen Fall Classic and Womens World Classic"""
"=""10/4/2025""","=""106""","=""7th Place""","=""Jack Anello""","=""Blair Academy""","=""13-2""","=""MD""","=""Damian Duchez""","=""Capital Wrestling Club""","=""Schenectady""","=""NY""","=""Journeymen Fall Classic and Womens World Classic"""
"=""10/4/2025""","=""106""","=""7th Place""","=""Will Webb""","=""Wyoming Seminary""","=""17-2 1:14""","=""F""","=""Jaxson Weber""","=""Pope John Hs/edge""","=""Schenectady""","=""NY""","=""Journeymen Fall Classic and Womens World Classic"""
"=""10/4/2025""","=""106""","=""5th Place""","=""Cayden Wadle""","=""Yale St""","=""7-4 3:00""","=""F""","=""Jordan Hill""","=""Savage""","=""Schenectady""","=""NY""","=""Journeymen Fall Classic and Womens World Classic"""
"=""10/4/2025""","=""106""","=""5th Place""","=""Alexander Spagnuolo""","=""Hanover Park""","=""16-0 3:22""","=""TF""","=""Luke Hosonitz Iv""","=""Blair Academy""","=""Schenectady""","=""NY""","=""Journeymen Fall Classic and Womens World Classic"""
"=""10/4/2025""","=""106""","=""5th Place""","=""Thomas Blewett""","=""Middletown North, Middletown, Nj""","=""7-3""","=""DEC""","=""Onofre Gonzales Jr.""","=""Black Fox""","=""Schenectady""","=""NY""","=""Journeymen Fall Classic and Womens World Classic"""
"=""10/4/2025""","=""106""","=""3rd Place""","=""Patrick Bulger""","=""Tdwc""","=""7-1 4:15""","=""F""","=""Michael Nicosia""","=""Mat Assassins""","=""Schenectady""","=""NY""","=""Journeymen Fall Classic and Womens World Classic"""
"=""10/4/2025""","=""106""","=""3rd Place""","=""Jack Jasionowicz""","=""Stroudsburg""","=""10-5 3:46""","=""F""","=""Lucas Huntley""","=""High Pace/immaculata Hs Nj""","=""Schenectady""","=""NY""","=""Journeymen Fall Classic and Womens World Classic"""
"=""10/4/2025""","=""106""","=""3rd Place""","=""Nelson Villafane""","=""Mat Assassins""","=""6-1""","=""DEC""","=""Wyatt Dannegger""","=""Collum Trained""","=""Schenectady""","=""NY""","=""Journeymen Fall Classic and Womens World Classic"""
"=""10/4/2025""","=""106""","=""3rd Place""","=""Luis Estevez""","=""Savage Wrestling Academy, Oceanside Hs""","=""5-0""","=""DEC""","=""Samuel Floody""","=""Mayo Quanchi""","=""Schenectady""","=""NY""","=""Journeymen Fall Classic and Womens World Classic"""
"=""10/4/2025""","=""106""","=""Round of 32""","=""Chace Armstrong""","=""Mayo Quanchi""","=""""","=""BYE""","=""""","=""""","=""Schenectady""","=""NY""","=""Journeymen Fall Classic and Womens World Classic"""
"=""10/4/2025""","=""106""","=""Round of 32""","=""James Swan""","=""Smitty's Barn""","=""""","=""BYE""","=""""","=""""","=""Schenectady""","=""NY""","=""Journeymen Fall Classic and Womens World Classic"""
"=""10/4/2025""","=""106""","=""Round of 32""","=""Grady Loureiro""","=""Xtreme""","=""18-2 3:30""","=""TF""","=""Jaxson Tocco""","=""St Francis/kd6""","=""Schenectady""","=""NY""","=""Journeymen Fall Classic and Womens World Classic"""
"=""10/4/2025""","=""106""","=""Round of 32""","=""Maximillian Shvartsman""","=""Doughboy Wrestling Club""","=""""","=""BYE""","=""""","=""""","=""Schenectady""","=""NY""","=""Journeymen Fall Classic and Womens World Classic"""
"=""10/4/2025""","=""106""","=""Round of 32""","=""Mason Little""","=""Journeymen WC""","=""""","=""BYE""","=""""","=""""","=""Schenectady""","=""NY""","=""Journeymen Fall Classic and Womens World Classic"""
"=""10/4/2025""","=""106""","=""Round of 32""","=""Casey Powers""","=""Long Beach High School""","=""""","=""BYE""","=""""","=""""","=""Schenectady""","=""NY""","=""Journeymen Fall Classic and Womens World Classic"""
"=""10/4/2025""","=""106""","=""Round of 32""","=""Zavier Olver""","=""Mat Assassins Wc""","=""""","=""BYE""","=""""","=""""","=""Schenectady""","=""NY""","=""Journeymen Fall Classic and Womens World Classic"""
"=""10/4/2025""","=""106""","=""Round of 32""","=""Christian Benevides""","=""Iron Faith""","=""""","=""BYE""","=""""","=""""","=""Schenectady""","=""NY""","=""Journeymen Fall Classic and Womens World Classic"""
"=""10/4/2025""","=""106""","=""Round of 32""","=""Dylan Deck""","=""Germantown Academy/river Wrestling Club""","=""""","=""BYE""","=""""","=""""","=""Schenectady""","=""NY""","=""Journeymen Fall Classic and Womens World Classic"""
"=""10/4/2025""","=""106""","=""Round of 32""","=""Jake Appello""","=""Yale Street Wrestling Club""","=""""","=""BYE""","=""""","=""""","=""Schenectady""","=""NY""","=""Journeymen Fall Classic and Womens World Classic"""
"=""10/4/2025""","=""106""","=""Round of 32""","=""Sam Winship""","=""Smitty's Barn""","=""""","=""BYE""","=""""","=""""","=""Schenectady""","=""NY""","=""Journeymen Fall Classic and Womens World Classic"""
"=""10/4/2025""","=""106""","=""Round of 32""","=""Samuel Floody""","=""Mayo Quanchi""","=""""","=""BYE""","=""""","=""""","=""Schenectady""","=""NY""","=""Journeymen Fall Classic and Womens World Classic"""
"=""10/4/2025""","=""106""","=""Round of 32""","=""Nelson Villafane""","=""Mat Assassins Wc""","=""""","=""BYE""","=""""","=""""","=""Schenectady""","=""NY""","=""Journeymen Fall Classic and Womens World Classic"""
"=""10/4/2025""","=""106""","=""Round of 32""","=""Everett Bluman""","=""Doughboy Wrestling Club""","=""""","=""BYE""","=""""","=""""","=""Schenectady""","=""NY""","=""Journeymen Fall Classic and Womens World Classic"""
"=""10/4/2025""","=""106""","=""Round of 32""","=""Joshua Vernon""","=""Fisheye""","=""""","=""BYE""","=""""","=""""","=""Schenectady""","=""NY""","=""Journeymen Fall Classic and Womens World Classic"""
"=""10/4/2025""","=""106""","=""Round of 32""","=""Luis Estevez""","=""Savage Wrestling Academy, Oceanside Hs""","=""17-0 3:22""","=""TF""","=""Henry Mcgovern""","=""Iron Faith""","=""Schenectady""","=""NY""","=""Journeymen Fall Classic and Womens World Classic"""
"=""10/4/2025""","=""106""","=""Round of 16""","=""Dylan Deck""","=""Germantown Academy/river Wrestling Club""","=""7-0 1:11""","=""F""","=""Christian Benevides""","=""Iron Faith""","=""Schenectady""","=""NY""","=""Journeymen Fall Classic and Womens World Classic"""
"=""10/4/2025""","=""106""","=""Round of 16""","=""Luis Estevez""","=""Savage Wrestling Academy, Oceanside Hs""","=""6-0 3:20""","=""F""","=""Zavier Olver""","=""Mat Assassins Wc""","=""Schenectady""","=""NY""","=""Journeymen Fall Classic and Womens World Classic"""
"=""10/4/2025""","=""106""","=""Round of 16""","=""Casey Powers""","=""Long Beach High School""","=""4-0 3:30""","=""F""","=""Jake Appello""","=""Yale Street Wrestling Club""","=""Schenectady""","=""NY""","=""Journeymen Fall Classic and Womens World Classic"""
"=""10/4/2025""","=""106""","=""Round of 16""","=""Chace Armstrong""","=""Mayo Quanchi""","=""3-0 1:04""","=""F""","=""Everett Bluman""","=""Doughboy Wrestling Club""","=""Schenectady""","=""NY""","=""Journeymen Fall Classic and Womens World Classic"""
"=""10/4/2025""","=""106""","=""Round of 16""","=""James Swan""","=""Smitty's Barn""","=""5-2""","=""DEC""","=""Maximillian Shvartsman""","=""Doughboy Wrestling Club""","=""Schenectady""","=""NY""","=""Journeymen Fall Classic and Womens World Classic"""
"=""10/4/2025""","=""106""","=""Round of 16""","=""Mason Little""","=""Journeymen WC""","=""15-1""","=""MD""","=""Joshua Vernon""","=""Fisheye""","=""Schenectady""","=""NY""","=""Journeymen Fall Classic and Womens World Classic"""
"=""10/4/2025""","=""106""","=""Round of 16""","=""Nelson Villafane""","=""Mat Assassins Wc""","=""18-1 1:23""","=""TF""","=""Grady Loureiro""","=""Xtreme""","=""Schenectady""","=""NY""","=""Journeymen Fall Classic and Womens World Classic"""
"=""10/4/2025""","=""106""","=""Round of 16""","=""Sam Winship""","=""Smitty's Barn""","=""2-0""","=""DEC""","=""Samuel Floody""","=""Mayo Quanchi""","=""Schenectady""","=""NY""","=""Journeymen Fall Classic and Womens World Classic"""
"=""10/4/2025""","=""106""","=""Quarter-Finals""","=""Lucas Huntley""","=""High Pace/immaculata Hs Nj""","=""""","=""BYE""","=""""","=""""","=""Schenectady""","=""NY""","=""Journeymen Fall Classic and Womens World Classic"""
"=""10/4/2025""","=""106""","=""Quarter-Finals""","=""Chace Armstrong""","=""Mayo Quanchi""","=""10-6""","=""DEC""","=""Casey Powers""","=""Long Beach High School""","=""Schenectady""","=""NY""","=""Journeymen Fall Classic and Womens World Classic"""
"=""10/4/2025""","=""106""","=""Quarter-Finals""","=""Sam Winship""","=""Smitty's Barn""","=""4-3""","=""DEC""","=""Dylan Deck""","=""Germantown Academy/river Wrestling Club""","=""Schenectady""","=""NY""","=""Journeymen Fall Classic and Womens World Classic"""
"=""10/4/2025""","=""106""","=""Quarter-Finals""","=""Nelson Villafane""","=""Mat Assassins Wc""","=""17-2 1:20""","=""TF""","=""James Swan""","=""Smitty's Barn""","=""Schenectady""","=""NY""","=""Journeymen Fall Classic and Womens World Classic"""
"=""10/4/2025""","=""106""","=""Quarter-Finals""","=""Wyatt Dannegger""","=""Collum Trained""","=""7-2""","=""DEC""","=""Jack Anello""","=""Blair Academy""","=""Schenectady""","=""NY""","=""Journeymen Fall Classic and Womens World Classic"""
"=""10/4/2025""","=""106""","=""Quarter-Finals""","=""Jack Jasionowicz""","=""Stroudsburg""","=""19-4 5:00""","=""TF""","=""Alexander Spagnuolo""","=""Hanover Park""","=""Schenectady""","=""NY""","=""Journeymen Fall Classic and Womens World Classic"""
"=""10/4/2025""","=""106""","=""Quarter-Finals""","=""David Serrano""","=""Brevard Fca""","=""3-0 0:57""","=""F""","=""Luke Hosonitz Iv""","=""Blair Academy""","=""Schenectady""","=""NY""","=""Journeymen Fall Classic and Womens World Classic"""
"=""10/4/2025""","=""106""","=""Quarter-Finals""","=""Mason Keesecker""","=""Tdwc""","=""5-1""","=""DEC""","=""Jordan Hill""","=""Savage""","=""Schenectady""","=""NY""","=""Journeymen Fall Classic and Womens World Classic"""
"=""10/4/2025""","=""106""","=""Quarter-Finals""","=""Connor Maddox""","=""Maurer Coughlin Wrestling Club""","=""12-8""","=""DEC""","=""Thomas Blewett""","=""Middletown North, Middletown, Nj""","=""Schenectady""","=""NY""","=""Journeymen Fall Classic and Womens World Classic"""
"=""10/4/2025""","=""106""","=""Quarter-Finals""","=""Patrick Bulger""","=""Tdwc""","=""8-4""","=""DEC""","=""Cayden Wadle""","=""Yale St""","=""Schenectady""","=""NY""","=""Journeymen Fall Classic and Womens World Classic"""
"=""10/4/2025""","=""106""","=""Quarter-Finals""","=""Nelson Villafane""","=""Mat Assassins""","=""13-6""","=""DEC""","=""Onofre Gonzales Jr.""","=""Black Fox""","=""Schenectady""","=""NY""","=""Journeymen Fall Classic and Womens World Classic"""
"=""10/4/2025""","=""106""","=""Quarter-Finals""","=""Luke Loren""","=""Monster Garage""","=""17-2 4:56""","=""TF""","=""Damian Duchez""","=""Capital Wrestling Club""","=""Schenectady""","=""NY""","=""Journeymen Fall Classic and Womens World Classic"""
"=""10/4/2025""","=""106""","=""Quarter-Finals""","=""Michael Nicosia""","=""Mat Assassins""","=""16-6""","=""MD""","=""Jaxson Weber""","=""Pope John Hs/edge""","=""Schenectady""","=""NY""","=""Journeymen Fall Classic and Womens World Classic"""
"=""10/4/2025""","=""106""","=""Quarter-Finals""","=""Luis Estevez""","=""Savage Wrestling Academy, Oceanside Hs""","=""3-0""","=""DEC""","=""Mason Little""","=""Journeymen WC""","=""Schenectady""","=""NY""","=""Journeymen Fall Classic and Womens World Classic"""
"=""10/4/2025""","=""106""","=""Quarter-Finals""","=""Jonathan Toriello""","=""Nmh""","=""""","=""BYE""","=""""","=""""","=""Schenectady""","=""NY""","=""Journeymen Fall Classic and Womens World Classic"""
"=""10/4/2025""","=""106""","=""Quarter-Finals""","=""Carson Raper""","=""Nc United""","=""6-3""","=""DEC""","=""Will Webb""","=""Wyoming Seminary""","=""Schenectady""","=""NY""","=""Journeymen Fall Classic and Womens World Classic"""
"=""10/4/2025""","=""106""","=""Semi-Finals""","=""Nelson Villafane""","=""Mat Assassins Wc""","=""9-2 1:12""","=""F""","=""Sam Winship""","=""Smitty's Barn""","=""Schenectady""","=""NY""","=""Journeymen Fall Classic and Womens World Classic"""
"=""10/4/2025""","=""106""","=""Semi-Finals""","=""Mason Keesecker""","=""Tdwc""","=""10-2""","=""MD""","=""Michael Nicosia""","=""Mat Assassins""","=""Schenectady""","=""NY""","=""Journeymen Fall Classic and Womens World Classic"""
"=""10/4/2025""","=""106""","=""Semi-Finals""","=""Connor Maddox""","=""Maurer Coughlin Wrestling Club""","=""1-0""","=""DEC""","=""Wyatt Dannegger""","=""Collum Trained""","=""Schenectady""","=""NY""","=""Journeymen Fall Classic and Womens World Classic"""
"=""10/4/2025""","=""106""","=""Semi-Finals""","=""Chace Armstrong""","=""Mayo Quanchi""","=""9-2 2:49""","=""F""","=""Luis Estevez""","=""Savage Wrestling Academy, Oceanside Hs""","=""Schenectady""","=""NY""","=""Journeymen Fall Classic and Womens World Classic"""
"=""10/4/2025""","=""106""","=""Semi-Finals""","=""Jonathan Toriello""","=""Nmh""","=""13-7""","=""DEC""","=""Jack Jasionowicz""","=""Stroudsburg""","=""Schenectady""","=""NY""","=""Journeymen Fall Classic and Womens World Classic"""
"=""10/4/2025""","=""106""","=""Semi-Finals""","=""Luke Loren""","=""Monster Garage""","=""1-0""","=""DEC""","=""Nelson Villafane""","=""Mat Assassins""","=""Schenectady""","=""NY""","=""Journeymen Fall Classic and Womens World Classic"""
"=""10/4/2025""","=""106""","=""Semi-Finals""","=""Carson Raper""","=""Nc United""","=""10-3""","=""DEC""","=""Patrick Bulger""","=""Tdwc""","=""Schenectady""","=""NY""","=""Journeymen Fall Classic and Womens World Classic"""
"=""10/4/2025""","=""106""","=""Semi-Finals""","=""David Serrano""","=""Brevard Fca""","=""9-3""","=""DEC""","=""Lucas Huntley""","=""High Pace/immaculata Hs Nj""","=""Schenectady""","=""NY""","=""Journeymen Fall Classic and Womens World Classic"""
"=""10/4/2025""","=""106""","=""Finals""","=""Mason Keesecker""","=""Tdwc""","=""1-0""","=""DEC""","=""Carson Raper""","=""Nc United""","=""Schenectady""","=""NY""","=""Journeymen Fall Classic and Womens World Classic"""
"=""10/4/2025""","=""106""","=""Finals""","=""Jonathan Toriello""","=""Nmh""","=""7-0 4:51""","=""F""","=""David Serrano""","=""Brevard Fca""","=""Schenectady""","=""NY""","=""Journeymen Fall Classic and Womens World Classic"""
"=""10/4/2025""","=""106""","=""Finals""","=""Luke Loren""","=""Monster Garage""","=""7-4""","=""DEC""","=""Connor Maddox""","=""Maurer Coughlin Wrestling Club""","=""Schenectady""","=""NY""","=""Journeymen Fall Classic and Womens World Classic"""
"=""10/4/2025""","=""106""","=""Finals""","=""Nelson Villafane""","=""Mat Assassins Wc""","=""32-12 3:53""","=""TF""","=""Chace Armstrong""","=""Mayo Quanchi""","=""Schenectady""","=""NY""","=""Journeymen Fall Classic and Womens World Classic"""
"=""10/4/2025""","=""80""","=""RR Rnd 3""","=""Liam Reeves""","=""Svrwc""","=""4-2""","=""DEC""","=""Sebastian Andidero""","=""Deep Roots""","=""Schenectady""","=""NY""","=""Journeymen Fall Classic and Womens World Classic"""
"=""10/4/2025""","=""60""","=""RR Rnd 3""","=""Eli Gida""","=""Deep Roots""","=""3-0 0:48""","=""F""","=""Jace Oliver""","=""Iron Faith Wrestling Club""","=""Schenectady""","=""NY""","=""Journeymen Fall Classic and Womens World Classic"""
"=""10/4/2025""","=""60""","=""RR Rnd 3""","=""Isaac Guastella""","=""Mat Assassins""","=""""","=""BYE""","=""""","=""""","=""Schenectady""","=""NY""","=""Journeymen Fall Classic and Womens World Classic"""
"=""10/4/2025""","=""80""","=""RR Rnd 3""","=""Julian Lawrence""","=""Svrwc""","=""2-0""","=""DEC""","=""Vito Naljayan""","=""Mat Assassins Wc""","=""Schenectady""","=""NY""","=""Journeymen Fall Classic and Womens World Classic"""
"=""10/4/2025""","=""80""","=""RR Rnd 3""","=""Zachary Silverstein""","=""Apex""","=""3-0 0:42""","=""F""","=""Nikos Sevastos""","=""New England Gold""","=""Schenectady""","=""NY""","=""Journeymen Fall Classic and Womens World Classic"""
"=""10/4/2025""","=""80""","=""RR Rnd 3""","=""Landon Edwards""","=""Wentzville""","=""18-0 3:30""","=""TF""","=""Lucas Miscia""","=""Cordoba Trained""","=""Schenectady""","=""NY""","=""Journeymen Fall Classic and Womens World Classic"""
"=""10/4/2025""","=""60""","=""RR Rnd 3""","=""Cameron Cuccio""","=""Steel Valley Renegades""","=""""","=""BYE""","=""""","=""""","=""Schenectady""","=""NY""","=""Journeymen Fall Classic and Womens World Classic"""
"=""10/4/2025""","=""60""","=""RR Rnd 3""","=""Miron Cheltsov""","=""Savage House""","=""16-1 3:17""","=""TF""","=""Noah Reino""","=""Refinery Rtc""","=""Schenectady""","=""NY""","=""Journeymen Fall Classic and Womens World Classic"""
"=""10/4/2025""","=""60""","=""RR Rnd 2""","=""Miron Cheltsov""","=""Savage House""","=""""","=""BYE""","=""""","=""""","=""Schenectady""","=""NY""","=""Journeymen Fall Classic and Womens World Classic"""
"=""10/4/2025""","=""80""","=""RR Rnd 2""","=""Sebastian Andidero""","=""Deep Roots""","=""14-0""","=""MD""","=""Zachary Silverstein""","=""Apex""","=""Schenectady""","=""NY""","=""Journeymen Fall Classic and Womens World Classic"""
"=""10/4/2025""","=""60""","=""RR Rnd 2""","=""Eli Gida""","=""Deep Roots""","=""12-0 4:21""","=""F""","=""Isaac Guastella""","=""Mat Assassins""","=""Schenectady""","=""NY""","=""Journeymen Fall Classic and Womens World Classic"""
"=""10/4/2025""","=""80""","=""RR Rnd 2""","=""Landon Edwards""","=""Wentzville""","=""1-0""","=""DEC""","=""Julian Lawrence""","=""Svrwc""","=""Schenectady""","=""NY""","=""Journeymen Fall Classic and Womens World Classic"""
"=""10/4/2025""","=""60""","=""RR Rnd 2""","=""Jace Oliver""","=""Iron Faith Wrestling Club""","=""""","=""BYE""","=""""","=""""","=""Schenectady""","=""NY""","=""Journeymen Fall Classic and Womens World Classic"""
"=""10/4/2025""","=""60""","=""RR Rnd 2""","=""Noah Reino""","=""Refinery Rtc""","=""8-3""","=""DEC""","=""Cameron Cuccio""","=""Steel Valley Renegades""","=""Schenectady""","=""NY""","=""Journeymen Fall Classic and Womens World Classic"""
"=""10/4/2025""","=""80""","=""RR Rnd 2""","=""Liam Reeves""","=""Svrwc""","=""4-1""","=""DEC""","=""Nikos Sevastos""","=""New England Gold""","=""Schenectady""","=""NY""","=""Journeymen Fall Classic and Womens World Classic"""
"=""10/4/2025""","=""80""","=""RR Rnd 2""","=""Vito Naljayan""","=""Mat Assassins Wc""","=""14-6 3:29""","=""F""","=""Lucas Miscia""","=""Cordoba Trained""","=""Schenectady""","=""NY""","=""Journeymen Fall Classic and Womens World Classic"""
"=""10/4/2025""","=""80""","=""RR Rnd 1""","=""Liam Reeves""","=""Svrwc""","=""9-8 UTB""","=""DEC""","=""Vito Naljayan""","=""Mat Assassins Wc""","=""Schenectady""","=""NY""","=""Journeymen Fall Classic and Womens World Classic"""
"=""10/4/2025""","=""60""","=""RR Rnd 1""","=""Noah Reino""","=""Refinery Rtc""","=""""","=""BYE""","=""""","=""""","=""Schenectady""","=""NY""","=""Journeymen Fall Classic and Womens World Classic"""
"=""10/4/2025""","=""60""","=""RR Rnd 1""","=""Miron Cheltsov""","=""Savage House""","=""11-0 1:03""","=""F""","=""Cameron Cuccio""","=""Steel Valley Renegades""","=""Schenectady""","=""NY""","=""Journeymen Fall Classic and Womens World Classic"""
"=""10/4/2025""","=""60""","=""RR Rnd 1""","=""Miron Cheltsov""","=""Savage House""","=""8-0""","=""MD""","=""Eli Gida""","=""Deep Roots""","=""Schenectady""","=""NY""","=""Journeymen Fall Classic and Womens World Classic"""
"=""10/4/2025""","=""60""","=""RR Rnd 1""","=""Eli Gida""","=""Deep Roots""","=""""","=""BYE""","=""""","=""""","=""Schenectady""","=""NY""","=""Journeymen Fall Classic and Womens World Classic"""
"=""10/4/2025""","=""80""","=""RR Rnd 1""","=""Zachary Silverstein""","=""Apex""","=""13-2""","=""MD""","=""Lucas Miscia""","=""Cordoba Trained""","=""Schenectady""","=""NY""","=""Journeymen Fall Classic and Womens World Classic"""
"=""10/4/2025""","=""80""","=""RR Rnd 1""","=""Liam Reeves""","=""Svrwc""","=""10-0""","=""MD""","=""Zachary Silverstein""","=""Apex""","=""Schenectady""","=""NY""","=""Journeymen Fall Classic and Womens World Classic"""
"=""10/4/2025""","=""60""","=""RR Rnd 1""","=""Cameron Cuccio""","=""Steel Valley Renegades""","=""5-0 2:41""","=""F""","=""Jace Oliver""","=""Iron Faith Wrestling Club""","=""Schenectady""","=""NY""","=""Journeymen Fall Classic and Womens World Classic"""
"=""10/4/2025""","=""60""","=""RR Rnd 1""","=""Isaac Guastella""","=""Mat Assassins""","=""6-0 1:22""","=""F""","=""Jace Oliver""","=""Iron Faith Wrestling Club""","=""Schenectady""","=""NY""","=""Journeymen Fall Classic and Womens World Classic"""
"=""10/4/2025""","=""80""","=""RR Rnd 1""","=""Lucas Miscia""","=""Cordoba Trained""","=""0-0""","=""FOR""","=""Julian Lawrence""","=""Svrwc""","=""Schenectady""","=""NY""","=""Journeymen Fall Classic and Womens World Classic"""
"=""10/4/2025""","=""80""","=""RR Rnd 1""","=""Sebastian Andidero""","=""Deep Roots""","=""4-3""","=""DEC""","=""Landon Edwards""","=""Wentzville""","=""Schenectady""","=""NY""","=""Journeymen Fall Classic and Womens World Classic"""
"=""10/4/2025""","=""80""","=""RR Rnd 1""","=""Julian Lawrence""","=""Svrwc""","=""5-4""","=""DEC""","=""Nikos Sevastos""","=""New England Gold""","=""Schenectady""","=""NY""","=""Journeymen Fall Classic and Womens World Classic"""
"=""10/4/2025""","=""60""","=""RR Rnd 1""","=""Noah Reino""","=""Refinery Rtc""","=""15-6 2:23""","=""F""","=""Isaac Guastella""","=""Mat Assassins""","=""Schenectady""","=""NY""","=""Journeymen Fall Classic and Womens World Classic"""
"=""10/4/2025""","=""80""","=""RR Rnd 1""","=""Vito Naljayan""","=""Mat Assassins Wc""","=""5-3""","=""DEC""","=""Landon Edwards""","=""Wentzville""","=""Schenectady""","=""NY""","=""Journeymen Fall Classic and Womens World Classic"""
"=""10/4/2025""","=""80""","=""RR Rnd 1""","=""Sebastian Andidero""","=""Deep Roots""","=""2-0 2:35""","=""F""","=""Nikos Sevastos""","=""New England Gold""","=""Schenectady""","=""NY""","=""Journeymen Fall Classic and Womens World Classic"""
"=""10/4/2025""","=""113""","=""Consi of 16 #1""","=""Chase Berkowitz""","=""Vhw""","=""""","=""BYE""","=""""","=""""","=""Schenectady""","=""NY""","=""Journeymen Fall Classic and Womens World Classic"""
"=""10/4/2025""","=""113""","=""Consi of 16 #1""","=""Grayson Puri""","=""Metrowest United""","=""""","=""BYE""","=""""","=""""","=""Schenectady""","=""NY""","=""Journeymen Fall Classic and Womens World Classic"""
"=""10/4/2025""","=""113""","=""Consi of 16 #1""","=""Santino Gaglione""","=""Iron Faith""","=""""","=""BYE""","=""""","=""""","=""Schenectady""","=""NY""","=""Journeymen Fall Classic and Womens World Classic"""
"=""10/4/2025""","=""113""","=""Consi of 16 #1""","=""Brayden Gibbons""","=""Hammer Wrestling""","=""""","=""BYE""","=""""","=""""","=""Schenectady""","=""NY""","=""Journeymen Fall Classic and Womens World Classic"""
"=""10/4/2025""","=""113""","=""Consi of 16 #1""","=""Mason Wagoner""","=""Journeymen WC""","=""""","=""BYE""","=""""","=""""","=""Schenectady""","=""NY""","=""Journeymen Fall Classic and Womens World Classic"""
"=""10/4/2025""","=""113""","=""Consi of 16 #2""","=""Sean Sevigny""","=""Fisheye""","=""""","=""BYE""","=""""","=""""","=""Schenectady""","=""NY""","=""Journeymen Fall Classic and Womens World Classic"""
"=""10/4/2025""","=""113""","=""Consi of 16 #2""","=""Mason Wagoner""","=""Journeymen WC""","=""3-0""","=""DEC""","=""Evan Welsh""","=""Journeymen WC""","=""Schenectady""","=""NY""","=""Journeymen Fall Classic and Womens World Classic"""
"=""10/4/2025""","=""113""","=""Consi of 16 #2""","=""Tayden Tuttle""","=""Nevada Elite""","=""21-5 3:30""","=""TF""","=""Grayson Puri""","=""Metrowest United""","=""Schenectady""","=""NY""","=""Journeymen Fall Classic and Womens World Classic"""
"=""10/4/2025""","=""113""","=""Consi of 16 #2""","=""Chase Berkowitz""","=""Vhw""","=""15-6""","=""MD""","=""Chase Ramsay""","=""A.t. Elite""","=""Schenectady""","=""NY""","=""Journeymen Fall Classic and Womens World Classic"""
"=""10/4/2025""","=""113""","=""Consi of 16 #2""","=""Carlos Rivera-russe""","=""Hammer Wrestling""","=""18-2 4:11""","=""TF""","=""Santino Gaglione""","=""Iron Faith""","=""Schenectady""","=""NY""","=""Journeymen Fall Classic and Womens World Classic"""
"=""10/4/2025""","=""113""","=""Consi of 16 #2""","=""Nico Dolson""","=""Vhw""","=""15-0 2:37""","=""TF""","=""Brayden Gibbons""","=""Hammer Wrestling""","=""Schenectady""","=""NY""","=""Journeymen Fall Classic and Womens World Classic"""
"=""10/4/2025""","=""113""","=""Consi of 16 #2""","=""John Blocksidge""","=""Salem Nh Highschool  Doughboys Lwll Ma""","=""""","=""BYE""","=""""","=""""","=""Schenectady""","=""NY""","=""Journeymen Fall Classic and Womens World Classic"""
"=""10/4/2025""","=""113""","=""Consi of 16 #2""","=""Nicky Schiano""","=""Yale Street Wrestling Club""","=""""","=""BYE""","=""""","=""""","=""Schenectady""","=""NY""","=""Journeymen Fall Classic and Womens World Classic"""
"=""10/4/2025""","=""113""","=""Consi of 8 #1""","=""Nico Dolson""","=""Vhw""","=""18-0 4:29""","=""TF""","=""John Blocksidge""","=""Salem Nh Highschool  Doughboys Lwll Ma""","=""Schenectady""","=""NY""","=""Journeymen Fall Classic and Womens World Classic"""
"=""10/4/2025""","=""113""","=""Consi of 8 #1""","=""Nicky Schiano""","=""Yale Street Wrestling Club""","=""6-5""","=""DEC""","=""Chase Berkowitz""","=""Vhw""","=""Schenectady""","=""NY""","=""Journeymen Fall Classic and Womens World Classic"""
"=""10/4/2025""","=""113""","=""Consi of 8 #1""","=""Sean Sevigny""","=""Fisheye""","=""7-0""","=""DEC""","=""Mason Wagoner""","=""Journeymen WC""","=""Schenectady""","=""NY""","=""Journeymen Fall Classic and Womens World Classic"""
"=""10/4/2025""","=""113""","=""Consi of 8 #1""","=""Carlos Rivera-russe""","=""Hammer Wrestling""","=""4-1""","=""DEC""","=""Tayden Tuttle""","=""Nevada Elite""","=""Schenectady""","=""NY""","=""Journeymen Fall Classic and Womens World Classic"""
"=""10/4/2025""","=""113""","=""Consi of 8 #2""","=""Nathan Jacoby""","=""Legion Wrestling Academy""","=""6-1""","=""DEC""","=""Nicky Schiano""","=""Yale Street Wrestling Club""","=""Schenectady""","=""NY""","=""Journeymen Fall Classic and Womens World Classic"""
"=""10/4/2025""","=""113""","=""Consi of 8 #2""","=""Matthew Pagan""","=""Cordoba Trained""","=""15-0 3:44""","=""TF""","=""Sean Sevigny""","=""Fisheye""","=""Schenectady""","=""NY""","=""Journeymen Fall Classic and Womens World Classic"""
"=""10/4/2025""","=""113""","=""Consi of 8 #2""","=""Ryan Bozelli""","=""Garden City""","=""11-5""","=""DEC""","=""Carlos Rivera-russe""","=""Hammer Wrestling""","=""Schenectady""","=""NY""","=""Journeymen Fall Classic and Womens World Classic"""
"=""10/4/2025""","=""113""","=""Consi of 8 #2""","=""Peter Annis""","=""Fisheye""","=""7-1""","=""DEC""","=""Nico Dolson""","=""Vhw""","=""Schenectady""","=""NY""","=""Journeymen Fall Classic and Womens World Classic"""
"=""10/4/2025""","=""113""","=""Consi of 4""","=""Mason Schlat""","=""Monster Garage""","=""""","=""FOR""","=""Xavier Seabury""","=""Savage Wrestling Club""","=""Schenectady""","=""NY""","=""Journeymen Fall Classic and Womens World Classic"""
"=""10/4/2025""","=""113""","=""Consi of 4""","=""Logan Forgatch""","=""Scorpions Wrestling School/ Parsippany Hills Hs""","=""7-4 SV""","=""DEC""","=""Camron Smith""","=""Trinity""","=""Schenectady""","=""NY""","=""Journeymen Fall Classic and Womens World Classic"""
"=""10/4/2025""","=""113""","=""Consi of 4""","=""Paden Alyea""","=""Impact Wrestling Academy""","=""15-8""","=""DEC""","=""Chase Dubuque""","=""Njrtc""","=""Schenectady""","=""NY""","=""Journeymen Fall Classic and Womens World Classic"""
"=""10/4/2025""","=""113""","=""Consi of 4""","=""Tavin Shaffer""","=""Superior""","=""13-10""","=""DEC""","=""Sam Boltes""","=""Triangle Wrestling Academy""","=""Schenectady""","=""NY""","=""Journeymen Fall Classic and Womens World Classic"""
"=""10/4/2025""","=""113""","=""Consi of 4""","=""Jacob Saunders""","=""Fight Club""","=""1-0""","=""DEC""","=""Anthony Curlo""","=""Blair Academy""","=""Schenectady""","=""NY""","=""Journeymen Fall Classic and Womens World Classic"""
"=""10/4/2025""","=""113""","=""Consi of 4""","=""Ernest Franklin""","=""Blair Academy""","=""8-4""","=""DEC""","=""Rowen Humphrey""","=""Southern Columbia Hs""","=""Schenectady""","=""NY""","=""Journeymen Fall Classic and Womens World Classic"""
"=""10/4/2025""","=""113""","=""Consi of 4""","=""Matthew Pagan""","=""Cordoba Trained""","=""6-1 1:12""","=""F""","=""Nathan Jacoby""","=""Legion Wrestling Academy""","=""Schenectady""","=""NY""","=""Journeymen Fall Classic and Womens World Classic"""
"=""10/4/2025""","=""113""","=""Consi of 4""","=""Ryan Haynes""","=""Wyoming Seminary""","=""9-6""","=""DEC""","=""Antoine Jackman""","=""Doughboy""","=""Schenectady""","=""NY""","=""Journeymen Fall Classic and Womens World Classic"""
"=""10/4/2025""","=""113""","=""Consi of 4""","=""Colden Friedman""","=""Seaford""","=""""","=""BYE""","=""""","=""""","=""Schenectady""","=""NY""","=""Journeymen Fall Classic and Womens World Classic"""
"=""10/4/2025""","=""113""","=""Consi of 4""","=""Peter Annis""","=""Fisheye""","=""18-7""","=""MD""","=""Ryan Bozelli""","=""Garden City""","=""Schenectady""","=""NY""","=""Journeymen Fall Classic and Womens World Classic"""
"=""10/4/2025""","=""113""","=""Consi-Semis""","=""Ryan Blewett""","=""Middletown North - Triumph""","=""2-0""","=""DEC""","=""Matthew Pagan""","=""Cordoba Trained""","=""Schenectady""","=""NY""","=""Journeymen Fall Classic and Womens World Classic"""
"=""10/4/2025""","=""113""","=""Consi-Semis""","=""Nick Sackaris""","=""Long Beach High School""","=""3-0 1:34""","=""F""","=""Peter Annis""","=""Fisheye""","=""Schenectady""","=""NY""","=""Journeymen Fall Classic and Womens World Classic"""
"=""10/4/2025""","=""113""","=""7th Place""","=""Chase Dubuque""","=""Njrtc""","=""0-0""","=""FOR""","=""Camron Smith""","=""Trinity""","=""Schenectady""","=""NY""","=""Journeymen Fall Classic and Womens World Classic"""
"=""10/4/2025""","=""113""","=""7th Place""","=""Antoine Jackman""","=""Doughboy""","=""18-3 2:17""","=""TF""","=""Rowen Humphrey""","=""Southern Columbia Hs""","=""Schenectady""","=""NY""","=""Journeymen Fall Classic and Womens World Classic"""
"=""10/4/2025""","=""113""","=""7th Place""","=""Sam Boltes""","=""Triangle Wrestling Academy""","=""""","=""BYE""","=""""","=""""","=""Schenectady""","=""NY""","=""Journeymen Fall Classic and Womens World Classic"""
"=""10/4/2025""","=""113""","=""7th Place""","=""Anthony Curlo""","=""Blair Academy""","=""""","=""FOR""","=""Xavier Seabury""","=""Savage Wrestling Club""","=""Schenectady""","=""NY""","=""Journeymen Fall Classic and Womens World Classic"""
"=""10/4/2025""","=""113""","=""5th Place""","=""Jacob Saunders""","=""Fight Club""","=""5-4""","=""DEC""","=""Mason Schlat""","=""Monster Garage""","=""Schenectady""","=""NY""","=""Journeymen Fall Classic and Womens World Classic"""
"=""10/4/2025""","=""113""","=""5th Place""","=""Logan Forgatch""","=""Scorpions Wrestling School/ Parsippany Hills Hs""","=""3-0 1:31""","=""F""","=""Paden Alyea""","=""Impact Wrestling Academy""","=""Schenectady""","=""NY""","=""Journeymen Fall Classic and Womens World Classic"""
"=""10/4/2025""","=""113""","=""5th Place""","=""Ryan Haynes""","=""Wyoming Seminary""","=""10-0""","=""MD""","=""Ernest Franklin""","=""Blair Academy""","=""Schenectady""","=""NY""","=""Journeymen Fall Classic and Womens World Classic"""
"=""10/4/2025""","=""113""","=""5th Place""","=""Tavin Shaffer""","=""Superior""","=""10-2""","=""MD""","=""Colden Friedman""","=""Seaford""","=""Schenectady""","=""NY""","=""Journeymen Fall Classic and Womens World Classic"""
"=""10/4/2025""","=""113""","=""3rd Place""","=""Lucas Copper""","=""Smitty's Wrestling Barn""","=""0-0 3:18""","=""F""","=""Vince Von Bernewitz""","=""Great Bridge""","=""Schenectady""","=""NY""","=""Journeymen Fall Classic and Womens World Classic"""
"=""10/4/2025""","=""113""","=""3rd Place""","=""Reid Grandmason""","=""Smitty's Wrestling Barn""","=""""","=""M FOR""","=""Owen Fol""","=""Yale St""","=""Schenectady""","=""NY""","=""Journeymen Fall Classic and Womens World Classic"""
"=""10/4/2025""","=""113""","=""3rd Place""","=""Camden Runnels""","=""Honey Badger Wrestling Club""","=""3-0 1:01""","=""F""","=""Lincoln Glennon""","=""The Hill School""","=""Schenectady""","=""NY""","=""Journeymen Fall Classic and Womens World Classic"""
"=""10/4/2025""","=""113""","=""3rd Place""","=""Ryan Blewett""","=""Middletown North - Triumph""","=""4-8 3:08""","=""F""","=""Nick Sackaris""","=""Long Beach High School""","=""Schenectady""","=""NY""","=""Journeymen Fall Classic and Womens World Classic"""
"=""10/4/2025""","=""113""","=""3rd Place""","=""Zach Rehak""","=""Tj""","=""9-2 1:35""","=""F""","=""Trevor Patrovich""","=""Barn Brothers""","=""Schenectady""","=""NY""","=""Journeymen Fall Classic and Womens World Classic"""
"=""10/4/2025""","=""113""","=""Round of 32""","=""Xavier Seabury""","=""Savage Wrestling Club""","=""20-5 3:37""","=""TF""","=""Ryan Haynes""","=""Wyoming Seminary""","=""Schenectady""","=""NY""","=""Journeymen Fall Classic and Womens World Classic"""
"=""10/4/2025""","=""113""","=""Round of 32""","=""John Blocksidge""","=""Salem Nh Highschool  Doughboys Lwll Ma""","=""""","=""BYE""","=""""","=""""","=""Schenectady""","=""NY""","=""Journeymen Fall Classic and Womens World Classic"""
"=""10/4/2025""","=""113""","=""Round of 32""","=""Mason Schlat""","=""Monster Garage""","=""12-2""","=""MD""","=""Chase Phillips""","=""Barn Brothers""","=""Schenectady""","=""NY""","=""Journeymen Fall Classic and Womens World Classic"""
"=""10/4/2025""","=""113""","=""Round of 32""","=""Jacob Saunders""","=""Fight Club""","=""12-3""","=""MD""","=""Brendan Stoutenburg""","=""Journeymen""","=""Schenectady""","=""NY""","=""Journeymen Fall Classic and Womens World Classic"""
"=""10/4/2025""","=""113""","=""Round of 32""","=""Eric Bocanegra""","=""Blair Academy""","=""10-6""","=""DEC""","=""Antoine Jackman""","=""Doughboy""","=""Schenectady""","=""NY""","=""Journeymen Fall Classic and Womens World Classic"""
"=""10/4/2025""","=""113""","=""Round of 32""","=""Matthew Pagan""","=""Cordoba Trained""","=""10-1""","=""MD""","=""Chase Berkowitz""","=""Vhw""","=""Schenectady""","=""NY""","=""Journeymen Fall Classic and Womens World Classic"""
"=""10/4/2025""","=""113""","=""Round of 32""","=""Chase Dubuque""","=""Njrtc""","=""4-3""","=""DEC""","=""Julian Zargo""","=""Rhino Wrestling""","=""Schenectady""","=""NY""","=""Journeymen Fall Classic and Womens World Classic"""
"=""10/4/2025""","=""113""","=""Round of 32""","=""Sean Sevigny""","=""Fisheye""","=""""","=""BYE""","=""""","=""""","=""Schenectady""","=""NY""","=""Journeymen Fall Classic and Womens World Classic"""
"=""10/4/2025""","=""113""","=""Round of 32""","=""Hayden Black""","=""Scanlan""","=""9-2 1:17""","=""F""","=""Rowen Humphrey""","=""Southern Columbia Hs""","=""Schenectady""","=""NY""","=""Journeymen Fall Classic and Womens World Classic"""
"=""10/4/2025""","=""113""","=""Round of 32""","=""Chase Ramsay""","=""A.t. Elite""","=""""","=""BYE""","=""""","=""""","=""Schenectady""","=""NY""","=""Journeymen Fall Classic and Womens World Classic"""
"=""10/4/2025""","=""113""","=""Round of 32""","=""Camron Smith""","=""Trinity""","=""15-0 1:16""","=""TF""","=""Sam Boltes""","=""Triangle Wrestling Academy""","=""Schenectady""","=""NY""","=""Journeymen Fall Classic and Womens World Classic"""
"=""10/4/2025""","=""113""","=""Round of 32""","=""Trevor Patrovich""","=""Barn Brothers""","=""15-0 3:54""","=""TF""","=""Owen Fol""","=""Yale St""","=""Schenectady""","=""NY""","=""Journeymen Fall Classic and Womens World Classic"""
"=""10/4/2025""","=""113""","=""Round of 32""","=""Nick Sackaris""","=""Long Beach High School""","=""17-0 3:58""","=""TF""","=""Mason Wagoner""","=""Journeymen WC""","=""Schenectady""","=""NY""","=""Journeymen Fall Classic and Womens World Classic"""
"=""10/4/2025""","=""113""","=""Round of 32""","=""Evan Welsh""","=""Journeymen WC""","=""7-2 4:54""","=""F""","=""Brayden Gibbons""","=""Hammer Wrestling""","=""Schenectady""","=""NY""","=""Journeymen Fall Classic and Womens World Classic"""
"=""10/4/2025""","=""113""","=""Round of 32""","=""Gabe Benyo""","=""Mat Assassins/hazleton Area""","=""24-3 2:45""","=""TF""","=""Colden Friedman""","=""Seaford""","=""Schenectady""","=""NY""","=""Journeymen Fall Classic and Womens World Classic"""
"=""10/4/2025""","=""113""","=""Round of 32""","=""Anthony Curlo""","=""Blair Academy""","=""9-2 1:45""","=""F""","=""Lincoln Glennon""","=""The Hill School""","=""Schenectady""","=""NY""","=""Journeymen Fall Classic and Womens World Classic"""
"=""10/4/2025""","=""113""","=""Round of 32""","=""Ryan Blewett""","=""Middletown North - Triumph""","=""3-0 1:27""","=""F""","=""Grayson Puri""","=""Metrowest United""","=""Schenectady""","=""NY""","=""Journeymen Fall Classic and Womens World Classic"""
"=""10/4/2025""","=""113""","=""Round of 32""","=""Nathan Jacoby""","=""Legion Wrestling Academy""","=""""","=""BYE""","=""""","=""""","=""Schenectady""","=""NY""","=""Journeymen Fall Classic and Womens World Classic"""
"=""10/4/2025""","=""113""","=""Round of 32""","=""Peter Annis""","=""Fisheye""","=""""","=""BYE""","=""""","=""""","=""Schenectady""","=""NY""","=""Journeymen Fall Classic and Womens World Classic"""
"=""10/4/2025""","=""113""","=""Round of 32""","=""Vince Von Bernewitz""","=""Great Bridge""","=""""","=""BYE""","=""""","=""""","=""Schenectady""","=""NY""","=""Journeymen Fall Classic and Womens World Classic"""
"=""10/4/2025""","=""113""","=""Round of 32""","=""Zach Rehak""","=""Tj""","=""18-1 2:38""","=""TF""","=""Ernest Franklin""","=""Blair Academy""","=""Schenectady""","=""NY""","=""Journeymen Fall Classic and Womens World Classic"""
"=""10/4/2025""","=""113""","=""Round of 32""","=""Owen Fol""","=""Yale Street Wrestling Club""","=""""","=""BYE""","=""""","=""""","=""Schenectady""","=""NY""","=""Journeymen Fall Classic and Womens World Classic"""
"=""10/4/2025""","=""113""","=""Round of 32""","=""Jake Benyo""","=""Mat Assassins/hazleton Area""","=""11-0 2:29""","=""F""","=""Camden Runnels""","=""Honey Badger Wrestling Club""","=""Schenectady""","=""NY""","=""Journeymen Fall Classic and Womens World Classic"""
"=""10/4/2025""","=""113""","=""Round of 32""","=""Lucas Copper""","=""Smitty's Wrestling Barn""","=""13-1""","=""MD""","=""Tavin Shaffer""","=""Superior""","=""Schenectady""","=""NY""","=""Journeymen Fall Classic and Womens World Classic"""
"=""10/4/2025""","=""113""","=""Round of 32""","=""Nico Dolson""","=""Vhw""","=""""","=""BYE""","=""""","=""""","=""Schenectady""","=""NY""","=""Journeymen Fall Classic and Womens World Classic"""
"=""10/4/2025""","=""113""","=""Round of 32""","=""Ryan Bozelli""","=""Garden City""","=""""","=""BYE""","=""""","=""""","=""Schenectady""","=""NY""","=""Journeymen Fall Classic and Womens World Classic"""
"=""10/4/2025""","=""113""","=""Round of 32""","=""Carlos Rivera-russe""","=""Hammer Wrestling""","=""""","=""BYE""","=""""","=""""","=""Schenectady""","=""NY""","=""Journeymen Fall Classic and Womens World Classic"""
"=""10/4/2025""","=""113""","=""Round of 32""","=""Paden Alyea""","=""Impact Wrestling Academy""","=""18-2 4:36""","=""TF""","=""Reid Grandmason""","=""Smitty's Wrestling Barn""","=""Schenectady""","=""NY""","=""Journeymen Fall Classic and Womens World Classic"""
"=""10/4/2025""","=""113""","=""Round of 32""","=""Luke Richards""","=""Raw""","=""""","=""BYE""","=""""","=""""","=""Schenectady""","=""NY""","=""Journeymen Fall Classic and Womens World Classic"""
"=""10/4/2025""","=""113""","=""Round of 32""","=""Tayden Tuttle""","=""Nevada Elite""","=""""","=""BYE""","=""""","=""""","=""Schenectady""","=""NY""","=""Journeymen Fall Classic and Womens World Classic"""
"=""10/4/2025""","=""113""","=""Round of 32""","=""Nicky Schiano""","=""Yale Street Wrestling Club""","=""9-0""","=""MD""","=""Santino Gaglione""","=""Iron Faith""","=""Schenectady""","=""NY""","=""Journeymen Fall Classic and Womens World Classic"""
"=""10/4/2025""","=""113""","=""Round of 32""","=""Logan Forgatch""","=""Scorpions Wrestling School/ Parsippany Hills Hs""","=""15-4""","=""MD""","=""Aiden Morris""","=""New York Military Academy""","=""Schenectady""","=""NY""","=""Journeymen Fall Classic and Womens World Classic"""
"=""10/4/2025""","=""113""","=""Round of 16""","=""Owen Fol""","=""Yale Street Wrestling Club""","=""20-3 1:51""","=""TF""","=""Evan Welsh""","=""Journeymen WC""","=""Schenectady""","=""NY""","=""Journeymen Fall Classic and Womens World Classic"""
"=""10/4/2025""","=""113""","=""Round of 16""","=""Trevor Patrovich""","=""Barn Brothers""","=""7-0""","=""DEC""","=""Lucas Copper""","=""Smitty's Wrestling Barn""","=""Schenectady""","=""NY""","=""Journeymen Fall Classic and Womens World Classic"""
"=""10/4/2025""","=""113""","=""Round of 16""","=""Julian Zargo""","=""Rhino Wrestling""","=""19-3 2:36""","=""TF""","=""Colden Friedman""","=""Seaford""","=""Schenectady""","=""NY""","=""Journeymen Fall Classic and Womens World Classic"""
"=""10/4/2025""","=""113""","=""Round of 16""","=""Zach Rehak""","=""Tj""","=""4-0""","=""DEC""","=""Vince Von Bernewitz""","=""Great Bridge""","=""Schenectady""","=""NY""","=""Journeymen Fall Classic and Womens World Classic"""
"=""10/4/2025""","=""113""","=""Round of 16""","=""Rowen Humphrey""","=""Southern Columbia Hs""","=""12-3""","=""MD""","=""Lincoln Glennon""","=""The Hill School""","=""Schenectady""","=""NY""","=""Journeymen Fall Classic and Womens World Classic"""
"=""10/4/2025""","=""113""","=""Round of 16""","=""Ernest Franklin""","=""Blair Academy""","=""""","=""BYE""","=""""","=""""","=""Schenectady""","=""NY""","=""Journeymen Fall Classic and Womens World Classic"""
"=""10/4/2025""","=""113""","=""Round of 16""","=""Nathan Jacoby""","=""Legion Wrestling Academy""","=""3-5 2:45""","=""F""","=""John Blocksidge""","=""Salem Nh Highschool  Doughboys Lwll Ma""","=""Schenectady""","=""NY""","=""Journeymen Fall Classic and Womens World Classic"""
"=""10/4/2025""","=""113""","=""Round of 16""","=""Mason Schlat""","=""Monster Garage""","=""9-6 SV""","=""DEC""","=""Camron Smith""","=""Trinity""","=""Schenectady""","=""NY""","=""Journeymen Fall Classic and Womens World Classic"""
"=""10/4/2025""","=""113""","=""Round of 16""","=""Anthony Curlo""","=""Blair Academy""","=""4-5 4:20""","=""F""","=""Hayden Black""","=""Scanlan""","=""Schenectady""","=""NY""","=""Journeymen Fall Classic and Womens World Classic"""
"=""10/4/2025""","=""113""","=""Round of 16""","=""Reid Grandmason""","=""Smitty's Wrestling Barn""","=""7-3""","=""DEC""","=""Brendan Stoutenburg""","=""Journeymen""","=""Schenectady""","=""NY""","=""Journeymen Fall Classic and Womens World Classic"""
"=""10/4/2025""","=""113""","=""Round of 16""","=""Jacob Saunders""","=""Fight Club""","=""16-6""","=""MD""","=""Paden Alyea""","=""Impact Wrestling Academy""","=""Schenectady""","=""NY""","=""Journeymen Fall Classic and Womens World Classic"""
"=""10/4/2025""","=""113""","=""Round of 16""","=""Chase Phillips""","=""Barn Brothers""","=""3-0 1:13""","=""F""","=""Sam Boltes""","=""Triangle Wrestling Academy""","=""Schenectady""","=""NY""","=""Journeymen Fall Classic and Womens World Classic"""
"=""10/4/2025""","=""113""","=""Round of 16""","=""Matthew Pagan""","=""Cordoba Trained""","=""3-0""","=""DEC""","=""Tayden Tuttle""","=""Nevada Elite""","=""Schenectady""","=""NY""","=""Journeymen Fall Classic and Womens World Classic"""
"=""10/4/2025""","=""113""","=""Round of 16""","=""Ryan Bozelli""","=""Garden City""","=""7-1""","=""DEC""","=""Sean Sevigny""","=""Fisheye""","=""Schenectady""","=""NY""","=""Journeymen Fall Classic and Womens World Classic"""
"=""10/4/2025""","=""113""","=""Round of 16""","=""Peter Annis""","=""Fisheye""","=""14-2""","=""MD""","=""Nicky Schiano""","=""Yale Street Wrestling Club""","=""Schenectady""","=""NY""","=""Journeymen Fall Classic and Womens World Classic"""
"=""10/4/2025""","=""113""","=""Round of 16""","=""Xavier Seabury""","=""Savage Wrestling Club""","=""12-10""","=""DEC""","=""Logan Forgatch""","=""Scorpions Wrestling School/ Parsippany Hills Hs""","=""Schenectady""","=""NY""","=""Journeymen Fall Classic and Womens World Classic"""
"=""10/4/2025""","=""113""","=""Round of 16""","=""Jake Benyo""","=""Mat Assassins/hazleton Area""","=""5-2""","=""DEC""","=""Eric Bocanegra""","=""Blair Academy""","=""Schenectady""","=""NY""","=""Journeymen Fall Classic and Womens World Classic"""
"=""10/4/2025""","=""113""","=""Round of 16""","=""Nick Sackaris""","=""Long Beach High School""","=""8-3""","=""DEC""","=""Nico Dolson""","=""Vhw""","=""Schenectady""","=""NY""","=""Journeymen Fall Classic and Womens World Classic"""
"=""10/4/2025""","=""113""","=""Round of 16""","=""Luke Richards""","=""Raw""","=""9-5""","=""DEC""","=""Carlos Rivera-russe""","=""Hammer Wrestling""","=""Schenectady""","=""NY""","=""Journeymen Fall Classic and Womens World Classic"""
"=""10/4/2025""","=""113""","=""Round of 16""","=""Owen Fol""","=""Yale St""","=""10-2""","=""MD""","=""Tavin Shaffer""","=""Superior""","=""Schenectady""","=""NY""","=""Journeymen Fall Classic and Womens World Classic"""
"=""10/4/2025""","=""113""","=""Round of 16""","=""Antoine Jackman""","=""Doughboy""","=""6-1 1:17""","=""F""","=""Camden Runnels""","=""Honey Badger Wrestling Club""","=""Schenectady""","=""NY""","=""Journeymen Fall Classic and Womens World Classic"""
"=""10/4/2025""","=""113""","=""Round of 16""","=""Gabe Benyo""","=""Mat Assassins/hazleton Area""","=""10-4""","=""DEC""","=""Chase Dubuque""","=""Njrtc""","=""Schenectady""","=""NY""","=""Journeymen Fall Classic and Womens World Classic"""
"=""10/4/2025""","=""113""","=""Round of 16""","=""Ryan Haynes""","=""Wyoming Seminary""","=""4-2""","=""DEC""","=""Aiden Morris""","=""New York Military Academy""","=""Schenectady""","=""NY""","=""Journeymen Fall Classic and Womens World Classic"""
"=""10/4/2025""","=""113""","=""Round of 16""","=""Ryan Blewett""","=""Middletown North - Triumph""","=""6-0""","=""DEC""","=""Chase Ramsay""","=""A.t. Elite""","=""Schenectady""","=""NY""","=""Journeymen Fall Classic and Womens World Classic"""
"=""10/4/2025""","=""113""","=""Quarter-Finals""","=""Lucas Copper""","=""Smitty's Wrestling Barn""","=""18-2 4:31""","=""TF""","=""Logan Forgatch""","=""Scorpions Wrestling School/ Parsippany Hills Hs""","=""Schenectady""","=""NY""","=""Journeymen Fall Classic and Womens World Classic"""
"=""10/4/2025""","=""113""","=""Quarter-Finals""","=""Brendan Stoutenburg""","=""Journeymen""","=""""","=""BYE""","=""""","=""""","=""Schenectady""","=""NY""","=""Journeymen Fall Classic and Womens World Classic"""
"=""10/4/2025""","=""113""","=""Quarter-Finals""","=""Vince Von Bernewitz""","=""Great Bridge""","=""4-3 3:03""","=""F""","=""Paden Alyea""","=""Impact Wrestling Academy""","=""Schenectady""","=""NY""","=""Journeymen Fall Classic and Womens World Classic"""
"=""10/4/2025""","=""113""","=""Quarter-Finals""","=""Jake Benyo""","=""Mat Assassins/hazleton Area""","=""15-0 4:20""","=""TF""","=""Mason Schlat""","=""Monster Garage""","=""Schenectady""","=""NY""","=""Journeymen Fall Classic and Womens World Classic"""
"=""10/4/2025""","=""113""","=""Quarter-Finals""","=""Zach Rehak""","=""Tj""","=""7-0""","=""DEC""","=""Jacob Saunders""","=""Fight Club""","=""Schenectady""","=""NY""","=""Journeymen Fall Classic and Womens World Classic"""
"=""10/4/2025""","=""113""","=""Quarter-Finals""","=""Ryan Blewett""","=""Middletown North - Triumph""","=""8-0""","=""MD""","=""Peter Annis""","=""Fisheye""","=""Schenectady""","=""NY""","=""Journeymen Fall Classic and Womens World Classic"""
"=""10/4/2025""","=""113""","=""Quarter-Finals""","=""Owen Fol""","=""Yale St""","=""1-0""","=""DEC""","=""Ryan Haynes""","=""Wyoming Seminary""","=""Schenectady""","=""NY""","=""Journeymen Fall Classic and Womens World Classic"""
"=""10/4/2025""","=""113""","=""Quarter-Finals""","=""Gabe Benyo""","=""Mat Assassins/hazleton Area""","=""1-0 6:59 TB2""","=""F""","=""Anthony Curlo""","=""Blair Academy""","=""Schenectady""","=""NY""","=""Journeymen Fall Classic and Womens World Classic"""
"=""10/4/2025""","=""113""","=""Quarter-Finals""","=""Hayden Black""","=""Scanlan""","=""18-2 3:17""","=""TF""","=""Chase Dubuque""","=""Njrtc""","=""Schenectady""","=""NY""","=""Journeymen Fall Classic and Womens World Classic"""
"=""10/4/2025""","=""113""","=""Quarter-Finals""","=""Trevor Patrovich""","=""Barn Brothers""","=""11-0""","=""MD""","=""Xavier Seabury""","=""Savage Wrestling Club""","=""Schenectady""","=""NY""","=""Journeymen Fall Classic and Womens World Classic"""
"=""10/4/2025""","=""113""","=""Quarter-Finals""","=""Julian Zargo""","=""Rhino Wrestling""","=""18-2 4:59""","=""TF""","=""Rowen Humphrey""","=""Southern Columbia Hs""","=""Schenectady""","=""NY""","=""Journeymen Fall Classic and Womens World Classic"""
"=""10/4/2025""","=""113""","=""Quarter-Finals""","=""Aiden Morris""","=""New York Military Academy""","=""4-0""","=""DEC""","=""Tavin Shaffer""","=""Superior""","=""Schenectady""","=""NY""","=""Journeymen Fall Classic and Womens World Classic"""
"=""10/4/2025""","=""113""","=""Quarter-Finals""","=""Lincoln Glennon""","=""The Hill School""","=""3-0 1:34""","=""F""","=""Colden Friedman""","=""Seaford""","=""Schenectady""","=""NY""","=""Journeymen Fall Classic and Womens World Classic"""
"=""10/4/2025""","=""113""","=""Quarter-Finals""","=""Eric Bocanegra""","=""Blair Academy""","=""8-6""","=""DEC""","=""Camron Smith""","=""Trinity""","=""Schenectady""","=""NY""","=""Journeymen Fall Classic and Womens World Classic"""
"=""10/4/2025""","=""113""","=""Quarter-Finals""","=""Luke Richards""","=""Raw""","=""7-4""","=""DEC""","=""Matthew Pagan""","=""Cordoba Trained""","=""Schenectady""","=""NY""","=""Journeymen Fall Classic and Womens World Classic"""
"=""10/4/2025""","=""113""","=""Quarter-Finals""","=""Nick Sackaris""","=""Long Beach High School""","=""16-0 4:02""","=""TF""","=""Nathan Jacoby""","=""Legion Wrestling Academy""","=""Schenectady""","=""NY""","=""Journeymen Fall Classic and Womens World Classic"""
"=""10/4/2025""","=""113""","=""Quarter-Finals""","=""Owen Fol""","=""Yale Street Wrestling Club""","=""18-3 3:54""","=""TF""","=""Ryan Bozelli""","=""Garden City""","=""Schenectady""","=""NY""","=""Journeymen Fall Classic and Womens World Classic"""
"=""10/4/2025""","=""113""","=""Quarter-Finals""","=""Reid Grandmason""","=""Smitty's Wrestling Barn""","=""3-0 3:10""","=""F""","=""Ernest Franklin""","=""Blair Academy""","=""Schenectady""","=""NY""","=""Journeymen Fall Classic and Womens World Classic"""
"=""10/4/2025""","=""113""","=""Quarter-Finals""","=""Chase Phillips""","=""Barn Brothers""","=""4-1""","=""DEC""","=""Antoine Jackman""","=""Doughboy""","=""Schenectady""","=""NY""","=""Journeymen Fall Classic and Womens World Classic"""
"=""10/4/2025""","=""113""","=""Quarter-Finals""","=""Camden Runnels""","=""Honey Badger Wrestling Club""","=""18-0 3:30""","=""TF""","=""Sam Boltes""","=""Triangle Wrestling Academy""","=""Schenectady""","=""NY""","=""Journeymen Fall Classic and Womens World Classic"""
"=""10/4/2025""","=""113""","=""Semi-Finals""","=""Brendan Stoutenburg""","=""Journeymen""","=""18-0 3:08""","=""TF""","=""Lincoln Glennon""","=""The Hill School""","=""Schenectady""","=""NY""","=""Journeymen Fall Classic and Womens World Classic"""
"=""10/4/2025""","=""113""","=""Semi-Finals""","=""Aiden Morris""","=""New York Military Academy""","=""6-1 1:22""","=""F""","=""Camden Runnels""","=""Honey Badger Wrestling Club""","=""Schenectady""","=""NY""","=""Journeymen Fall Classic and Womens World Classic"""
"=""10/4/2025""","=""113""","=""Semi-Finals""","=""Gabe Benyo""","=""Mat Assassins/hazleton Area""","=""4-3 UTB""","=""DEC""","=""Zach Rehak""","=""Tj""","=""Schenectady""","=""NY""","=""Journeymen Fall Classic and Womens World Classic"""
"=""10/4/2025""","=""113""","=""Semi-Finals""","=""Eric Bocanegra""","=""Blair Academy""","=""9-5""","=""DEC""","=""Lucas Copper""","=""Smitty's Wrestling Barn""","=""Schenectady""","=""NY""","=""Journeymen Fall Classic and Womens World Classic"""
"=""10/4/2025""","=""113""","=""Semi-Finals""","=""Luke Richards""","=""Raw""","=""11-2""","=""MD""","=""Nick Sackaris""","=""Long Beach High School""","=""Schenectady""","=""NY""","=""Journeymen Fall Classic and Womens World Classic"""
"=""10/4/2025""","=""113""","=""Semi-Finals""","=""Julian Zargo""","=""Rhino Wrestling""","=""5-1""","=""DEC""","=""Reid Grandmason""","=""Smitty's Wrestling Barn""","=""Schenectady""","=""NY""","=""Journeymen Fall Classic and Womens World Classic"""
"=""10/4/2025""","=""113""","=""Semi-Finals""","=""Chase Phillips""","=""Barn Brothers""","=""1-0""","=""DEC""","=""Owen Fol""","=""Yale St""","=""Schenectady""","=""NY""","=""Journeymen Fall Classic and Womens World Classic"""
"=""10/4/2025""","=""113""","=""Semi-Finals""","=""Owen Fol""","=""Yale Street Wrestling Club""","=""3-2""","=""DEC""","=""Ryan Blewett""","=""Middletown North - Triumph""","=""Schenectady""","=""NY""","=""Journeymen Fall Classic and Womens World Classic"""
"=""10/4/2025""","=""113""","=""Semi-Finals""","=""Hayden Black""","=""Scanlan""","=""9-1""","=""MD""","=""Vince Von Bernewitz""","=""Great Bridge""","=""Schenectady""","=""NY""","=""Journeymen Fall Classic and Womens World Classic"""
"=""10/4/2025""","=""113""","=""Semi-Finals""","=""Jake Benyo""","=""Mat Assassins/hazleton Area""","=""16-0 3:47""","=""TF""","=""Trevor Patrovich""","=""Barn Brothers""","=""Schenectady""","=""NY""","=""Journeymen Fall Classic and Womens World Classic"""
"=""10/4/2025""","=""113""","=""Finals""","=""Aiden Morris""","=""New York Military Academy""","=""1-0""","=""DEC""","=""Brendan Stoutenburg""","=""Journeymen""","=""Schenectady""","=""NY""","=""Journeymen Fall Classic and Womens World Classic"""
"=""10/4/2025""","=""113""","=""Finals""","=""Julian Zargo""","=""Rhino Wrestling""","=""4-1""","=""DEC""","=""Chase Phillips""","=""Barn Brothers""","=""Schenectady""","=""NY""","=""Journeymen Fall Classic and Womens World Classic"""
"=""10/4/2025""","=""113""","=""Finals""","=""Owen Fol""","=""Yale Street Wrestling Club""","=""3-0 1:30""","=""F""","=""Luke Richards""","=""Raw""","=""Schenectady""","=""NY""","=""Journeymen Fall Classic and Womens World Classic"""
"=""10/4/2025""","=""113""","=""Finals""","=""Jake Benyo""","=""Mat Assassins/hazleton Area""","=""0-0 7:30 UTB""","=""F""","=""Gabe Benyo""","=""Mat Assassins/hazleton Area""","=""Schenectady""","=""NY""","=""Journeymen Fall Classic and Womens World Classic"""
"=""10/4/2025""","=""113""","=""Finals""","=""Hayden Black""","=""Scanlan""","=""6-5""","=""DEC""","=""Eric Bocanegra""","=""Blair Academy""","=""Schenectady""","=""NY""","=""Journeymen Fall Classic and Womens World Classic"""
"=""10/4/2025""","=""85""","=""RR Rnd 5""","=""Dominick Defilippis""","=""Yale Street Wrestling Club""","=""7-1""","=""DEC""","=""Marco Minelli""","=""Minisink""","=""Schenectady""","=""NY""","=""Journeymen Fall Classic and Womens World Classic"""
"=""10/4/2025""","=""85""","=""RR Rnd 5""","=""Keegan Pearce""","=""Kd Trained""","=""1-0""","=""DEC""","=""Sam Forman""","=""Team Tugman""","=""Schenectady""","=""NY""","=""Journeymen Fall Classic and Womens World Classic"""
"=""10/4/2025""","=""85""","=""RR Rnd 5""","=""Jj Sullivan""","=""Kd Trained""","=""19-3 2:31""","=""TF""","=""Owen Coonradt""","=""Grit Mat Club""","=""Schenectady""","=""NY""","=""Journeymen Fall Classic and Womens World Classic"""
"=""10/4/2025""","=""85""","=""RR Rnd 5""","=""Zachary Paris""","=""Smitty's Barn""","=""9-3 2:31""","=""F""","=""Hunter Lee""","=""Cordoba Trained""","=""Schenectady""","=""NY""","=""Journeymen Fall Classic and Womens World Classic"""
"=""10/4/2025""","=""85""","=""RR Rnd 5""","=""Douglas Mcgovern""","=""Iron Faith""","=""""","=""BYE""","=""""","=""""","=""Schenectady""","=""NY""","=""Journeymen Fall Classic and Womens World Classic"""
"=""10/4/2025""","=""85""","=""RR Rnd 5""","=""Michael Vasi""","=""Jersey 74""","=""""","=""BYE""","=""""","=""""","=""Schenectady""","=""NY""","=""Journeymen Fall Classic and Womens World Classic"""
"=""10/4/2025""","=""85""","=""RR Rnd 4""","=""Hunter Lee""","=""Cordoba Trained""","=""3-0 0:14""","=""F""","=""Douglas Mcgovern""","=""Iron Faith""","=""Schenectady""","=""NY""","=""Journeymen Fall Classic and Womens World Classic"""
"=""10/4/2025""","=""85""","=""RR Rnd 4""","=""Keegan Pearce""","=""Kd Trained""","=""3-0 0:34""","=""F""","=""Michael Vasi""","=""Jersey 74""","=""Schenectady""","=""NY""","=""Journeymen Fall Classic and Womens World Classic"""
"=""10/4/2025""","=""85""","=""RR Rnd 4""","=""Marco Minelli""","=""Minisink""","=""""","=""BYE""","=""""","=""""","=""Schenectady""","=""NY""","=""Journeymen Fall Classic and Womens World Classic"""
"=""10/4/2025""","=""85""","=""RR Rnd 4""","=""Jj Sullivan""","=""Kd Trained""","=""3-0 0:31""","=""F""","=""Sam Forman""","=""Team Tugman""","=""Schenectady""","=""NY""","=""Journeymen Fall Classic and Womens World Classic"""
"=""10/4/2025""","=""85""","=""RR Rnd 4""","=""Owen Coonradt""","=""Grit Mat Club""","=""""","=""BYE""","=""""","=""""","=""Schenectady""","=""NY""","=""Journeymen Fall Classic and Womens World Classic"""
"=""10/4/2025""","=""85""","=""RR Rnd 4""","=""Zachary Paris""","=""Smitty's Barn""","=""5-0""","=""DEC""","=""Dominick Defilippis""","=""Yale Street Wrestling Club""","=""Schenectady""","=""NY""","=""Journeymen Fall Classic and Womens World Classic"""
"=""10/4/2025""","=""85""","=""RR Rnd 3""","=""Hunter Lee""","=""Cordoba Trained""","=""""","=""BYE""","=""""","=""""","=""Schenectady""","=""NY""","=""Journeymen Fall Classic and Womens World Classic"""
"=""10/4/2025""","=""65""","=""RR Rnd 3""","=""William Uszenski""","=""Apex Wrestling Academy""","=""4-2""","=""DEC""","=""Dante Magno""","=""Ruthless""","=""Schenectady""","=""NY""","=""Journeymen Fall Classic and Womens World Classic"""
"=""10/4/2025""","=""65""","=""RR Rnd 3""","=""Jackson Caporiccio""","=""Apex Wrestling Academy""","=""6-2 3:25""","=""F""","=""Anthony Defilippis""","=""Yale Street Wrestling Club""","=""Schenectady""","=""NY""","=""Journeymen Fall Classic and Womens World Classic"""
"=""10/4/2025""","=""85""","=""RR Rnd 3""","=""Dominick Defilippis""","=""Yale Street Wrestling Club""","=""18-3 2:19""","=""TF""","=""Douglas Mcgovern""","=""Iron Faith""","=""Schenectady""","=""NY""","=""Journeymen Fall Classic and Womens World Classic"""
"=""10/4/2025""","=""85""","=""RR Rnd 3""","=""Zachary Paris""","=""Smitty's Barn""","=""16-0 1:50""","=""TF""","=""Marco Minelli""","=""Minisink""","=""Schenectady""","=""NY""","=""Journeymen Fall Classic and Womens World Classic"""
"=""10/4/2025""","=""85""","=""RR Rnd 3""","=""Jj Sullivan""","=""Kd Trained""","=""9-2 0:50""","=""F""","=""Michael Vasi""","=""Jersey 74""","=""Schenectady""","=""NY""","=""Journeymen Fall Classic and Womens World Classic"""
"=""10/4/2025""","=""85""","=""RR Rnd 3""","=""Sam Forman""","=""Team Tugman""","=""5-3""","=""DEC""","=""Owen Coonradt""","=""Grit Mat Club""","=""Schenectady""","=""NY""","=""Journeymen Fall Classic and Womens World Classic"""
"=""10/4/2025""","=""85""","=""RR Rnd 3""","=""Keegan Pearce""","=""Kd Trained""","=""""","=""BYE""","=""""","=""""","=""Schenectady""","=""NY""","=""Journeymen Fall Classic and Womens World Classic"""
"=""10/4/2025""","=""85""","=""RR Rnd 2""","=""Zachary Paris""","=""Smitty's Barn""","=""""","=""BYE""","=""""","=""""","=""Schenectady""","=""NY""","=""Journeymen Fall Classic and Womens World Classic"""
"=""10/4/2025""","=""85""","=""RR Rnd 2""","=""Marco Minelli""","=""Minisink""","=""3-0 0:39""","=""F""","=""Douglas Mcgovern""","=""Iron Faith""","=""Schenectady""","=""NY""","=""Journeymen Fall Classic and Womens World Classic"""
"=""10/4/2025""","=""85""","=""RR Rnd 2""","=""Owen Coonradt""","=""Grit Mat Club""","=""3-0 0:19""","=""F""","=""Michael Vasi""","=""Jersey 74""","=""Schenectady""","=""NY""","=""Journeymen Fall Classic and Womens World Classic"""
"=""10/4/2025""","=""85""","=""RR Rnd 2""","=""Sam Forman""","=""Team Tugman""","=""""","=""BYE""","=""""","=""""","=""Schenectady""","=""NY""","=""Journeymen Fall Classic and Womens World Classic"""
"=""10/4/2025""","=""85""","=""RR Rnd 2""","=""Dominick Defilippis""","=""Yale Street Wrestling Club""","=""17-1 4:06""","=""TF""","=""Hunter Lee""","=""Cordoba Trained""","=""Schenectady""","=""NY""","=""Journeymen Fall Classic and Womens World Classic"""
"=""10/4/2025""","=""65""","=""RR Rnd 2""","=""Anthony Defilippis""","=""Yale Street Wrestling Club""","=""13-2""","=""MD""","=""William Uszenski""","=""Apex Wrestling Academy""","=""Schenectady""","=""NY""","=""Journeymen Fall Classic and Womens World Classic"""
"=""10/4/2025""","=""65""","=""RR Rnd 2""","=""Jackson Caporiccio""","=""Apex Wrestling Academy""","=""10-0 2:20""","=""F""","=""Dante Magno""","=""Ruthless""","=""Schenectady""","=""NY""","=""Journeymen Fall Classic and Womens World Classic"""
"=""10/4/2025""","=""85""","=""RR Rnd 2""","=""Jj Sullivan""","=""Kd Trained""","=""7-0 1:15""","=""F""","=""Keegan Pearce""","=""Kd Trained""","=""Schenectady""","=""NY""","=""Journeymen Fall Classic and Womens World Classic"""
"=""10/4/2025""","=""85""","=""RR Rnd 1""","=""Jj Sullivan""","=""Kd Trained""","=""17-0 3:54""","=""TF""","=""Zachary Paris""","=""Smitty's Barn""","=""Schenectady""","=""NY""","=""Journeymen Fall Classic and Womens World Classic"""
"=""10/4/2025""","=""85""","=""RR Rnd 1""","=""Hunter Lee""","=""Cordoba Trained""","=""3-0""","=""DEC""","=""Sam Forman""","=""Team Tugman""","=""Schenectady""","=""NY""","=""Journeymen Fall Classic and Womens World Classic"""
"=""10/4/2025""","=""85""","=""RR Rnd 1""","=""Michael Vasi""","=""Jersey 74""","=""""","=""FOR""","=""Douglas Mcgovern""","=""Iron Faith""","=""Schenectady""","=""NY""","=""Journeymen Fall Classic and Womens World Classic"""
"=""10/4/2025""","=""85""","=""RR Rnd 1""","=""Hunter Lee""","=""Cordoba Trained""","=""3-0""","=""DEC""","=""Marco Minelli""","=""Minisink""","=""Schenectady""","=""NY""","=""Journeymen Fall Classic and Womens World Classic"""
"=""10/4/2025""","=""85""","=""RR Rnd 1""","=""Dominick Defilippis""","=""Yale Street Wrestling Club""","=""""","=""BYE""","=""""","=""""","=""Schenectady""","=""NY""","=""Journeymen Fall Classic and Womens World Classic"""
"=""10/4/2025""","=""65""","=""RR Rnd 1""","=""Anthony Defilippis""","=""Yale Street Wrestling Club""","=""8-0""","=""MD""","=""Dante Magno""","=""Ruthless""","=""Schenectady""","=""NY""","=""Journeymen Fall Classic and Womens World Classic"""
"=""10/4/2025""","=""85""","=""RR Rnd 1""","=""Zachary Paris""","=""Smitty's Barn""","=""7-0 0:21""","=""F""","=""Douglas Mcgovern""","=""Iron Faith""","=""Schenectady""","=""NY""","=""Journeymen Fall Classic and Womens World Classic"""
"=""10/4/2025""","=""85""","=""RR Rnd 1""","=""Marco Minelli""","=""Minisink""","=""11-3""","=""MD""","=""Owen Coonradt""","=""Grit Mat Club""","=""Schenectady""","=""NY""","=""Journeymen Fall Classic and Womens World Classic"""
"=""10/4/2025""","=""85""","=""RR Rnd 1""","=""Keegan Pearce""","=""Kd Trained""","=""10-6""","=""DEC""","=""Owen Coonradt""","=""Grit Mat Club""","=""Schenectady""","=""NY""","=""Journeymen Fall Classic and Womens World Classic"""
"=""10/4/2025""","=""85""","=""RR Rnd 1""","=""Sam Forman""","=""Team Tugman""","=""16-4""","=""MD""","=""Michael Vasi""","=""Jersey 74""","=""Schenectady""","=""NY""","=""Journeymen Fall Classic and Womens World Classic"""
"=""10/4/2025""","=""65""","=""RR Rnd 1""","=""Jackson Caporiccio""","=""Apex Wrestling Academy""","=""8-0""","=""MD""","=""William Uszenski""","=""Apex Wrestling Academy""","=""Schenectady""","=""NY""","=""Journeymen Fall Classic and Womens World Classic"""
"=""10/4/2025""","=""85""","=""RR Rnd 1""","=""Keegan Pearce""","=""Kd Trained""","=""4-0""","=""DEC""","=""Dominick Defilippis""","=""Yale Street Wrestling Club""","=""Schenectady""","=""NY""","=""Journeymen Fall Classic and Womens World Classic"""
"=""10/4/2025""","=""85""","=""RR Rnd 1""","=""Jj Sullivan""","=""Kd Trained""","=""""","=""BYE""","=""""","=""""","=""Schenectady""","=""NY""","=""Journeymen Fall Classic and Womens World Classic"""
"=""10/4/2025""","=""119""","=""Consi of 16 #1""","=""Samuel West""","=""Doughboy Wrestling Club""","=""""","=""BYE""","=""""","=""""","=""Schenectady""","=""NY""","=""Journeymen Fall Classic and Womens World Classic"""
"=""10/4/2025""","=""119""","=""Consi of 16 #1""","=""Peter Garibaldi""","=""Empire Wrestling Academy""","=""""","=""BYE""","=""""","=""""","=""Schenectady""","=""NY""","=""Journeymen Fall Classic and Womens World Classic"""
"=""10/4/2025""","=""119""","=""Consi of 16 #1""","=""Gianni Bench""","=""Journeymen WC""","=""""","=""BYE""","=""""","=""""","=""Schenectady""","=""NY""","=""Journeymen Fall Classic and Womens World Classic"""
"=""10/4/2025""","=""119""","=""Consi of 16 #1""","=""Ty Strychalsky""","=""Savage Wrestling Academy""","=""""","=""BYE""","=""""","=""""","=""Schenectady""","=""NY""","=""Journeymen Fall Classic and Womens World Classic"""
"=""10/4/2025""","=""119""","=""Consi of 16 #1""","=""Riley Burke""","=""Edge Wrestling Club""","=""""","=""BYE""","=""""","=""""","=""Schenectady""","=""NY""","=""Journeymen Fall Classic and Womens World Classic"""
"=""10/4/2025""","=""119""","=""Consi of 16 #1""","=""Gabe Sardone""","=""Fisheye""","=""""","=""BYE""","=""""","=""""","=""Schenectady""","=""NY""","=""Journeymen Fall Classic and Womens World Classic"""
"=""10/4/2025""","=""119""","=""Consi of 16 #2""","=""Makana Tieri""","=""Brevard Fca""","=""""","=""BYE""","=""""","=""""","=""Schenectady""","=""NY""","=""Journeymen Fall Classic and Womens World Classic"""
"=""10/4/2025""","=""119""","=""Consi of 16 #2""","=""Brian Corbin""","=""Wyoming Seminary""","=""9-4""","=""DEC""","=""Gianni Bench""","=""Journeymen WC""","=""Schenectady""","=""NY""","=""Journeymen Fall Classic and Womens World Classic"""
"=""10/4/2025""","=""119""","=""Consi of 16 #2""","=""Christian Stamis""","=""Bitetto Trained""","=""""","=""BYE""","=""""","=""""","=""Schenectady""","=""NY""","=""Journeymen Fall Classic and Womens World Classic"""
"=""10/4/2025""","=""119""","=""Consi of 16 #2""","=""Moose Reichow""","=""Palm Wrestling Academy""","=""17-0 4:33""","=""TF""","=""Peter Garibaldi""","=""Empire Wrestling Academy""","=""Schenectady""","=""NY""","=""Journeymen Fall Classic and Womens World Classic"""
"=""10/4/2025""","=""119""","=""Consi of 16 #2""","=""Dylan Blenk""","=""Westhampton Beach""","=""17-2 2:00""","=""TF""","=""Samuel West""","=""Doughboy Wrestling Club""","=""Schenectady""","=""NY""","=""Journeymen Fall Classic and Womens World Classic"""
"=""10/4/2025""","=""119""","=""Consi of 16 #2""","=""Luke Foote""","=""Vhw""","=""23-13""","=""MD""","=""Gabe Sardone""","=""Fisheye""","=""Schenectady""","=""NY""","=""Journeymen Fall Classic and Womens World Classic"""
"=""10/4/2025""","=""119""","=""Consi of 16 #2""","=""Michael Quinn""","=""Top Flight Wrestling Academy""","=""9-6""","=""DEC""","=""Riley Burke""","=""Edge Wrestling Club""","=""Schenectady""","=""NY""","=""Journeymen Fall Classic and Womens World Classic"""
"=""10/4/2025""","=""119""","=""Consi of 16 #2""","=""Logan Pascarella""","=""Ascend Wrestling Academy""","=""13-0""","=""MD""","=""Ty Strychalsky""","=""Savage Wrestling Academy""","=""Schenectady""","=""NY""","=""Journeymen Fall Classic and Womens World Classic"""
"=""10/4/2025""","=""119""","=""Consi of 8 #1""","=""Christian Stamis""","=""Bitetto Trained""","=""7-3 4:31""","=""F""","=""Luke Foote""","=""Vhw""","=""Schenectady""","=""NY""","=""Journeymen Fall Classic and Womens World Classic"""
"=""10/4/2025""","=""119""","=""Consi of 8 #1""","=""Makana Tieri""","=""Brevard Fca""","=""2-3 0:58""","=""F""","=""Moose Reichow""","=""Palm Wrestling Academy""","=""Schenectady""","=""NY""","=""Journeymen Fall Classic and Womens World Classic"""
"=""10/4/2025""","=""119""","=""Consi of 8 #1""","=""Dylan Blenk""","=""Westhampton Beach""","=""6-3 0:49""","=""F""","=""Michael Quinn""","=""Top Flight Wrestling Academy""","=""Schenectady""","=""NY""","=""Journeymen Fall Classic and Womens World Classic"""
"=""10/4/2025""","=""119""","=""Consi of 8 #1""","=""Brian Corbin""","=""Wyoming Seminary""","=""8-4""","=""DEC""","=""Logan Pascarella""","=""Ascend Wrestling Academy""","=""Schenectady""","=""NY""","=""Journeymen Fall Classic and Womens World Classic"""
"=""10/4/2025""","=""119""","=""Consi of 8 #2""","=""Ethan Kadish""","=""Newton South""","=""9-0""","=""MD""","=""Dylan Blenk""","=""Westhampton Beach""","=""Schenectady""","=""NY""","=""Journeymen Fall Classic and Womens World Classic"""
"=""10/4/2025""","=""119""","=""Consi of 8 #2""","=""Makana Tieri""","=""Brevard Fca""","=""4-1""","=""DEC""","=""Caden Barbera""","=""Iron Faith""","=""Schenectady""","=""NY""","=""Journeymen Fall Classic and Womens World Classic"""
"=""10/4/2025""","=""119""","=""Consi of 8 #2""","=""Brian Corbin""","=""Wyoming Seminary""","=""7-0""","=""DEC""","=""Kai Napadow Baquero""","=""Metrowest United""","=""Schenectady""","=""NY""","=""Journeymen Fall Classic and Womens World Classic"""
"=""10/4/2025""","=""119""","=""Consi of 8 #2""","=""Logan Medeiros""","=""Iron Faith""","=""6-4""","=""DEC""","=""Christian Stamis""","=""Bitetto Trained""","=""Schenectady""","=""NY""","=""Journeymen Fall Classic and Womens World Classic"""
"=""10/4/2025""","=""119""","=""Consi of 4""","=""Brian Corbin""","=""Wyoming Seminary""","=""10-0 4:15""","=""F""","=""Makana Tieri""","=""Brevard Fca""","=""Schenectady""","=""NY""","=""Journeymen Fall Classic and Womens World Classic"""
"=""10/4/2025""","=""119""","=""Consi of 4""","=""Brendan Kelly""","=""Malvern Prep""","=""""","=""FOR""","=""Colton Schmiesing""","=""Vhw""","=""Schenectady""","=""NY""","=""Journeymen Fall Classic and Womens World Classic"""
"=""10/4/2025""","=""119""","=""Consi of 4""","=""Aj Kane""","=""Steller Trained""","=""8-0""","=""MD""","=""Noah Hernandez""","=""Ruthless""","=""Schenectady""","=""NY""","=""Journeymen Fall Classic and Womens World Classic"""
"=""10/4/2025""","=""119""","=""Consi of 4""","=""Aidan Matias""","=""Cordoba Trained""","=""15-0 2:34""","=""TF""","=""Konstantinos Panos""","=""Eiwc""","=""Schenectady""","=""NY""","=""Journeymen Fall Classic and Womens World Classic"""
"=""10/4/2025""","=""119""","=""Consi of 4""","=""Jorje Rios""","=""Monster Garage""","=""9-3""","=""DEC""","=""Vincenzo Mannello""","=""Gps""","=""Schenectady""","=""NY""","=""Journeymen Fall Classic and Womens World Classic"""
"=""10/4/2025""","=""119""","=""Consi of 4""","=""Logan Medeiros""","=""Iron Faith""","=""10-6""","=""DEC""","=""Ethan Kadish""","=""Newton South""","=""Schenectady""","=""NY""","=""Journeymen Fall Classic and Womens World Classic"""
"=""10/4/2025""","=""119""","=""Consi of 4""","=""Max Berman""","=""Germantown Academy""","=""1-0""","=""DEC""","=""Brody Dicaprio""","=""Cba/ Journeymen""","=""Schenectady""","=""NY""","=""Journeymen Fall Classic and Womens World Classic"""
"=""10/4/2025""","=""119""","=""Consi of 4""","=""Zack Dixon""","=""South Side Wrestling Club""","=""16-0 4:07""","=""TF""","=""Logan Costello""","=""Metrowest United/belmont Hill""","=""Schenectady""","=""NY""","=""Journeymen Fall Classic and Womens World Classic"""
"=""10/4/2025""","=""119""","=""Consi of 4""","=""Dylan Green""","=""Journeymen/shenendehowa""","=""""","=""BYE""","=""""","=""""","=""Schenectady""","=""NY""","=""Journeymen Fall Classic and Womens World Classic"""
"=""10/4/2025""","=""119""","=""Consi of 4""","=""Nathan Reynolds""","=""Monster Garage""","=""10-2""","=""MD""","=""Carson Miles""","=""Red Dot Wrestling""","=""Schenectady""","=""NY""","=""Journeymen Fall Classic and Womens World Classic"""
"=""10/4/2025""","=""119""","=""Consi-Semis""","=""Evan Margolis""","=""Kd Trained""","=""10-2""","=""MD""","=""Logan Medeiros""","=""Iron Faith""","=""Schenectady""","=""NY""","=""Journeymen Fall Classic and Womens World Classic"""
"=""10/4/2025""","=""119""","=""Consi-Semis""","=""Brian Corbin""","=""Wyoming Seminary""","=""12-0""","=""MD""","=""Gryphon Foster""","=""Titletown Fight Club""","=""Schenectady""","=""NY""","=""Journeymen Fall Classic and Womens World Classic"""
"=""10/4/2025""","=""119""","=""7th Place""","=""Brody Dicaprio""","=""Cba/ Journeymen""","=""0-0""","=""FOR""","=""Colton Schmiesing""","=""Vhw""","=""Schenectady""","=""NY""","=""Journeymen Fall Classic and Womens World Classic"""
"=""10/4/2025""","=""119""","=""7th Place""","=""Noah Hernandez""","=""Ruthless""","=""9-0""","=""MD""","=""Logan Costello""","=""Metrowest United/belmont Hill""","=""Schenectady""","=""NY""","=""Journeymen Fall Classic and Womens World Classic"""
"=""10/4/2025""","=""119""","=""7th Place""","=""Carson Miles""","=""Red Dot Wrestling""","=""8-3""","=""DEC""","=""Vincenzo Mannello""","=""Gps""","=""Schenectady""","=""NY""","=""Journeymen Fall Classic and Womens World Classic"""
"=""10/4/2025""","=""119""","=""7th Place""","=""Konstantinos Panos""","=""Eiwc""","=""""","=""BYE""","=""""","=""""","=""Schenectady""","=""NY""","=""Journeymen Fall Classic and Womens World Classic"""
"=""10/4/2025""","=""119""","=""5th Place""","=""Aidan Matias""","=""Cordoba Trained""","=""17-1 2:33""","=""TF""","=""Dylan Green""","=""Journeymen/shenendehowa""","=""Schenectady""","=""NY""","=""Journeymen Fall Classic and Womens World Classic"""
"=""10/4/2025""","=""119""","=""5th Place""","=""Aj Kane""","=""Steller Trained""","=""2-0""","=""DEC""","=""Zack Dixon""","=""South Side Wrestling Club""","=""Schenectady""","=""NY""","=""Journeymen Fall Classic and Womens World Classic"""
"=""10/4/2025""","=""119""","=""5th Place""","=""Nathan Reynolds""","=""Monster Garage""","=""9-3""","=""DEC""","=""Jorje Rios""","=""Monster Garage""","=""Schenectady""","=""NY""","=""Journeymen Fall Classic and Womens World Classic"""
"=""10/4/2025""","=""119""","=""5th Place""","=""Brendan Kelly""","=""Malvern Prep""","=""18-0 2:45""","=""TF""","=""Max Berman""","=""Germantown Academy""","=""Schenectady""","=""NY""","=""Journeymen Fall Classic and Womens World Classic"""
"=""10/4/2025""","=""119""","=""3rd Place""","=""Brian Corbin""","=""Wyoming Seminary""","=""6-5""","=""DEC""","=""Evan Margolis""","=""Kd Trained""","=""Schenectady""","=""NY""","=""Journeymen Fall Classic and Womens World Classic"""
"=""10/4/2025""","=""119""","=""3rd Place""","=""Jackson Dettore""","=""C2x Academy""","=""8-3""","=""DEC""","=""Brody Sayers""","=""Doughboy""","=""Schenectady""","=""NY""","=""Journeymen Fall Classic and Womens World Classic"""
"=""10/4/2025""","=""119""","=""3rd Place""","=""Dominick Morrison""","=""Hatboro Horsham Warriors""","=""11-2""","=""MD""","=""Julian Rios""","=""Doughboy""","=""Schenectady""","=""NY""","=""Journeymen Fall Classic and Womens World Classic"""
"=""10/4/2025""","=""119""","=""3rd Place""","=""Carter Drouin""","=""Iron Horse""","=""7-1 4:37""","=""F""","=""Dario Guglielmo""","=""Ward Melville Hs""","=""Schenectady""","=""NY""","=""Journeymen Fall Classic and Womens World Classic"""
"=""10/4/2025""","=""119""","=""3rd Place""","=""Carmine Sipper""","=""James Caldwell Hs""","=""8-0""","=""MD""","=""Anthony Valls""","=""Mat Assassins""","=""Schenectady""","=""NY""","=""Journeymen Fall Classic and Womens World Classic"""
"=""10/4/2025""","=""119""","=""Round of 32""","=""Colton Schmiesing""","=""Vhw""","=""5-2""","=""DEC""","=""Zack Dixon""","=""South Side Wrestling Club""","=""Schenectady""","=""NY""","=""Journeymen Fall Classic and Womens World Classic"""
"=""10/4/2025""","=""119""","=""Round of 32""","=""Carson Miles""","=""Red Dot Wrestling""","=""4-2""","=""DEC""","=""Wyatt Stauffer""","=""Blair Academy""","=""Schenectady""","=""NY""","=""Journeymen Fall Classic and Womens World Classic"""
"=""10/4/2025""","=""119""","=""Round of 32""","=""Dominick Morrison""","=""Hatboro Horsham Warriors""","=""16-1 2:27""","=""TF""","=""Dario Guglielmo""","=""Ward Melville Hs""","=""Schenectady""","=""NY""","=""Journeymen Fall Classic and Womens World Classic"""
"=""10/4/2025""","=""119""","=""Round of 32""","=""Julian Rios""","=""Doughboy""","=""3-0 0:45""","=""F""","=""Aidan Matias""","=""Cordoba Trained""","=""Schenectady""","=""NY""","=""Journeymen Fall Classic and Womens World Classic"""
"=""10/4/2025""","=""119""","=""Round of 32""","=""Logan Medeiros""","=""Iron Faith""","=""""","=""BYE""","=""""","=""""","=""Schenectady""","=""NY""","=""Journeymen Fall Classic and Womens World Classic"""
"=""10/4/2025""","=""119""","=""Round of 32""","=""Moose Reichow""","=""Palm Wrestling Academy""","=""""","=""BYE""","=""""","=""""","=""Schenectady""","=""NY""","=""Journeymen Fall Classic and Womens World Classic"""
"=""10/4/2025""","=""119""","=""Round of 32""","=""Gryphon Foster""","=""Titletown Fight Club""","=""""","=""BYE""","=""""","=""""","=""Schenectady""","=""NY""","=""Journeymen Fall Classic and Womens World Classic"""
"=""10/4/2025""","=""119""","=""Round of 32""","=""Vincent Grippa""","=""Elite Wrestling""","=""12-1""","=""MD""","=""Ty Strychalsky""","=""Savage Wrestling Academy""","=""Schenectady""","=""NY""","=""Journeymen Fall Classic and Womens World Classic"""
"=""10/4/2025""","=""119""","=""Round of 32""","=""Brayden Wenrich""","=""Grit Mat Club""","=""""","=""BYE""","=""""","=""""","=""Schenectady""","=""NY""","=""Journeymen Fall Classic and Womens World Classic"""
"=""10/4/2025""","=""119""","=""Round of 32""","=""Cooper Merli""","=""Iron Horse / Journeymen""","=""17-2 1:32""","=""TF""","=""Konstantinos Panos""","=""Eiwc""","=""Schenectady""","=""NY""","=""Journeymen Fall Classic and Womens World Classic"""
"=""10/4/2025""","=""119""","=""Round of 32""","=""Caden Barbera""","=""Iron Faith""","=""11-4""","=""DEC""","=""Gianni Bench""","=""Journeymen WC""","=""Schenectady""","=""NY""","=""Journeymen Fall Classic and Womens World Classic"""
"=""10/4/2025""","=""119""","=""Round of 32""","=""Brendan Kelly""","=""Malvern Prep""","=""14-3""","=""MD""","=""Brody Sayers""","=""Doughboy""","=""Schenectady""","=""NY""","=""Journeymen Fall Classic and Womens World Classic"""
"=""10/4/2025""","=""119""","=""Round of 32""","=""Vincent Orandello""","=""Vhw""","=""4-2""","=""DEC""","=""Aj Kane""","=""Steller Trained""","=""Schenectady""","=""NY""","=""Journeymen Fall Classic and Womens World Classic"""
"=""10/4/2025""","=""119""","=""Round of 32""","=""Max Berman""","=""Germantown Academy""","=""8-5 SV""","=""DEC""","=""Noah Hernandez""","=""Ruthless""","=""Schenectady""","=""NY""","=""Journeymen Fall Classic and Womens World Classic"""
"=""10/4/2025""","=""119""","=""Round of 32""","=""Kai Napadow Baquero""","=""Metrowest United""","=""""","=""BYE""","=""""","=""""","=""Schenectady""","=""NY""","=""Journeymen Fall Classic and Womens World Classic"""
"=""10/4/2025""","=""119""","=""Round of 32""","=""Brody Dicaprio""","=""Cba/ Journeymen""","=""17-2 4:56""","=""TF""","=""Tanner Connelly""","=""Yale Street""","=""Schenectady""","=""NY""","=""Journeymen Fall Classic and Womens World Classic"""
"=""10/4/2025""","=""119""","=""Round of 32""","=""Austin Bronco Campsey""","=""Barn Brothers""","=""10-0""","=""MD""","=""Carter Drouin""","=""Iron Horse""","=""Schenectady""","=""NY""","=""Journeymen Fall Classic and Womens World Classic"""
"=""10/4/2025""","=""119""","=""Round of 32""","=""Ethan Kadish""","=""Newton South""","=""""","=""BYE""","=""""","=""""","=""Schenectady""","=""NY""","=""Journeymen Fall Classic and Womens World Classic"""
"=""10/4/2025""","=""119""","=""Round of 32""","=""Michael Quinn""","=""Top Flight Wrestling Academy""","=""""","=""BYE""","=""""","=""""","=""Schenectady""","=""NY""","=""Journeymen Fall Classic and Womens World Classic"""
"=""10/4/2025""","=""119""","=""Round of 32""","=""Vincenzo Mannello""","=""Gps""","=""18-1 2:43""","=""TF""","=""Jackson Dettore""","=""C2x Academy""","=""Schenectady""","=""NY""","=""Journeymen Fall Classic and Womens World Classic"""
"=""10/4/2025""","=""119""","=""Round of 32""","=""Aidan Matias""","=""Cordoba Trained""","=""15-0 1:47""","=""TF""","=""Samuel West""","=""Doughboy Wrestling Club""","=""Schenectady""","=""NY""","=""Journeymen Fall Classic and Womens World Classic"""
"=""10/4/2025""","=""119""","=""Round of 32""","=""Nathan Reynolds""","=""Monster Garage""","=""11-3""","=""MD""","=""Jekai Sedgwick""","=""Forge Wrestling Club""","=""Schenectady""","=""NY""","=""Journeymen Fall Classic and Womens World Classic"""
"=""10/4/2025""","=""119""","=""Round of 32""","=""Dylan Blenk""","=""Westhampton Beach""","=""19-1 4:09""","=""TF""","=""Peter Garibaldi""","=""Empire Wrestling Academy""","=""Schenectady""","=""NY""","=""Journeymen Fall Classic and Womens World Classic"""
"=""10/4/2025""","=""119""","=""Round of 32""","=""Carmine Sipper""","=""James Caldwell Hs""","=""9-6 SV""","=""DEC""","=""Connor Guffey""","=""Webster Thomas""","=""Schenectady""","=""NY""","=""Journeymen Fall Classic and Womens World Classic"""
"=""10/4/2025""","=""119""","=""Round of 32""","=""Makana Tieri""","=""Brevard Fca""","=""3-0 0:55""","=""F""","=""Riley Burke""","=""Edge Wrestling Club""","=""Schenectady""","=""NY""","=""Journeymen Fall Classic and Womens World Classic"""
"=""10/4/2025""","=""119""","=""Round of 32""","=""Brian Corbin""","=""Wyoming Seminary""","=""""","=""BYE""","=""""","=""""","=""Schenectady""","=""NY""","=""Journeymen Fall Classic and Womens World Classic"""
"=""10/4/2025""","=""119""","=""Round of 32""","=""Christian Stamis""","=""Bitetto Trained""","=""""","=""BYE""","=""""","=""""","=""Schenectady""","=""NY""","=""Journeymen Fall Classic and Womens World Classic"""
"=""10/4/2025""","=""119""","=""Round of 32""","=""Luke Foote""","=""Vhw""","=""""","=""BYE""","=""""","=""""","=""Schenectady""","=""NY""","=""Journeymen Fall Classic and Womens World Classic"""
"=""10/4/2025""","=""119""","=""Round of 32""","=""Anthony Valls""","=""Mat Assassins""","=""15-2""","=""MD""","=""Logan Costello""","=""Metrowest United/belmont Hill""","=""Schenectady""","=""NY""","=""Journeymen Fall Classic and Womens World Classic"""
"=""10/4/2025""","=""119""","=""Round of 32""","=""Logan Pascarella""","=""Ascend Wrestling Academy""","=""9-0""","=""MD""","=""Gabe Sardone""","=""Fisheye""","=""Schenectady""","=""NY""","=""Journeymen Fall Classic and Womens World Classic"""
"=""10/4/2025""","=""119""","=""Round of 32""","=""Jorje Rios""","=""Monster Garage""","=""18-3 2:35""","=""TF""","=""Dylan Green""","=""Journeymen/shenendehowa""","=""Schenectady""","=""NY""","=""Journeymen Fall Classic and Womens World Classic"""
"=""10/4/2025""","=""119""","=""Round of 32""","=""Evan Margolis""","=""Kd Trained""","=""""","=""BYE""","=""""","=""""","=""Schenectady""","=""NY""","=""Journeymen Fall Classic and Womens World Classic"""
"=""10/4/2025""","=""119""","=""Round of 16""","=""Gryphon Foster""","=""Titletown Fight Club""","=""5-3""","=""DEC""","=""Brian Corbin""","=""Wyoming Seminary""","=""Schenectady""","=""NY""","=""Journeymen Fall Classic and Womens World Classic"""
"=""10/4/2025""","=""119""","=""Round of 16""","=""Vincenzo Mannello""","=""Gps""","=""4-2""","=""DEC""","=""Carmine Sipper""","=""James Caldwell Hs""","=""Schenectady""","=""NY""","=""Journeymen Fall Classic and Womens World Classic"""
"=""10/4/2025""","=""119""","=""Round of 16""","=""Aj Kane""","=""Steller Trained""","=""17-1 3:05""","=""TF""","=""Dylan Green""","=""Journeymen/shenendehowa""","=""Schenectady""","=""NY""","=""Journeymen Fall Classic and Womens World Classic"""
"=""10/4/2025""","=""119""","=""Round of 16""","=""Zack Dixon""","=""South Side Wrestling Club""","=""15-0 3:17""","=""F""","=""Konstantinos Panos""","=""Eiwc""","=""Schenectady""","=""NY""","=""Journeymen Fall Classic and Womens World Classic"""
"=""10/4/2025""","=""119""","=""Round of 16""","=""Caden Barbera""","=""Iron Faith""","=""15-3 4:51""","=""F""","=""Christian Stamis""","=""Bitetto Trained""","=""Schenectady""","=""NY""","=""Journeymen Fall Classic and Womens World Classic"""
"=""10/4/2025""","=""119""","=""Round of 16""","=""Noah Hernandez""","=""Ruthless""","=""""","=""BYE""","=""""","=""""","=""Schenectady""","=""NY""","=""Journeymen Fall Classic and Womens World Classic"""
"=""10/4/2025""","=""119""","=""Round of 16""","=""Carson Miles""","=""Red Dot Wrestling""","=""8-1 SV""","=""DEC""","=""Austin Bronco Campsey""","=""Barn Brothers""","=""Schenectady""","=""NY""","=""Journeymen Fall Classic and Womens World Classic"""
"=""10/4/2025""","=""119""","=""Round of 16""","=""Logan Medeiros""","=""Iron Faith""","=""3-3 2:16""","=""F""","=""Makana Tieri""","=""Brevard Fca""","=""Schenectady""","=""NY""","=""Journeymen Fall Classic and Womens World Classic"""
"=""10/4/2025""","=""119""","=""Round of 16""","=""Julian Rios""","=""Doughboy""","=""4-3""","=""DEC""","=""Anthony Valls""","=""Mat Assassins""","=""Schenectady""","=""NY""","=""Journeymen Fall Classic and Womens World Classic"""
"=""10/4/2025""","=""119""","=""Round of 16""","=""Dominick Morrison""","=""Hatboro Horsham Warriors""","=""18-2 2:37""","=""TF""","=""Brody Dicaprio""","=""Cba/ Journeymen""","=""Schenectady""","=""NY""","=""Journeymen Fall Classic and Womens World Classic"""
"=""10/4/2025""","=""119""","=""Round of 16""","=""Tanner Connelly""","=""Yale Street""","=""4-1""","=""DEC""","=""Dario Guglielmo""","=""Ward Melville Hs""","=""Schenectady""","=""NY""","=""Journeymen Fall Classic and Womens World Classic"""
"=""10/4/2025""","=""119""","=""Round of 16""","=""Jorje Rios""","=""Monster Garage""","=""18-3 4:59""","=""TF""","=""Vincent Orandello""","=""Vhw""","=""Schenectady""","=""NY""","=""Journeymen Fall Classic and Womens World Classic"""
"=""10/4/2025""","=""119""","=""Round of 16""","=""Nathan Reynolds""","=""Monster Garage""","=""12-4""","=""MD""","=""Brendan Kelly""","=""Malvern Prep""","=""Schenectady""","=""NY""","=""Journeymen Fall Classic and Womens World Classic"""
"=""10/4/2025""","=""119""","=""Round of 16""","=""Jackson Dettore""","=""C2x Academy""","=""1-0""","=""DEC""","=""Connor Guffey""","=""Webster Thomas""","=""Schenectady""","=""NY""","=""Journeymen Fall Classic and Womens World Classic"""
"=""10/4/2025""","=""119""","=""Round of 16""","=""Cooper Merli""","=""Iron Horse / Journeymen""","=""8-3 1:04""","=""DEF""","=""Colton Schmiesing""","=""Vhw""","=""Schenectady""","=""NY""","=""Journeymen Fall Classic and Womens World Classic"""
"=""10/4/2025""","=""119""","=""Round of 16""","=""Brody Sayers""","=""Doughboy""","=""15-0 1:46""","=""TF""","=""Jekai Sedgwick""","=""Forge Wrestling Club""","=""Schenectady""","=""NY""","=""Journeymen Fall Classic and Womens World Classic"""
"=""10/4/2025""","=""119""","=""Round of 16""","=""Evan Margolis""","=""Kd Trained""","=""17-1 2:56""","=""TF""","=""Michael Quinn""","=""Top Flight Wrestling Academy""","=""Schenectady""","=""NY""","=""Journeymen Fall Classic and Womens World Classic"""
"=""10/4/2025""","=""119""","=""Round of 16""","=""Logan Costello""","=""Metrowest United/belmont Hill""","=""8-0 2:38""","=""F""","=""Aidan Matias""","=""Cordoba Trained""","=""Schenectady""","=""NY""","=""Journeymen Fall Classic and Womens World Classic"""
"=""10/4/2025""","=""119""","=""Round of 16""","=""Aidan Matias""","=""Cordoba Trained""","=""6-0""","=""DEC""","=""Moose Reichow""","=""Palm Wrestling Academy""","=""Schenectady""","=""NY""","=""Journeymen Fall Classic and Womens World Classic"""
"=""10/4/2025""","=""119""","=""Round of 16""","=""Kai Napadow Baquero""","=""Metrowest United""","=""12-6""","=""DEC""","=""Dylan Blenk""","=""Westhampton Beach""","=""Schenectady""","=""NY""","=""Journeymen Fall Classic and Womens World Classic"""
"=""10/4/2025""","=""119""","=""Round of 16""","=""Brayden Wenrich""","=""Grit Mat Club""","=""14-0""","=""MD""","=""Max Berman""","=""Germantown Academy""","=""Schenectady""","=""NY""","=""Journeymen Fall Classic and Womens World Classic"""
"=""10/4/2025""","=""119""","=""Round of 16""","=""Vincent Grippa""","=""Elite Wrestling""","=""6-3""","=""DEC""","=""Luke Foote""","=""Vhw""","=""Schenectady""","=""NY""","=""Journeymen Fall Classic and Womens World Classic"""
"=""10/4/2025""","=""119""","=""Round of 16""","=""Ethan Kadish""","=""Newton South""","=""8-2""","=""DEC""","=""Logan Pascarella""","=""Ascend Wrestling Academy""","=""Schenectady""","=""NY""","=""Journeymen Fall Classic and Womens World Classic"""
"=""10/4/2025""","=""119""","=""Round of 16""","=""Wyatt Stauffer""","=""Blair Academy""","=""11-4""","=""DEC""","=""Carter Drouin""","=""Iron Horse""","=""Schenectady""","=""NY""","=""Journeymen Fall Classic and Womens World Classic"""
"=""10/4/2025""","=""119""","=""Quarter-Finals""","=""Vincent Grippa""","=""Elite Wrestling""","=""8-3 3:23""","=""F""","=""Caden Barbera""","=""Iron Faith""","=""Schenectady""","=""NY""","=""Journeymen Fall Classic and Womens World Classic"""
"=""10/4/2025""","=""119""","=""Quarter-Finals""","=""Dario Guglielmo""","=""Ward Melville Hs""","=""8-0""","=""MD""","=""Dylan Green""","=""Journeymen/shenendehowa""","=""Schenectady""","=""NY""","=""Journeymen Fall Classic and Womens World Classic"""
"=""10/4/2025""","=""119""","=""Quarter-Finals""","=""Connor Guffey""","=""Webster Thomas""","=""""","=""BYE""","=""""","=""""","=""Schenectady""","=""NY""","=""Journeymen Fall Classic and Womens World Classic"""
"=""10/4/2025""","=""119""","=""Quarter-Finals""","=""Gryphon Foster""","=""Titletown Fight Club""","=""1-0""","=""DEC""","=""Ethan Kadish""","=""Newton South""","=""Schenectady""","=""NY""","=""Journeymen Fall Classic and Womens World Classic"""
"=""10/4/2025""","=""119""","=""Quarter-Finals""","=""Carmine Sipper""","=""James Caldwell Hs""","=""7-0""","=""DEC""","=""Max Berman""","=""Germantown Academy""","=""Schenectady""","=""NY""","=""Journeymen Fall Classic and Womens World Classic"""
"=""10/4/2025""","=""119""","=""Quarter-Finals""","=""Cooper Merli""","=""Iron Horse / Journeymen""","=""8-2""","=""DEC""","=""Carson Miles""","=""Red Dot Wrestling""","=""Schenectady""","=""NY""","=""Journeymen Fall Classic and Womens World Classic"""
"=""10/4/2025""","=""119""","=""Quarter-Finals""","=""Austin Bronco Campsey""","=""Barn Brothers""","=""""","=""M FOR""","=""Colton Schmiesing""","=""Vhw""","=""Schenectady""","=""NY""","=""Journeymen Fall Classic and Womens World Classic"""
"=""10/4/2025""","=""119""","=""Quarter-Finals""","=""Jekai Sedgwick""","=""Forge Wrestling Club""","=""7-1 2:47""","=""F""","=""Aidan Matias""","=""Cordoba Trained""","=""Schenectady""","=""NY""","=""Journeymen Fall Classic and Womens World Classic"""
"=""10/4/2025""","=""119""","=""Quarter-Finals""","=""Julian Rios""","=""Doughboy""","=""6-5 SV""","=""DEC""","=""Nathan Reynolds""","=""Monster Garage""","=""Schenectady""","=""NY""","=""Journeymen Fall Classic and Womens World Classic"""
"=""10/4/2025""","=""119""","=""Quarter-Finals""","=""Brayden Wenrich""","=""Grit Mat Club""","=""8-0""","=""MD""","=""Vincenzo Mannello""","=""Gps""","=""Schenectady""","=""NY""","=""Journeymen Fall Classic and Womens World Classic"""
"=""10/4/2025""","=""119""","=""Quarter-Finals""","=""Anthony Valls""","=""Mat Assassins""","=""11-7""","=""DEC""","=""Brendan Kelly""","=""Malvern Prep""","=""Schenectady""","=""NY""","=""Journeymen Fall Classic and Womens World Classic"""
"=""10/4/2025""","=""119""","=""Quarter-Finals""","=""Wyatt Stauffer""","=""Blair Academy""","=""1-0""","=""DEC""","=""Zack Dixon""","=""South Side Wrestling Club""","=""Schenectady""","=""NY""","=""Journeymen Fall Classic and Womens World Classic"""
"=""10/4/2025""","=""119""","=""Quarter-Finals""","=""Jackson Dettore""","=""C2x Academy""","=""4-2""","=""DEC""","=""Noah Hernandez""","=""Ruthless""","=""Schenectady""","=""NY""","=""Journeymen Fall Classic and Womens World Classic"""
"=""10/4/2025""","=""119""","=""Quarter-Finals""","=""Tanner Connelly""","=""Yale Street""","=""4-1""","=""DEC""","=""Aj Kane""","=""Steller Trained""","=""Schenectady""","=""NY""","=""Journeymen Fall Classic and Womens World Classic"""
"=""10/4/2025""","=""119""","=""Quarter-Finals""","=""Vincent Orandello""","=""Vhw""","=""4-0""","=""DEC""","=""Brody Dicaprio""","=""Cba/ Journeymen""","=""Schenectady""","=""NY""","=""Journeymen Fall Classic and Womens World Classic"""
"=""10/4/2025""","=""119""","=""Quarter-Finals""","=""Dominick Morrison""","=""Hatboro Horsham Warriors""","=""11-7""","=""DEC""","=""Jorje Rios""","=""Monster Garage""","=""Schenectady""","=""NY""","=""Journeymen Fall Classic and Womens World Classic"""
"=""10/4/2025""","=""119""","=""Quarter-Finals""","=""Brody Sayers""","=""Doughboy""","=""4-3""","=""DEC""","=""Logan Costello""","=""Metrowest United/belmont Hill""","=""Schenectady""","=""NY""","=""Journeymen Fall Classic and Womens World Classic"""
"=""10/4/2025""","=""119""","=""Quarter-Finals""","=""Aidan Matias""","=""Cordoba Trained""","=""5-2""","=""DEC""","=""Logan Medeiros""","=""Iron Faith""","=""Schenectady""","=""NY""","=""Journeymen Fall Classic and Womens World Classic"""
"=""10/4/2025""","=""119""","=""Quarter-Finals""","=""Carter Drouin""","=""Iron Horse""","=""11-2""","=""MD""","=""Konstantinos Panos""","=""Eiwc""","=""Schenectady""","=""NY""","=""Journeymen Fall Classic and Womens World Classic"""
"=""10/4/2025""","=""119""","=""Quarter-Finals""","=""Evan Margolis""","=""Kd Trained""","=""9-0""","=""MD""","=""Kai Napadow Baquero""","=""Metrowest United""","=""Schenectady""","=""NY""","=""Journeymen Fall Classic and Womens World Classic"""
"=""10/4/2025""","=""119""","=""Semi-Finals""","=""Wyatt Stauffer""","=""Blair Academy""","=""16-5""","=""MD""","=""Brody Sayers""","=""Doughboy""","=""Schenectady""","=""NY""","=""Journeymen Fall Classic and Womens World Classic"""
"=""10/4/2025""","=""119""","=""Semi-Finals""","=""Vincent Grippa""","=""Elite Wrestling""","=""5-2""","=""DEC""","=""Evan Margolis""","=""Kd Trained""","=""Schenectady""","=""NY""","=""Journeymen Fall Classic and Womens World Classic"""
"=""10/4/2025""","=""119""","=""Semi-Finals""","=""Brayden Wenrich""","=""Grit Mat Club""","=""2-0""","=""DEC""","=""Dominick Morrison""","=""Hatboro Horsham Warriors""","=""Schenectady""","=""NY""","=""Journeymen Fall Classic and Womens World Classic"""
"=""10/4/2025""","=""119""","=""Semi-Finals""","=""Connor Guffey""","=""Webster Thomas""","=""3-0 3:27""","=""F""","=""Dario Guglielmo""","=""Ward Melville Hs""","=""Schenectady""","=""NY""","=""Journeymen Fall Classic and Womens World Classic"""
"=""10/4/2025""","=""119""","=""Semi-Finals""","=""Cooper Merli""","=""Iron Horse / Journeymen""","=""9-1""","=""MD""","=""Julian Rios""","=""Doughboy""","=""Schenectady""","=""NY""","=""Journeymen Fall Classic and Womens World Classic"""
"=""10/4/2025""","=""119""","=""Semi-Finals""","=""Vincent Orandello""","=""Vhw""","=""12-6""","=""DEC""","=""Carmine Sipper""","=""James Caldwell Hs""","=""Schenectady""","=""NY""","=""Journeymen Fall Classic and Womens World Classic"""
"=""10/4/2025""","=""119""","=""Semi-Finals""","=""Jekai Sedgwick""","=""Forge Wrestling Club""","=""6-1 1:50""","=""F""","=""Carter Drouin""","=""Iron Horse""","=""Schenectady""","=""NY""","=""Journeymen Fall Classic and Womens World Classic"""
"=""10/4/2025""","=""119""","=""Semi-Finals""","=""Austin Bronco Campsey""","=""Barn Brothers""","=""4-0""","=""DEC""","=""Anthony Valls""","=""Mat Assassins""","=""Schenectady""","=""NY""","=""Journeymen Fall Classic and Womens World Classic"""
"=""10/4/2025""","=""119""","=""Semi-Finals""","=""Aidan Matias""","=""Cordoba Trained""","=""12-4""","=""MD""","=""Gryphon Foster""","=""Titletown Fight Club""","=""Schenectady""","=""NY""","=""Journeymen Fall Classic and Womens World Classic"""
"=""10/4/2025""","=""119""","=""Semi-Finals""","=""Tanner Connelly""","=""Yale Street""","=""4-0 3:14""","=""F""","=""Jackson Dettore""","=""C2x Academy""","=""Schenectady""","=""NY""","=""Journeymen Fall Classic and Womens World Classic"""
"=""10/4/2025""","=""119""","=""Finals""","=""Brayden Wenrich""","=""Grit Mat Club""","=""6-0""","=""DEC""","=""Cooper Merli""","=""Iron Horse / Journeymen""","=""Schenectady""","=""NY""","=""Journeymen Fall Classic and Womens World Classic"""
"=""10/4/2025""","=""119""","=""Finals""","=""Tanner Connelly""","=""Yale Street""","=""4-2""","=""DEC""","=""Wyatt Stauffer""","=""Blair Academy""","=""Schenectady""","=""NY""","=""Journeymen Fall Classic and Womens World Classic"""
"=""10/4/2025""","=""119""","=""Finals""","=""Jekai Sedgwick""","=""Forge Wrestling Club""","=""8-2""","=""DEC""","=""Connor Guffey""","=""Webster Thomas""","=""Schenectady""","=""NY""","=""Journeymen Fall Classic and Womens World Classic"""
"=""10/4/2025""","=""119""","=""Finals""","=""Aidan Matias""","=""Cordoba Trained""","=""12-3""","=""MD""","=""Vincent Grippa""","=""Elite Wrestling""","=""Schenectady""","=""NY""","=""Journeymen Fall Classic and Womens World Classic"""
"=""10/4/2025""","=""119""","=""Finals""","=""Vincent Orandello""","=""Vhw""","=""17-6""","=""MD""","=""Austin Bronco Campsey""","=""Barn Brothers""","=""Schenectady""","=""NY""","=""Journeymen Fall Classic and Womens World Classic"""
"=""10/4/2025""","=""90""","=""RR Rnd 3""","=""Corey Mattingly""","=""Fisheye""","=""""","=""BYE""","=""""","=""""","=""Schenectady""","=""NY""","=""Journeymen Fall Classic and Womens World Classic"""
"=""10/4/2025""","=""90""","=""RR Rnd 3""","=""David Cheltsov""","=""Savage House""","=""10-0 2:05""","=""F""","=""Navin Wagoner""","=""Journeymen WC""","=""Schenectady""","=""NY""","=""Journeymen Fall Classic and Womens World Classic"""
"=""10/4/2025""","=""90""","=""RR Rnd 3""","=""Jonathan Quesada""","=""Fisheye""","=""""","=""BYE""","=""""","=""""","=""Schenectady""","=""NY""","=""Journeymen Fall Classic and Womens World Classic"""
"=""10/4/2025""","=""90""","=""RR Rnd 3""","=""Ryan Smedley""","=""Kd Trained""","=""7-0 1:26""","=""F""","=""Holden Libertucci""","=""Journeymen WC""","=""Schenectady""","=""NY""","=""Journeymen Fall Classic and Womens World Classic"""
"=""10/4/2025""","=""90""","=""RR Rnd 3""","=""George Dipsey""","=""Ruthless Wrestling Club""","=""6-5""","=""DEC""","=""Jake Wehner""","=""Triumph""","=""Schenectady""","=""NY""","=""Journeymen Fall Classic and Womens World Classic"""
"=""10/4/2025""","=""90""","=""RR Rnd 3""","=""Weston Cass""","=""Fisheye""","=""""","=""BYE""","=""""","=""""","=""Schenectady""","=""NY""","=""Journeymen Fall Classic and Womens World Classic"""
"=""10/4/2025""","=""90""","=""RR Rnd 2""","=""Ryan Smedley""","=""Kd Trained""","=""7-0 1:13""","=""F""","=""Jonathan Quesada""","=""Fisheye""","=""Schenectady""","=""NY""","=""Journeymen Fall Classic and Womens World Classic"""
"=""10/4/2025""","=""90""","=""RR Rnd 2""","=""Holden Libertucci""","=""Journeymen WC""","=""""","=""BYE""","=""""","=""""","=""Schenectady""","=""NY""","=""Journeymen Fall Classic and Womens World Classic"""
"=""10/4/2025""","=""90""","=""RR Rnd 2""","=""Jake Wehner""","=""Triumph""","=""3-0 0:43""","=""F""","=""Corey Mattingly""","=""Fisheye""","=""Schenectady""","=""NY""","=""Journeymen Fall Classic and Womens World Classic"""
"=""10/4/2025""","=""90""","=""RR Rnd 2""","=""Navin Wagoner""","=""Journeymen WC""","=""""","=""BYE""","=""""","=""""","=""Schenectady""","=""NY""","=""Journeymen Fall Classic and Womens World Classic"""
"=""10/4/2025""","=""90""","=""RR Rnd 2""","=""David Cheltsov""","=""Savage House""","=""3-0 0:23""","=""F""","=""Weston Cass""","=""Fisheye""","=""Schenectady""","=""NY""","=""Journeymen Fall Classic and Womens World Classic"""
"=""10/4/2025""","=""90""","=""RR Rnd 2""","=""George Dipsey""","=""Ruthless Wrestling Club""","=""""","=""BYE""","=""""","=""""","=""Schenectady""","=""NY""","=""Journeymen Fall Classic and Womens World Classic"""
"=""10/4/2025""","=""90""","=""RR Rnd 1""","=""Navin Wagoner""","=""Journeymen WC""","=""6-4 2:47""","=""F""","=""Weston Cass""","=""Fisheye""","=""Schenectady""","=""NY""","=""Journeymen Fall Classic and Womens World Classic"""
"=""10/4/2025""","=""90""","=""RR Rnd 1""","=""Ryan Smedley""","=""Kd Trained""","=""""","=""BYE""","=""""","=""""","=""Schenectady""","=""NY""","=""Journeymen Fall Classic and Womens World Classic"""
"=""10/4/2025""","=""90""","=""RR Rnd 1""","=""Jonathan Quesada""","=""Fisheye""","=""3-0 1:23""","=""F""","=""Holden Libertucci""","=""Journeymen WC""","=""Schenectady""","=""NY""","=""Journeymen Fall Classic and Womens World Classic"""
"=""10/4/2025""","=""90""","=""RR Rnd 1""","=""George Dipsey""","=""Ruthless Wrestling Club""","=""18-1 1:30""","=""TF""","=""Corey Mattingly""","=""Fisheye""","=""Schenectady""","=""NY""","=""Journeymen Fall Classic and Womens World Classic"""
"=""10/4/2025""","=""90""","=""RR Rnd 1""","=""Daniel Martinez""","=""Monster Garage""","=""14-3""","=""MD""","=""Chase Simonton""","=""Barn Brothers""","=""Schenectady""","=""NY""","=""Journeymen Fall Classic and Womens World Classic"""
"=""10/4/2025""","=""90""","=""RR Rnd 1""","=""Jake Wehner""","=""Triumph""","=""""","=""BYE""","=""""","=""""","=""Schenectady""","=""NY""","=""Journeymen Fall Classic and Womens World Classic"""
"=""10/4/2025""","=""90""","=""RR Rnd 1""","=""David Cheltsov""","=""Savage House""","=""""","=""BYE""","=""""","=""""","=""Schenectady""","=""NY""","=""Journeymen Fall Classic and Womens World Classic"""
"=""10/4/2025""","=""125""","=""Consi of 16 #1""","=""Justis Majors""","=""Superior""","=""""","=""BYE""","=""""","=""""","=""Schenectady""","=""NY""","=""Journeymen Fall Classic and Womens World Classic"""
"=""10/4/2025""","=""125""","=""Consi of 16 #1""","=""Kyle Crudele""","=""Journeymen WC""","=""""","=""BYE""","=""""","=""""","=""Schenectady""","=""NY""","=""Journeymen Fall Classic and Womens World Classic"""
"=""10/4/2025""","=""125""","=""Consi of 16 #1""","=""Justin Cabuhat""","=""Empire Wrestling Academy""","=""""","=""BYE""","=""""","=""""","=""Schenectady""","=""NY""","=""Journeymen Fall Classic and Womens World Classic"""
"=""10/4/2025""","=""125""","=""Consi of 16 #1""","=""Max Toussaint""","=""Journeymen WC""","=""""","=""BYE""","=""""","=""""","=""Schenectady""","=""NY""","=""Journeymen Fall Classic and Womens World Classic"""
"=""10/4/2025""","=""125""","=""Consi of 16 #1""","=""Dominic Simpson""","=""Wrestlers Way""","=""15-5""","=""MD""","=""Sam Burega""","=""Hammer Wrestling""","=""Schenectady""","=""NY""","=""Journeymen Fall Classic and Womens World Classic"""
"=""10/4/2025""","=""125""","=""Consi of 16 #1""","=""Justus Giglietti""","=""Brevard Fca""","=""""","=""BYE""","=""""","=""""","=""Schenectady""","=""NY""","=""Journeymen Fall Classic and Womens World Classic"""
"=""10/4/2025""","=""125""","=""Consi of 16 #1""","=""Loghan Dwyer""","=""Empire Wrestling Academy""","=""""","=""BYE""","=""""","=""""","=""Schenectady""","=""NY""","=""Journeymen Fall Classic and Womens World Classic"""
"=""10/4/2025""","=""125""","=""Consi of 16 #2""","=""Micah Loudermilk""","=""Bergen Catholic""","=""7-0 1:01""","=""F""","=""Kyle Crudele""","=""Journeymen WC""","=""Schenectady""","=""NY""","=""Journeymen Fall Classic and Womens World Classic"""
"=""10/4/2025""","=""125""","=""Consi of 16 #2""","=""Ryan Spahiu""","=""Metrowest United""","=""9-0 4:35""","=""F""","=""Dominic Simpson""","=""Wrestlers Way""","=""Schenectady""","=""NY""","=""Journeymen Fall Classic and Womens World Classic"""
"=""10/4/2025""","=""125""","=""Consi of 16 #2""","=""Tony Bothwell""","=""Pocono Mountain West""","=""18-3 2:21""","=""TF""","=""Justus Giglietti""","=""Brevard Fca""","=""Schenectady""","=""NY""","=""Journeymen Fall Classic and Womens World Classic"""
"=""10/4/2025""","=""125""","=""Consi of 16 #2""","=""Brody Walsh""","=""Honesdale Highschool/matt Assassins""","=""""","=""BYE""","=""""","=""""","=""Schenectady""","=""NY""","=""Journeymen Fall Classic and Womens World Classic"""
"=""10/4/2025""","=""125""","=""Consi of 16 #2""","=""Justis Majors""","=""Superior""","=""6-5""","=""DEC""","=""Tibor Toth""","=""Fargo Qualifier""","=""Schenectady""","=""NY""","=""Journeymen Fall Classic and Womens World Classic"""
"=""10/4/2025""","=""125""","=""Consi of 16 #2""","=""Robert Coleman""","=""Legacy Dragons""","=""17-2 3:39""","=""TF""","=""Justin Cabuhat""","=""Empire Wrestling Academy""","=""Schenectady""","=""NY""","=""Journeymen Fall Classic and Womens World Classic"""
"=""10/4/2025""","=""125""","=""Consi of 16 #2""","=""John Aniello""","=""Kd Trained""","=""17-2 4:02""","=""TF""","=""Max Toussaint""","=""Journeymen WC""","=""Schenectady""","=""NY""","=""Journeymen Fall Classic and Womens World Classic"""
"=""10/4/2025""","=""125""","=""Consi of 16 #2""","=""Landon Logan""","=""Combat Athletics""","=""16-1 4:04""","=""TF""","=""Loghan Dwyer""","=""Empire Wrestling Academy""","=""Schenectady""","=""NY""","=""Journeymen Fall Classic and Womens World Classic"""
"=""10/4/2025""","=""125""","=""Consi of 8 #1""","=""Landon Logan""","=""Combat Athletics""","=""16-9""","=""DEC""","=""Tony Bothwell""","=""Pocono Mountain West""","=""Schenectady""","=""NY""","=""Journeymen Fall Classic and Womens World Classic"""
"=""10/4/2025""","=""125""","=""Consi of 8 #1""","=""Micah Loudermilk""","=""Bergen Catholic""","=""2-0""","=""DEC""","=""Robert Coleman""","=""Legacy Dragons""","=""Schenectady""","=""NY""","=""Journeymen Fall Classic and Womens World Classic"""
"=""10/4/2025""","=""125""","=""Consi of 8 #1""","=""Ryan Spahiu""","=""Metrowest United""","=""15-0 1:20""","=""TF""","=""Justis Majors""","=""Superior""","=""Schenectady""","=""NY""","=""Journeymen Fall Classic and Womens World Classic"""
"=""10/4/2025""","=""125""","=""Consi of 8 #1""","=""John Aniello""","=""Kd Trained""","=""18-0 3:30""","=""TF""","=""Brody Walsh""","=""Honesdale Highschool/matt Assassins""","=""Schenectady""","=""NY""","=""Journeymen Fall Classic and Womens World Classic"""
"=""10/4/2025""","=""125""","=""Consi of 8 #2""","=""Micah Loudermilk""","=""Bergen Catholic""","=""3-0""","=""DEC""","=""Tomas Melendez""","=""Legacy Dragons""","=""Schenectady""","=""NY""","=""Journeymen Fall Classic and Womens World Classic"""
"=""10/4/2025""","=""125""","=""Consi of 8 #2""","=""Dante Giusti""","=""Doughboy Wrestling Club""","=""20-4 3:58""","=""TF""","=""John Aniello""","=""Kd Trained""","=""Schenectady""","=""NY""","=""Journeymen Fall Classic and Womens World Classic"""
"=""10/4/2025""","=""125""","=""Consi of 8 #2""","=""Nathan Morales""","=""Smitty's Barn""","=""11-6""","=""DEC""","=""Landon Logan""","=""Combat Athletics""","=""Schenectady""","=""NY""","=""Journeymen Fall Classic and Womens World Classic"""
"=""10/4/2025""","=""125""","=""Consi of 8 #2""","=""Brayden Boccia""","=""Doughboy Wrestling Club""","=""5-0 1:59""","=""F""","=""Ryan Spahiu""","=""Metrowest United""","=""Schenectady""","=""NY""","=""Journeymen Fall Classic and Womens World Classic"""
"=""10/4/2025""","=""125""","=""Consi of 4""","=""Cael Bruce""","=""Superior Wrestling Academy""","=""""","=""BYE""","=""""","=""""","=""Schenectady""","=""NY""","=""Journeymen Fall Classic and Womens World Classic"""
"=""10/4/2025""","=""125""","=""Consi of 4""","=""Sean Elliott""","=""Howell Highschool""","=""10-3""","=""DEC""","=""David Vazquez""","=""Dc Trained""","=""Schenectady""","=""NY""","=""Journeymen Fall Classic and Womens World Classic"""
"=""10/4/2025""","=""125""","=""Consi of 4""","=""Andrew Poh""","=""Vhw""","=""11-3 2:44""","=""F""","=""Preston White""","=""Darkhorse Wrestling""","=""Schenectady""","=""NY""","=""Journeymen Fall Classic and Womens World Classic"""
"=""10/4/2025""","=""125""","=""Consi of 4""","=""Brayden Boccia""","=""Doughboy Wrestling Club""","=""12-0""","=""MD""","=""Micah Loudermilk""","=""Bergen Catholic""","=""Schenectady""","=""NY""","=""Journeymen Fall Classic and Womens World Classic"""
"=""10/4/2025""","=""125""","=""Consi of 4""","=""Wyatt Spencer""","=""Wyoming Seminary""","=""1-0""","=""DEC""","=""Luca Popolizio""","=""Journeymen/ Cba""","=""Schenectady""","=""NY""","=""Journeymen Fall Classic and Womens World Classic"""
"=""10/4/2025""","=""125""","=""Consi of 4""","=""Alex Marchetti""","=""Wyoming Seminary""","=""""","=""FOR""","=""Jordan Segal""","=""Edge""","=""Schenectady""","=""NY""","=""Journeymen Fall Classic and Womens World Classic"""
"=""10/4/2025""","=""125""","=""Consi of 4""","=""Jack Baron""","=""Grit Mat Club""","=""4-1""","=""DEC""","=""Joseph Pellicci""","=""Paramus Catholic High School""","=""Schenectady""","=""NY""","=""Journeymen Fall Classic and Womens World Classic"""
"=""10/4/2025""","=""125""","=""Consi of 4""","=""Dante Giusti""","=""Doughboy Wrestling Club""","=""11-6""","=""DEC""","=""Nathan Morales""","=""Smitty's Barn""","=""Schenectady""","=""NY""","=""Journeymen Fall Classic and Womens World Classic"""
"=""10/4/2025""","=""125""","=""Consi of 4""","=""Kael Davis""","=""M-2 Training Center""","=""15-0 3:46""","=""TF""","=""Zac Hartley""","=""Impact Wrestling Academy""","=""Schenectady""","=""NY""","=""Journeymen Fall Classic and Womens World Classic"""
"=""10/4/2025""","=""125""","=""Consi-Semis""","=""Dante Giusti""","=""Doughboy Wrestling Club""","=""14-10 4:56""","=""F""","=""Nico Cassano""","=""Btwc""","=""Schenectady""","=""NY""","=""Journeymen Fall Classic and Womens World Classic"""
"=""10/4/2025""","=""125""","=""Consi-Semis""","=""Brayden Boccia""","=""Doughboy Wrestling Club""","=""16-8""","=""MD""","=""Jose Trejo""","=""Combat Athletics""","=""Schenectady""","=""NY""","=""Journeymen Fall Classic and Womens World Classic"""
"=""10/4/2025""","=""125""","=""Consi-Semis""","=""Eamon Fry""","=""Rumson -Fairhaven""","=""""","=""BYE""","=""""","=""""","=""Schenectady""","=""NY""","=""Journeymen Fall Classic and Womens World Classic"""
"=""10/4/2025""","=""125""","=""Consi-Semis""","=""Cael Bruce""","=""Superior Wrestling Academy""","=""7-0 1:24""","=""F""","=""Robinson Parades""","=""Eiwc""","=""Schenectady""","=""NY""","=""Journeymen Fall Classic and Womens World Classic"""
"=""10/4/2025""","=""125""","=""7th Place""","=""Joseph Pellicci""","=""Paramus Catholic High School""","=""""","=""M FOR""","=""Preston White""","=""Darkhorse Wrestling""","=""Schenectady""","=""NY""","=""Journeymen Fall Classic and Womens World Classic"""
"=""10/4/2025""","=""125""","=""7th Place""","=""Zac Hartley""","=""Impact Wrestling Academy""","=""""","=""FOR""","=""Jordan Segal""","=""Edge""","=""Schenectady""","=""NY""","=""Journeymen Fall Classic and Womens World Classic"""
"=""10/4/2025""","=""125""","=""7th Place""","=""David Vazquez""","=""Dc Trained""","=""7-0""","=""DEC""","=""Luca Popolizio""","=""Journeymen/ Cba""","=""Schenectady""","=""NY""","=""Journeymen Fall Classic and Womens World Classic"""
"=""10/4/2025""","=""125""","=""5th Place""","=""Kael Davis""","=""M-2 Training Center""","=""14-6""","=""MD""","=""Alex Marchetti""","=""Wyoming Seminary""","=""Schenectady""","=""NY""","=""Journeymen Fall Classic and Womens World Classic"""
"=""10/4/2025""","=""125""","=""5th Place""","=""Robinson Parades""","=""Eiwc""","=""""","=""BYE""","=""""","=""""","=""Schenectady""","=""NY""","=""Journeymen Fall Classic and Womens World Classic"""
"=""10/4/2025""","=""125""","=""5th Place""","=""Jack Baron""","=""Grit Mat Club""","=""7-3""","=""DEC""","=""Andrew Poh""","=""Vhw""","=""Schenectady""","=""NY""","=""Journeymen Fall Classic and Womens World Classic"""
"=""10/4/2025""","=""125""","=""5th Place""","=""Wyatt Spencer""","=""Wyoming Seminary""","=""5-1""","=""DEC""","=""Sean Elliott""","=""Howell Highschool""","=""Schenectady""","=""NY""","=""Journeymen Fall Classic and Womens World Classic"""
"=""10/4/2025""","=""90""","=""3rd Place""","=""Jonathan Quesada""","=""Fisheye""","=""9-4""","=""DEC""","=""Navin Wagoner""","=""Journeymen WC""","=""Schenectady""","=""NY""","=""Journeymen Fall Classic and Womens World Classic"""
"=""10/4/2025""","=""90""","=""3rd Place""","=""Daniel Martinez""","=""Monster Garage""","=""6-2""","=""DEC""","=""George Dipsey""","=""Ruthless Wrestling Club""","=""Schenectady""","=""NY""","=""Journeymen Fall Classic and Womens World Classic"""
"=""10/4/2025""","=""125""","=""3rd Place""","=""Jr Ortega""","=""Black Fox""","=""7-1""","=""DEC""","=""Anthony Lagala Ryan""","=""Kdtc""","=""Schenectady""","=""NY""","=""Journeymen Fall Classic and Womens World Classic"""
"=""10/4/2025""","=""125""","=""3rd Place""","=""Graydon Martin""","=""Srhs""","=""10-0""","=""MD""","=""Benjamin Rosen""","=""Eiwc""","=""Schenectady""","=""NY""","=""Journeymen Fall Classic and Womens World Classic"""
"=""10/4/2025""","=""125""","=""3rd Place""","=""Ethan Michaels""","=""Triumph""","=""4-1""","=""DEC""","=""Vincent Mastrianni""","=""Journeymen""","=""Schenectady""","=""NY""","=""Journeymen Fall Classic and Womens World Classic"""
"=""10/4/2025""","=""125""","=""3rd Place""","=""Eamon Fry""","=""Rumson -Fairhaven""","=""4-0""","=""DEC""","=""Cael Bruce""","=""Superior Wrestling Academy""","=""Schenectady""","=""NY""","=""Journeymen Fall Classic and Womens World Classic"""
"=""10/4/2025""","=""125""","=""3rd Place""","=""Brayden Boccia""","=""Doughboy Wrestling Club""","=""10-1""","=""MD""","=""Dante Giusti""","=""Doughboy Wrestling Club""","=""Schenectady""","=""NY""","=""Journeymen Fall Classic and Womens World Classic"""
"=""10/4/2025""","=""90""","=""3rd Place""","=""Corey Mattingly""","=""Fisheye""","=""""","=""BYE""","=""""","=""""","=""Schenectady""","=""NY""","=""Journeymen Fall Classic and Womens World Classic"""
"=""10/4/2025""","=""125""","=""Round of 32""","=""Mikey Bautista""","=""St. Joe's Regional High School""","=""13-2""","=""MD""","=""Alex Marchetti""","=""Wyoming Seminary""","=""Schenectady""","=""NY""","=""Journeymen Fall Classic and Womens World Classic"""
"=""10/4/2025""","=""125""","=""Round of 32""","=""Eli Gabrielson""","=""Smwc Wolfpack""","=""7-4""","=""DEC""","=""Eamon Fry""","=""Rumson -Fairhaven""","=""Schenectady""","=""NY""","=""Journeymen Fall Classic and Womens World Classic"""
"=""10/4/2025""","=""125""","=""Round of 32""","=""Luca Popolizio""","=""Journeymen/ Cba""","=""3-0 0:36""","=""F""","=""Zac Hartley""","=""Impact Wrestling Academy""","=""Schenectady""","=""NY""","=""Journeymen Fall Classic and Womens World Classic"""
"=""10/4/2025""","=""125""","=""Round of 32""","=""Sean Elliott""","=""Howell Highschool""","=""7-0 1:47""","=""F""","=""Robinson Parades""","=""Eiwc""","=""Schenectady""","=""NY""","=""Journeymen Fall Classic and Womens World Classic"""
"=""10/4/2025""","=""125""","=""Round of 32""","=""Landon Logan""","=""Combat Athletics""","=""19-2 2:20""","=""TF""","=""Sam Burega""","=""Hammer Wrestling""","=""Schenectady""","=""NY""","=""Journeymen Fall Classic and Womens World Classic"""
"=""10/4/2025""","=""125""","=""Round of 32""","=""Andrew Poh""","=""Vhw""","=""21-3 2:55""","=""TF""","=""Jordan Segal""","=""Edge""","=""Schenectady""","=""NY""","=""Journeymen Fall Classic and Womens World Classic"""
"=""10/4/2025""","=""125""","=""Round of 32""","=""Jack Baron""","=""Grit Mat Club""","=""6-5""","=""DEC""","=""Brayden Boccia""","=""Doughboy""","=""Schenectady""","=""NY""","=""Journeymen Fall Classic and Womens World Classic"""
"=""10/4/2025""","=""125""","=""Round of 32""","=""Ethan Michaels""","=""Triumph""","=""""","=""BYE""","=""""","=""""","=""Schenectady""","=""NY""","=""Journeymen Fall Classic and Womens World Classic"""
"=""10/4/2025""","=""125""","=""Round of 32""","=""Joseph Pellicci""","=""Paramus Catholic High School""","=""5-3 3:07""","=""F""","=""Benjamin Rosen""","=""Eiwc""","=""Schenectady""","=""NY""","=""Journeymen Fall Classic and Womens World Classic"""
"=""10/4/2025""","=""125""","=""Round of 32""","=""Robert Coleman""","=""Legacy Dragons""","=""""","=""BYE""","=""""","=""""","=""Schenectady""","=""NY""","=""Journeymen Fall Classic and Womens World Classic"""
"=""10/4/2025""","=""125""","=""Round of 32""","=""Tomas Melendez""","=""Legacy Dragons""","=""""","=""BYE""","=""""","=""""","=""Schenectady""","=""NY""","=""Journeymen Fall Classic and Womens World Classic"""
"=""10/4/2025""","=""125""","=""Round of 32""","=""Brody Walsh""","=""Honesdale Highschool/matt Assassins""","=""6-1 1:38""","=""F""","=""Kyle Crudele""","=""Journeymen WC""","=""Schenectady""","=""NY""","=""Journeymen Fall Classic and Womens World Classic"""
"=""10/4/2025""","=""125""","=""Round of 32""","=""Preston White""","=""Darkhorse Wrestling""","=""14-8""","=""DEC""","=""Wiliam Russell""","=""Kd Training Center""","=""Schenectady""","=""NY""","=""Journeymen Fall Classic and Womens World Classic"""
"=""10/4/2025""","=""125""","=""Round of 32""","=""Brayden Boccia""","=""Doughboy Wrestling Club""","=""""","=""BYE""","=""""","=""""","=""Schenectady""","=""NY""","=""Journeymen Fall Classic and Womens World Classic"""
"=""10/4/2025""","=""125""","=""Round of 32""","=""Brady Full""","=""Mat Assassins Wc""","=""""","=""BYE""","=""""","=""""","=""Schenectady""","=""NY""","=""Journeymen Fall Classic and Womens World Classic"""
"=""10/4/2025""","=""125""","=""Round of 32""","=""Vincent Mastrianni""","=""Journeymen""","=""10-1""","=""MD""","=""Cael Bruce""","=""Superior Wrestling Academy""","=""Schenectady""","=""NY""","=""Journeymen Fall Classic and Womens World Classic"""
"=""10/4/2025""","=""125""","=""Round of 32""","=""Dante Giusti""","=""Doughboy Wrestling Club""","=""""","=""BYE""","=""""","=""""","=""Schenectady""","=""NY""","=""Journeymen Fall Classic and Womens World Classic"""
"=""10/4/2025""","=""125""","=""Round of 32""","=""Micah Loudermilk""","=""Bergen Catholic""","=""""","=""BYE""","=""""","=""""","=""Schenectady""","=""NY""","=""Journeymen Fall Classic and Womens World Classic"""
"=""10/4/2025""","=""125""","=""Round of 32""","=""Jr Ortega""","=""Black Fox""","=""4-1""","=""DEC""","=""Edward George""","=""Blair Academy""","=""Schenectady""","=""NY""","=""Journeymen Fall Classic and Womens World Classic"""
"=""10/4/2025""","=""125""","=""Round of 32""","=""John Aniello""","=""Kd Trained""","=""14-0""","=""MD""","=""Justin Cabuhat""","=""Empire Wrestling Academy""","=""Schenectady""","=""NY""","=""Journeymen Fall Classic and Womens World Classic"""
"=""10/4/2025""","=""125""","=""Round of 32""","=""Alex Marchetti""","=""Wyoming Seminary""","=""""","=""BYE""","=""""","=""""","=""Schenectady""","=""NY""","=""Journeymen Fall Classic and Womens World Classic"""
"=""10/4/2025""","=""125""","=""Round of 32""","=""Anthony Lagala Ryan""","=""Kdtc""","=""""","=""BYE""","=""""","=""""","=""Schenectady""","=""NY""","=""Journeymen Fall Classic and Womens World Classic"""
"=""10/4/2025""","=""125""","=""Round of 32""","=""Wyatt Spencer""","=""Wyoming Seminary""","=""4-0 3:57""","=""F""","=""Kael Davis""","=""M-2 Training Center""","=""Schenectady""","=""NY""","=""Journeymen Fall Classic and Womens World Classic"""
"=""10/4/2025""","=""125""","=""Round of 32""","=""Nico Cassano""","=""Btwc""","=""6-3 3:00""","=""F""","=""Dominic Simpson""","=""Wrestlers Way""","=""Schenectady""","=""NY""","=""Journeymen Fall Classic and Womens World Classic"""
"=""10/4/2025""","=""125""","=""Round of 32""","=""Jose Trejo""","=""Combat Athletics""","=""""","=""BYE""","=""""","=""""","=""Schenectady""","=""NY""","=""Journeymen Fall Classic and Womens World Classic"""
"=""10/4/2025""","=""125""","=""Round of 32""","=""Tibor Toth""","=""Fargo Qualifier""","=""3-0 0:52""","=""F""","=""Justus Giglietti""","=""Brevard Fca""","=""Schenectady""","=""NY""","=""Journeymen Fall Classic and Womens World Classic"""
"=""10/4/2025""","=""125""","=""Round of 32""","=""Peter Rincan""","=""Doughboy""","=""9-0""","=""MD""","=""Kai Plinski""","=""Washington Hs""","=""Schenectady""","=""NY""","=""Journeymen Fall Classic and Womens World Classic"""
"=""10/4/2025""","=""125""","=""Round of 32""","=""Abe Coronado""","=""Nevada Elite/mcqueen""","=""""","=""BYE""","=""""","=""""","=""Schenectady""","=""NY""","=""Journeymen Fall Classic and Womens World Classic"""
"=""10/4/2025""","=""125""","=""Round of 32""","=""David Vazquez""","=""Dc Trained""","=""6-1 4:30""","=""F""","=""Graydon Martin""","=""Srhs""","=""Schenectady""","=""NY""","=""Journeymen Fall Classic and Womens World Classic"""
"=""10/4/2025""","=""125""","=""Round of 32""","=""Tony Bothwell""","=""Pocono Mountain West""","=""7-1""","=""DEC""","=""Justis Majors""","=""Superior""","=""Schenectady""","=""NY""","=""Journeymen Fall Classic and Womens World Classic"""
"=""10/4/2025""","=""125""","=""Round of 32""","=""Ryan Spahiu""","=""Metrowest United""","=""7-3""","=""DEC""","=""Loghan Dwyer""","=""Empire Wrestling Academy""","=""Schenectady""","=""NY""","=""Journeymen Fall Classic and Womens World Classic"""
"=""10/4/2025""","=""125""","=""Round of 32""","=""Nathan Morales""","=""Smitty's Barn""","=""6-0 1:45""","=""F""","=""Max Toussaint""","=""Journeymen WC""","=""Schenectady""","=""NY""","=""Journeymen Fall Classic and Womens World Classic"""
"=""10/4/2025""","=""125""","=""Round of 16""","=""Jr Ortega""","=""Black Fox""","=""5-1""","=""DEC""","=""Sean Elliott""","=""Howell Highschool""","=""Schenectady""","=""NY""","=""Journeymen Fall Classic and Womens World Classic"""
"=""10/4/2025""","=""125""","=""Round of 16""","=""Kael Davis""","=""M-2 Training Center""","=""""","=""BYE""","=""""","=""""","=""Schenectady""","=""NY""","=""Journeymen Fall Classic and Womens World Classic"""
"=""10/4/2025""","=""125""","=""Round of 16""","=""Tomas Melendez""","=""Legacy Dragons""","=""9-4""","=""DEC""","=""Tony Bothwell""","=""Pocono Mountain West""","=""Schenectady""","=""NY""","=""Journeymen Fall Classic and Womens World Classic"""
"=""10/4/2025""","=""125""","=""Round of 16""","=""Jose Trejo""","=""Combat Athletics""","=""10-9""","=""DEC""","=""Micah Loudermilk""","=""Bergen Catholic""","=""Schenectady""","=""NY""","=""Journeymen Fall Classic and Womens World Classic"""
"=""10/4/2025""","=""125""","=""Round of 16""","=""Kai Plinski""","=""Washington Hs""","=""13-9 3:30""","=""F""","=""Brayden Boccia""","=""Doughboy""","=""Schenectady""","=""NY""","=""Journeymen Fall Classic and Womens World Classic"""
"=""10/4/2025""","=""125""","=""Round of 16""","=""Alex Marchetti""","=""Wyoming Seminary""","=""10-1 1:26""","=""F""","=""Brody Walsh""","=""Honesdale Highschool/matt Assassins""","=""Schenectady""","=""NY""","=""Journeymen Fall Classic and Womens World Classic"""
"=""10/4/2025""","=""125""","=""Round of 16""","=""Abe Coronado""","=""Nevada Elite/mcqueen""","=""12-0""","=""MD""","=""Ethan Michaels""","=""Triumph""","=""Schenectady""","=""NY""","=""Journeymen Fall Classic and Womens World Classic"""
"=""10/4/2025""","=""125""","=""Round of 16""","=""Alex Marchetti""","=""Wyoming Seminary""","=""9-8 TB2""","=""DEC""","=""Eamon Fry""","=""Rumson -Fairhaven""","=""Schenectady""","=""NY""","=""Journeymen Fall Classic and Womens World Classic"""
"=""10/4/2025""","=""125""","=""Round of 16""","=""Zac Hartley""","=""Impact Wrestling Academy""","=""""","=""BYE""","=""""","=""""","=""Schenectady""","=""NY""","=""Journeymen Fall Classic and Womens World Classic"""
"=""10/4/2025""","=""125""","=""Round of 16""","=""Mikey Bautista""","=""St. Joe's Regional High School""","=""14-5""","=""MD""","=""Eli Gabrielson""","=""Smwc Wolfpack""","=""Schenectady""","=""NY""","=""Journeymen Fall Classic and Womens World Classic"""
"=""10/4/2025""","=""125""","=""Round of 16""","=""Edward George""","=""Blair Academy""","=""3-1 1:40""","=""F""","=""Robinson Parades""","=""Eiwc""","=""Schenectady""","=""NY""","=""Journeymen Fall Classic and Womens World Classic"""
"=""10/4/2025""","=""125""","=""Round of 16""","=""Jordan Segal""","=""Edge""","=""8-1""","=""DEC""","=""Cael Bruce""","=""Superior Wrestling Academy""","=""Schenectady""","=""NY""","=""Journeymen Fall Classic and Womens World Classic"""
"=""10/4/2025""","=""125""","=""Round of 16""","=""Nico Cassano""","=""Btwc""","=""3-0 1:30""","=""F""","=""Landon Logan""","=""Combat Athletics""","=""Schenectady""","=""NY""","=""Journeymen Fall Classic and Womens World Classic"""
"=""10/4/2025""","=""125""","=""Round of 16""","=""Andrew Poh""","=""Vhw""","=""10-4""","=""DEC""","=""Vincent Mastrianni""","=""Journeymen""","=""Schenectady""","=""NY""","=""Journeymen Fall Classic and Womens World Classic"""
"=""10/4/2025""","=""125""","=""Round of 16""","=""Joseph Pellicci""","=""Paramus Catholic High School""","=""5-0""","=""DEC""","=""Luca Popolizio""","=""Journeymen/ Cba""","=""Schenectady""","=""NY""","=""Journeymen Fall Classic and Womens World Classic"""
"=""10/4/2025""","=""125""","=""Round of 16""","=""Nathan Morales""","=""Smitty's Barn""","=""18-10""","=""MD""","=""Robert Coleman""","=""Legacy Dragons""","=""Schenectady""","=""NY""","=""Journeymen Fall Classic and Womens World Classic"""
"=""10/4/2025""","=""125""","=""Round of 16""","=""Dante Giusti""","=""Doughboy Wrestling Club""","=""15-2 3:19""","=""F""","=""Ryan Spahiu""","=""Metrowest United""","=""Schenectady""","=""NY""","=""Journeymen Fall Classic and Womens World Classic"""
"=""10/4/2025""","=""125""","=""Round of 16""","=""Jack Baron""","=""Grit Mat Club""","=""3-2 TB2""","=""DEC""","=""Peter Rincan""","=""Doughboy""","=""Schenectady""","=""NY""","=""Journeymen Fall Classic and Womens World Classic"""
"=""10/4/2025""","=""125""","=""Round of 16""","=""Benjamin Rosen""","=""Eiwc""","=""""","=""BYE""","=""""","=""""","=""Schenectady""","=""NY""","=""Journeymen Fall Classic and Womens World Classic"""
"=""10/4/2025""","=""125""","=""Round of 16""","=""Preston White""","=""Darkhorse Wrestling""","=""8-5 SV""","=""DEC""","=""David Vazquez""","=""Dc Trained""","=""Schenectady""","=""NY""","=""Journeymen Fall Classic and Womens World Classic"""
"=""10/4/2025""","=""125""","=""Round of 16""","=""Graydon Martin""","=""Srhs""","=""8-2""","=""DEC""","=""Wiliam Russell""","=""Kd Training Center""","=""Schenectady""","=""NY""","=""Journeymen Fall Classic and Womens World Classic"""
"=""10/4/2025""","=""125""","=""Round of 16""","=""Brady Full""","=""Mat Assassins Wc""","=""14-2 3:26""","=""F""","=""Tibor Toth""","=""Fargo Qualifier""","=""Schenectady""","=""NY""","=""Journeymen Fall Classic and Womens World Classic"""
"=""10/4/2025""","=""125""","=""Round of 16""","=""Brayden Boccia""","=""Doughboy Wrestling Club""","=""3-0 1:03""","=""F""","=""John Aniello""","=""Kd Trained""","=""Schenectady""","=""NY""","=""Journeymen Fall Classic and Womens World Classic"""
"=""10/4/2025""","=""125""","=""Round of 16""","=""Anthony Lagala Ryan""","=""Kdtc""","=""19-4 4:07""","=""TF""","=""Wyatt Spencer""","=""Wyoming Seminary""","=""Schenectady""","=""NY""","=""Journeymen Fall Classic and Womens World Classic"""
"=""10/4/2025""","=""125""","=""Quarter-Finals""","=""Peter Rincan""","=""Doughboy""","=""9-5""","=""DEC""","=""Wyatt Spencer""","=""Wyoming Seminary""","=""Schenectady""","=""NY""","=""Journeymen Fall Classic and Womens World Classic"""
"=""10/4/2025""","=""125""","=""Quarter-Finals""","=""Eamon Fry""","=""Rumson -Fairhaven""","=""""","=""BYE""","=""""","=""""","=""Schenectady""","=""NY""","=""Journeymen Fall Classic and Womens World Classic"""
"=""10/4/2025""","=""125""","=""Quarter-Finals""","=""Benjamin Rosen""","=""Eiwc""","=""17-3""","=""MD""","=""Zac Hartley""","=""Impact Wrestling Academy""","=""Schenectady""","=""NY""","=""Journeymen Fall Classic and Womens World Classic"""
"=""10/4/2025""","=""125""","=""Quarter-Finals""","=""Jr Ortega""","=""Black Fox""","=""8-7""","=""DEC""","=""Andrew Poh""","=""Vhw""","=""Schenectady""","=""NY""","=""Journeymen Fall Classic and Womens World Classic"""
"=""10/4/2025""","=""125""","=""Quarter-Finals""","=""Jose Trejo""","=""Combat Athletics""","=""9-5""","=""DEC""","=""Nathan Morales""","=""Smitty's Barn""","=""Schenectady""","=""NY""","=""Journeymen Fall Classic and Womens World Classic"""
"=""10/4/2025""","=""125""","=""Quarter-Finals""","=""Robinson Parades""","=""Eiwc""","=""""","=""BYE""","=""""","=""""","=""Schenectady""","=""NY""","=""Journeymen Fall Classic and Womens World Classic"""
"=""10/4/2025""","=""125""","=""Quarter-Finals""","=""Eli Gabrielson""","=""Smwc Wolfpack""","=""5-3""","=""DEC""","=""David Vazquez""","=""Dc Trained""","=""Schenectady""","=""NY""","=""Journeymen Fall Classic and Womens World Classic"""
"=""10/4/2025""","=""125""","=""Quarter-Finals""","=""Nico Cassano""","=""Btwc""","=""5-2""","=""DEC""","=""Tomas Melendez""","=""Legacy Dragons""","=""Schenectady""","=""NY""","=""Journeymen Fall Classic and Womens World Classic"""
"=""10/4/2025""","=""125""","=""Quarter-Finals""","=""Graydon Martin""","=""Srhs""","=""15-5""","=""MD""","=""Alex Marchetti""","=""Wyoming Seminary""","=""Schenectady""","=""NY""","=""Journeymen Fall Classic and Womens World Classic"""
"=""10/4/2025""","=""125""","=""Quarter-Finals""","=""Kai Plinski""","=""Washington Hs""","=""7-2""","=""DEC""","=""Kael Davis""","=""M-2 Training Center""","=""Schenectady""","=""NY""","=""Journeymen Fall Classic and Womens World Classic"""
"=""10/4/2025""","=""125""","=""Quarter-Finals""","=""Ethan Michaels""","=""Triumph""","=""8-0""","=""MD""","=""Luca Popolizio""","=""Journeymen/ Cba""","=""Schenectady""","=""NY""","=""Journeymen Fall Classic and Womens World Classic"""
"=""10/4/2025""","=""125""","=""Quarter-Finals""","=""Edward George""","=""Blair Academy""","=""10-0""","=""MD""","=""Jordan Segal""","=""Edge""","=""Schenectady""","=""NY""","=""Journeymen Fall Classic and Womens World Classic"""
"=""10/4/2025""","=""125""","=""Quarter-Finals""","=""Mikey Bautista""","=""St. Joe's Regional High School""","=""11-1""","=""MD""","=""Preston White""","=""Darkhorse Wrestling""","=""Schenectady""","=""NY""","=""Journeymen Fall Classic and Womens World Classic"""
"=""10/4/2025""","=""125""","=""Quarter-Finals""","=""Brady Full""","=""Mat Assassins Wc""","=""6-2""","=""DEC""","=""Dante Giusti""","=""Doughboy Wrestling Club""","=""Schenectady""","=""NY""","=""Journeymen Fall Classic and Womens World Classic"""
"=""10/4/2025""","=""125""","=""Quarter-Finals""","=""Alex Marchetti""","=""Wyoming Seminary""","=""10-7 4:17""","=""F""","=""Brayden Boccia""","=""Doughboy Wrestling Club""","=""Schenectady""","=""NY""","=""Journeymen Fall Classic and Womens World Classic"""
"=""10/4/2025""","=""125""","=""Quarter-Finals""","=""Anthony Lagala Ryan""","=""Kdtc""","=""11-4""","=""DEC""","=""Jack Baron""","=""Grit Mat Club""","=""Schenectady""","=""NY""","=""Journeymen Fall Classic and Womens World Classic"""
"=""10/4/2025""","=""125""","=""Quarter-Finals""","=""Abe Coronado""","=""Nevada Elite/mcqueen""","=""8-3""","=""DEC""","=""Joseph Pellicci""","=""Paramus Catholic High School""","=""Schenectady""","=""NY""","=""Journeymen Fall Classic and Womens World Classic"""
"=""10/4/2025""","=""125""","=""Quarter-Finals""","=""Brayden Boccia""","=""Doughboy""","=""""","=""BYE""","=""""","=""""","=""Schenectady""","=""NY""","=""Journeymen Fall Classic and Womens World Classic"""
"=""10/4/2025""","=""125""","=""Quarter-Finals""","=""Wiliam Russell""","=""Kd Training Center""","=""12-1""","=""MD""","=""Cael Bruce""","=""Superior Wrestling Academy""","=""Schenectady""","=""NY""","=""Journeymen Fall Classic and Womens World Classic"""
"=""10/4/2025""","=""125""","=""Quarter-Finals""","=""Vincent Mastrianni""","=""Journeymen""","=""3-1 4:16""","=""F""","=""Sean Elliott""","=""Howell Highschool""","=""Schenectady""","=""NY""","=""Journeymen Fall Classic and Womens World Classic"""
"=""10/4/2025""","=""90""","=""Semi-Finals""","=""Jake Wehner""","=""Triumph""","=""14-3""","=""MD""","=""Jonathan Quesada""","=""Fisheye""","=""Schenectady""","=""NY""","=""Journeymen Fall Classic and Womens World Classic"""
"=""10/4/2025""","=""125""","=""Semi-Finals""","=""Eli Gabrielson""","=""Smwc Wolfpack""","=""3-0""","=""DEC""","=""Vincent Mastrianni""","=""Journeymen""","=""Schenectady""","=""NY""","=""Journeymen Fall Classic and Womens World Classic"""
"=""10/4/2025""","=""125""","=""Semi-Finals""","=""Brady Full""","=""Mat Assassins Wc""","=""11-0""","=""MD""","=""Jose Trejo""","=""Combat Athletics""","=""Schenectady""","=""NY""","=""Journeymen Fall Classic and Womens World Classic"""
"=""10/4/2025""","=""90""","=""Semi-Finals""","=""Chase Simonton""","=""Barn Brothers""","=""1-0""","=""DEC""","=""Navin Wagoner""","=""Journeymen WC""","=""Schenectady""","=""NY""","=""Journeymen Fall Classic and Womens World Classic"""
"=""10/4/2025""","=""125""","=""Semi-Finals""","=""Edward George""","=""Blair Academy""","=""8-1""","=""DEC""","=""Graydon Martin""","=""Srhs""","=""Schenectady""","=""NY""","=""Journeymen Fall Classic and Womens World Classic"""
"=""10/4/2025""","=""90""","=""Semi-Finals""","=""Ryan Smedley""","=""Kd Trained""","=""7-0""","=""DEC""","=""George Dipsey""","=""Ruthless Wrestling Club""","=""Schenectady""","=""NY""","=""Journeymen Fall Classic and Womens World Classic"""
"=""10/4/2025""","=""125""","=""Semi-Finals""","=""Alex Marchetti""","=""Wyoming Seminary""","=""3-0 1:04""","=""F""","=""Nico Cassano""","=""Btwc""","=""Schenectady""","=""NY""","=""Journeymen Fall Classic and Womens World Classic"""
"=""10/4/2025""","=""125""","=""Semi-Finals""","=""Mikey Bautista""","=""St. Joe's Regional High School""","=""8-2""","=""DEC""","=""Jr Ortega""","=""Black Fox""","=""Schenectady""","=""NY""","=""Journeymen Fall Classic and Womens World Classic"""
"=""10/4/2025""","=""125""","=""Semi-Finals""","=""Kai Plinski""","=""Washington Hs""","=""15-3""","=""MD""","=""Benjamin Rosen""","=""Eiwc""","=""Schenectady""","=""NY""","=""Journeymen Fall Classic and Womens World Classic"""
"=""10/4/2025""","=""125""","=""Semi-Finals""","=""Wiliam Russell""","=""Kd Training Center""","=""9-3""","=""DEC""","=""Eamon Fry""","=""Rumson -Fairhaven""","=""Schenectady""","=""NY""","=""Journeymen Fall Classic and Womens World Classic"""
"=""10/4/2025""","=""125""","=""Semi-Finals""","=""Peter Rincan""","=""Doughboy""","=""10-1""","=""MD""","=""Ethan Michaels""","=""Triumph""","=""Schenectady""","=""NY""","=""Journeymen Fall Classic and Womens World Classic"""
"=""10/4/2025""","=""90""","=""Semi-Finals""","=""Weston Cass""","=""Fisheye""","=""""","=""BYE""","=""""","=""""","=""Schenectady""","=""NY""","=""Journeymen Fall Classic and Womens World Classic"""
"=""10/4/2025""","=""90""","=""Semi-Finals""","=""Holden Libertucci""","=""Journeymen WC""","=""6-5""","=""DEC""","=""Corey Mattingly""","=""Fisheye""","=""Schenectady""","=""NY""","=""Journeymen Fall Classic and Womens World Classic"""
"=""10/4/2025""","=""125""","=""Semi-Finals""","=""Abe Coronado""","=""Nevada Elite/mcqueen""","=""11-9""","=""DEC""","=""Anthony Lagala Ryan""","=""Kdtc""","=""Schenectady""","=""NY""","=""Journeymen Fall Classic and Womens World Classic"""
"=""10/4/2025""","=""90""","=""Semi-Finals""","=""David Cheltsov""","=""Savage House""","=""4-0""","=""DEC""","=""Daniel Martinez""","=""Monster Garage""","=""Schenectady""","=""NY""","=""Journeymen Fall Classic and Womens World Classic"""
"=""10/4/2025""","=""125""","=""Semi-Finals""","=""Brayden Boccia""","=""Doughboy""","=""13-1 3:07""","=""F""","=""Robinson Parades""","=""Eiwc""","=""Schenectady""","=""NY""","=""Journeymen Fall Classic and Womens World Classic"""
"=""10/4/2025""","=""125""","=""Finals""","=""Alex Marchetti""","=""Wyoming Seminary""","=""4-1""","=""DEC""","=""Brady Full""","=""Mat Assassins Wc""","=""Schenectady""","=""NY""","=""Journeymen Fall Classic and Womens World Classic"""
"=""10/4/2025""","=""125""","=""Finals""","=""Peter Rincan""","=""Doughboy""","=""10-5""","=""DEC""","=""Eli Gabrielson""","=""Smwc Wolfpack""","=""Schenectady""","=""NY""","=""Journeymen Fall Classic and Womens World Classic"""
"=""10/4/2025""","=""125""","=""Finals""","=""Wiliam Russell""","=""Kd Training Center""","=""15-12""","=""DEC""","=""Brayden Boccia""","=""Doughboy""","=""Schenectady""","=""NY""","=""Journeymen Fall Classic and Womens World Classic"""
"=""10/4/2025""","=""90""","=""Finals""","=""Jake Wehner""","=""Triumph""","=""22-5 3:42""","=""TF""","=""Chase Simonton""","=""Barn Brothers""","=""Schenectady""","=""NY""","=""Journeymen Fall Classic and Womens World Classic"""
"=""10/4/2025""","=""90""","=""Finals""","=""Ryan Smedley""","=""Kd Trained""","=""10-0 2:22""","=""F""","=""David Cheltsov""","=""Savage House""","=""Schenectady""","=""NY""","=""Journeymen Fall Classic and Womens World Classic"""
"=""10/4/2025""","=""125""","=""Finals""","=""Edward George""","=""Blair Academy""","=""6-5""","=""DEC""","=""Kai Plinski""","=""Washington Hs""","=""Schenectady""","=""NY""","=""Journeymen Fall Classic and Womens World Classic"""
"=""10/4/2025""","=""90""","=""Finals""","=""Weston Cass""","=""Fisheye""","=""3-0 0:17""","=""F""","=""Holden Libertucci""","=""Journeymen WC""","=""Schenectady""","=""NY""","=""Journeymen Fall Classic and Womens World Classic"""
"=""10/4/2025""","=""125""","=""Finals""","=""Mikey Bautista""","=""St. Joe's Regional High School""","=""12-4""","=""MD""","=""Abe Coronado""","=""Nevada Elite/mcqueen""","=""Schenectady""","=""NY""","=""Journeymen Fall Classic and Womens World Classic"""
"=""10/4/2025""","=""75""","=""RR Rnd 5""","=""Royce Marshall""","=""Mat Assassins""","=""3-0 0:22""","=""F""","=""Kolton J Harrington""","=""Journeymen""","=""Schenectady""","=""NY""","=""Journeymen Fall Classic and Womens World Classic"""
"=""10/4/2025""","=""75""","=""RR Rnd 5""","=""Theodore Moyer""","=""Journeymen Wrestling Club""","=""""","=""BYE""","=""""","=""""","=""Schenectady""","=""NY""","=""Journeymen Fall Classic and Womens World Classic"""
"=""10/4/2025""","=""75""","=""RR Rnd 5""","=""Tia Turner""","=""Steel Valley Vixens""","=""6-0 4:10""","=""F""","=""Ash Henecker""","=""Rednose Wrestling School""","=""Schenectady""","=""NY""","=""Journeymen Fall Classic and Womens World Classic"""
"=""10/4/2025""","=""75""","=""RR Rnd 4""","=""Kolton J Harrington""","=""Journeymen""","=""""","=""BYE""","=""""","=""""","=""Schenectady""","=""NY""","=""Journeymen Fall Classic and Womens World Classic"""
"=""10/4/2025""","=""75""","=""RR Rnd 4""","=""Theodore Moyer""","=""Journeymen Wrestling Club""","=""15-0 2:07""","=""TF""","=""Ash Henecker""","=""Rednose Wrestling School""","=""Schenectady""","=""NY""","=""Journeymen Fall Classic and Womens World Classic"""
"=""10/4/2025""","=""75""","=""RR Rnd 4""","=""Royce Marshall""","=""Mat Assassins""","=""12-4 3:20""","=""F""","=""Tia Turner""","=""Steel Valley Vixens""","=""Schenectady""","=""NY""","=""Journeymen Fall Classic and Womens World Classic"""
"=""10/4/2025""","=""130""","=""RR Rnd 3""","=""Colin Logalbo""","=""Journeymen""","=""""","=""BYE""","=""""","=""""","=""Schenectady""","=""NY""","=""Journeymen Fall Classic and Womens World Classic"""
"=""10/4/2025""","=""130""","=""RR Rnd 3""","=""Lukas Boxley""","=""Ponaganset""","=""11-2""","=""MD""","=""Clayton Waltenbaugh""","=""Renegade""","=""Schenectady""","=""NY""","=""Journeymen Fall Classic and Womens World Classic"""
"=""10/4/2025""","=""130""","=""RR Rnd 3""","=""Santiago Chrisjohn""","=""Journeymen""","=""14-1""","=""MD""","=""Julian Arango""","=""St. Joes Metuchen""","=""Schenectady""","=""NY""","=""Journeymen Fall Classic and Womens World Classic"""
"=""10/4/2025""","=""130""","=""RR Rnd 3""","=""Bennet Palmeri""","=""Superior Wrestling Academy""","=""11-0""","=""MD""","=""Mason Glotfelty""","=""Eiwc""","=""Schenectady""","=""NY""","=""Journeymen Fall Classic and Womens World Classic"""
"=""10/4/2025""","=""130""","=""RR Rnd 3""","=""Lucas Reeves""","=""Svrwc""","=""""","=""BYE""","=""""","=""""","=""Schenectady""","=""NY""","=""Journeymen Fall Classic and Womens World Classic"""
"=""10/4/2025""","=""95""","=""RR Rnd 3""","=""Traiano Dandeneau""","=""Jersey 74""","=""7-3""","=""DEC""","=""Jackson Pressman""","=""Shore Thing""","=""Schenectady""","=""NY""","=""Journeymen Fall Classic and Womens World Classic"""
"=""10/4/2025""","=""130""","=""RR Rnd 3""","=""Tommy Banas""","=""Providence Catholic""","=""14-3""","=""MD""","=""Luke Galipeau""","=""Northfield Mount Hermon""","=""Schenectady""","=""NY""","=""Journeymen Fall Classic and Womens World Classic"""
"=""10/4/2025""","=""130""","=""RR Rnd 3""","=""Cooper Mathews""","=""Black Fox""","=""7-2""","=""DEC""","=""Owen Oleary""","=""Ridge High School""","=""Schenectady""","=""NY""","=""Journeymen Fall Classic and Womens World Classic"""
"=""10/4/2025""","=""75""","=""RR Rnd 3""","=""Tia Turner""","=""Steel Valley Vixens""","=""3-0 0:53""","=""F""","=""Kolton J Harrington""","=""Journeymen""","=""Schenectady""","=""NY""","=""Journeymen Fall Classic and Womens World Classic"""
"=""10/4/2025""","=""95""","=""RR Rnd 3""","=""Preston Van Hoven""","=""Legacy Dragons""","=""3-0 0:58""","=""F""","=""Logan Murphy""","=""Rush Henrietta""","=""Schenectady""","=""NY""","=""Journeymen Fall Classic and Womens World Classic"""
"=""10/4/2025""","=""130""","=""RR Rnd 3""","=""Vincenzo Anello""","=""Blair Academy""","=""""","=""BYE""","=""""","=""""","=""Schenectady""","=""NY""","=""Journeymen Fall Classic and Womens World Classic"""
"=""10/4/2025""","=""130""","=""RR Rnd 3""","=""Brennan Sprague""","=""Monsignor Farrell""","=""""","=""BYE""","=""""","=""""","=""Schenectady""","=""NY""","=""Journeymen Fall Classic and Womens World Classic"""
"=""10/4/2025""","=""130""","=""RR Rnd 3""","=""Andrew Bonita""","=""Edge""","=""""","=""BYE""","=""""","=""""","=""Schenectady""","=""NY""","=""Journeymen Fall Classic and Womens World Classic"""
"=""10/4/2025""","=""95""","=""RR Rnd 3""","=""Elijah Santiago""","=""Grit Mat Club""","=""13-0 2:47""","=""F""","=""Carson Logalbo""","=""Little Falls""","=""Schenectady""","=""NY""","=""Journeymen Fall Classic and Womens World Classic"""
"=""10/4/2025""","=""75""","=""RR Rnd 3""","=""Theodore Moyer""","=""Journeymen Wrestling Club""","=""7-0 0:56""","=""F""","=""Royce Marshall""","=""Mat Assassins""","=""Schenectady""","=""NY""","=""Journeymen Fall Classic and Womens World Classic"""
"=""10/4/2025""","=""130""","=""RR Rnd 3""","=""Landon Herdic""","=""New York Military Academy""","=""5-1""","=""DEC""","=""Ayden Sumners""","=""Raw""","=""Schenectady""","=""NY""","=""Journeymen Fall Classic and Womens World Classic"""
"=""10/4/2025""","=""75""","=""RR Rnd 3""","=""Ash Henecker""","=""Rednose Wrestling School""","=""""","=""BYE""","=""""","=""""","=""Schenectady""","=""NY""","=""Journeymen Fall Classic and Womens World Classic"""
"=""10/4/2025""","=""130""","=""RR Rnd 3""","=""Kyle Rollin Menuez""","=""Black Fox""","=""""","=""BYE""","=""""","=""""","=""Schenectady""","=""NY""","=""Journeymen Fall Classic and Womens World Classic"""
"=""10/4/2025""","=""130""","=""RR Rnd 3""","=""Wynn Pooler""","=""The Hill School""","=""9-1""","=""MD""","=""Brody Shaffer""","=""Superior""","=""Schenectady""","=""NY""","=""Journeymen Fall Classic and Womens World Classic"""
"=""10/4/2025""","=""130""","=""RR Rnd 3""","=""Conner Whitely""","=""St.edwards""","=""""","=""BYE""","=""""","=""""","=""Schenectady""","=""NY""","=""Journeymen Fall Classic and Womens World Classic"""
"=""10/4/2025""","=""95""","=""RR Rnd 3""","=""Leonardo Spagnuolo""","=""Hanover Park""","=""17-0 4:10""","=""TF""","=""Joaquin Tenorio""","=""Bitetto Trained""","=""Schenectady""","=""NY""","=""Journeymen Fall Classic and Womens World Classic"""
"=""10/4/2025""","=""130""","=""RR Rnd 3""","=""Cj Caines""","=""Mat Assassins""","=""""","=""BYE""","=""""","=""""","=""Schenectady""","=""NY""","=""Journeymen Fall Classic and Womens World Classic"""
"=""10/4/2025""","=""95""","=""RR Rnd 3""","=""Silas Dietrich""","=""Steller Trained / Spring Grove""","=""8-0 3:24""","=""F""","=""King Hawkins""","=""Mat Assassins Wc""","=""Schenectady""","=""NY""","=""Journeymen Fall Classic and Womens World Classic"""
"=""10/4/2025""","=""130""","=""RR Rnd 3""","=""Mason Whitney""","=""Mat Assassins""","=""15-4""","=""MD""","=""Drew Schiavo""","=""Journeymen""","=""Schenectady""","=""NY""","=""Journeymen Fall Classic and Womens World Classic"""
"=""10/4/2025""","=""95""","=""RR Rnd 3""","=""Micah Mcgrath""","=""Smitty's Barn""","=""18-0 4:25""","=""TF""","=""Hunter Rock""","=""Journeymen WC""","=""Schenectady""","=""NY""","=""Journeymen Fall Classic and Womens World Classic"""
"=""10/4/2025""","=""95""","=""RR Rnd 3""","=""Daniel Corbin""","=""Wyoming Seminary""","=""7-1""","=""DEC""","=""Steven Abreu""","=""Gps Wrestling""","=""Schenectady""","=""NY""","=""Journeymen Fall Classic and Womens World Classic"""
"=""10/4/2025""","=""95""","=""RR Rnd 3""","=""Jameson White""","=""Combat Athletics""","=""5-4""","=""DEC""","=""Jack Scoma""","=""Kd Trained""","=""Schenectady""","=""NY""","=""Journeymen Fall Classic and Womens World Classic"""
"=""10/4/2025""","=""130""","=""RR Rnd 2""","=""Clayton Waltenbaugh""","=""Renegade""","=""7-0 1:54""","=""F""","=""Colin Logalbo""","=""Journeymen""","=""Schenectady""","=""NY""","=""Journeymen Fall Classic and Womens World Classic"""
"=""10/4/2025""","=""75""","=""RR Rnd 2""","=""Royce Marshall""","=""Mat Assassins""","=""17-4""","=""MD""","=""Ash Henecker""","=""Rednose Wrestling School""","=""Schenectady""","=""NY""","=""Journeymen Fall Classic and Womens World Classic"""
"=""10/4/2025""","=""130""","=""RR Rnd 2""","=""Owen Oleary""","=""Ridge High School""","=""5-3""","=""DEC""","=""Brennan Sprague""","=""Monsignor Farrell""","=""Schenectady""","=""NY""","=""Journeymen Fall Classic and Womens World Classic"""
"=""10/4/2025""","=""130""","=""RR Rnd 2""","=""Mason Glotfelty""","=""Eiwc""","=""""","=""BYE""","=""""","=""""","=""Schenectady""","=""NY""","=""Journeymen Fall Classic and Womens World Classic"""
"=""10/4/2025""","=""95""","=""RR Rnd 2""","=""Daniel Corbin""","=""Wyoming Seminary""","=""16-2 2:20""","=""F""","=""Jameson White""","=""Combat Athletics""","=""Schenectady""","=""NY""","=""Journeymen Fall Classic and Womens World Classic"""
"=""10/4/2025""","=""95""","=""RR Rnd 2""","=""Micah Mcgrath""","=""Smitty's Barn""","=""3-0 1:13""","=""F""","=""Carson Logalbo""","=""Little Falls""","=""Schenectady""","=""NY""","=""Journeymen Fall Classic and Womens World Classic"""
"=""10/4/2025""","=""130""","=""RR Rnd 2""","=""Lukas Boxley""","=""Ponaganset""","=""""","=""BYE""","=""""","=""""","=""Schenectady""","=""NY""","=""Journeymen Fall Classic and Womens World Classic"""
"=""10/4/2025""","=""130""","=""RR Rnd 2""","=""Cj Caines""","=""Mat Assassins""","=""16-1 4:24""","=""TF""","=""Brody Shaffer""","=""Superior""","=""Schenectady""","=""NY""","=""Journeymen Fall Classic and Womens World Classic"""
"=""10/4/2025""","=""95""","=""RR Rnd 2""","=""Steven Abreu""","=""Gps Wrestling""","=""10-0""","=""MD""","=""Jack Scoma""","=""Kd Trained""","=""Schenectady""","=""NY""","=""Journeymen Fall Classic and Womens World Classic"""
"=""10/4/2025""","=""75""","=""RR Rnd 2""","=""Theodore Moyer""","=""Journeymen Wrestling Club""","=""10-1 1:13""","=""F""","=""Kolton J Harrington""","=""Journeymen""","=""Schenectady""","=""NY""","=""Journeymen Fall Classic and Womens World Classic"""
"=""10/4/2025""","=""75""","=""RR Rnd 2""","=""Tia Turner""","=""Steel Valley Vixens""","=""""","=""BYE""","=""""","=""""","=""Schenectady""","=""NY""","=""Journeymen Fall Classic and Womens World Classic"""
"=""10/4/2025""","=""95""","=""RR Rnd 2""","=""Logan Murphy""","=""Rush Henrietta""","=""6-3 SV""","=""DEC""","=""Traiano Dandeneau""","=""Jersey 74""","=""Schenectady""","=""NY""","=""Journeymen Fall Classic and Womens World Classic"""
"=""10/4/2025""","=""130""","=""RR Rnd 2""","=""Wynn Pooler""","=""The Hill School""","=""""","=""BYE""","=""""","=""""","=""Schenectady""","=""NY""","=""Journeymen Fall Classic and Womens World Classic"""
"=""10/4/2025""","=""130""","=""RR Rnd 2""","=""Tommy Banas""","=""Providence Catholic""","=""""","=""BYE""","=""""","=""""","=""Schenectady""","=""NY""","=""Journeymen Fall Classic and Womens World Classic"""
"=""10/4/2025""","=""130""","=""RR Rnd 2""","=""Bennet Palmeri""","=""Superior Wrestling Academy""","=""9-5""","=""DEC""","=""Lucas Reeves""","=""Svrwc""","=""Schenectady""","=""NY""","=""Journeymen Fall Classic and Womens World Classic"""
"=""10/4/2025""","=""130""","=""RR Rnd 2""","=""Andrew Bonita""","=""Edge""","=""5-4""","=""DEC""","=""Drew Schiavo""","=""Journeymen""","=""Schenectady""","=""NY""","=""Journeymen Fall Classic and Womens World Classic"""
"=""10/4/2025""","=""130""","=""RR Rnd 2""","=""Ayden Sumners""","=""Raw""","=""""","=""BYE""","=""""","=""""","=""Schenectady""","=""NY""","=""Journeymen Fall Classic and Womens World Classic"""
"=""10/4/2025""","=""95""","=""RR Rnd 2""","=""Preston Van Hoven""","=""Legacy Dragons""","=""15-0 3:34""","=""TF""","=""Jackson Pressman""","=""Shore Thing""","=""Schenectady""","=""NY""","=""Journeymen Fall Classic and Womens World Classic"""
"=""10/4/2025""","=""95""","=""RR Rnd 2""","=""King Hawkins""","=""Mat Assassins Wc""","=""15-0 3:40""","=""TF""","=""Leonardo Spagnuolo""","=""Hanover Park""","=""Schenectady""","=""NY""","=""Journeymen Fall Classic and Womens World Classic"""
"=""10/4/2025""","=""130""","=""RR Rnd 2""","=""Cooper Mathews""","=""Black Fox""","=""""","=""BYE""","=""""","=""""","=""Schenectady""","=""NY""","=""Journeymen Fall Classic and Womens World Classic"""
"=""10/4/2025""","=""130""","=""RR Rnd 2""","=""Vincenzo Anello""","=""Blair Academy""","=""18-1 3:30""","=""TF""","=""Landon Herdic""","=""New York Military Academy""","=""Schenectady""","=""NY""","=""Journeymen Fall Classic and Womens World Classic"""
"=""10/4/2025""","=""130""","=""RR Rnd 2""","=""Julian Arango""","=""St. Joes Metuchen""","=""""","=""BYE""","=""""","=""""","=""Schenectady""","=""NY""","=""Journeymen Fall Classic and Womens World Classic"""
"=""10/4/2025""","=""95""","=""RR Rnd 2""","=""Silas Dietrich""","=""Steller Trained / Spring Grove""","=""3-0 1:29""","=""F""","=""Joaquin Tenorio""","=""Bitetto Trained""","=""Schenectady""","=""NY""","=""Journeymen Fall Classic and Womens World Classic"""
"=""10/4/2025""","=""130""","=""RR Rnd 2""","=""Conner Whitely""","=""St.edwards""","=""10-4""","=""DEC""","=""Santiago Chrisjohn""","=""Journeymen""","=""Schenectady""","=""NY""","=""Journeymen Fall Classic and Womens World Classic"""
"=""10/4/2025""","=""95""","=""RR Rnd 2""","=""Elijah Santiago""","=""Grit Mat Club""","=""18-3 4:06""","=""TF""","=""Hunter Rock""","=""Journeymen WC""","=""Schenectady""","=""NY""","=""Journeymen Fall Classic and Womens World Classic"""
"=""10/4/2025""","=""130""","=""RR Rnd 2""","=""Kyle Rollin Menuez""","=""Black Fox""","=""12-10""","=""DEC""","=""Luke Galipeau""","=""Northfield Mount Hermon""","=""Schenectady""","=""NY""","=""Journeymen Fall Classic and Womens World Classic"""
"=""10/4/2025""","=""130""","=""RR Rnd 2""","=""Mason Whitney""","=""Mat Assassins""","=""""","=""BYE""","=""""","=""""","=""Schenectady""","=""NY""","=""Journeymen Fall Classic and Womens World Classic"""
"=""10/4/2025""","=""130""","=""RR Rnd 1""","=""Conner Whitely""","=""St.edwards""","=""11-5""","=""DEC""","=""Julian Arango""","=""St. Joes Metuchen""","=""Schenectady""","=""NY""","=""Journeymen Fall Classic and Womens World Classic"""
"=""10/4/2025""","=""75""","=""RR Rnd 1""","=""Theodore Moyer""","=""Journeymen Wrestling Club""","=""3-0 0:55""","=""F""","=""Tia Turner""","=""Steel Valley Vixens""","=""Schenectady""","=""NY""","=""Journeymen Fall Classic and Womens World Classic"""
"=""10/4/2025""","=""130""","=""RR Rnd 1""","=""Landon Herdic""","=""New York Military Academy""","=""""","=""BYE""","=""""","=""""","=""Schenectady""","=""NY""","=""Journeymen Fall Classic and Womens World Classic"""
"=""10/4/2025""","=""95""","=""RR Rnd 1""","=""Micah Mcgrath""","=""Smitty's Barn""","=""16-0 3:45""","=""F""","=""Elijah Santiago""","=""Grit Mat Club""","=""Schenectady""","=""NY""","=""Journeymen Fall Classic and Womens World Classic"""
"=""10/4/2025""","=""95""","=""RR Rnd 1""","=""Daniel Corbin""","=""Wyoming Seminary""","=""18-3 1:30""","=""TF""","=""Jack Scoma""","=""Kd Trained""","=""Schenectady""","=""NY""","=""Journeymen Fall Classic and Womens World Classic"""
"=""10/4/2025""","=""130""","=""RR Rnd 1""","=""Brody Shaffer""","=""Superior""","=""""","=""BYE""","=""""","=""""","=""Schenectady""","=""NY""","=""Journeymen Fall Classic and Womens World Classic"""
"=""10/4/2025""","=""130""","=""RR Rnd 1""","=""Luke Galipeau""","=""Northfield Mount Hermon""","=""""","=""BYE""","=""""","=""""","=""Schenectady""","=""NY""","=""Journeymen Fall Classic and Womens World Classic"""
"=""10/4/2025""","=""95""","=""RR Rnd 1""","=""Steven Abreu""","=""Gps Wrestling""","=""17-2 2:28""","=""TF""","=""Jameson White""","=""Combat Athletics""","=""Schenectady""","=""NY""","=""Journeymen Fall Classic and Womens World Classic"""
"=""10/4/2025""","=""95""","=""RR Rnd 1""","=""Silas Dietrich""","=""Steller Trained / Spring Grove""","=""13-2""","=""MD""","=""Leonardo Spagnuolo""","=""Hanover Park""","=""Schenectady""","=""NY""","=""Journeymen Fall Classic and Womens World Classic"""
"=""10/4/2025""","=""130""","=""RR Rnd 1""","=""Tommy Banas""","=""Providence Catholic""","=""7-0 1:53""","=""F""","=""Kyle Rollin Menuez""","=""Black Fox""","=""Schenectady""","=""NY""","=""Journeymen Fall Classic and Womens World Classic"""
"=""10/4/2025""","=""130""","=""RR Rnd 1""","=""Santiago Chrisjohn""","=""Journeymen""","=""""","=""BYE""","=""""","=""""","=""Schenectady""","=""NY""","=""Journeymen Fall Classic and Womens World Classic"""
"=""10/4/2025""","=""130""","=""RR Rnd 1""","=""Mason Whitney""","=""Mat Assassins""","=""15-0 4:18""","=""TF""","=""Andrew Bonita""","=""Edge""","=""Schenectady""","=""NY""","=""Journeymen Fall Classic and Womens World Classic"""
"=""10/4/2025""","=""130""","=""RR Rnd 1""","=""Bennet Palmeri""","=""Superior Wrestling Academy""","=""""","=""BYE""","=""""","=""""","=""Schenectady""","=""NY""","=""Journeymen Fall Classic and Womens World Classic"""
"=""10/4/2025""","=""130""","=""RR Rnd 1""","=""Vincenzo Anello""","=""Blair Academy""","=""12-1""","=""MD""","=""Ayden Sumners""","=""Raw""","=""Schenectady""","=""NY""","=""Journeymen Fall Classic and Womens World Classic"""
"=""10/4/2025""","=""130""","=""RR Rnd 1""","=""Lukas Boxley""","=""Ponaganset""","=""17-1 2:16""","=""TF""","=""Colin Logalbo""","=""Journeymen""","=""Schenectady""","=""NY""","=""Journeymen Fall Classic and Womens World Classic"""
"=""10/4/2025""","=""95""","=""RR Rnd 1""","=""Hunter Rock""","=""Journeymen WC""","=""9-3 2:06""","=""F""","=""Carson Logalbo""","=""Little Falls""","=""Schenectady""","=""NY""","=""Journeymen Fall Classic and Womens World Classic"""
"=""10/4/2025""","=""130""","=""RR Rnd 1""","=""Clayton Waltenbaugh""","=""Renegade""","=""""","=""BYE""","=""""","=""""","=""Schenectady""","=""NY""","=""Journeymen Fall Classic and Womens World Classic"""
"=""10/4/2025""","=""130""","=""RR Rnd 1""","=""Cooper Mathews""","=""Black Fox""","=""13-2""","=""MD""","=""Brennan Sprague""","=""Monsignor Farrell""","=""Schenectady""","=""NY""","=""Journeymen Fall Classic and Womens World Classic"""
"=""10/4/2025""","=""75""","=""RR Rnd 1""","=""Royce Marshall""","=""Mat Assassins""","=""""","=""BYE""","=""""","=""""","=""Schenectady""","=""NY""","=""Journeymen Fall Classic and Womens World Classic"""
"=""10/4/2025""","=""75""","=""RR Rnd 1""","=""Ash Henecker""","=""Rednose Wrestling School""","=""20-0 3:46""","=""TF""","=""Kolton J Harrington""","=""Journeymen""","=""Schenectady""","=""NY""","=""Journeymen Fall Classic and Womens World Classic"""
"=""10/4/2025""","=""130""","=""RR Rnd 1""","=""Lucas Reeves""","=""Svrwc""","=""4-0""","=""DEC""","=""Mason Glotfelty""","=""Eiwc""","=""Schenectady""","=""NY""","=""Journeymen Fall Classic and Womens World Classic"""
"=""10/4/2025""","=""95""","=""RR Rnd 1""","=""Jackson Pressman""","=""Shore Thing""","=""8-5 SV""","=""DEC""","=""Logan Murphy""","=""Rush Henrietta""","=""Schenectady""","=""NY""","=""Journeymen Fall Classic and Womens World Classic"""
"=""10/4/2025""","=""130""","=""RR Rnd 1""","=""Owen Oleary""","=""Ridge High School""","=""""","=""BYE""","=""""","=""""","=""Schenectady""","=""NY""","=""Journeymen Fall Classic and Womens World Classic"""
"=""10/4/2025""","=""130""","=""RR Rnd 1""","=""Cj Caines""","=""Mat Assassins""","=""17-0 3:30""","=""TF""","=""Wynn Pooler""","=""The Hill School""","=""Schenectady""","=""NY""","=""Journeymen Fall Classic and Womens World Classic"""
"=""10/4/2025""","=""130""","=""RR Rnd 1""","=""Drew Schiavo""","=""Journeymen""","=""""","=""BYE""","=""""","=""""","=""Schenectady""","=""NY""","=""Journeymen Fall Classic and Womens World Classic"""
"=""10/4/2025""","=""95""","=""RR Rnd 1""","=""King Hawkins""","=""Mat Assassins Wc""","=""11-0 2:47""","=""F""","=""Joaquin Tenorio""","=""Bitetto Trained""","=""Schenectady""","=""NY""","=""Journeymen Fall Classic and Womens World Classic"""
"=""10/4/2025""","=""95""","=""RR Rnd 1""","=""Preston Van Hoven""","=""Legacy Dragons""","=""11-0""","=""MD""","=""Traiano Dandeneau""","=""Jersey 74""","=""Schenectady""","=""NY""","=""Journeymen Fall Classic and Womens World Classic"""
"=""10/4/2025""","=""130""","=""Consi of 16 #1""","=""Nate Webster""","=""Merritt Island High School""","=""""","=""BYE""","=""""","=""""","=""Schenectady""","=""NY""","=""Journeymen Fall Classic and Womens World Classic"""
"=""10/4/2025""","=""130""","=""Consi of 16 #1""","=""Matthew Williams""","=""Iron Faith""","=""""","=""BYE""","=""""","=""""","=""Schenectady""","=""NY""","=""Journeymen Fall Classic and Womens World Classic"""
"=""10/4/2025""","=""130""","=""Consi of 16 #1""","=""Blake Cronk""","=""Journeymen WC""","=""""","=""BYE""","=""""","=""""","=""Schenectady""","=""NY""","=""Journeymen Fall Classic and Womens World Classic"""
"=""10/4/2025""","=""130""","=""Consi of 16 #2""","=""Keagan Tan""","=""Journeymen WC""","=""""","=""BYE""","=""""","=""""","=""Schenectady""","=""NY""","=""Journeymen Fall Classic and Womens World Classic"""
"=""10/4/2025""","=""130""","=""Consi of 16 #2""","=""Connor Helwig""","=""Journeymen WC""","=""""","=""BYE""","=""""","=""""","=""Schenectady""","=""NY""","=""Journeymen Fall Classic and Womens World Classic"""
"=""10/4/2025""","=""130""","=""Consi of 16 #2""","=""Danny Gatto""","=""Legacy Dragons""","=""""","=""BYE""","=""""","=""""","=""Schenectady""","=""NY""","=""Journeymen Fall Classic and Womens World Classic"""
"=""10/4/2025""","=""130""","=""Consi of 16 #2""","=""Liam Driscoll""","=""Metrowest United""","=""""","=""BYE""","=""""","=""""","=""Schenectady""","=""NY""","=""Journeymen Fall Classic and Womens World Classic"""
"=""10/4/2025""","=""130""","=""Consi of 16 #2""","=""Ethan Dowling""","=""Ridgewood High School""","=""6-1 1:06""","=""F""","=""Blake Cronk""","=""Journeymen WC""","=""Schenectady""","=""NY""","=""Journeymen Fall Classic and Womens World Classic"""
"=""10/4/2025""","=""130""","=""Consi of 16 #2""","=""Connor Glory""","=""Delbarton""","=""6-0 0:54""","=""F""","=""Matthew Williams""","=""Iron Faith""","=""Schenectady""","=""NY""","=""Journeymen Fall Classic and Womens World Classic"""
"=""10/4/2025""","=""130""","=""Consi of 16 #2""","=""Nate Webster""","=""Merritt Island High School""","=""9-6 SV""","=""DEC""","=""Isaac Jaynes""","=""Journeymen WC""","=""Schenectady""","=""NY""","=""Journeymen Fall Classic and Womens World Classic"""
"=""10/4/2025""","=""130""","=""Consi of 16 #2""","=""Micheal Canova""","=""Iron Faith""","=""""","=""BYE""","=""""","=""""","=""Schenectady""","=""NY""","=""Journeymen Fall Classic and Womens World Classic"""
"=""10/4/2025""","=""130""","=""Consi of 8 #1""","=""Nate Webster""","=""Merritt Island High School""","=""13-12 4:44""","=""F""","=""Liam Driscoll""","=""Metrowest United""","=""Schenectady""","=""NY""","=""Journeymen Fall Classic and Womens World Classic"""
"=""10/4/2025""","=""130""","=""Consi of 8 #1""","=""Connor Helwig""","=""Journeymen WC""","=""12-5""","=""DEC""","=""Ethan Dowling""","=""Ridgewood High School""","=""Schenectady""","=""NY""","=""Journeymen Fall Classic and Womens World Classic"""
"=""10/4/2025""","=""130""","=""Consi of 8 #1""","=""Connor Glory""","=""Delbarton""","=""1-0""","=""DEC""","=""Keagan Tan""","=""Journeymen WC""","=""Schenectady""","=""NY""","=""Journeymen Fall Classic and Womens World Classic"""
"=""10/4/2025""","=""130""","=""Consi of 8 #1""","=""Danny Gatto""","=""Legacy Dragons""","=""9-5""","=""DEC""","=""Micheal Canova""","=""Iron Faith""","=""Schenectady""","=""NY""","=""Journeymen Fall Classic and Womens World Classic"""
"=""10/4/2025""","=""130""","=""Consi of 8 #2""","=""James Nalbone""","=""Hammer Wrestling""","=""6-8 3:20""","=""F""","=""Connor Helwig""","=""Journeymen WC""","=""Schenectady""","=""NY""","=""Journeymen Fall Classic and Womens World Classic"""
"=""10/4/2025""","=""130""","=""Consi of 8 #2""","=""Louis Kennedy""","=""Vhw""","=""7-2""","=""DEC""","=""Nate Webster""","=""Merritt Island High School""","=""Schenectady""","=""NY""","=""Journeymen Fall Classic and Womens World Classic"""
"=""10/4/2025""","=""130""","=""Consi of 8 #2""","=""Connor Glory""","=""Delbarton""","=""3-1""","=""DEC""","=""Izaiah Santiago""","=""Smitty's Barn""","=""Schenectady""","=""NY""","=""Journeymen Fall Classic and Womens World Classic"""
"=""10/4/2025""","=""130""","=""Consi of 8 #2""","=""Fotis Koufalis""","=""Empire Wrestling Academy""","=""10-3""","=""DEC""","=""Danny Gatto""","=""Legacy Dragons""","=""Schenectady""","=""NY""","=""Journeymen Fall Classic and Womens World Classic"""
"=""10/4/2025""","=""130""","=""Consi of 4""","=""Fotis Koufalis""","=""Empire Wrestling Academy""","=""""","=""FOR""","=""James Nalbone""","=""Hammer Wrestling""","=""Schenectady""","=""NY""","=""Journeymen Fall Classic and Womens World Classic"""
"=""10/4/2025""","=""130""","=""Consi of 4""","=""Landon Herdic""","=""New York Military Academy""","=""10-5""","=""DEC""","=""Owen Oleary""","=""Ridge High School""","=""Schenectady""","=""NY""","=""Journeymen Fall Classic and Womens World Classic"""
"=""10/4/2025""","=""130""","=""Consi of 4""","=""Wynn Pooler""","=""The Hill School""","=""9-7""","=""DEC""","=""Kyle Rollin Menuez""","=""Black Fox""","=""Schenectady""","=""NY""","=""Journeymen Fall Classic and Womens World Classic"""
"=""10/4/2025""","=""130""","=""Consi of 4""","=""Cooper Mathews""","=""Black Fox""","=""7-1 3:10""","=""F""","=""Bennet Palmeri""","=""Superior Wrestling Academy""","=""Schenectady""","=""NY""","=""Journeymen Fall Classic and Womens World Classic"""
"=""10/4/2025""","=""130""","=""Consi of 4""","=""Louis Kennedy""","=""Vhw""","=""6-2""","=""DEC""","=""Connor Glory""","=""Delbarton""","=""Schenectady""","=""NY""","=""Journeymen Fall Classic and Womens World Classic"""
"=""10/4/2025""","=""130""","=""Consi of 4""","=""Conner Whitely""","=""St.edwards""","=""2-1 4:25""","=""F""","=""Lukas Boxley""","=""Ponaganset""","=""Schenectady""","=""NY""","=""Journeymen Fall Classic and Womens World Classic"""
"=""10/4/2025""","=""130""","=""Consi of 4""","=""Julian Arango""","=""St. Joes Metuchen""","=""17-1 4:59""","=""TF""","=""Colin Logalbo""","=""Journeymen""","=""Schenectady""","=""NY""","=""Journeymen Fall Classic and Womens World Classic"""
"=""10/4/2025""","=""130""","=""Consi of 4""","=""Ayden Sumners""","=""Raw""","=""6-4""","=""DEC""","=""Drew Schiavo""","=""Journeymen""","=""Schenectady""","=""NY""","=""Journeymen Fall Classic and Womens World Classic"""
"=""10/4/2025""","=""130""","=""Consi-Semis""","=""Louis Kennedy""","=""Vhw""","=""3-0 1:19""","=""F""","=""Jonathan Cutrone""","=""Wantagh""","=""Schenectady""","=""NY""","=""Journeymen Fall Classic and Womens World Classic"""
"=""10/4/2025""","=""130""","=""Consi-Semis""","=""Camden Olson""","=""Tdwc""","=""2-1""","=""DEC""","=""Fotis Koufalis""","=""Empire Wrestling Academy""","=""Schenectady""","=""NY""","=""Journeymen Fall Classic and Womens World Classic"""
"=""10/4/2025""","=""130""","=""7th Place""","=""Drew Schiavo""","=""Journeymen""","=""3-0 2:00""","=""M FOR""","=""Colin Logalbo""","=""Journeymen""","=""Schenectady""","=""NY""","=""Journeymen Fall Classic and Womens World Classic"""
"=""10/4/2025""","=""130""","=""7th Place""","=""Owen Oleary""","=""Ridge High School""","=""9-8""","=""DEC""","=""Kyle Rollin Menuez""","=""Black Fox""","=""Schenectady""","=""NY""","=""Journeymen Fall Classic and Womens World Classic"""
"=""10/4/2025""","=""130""","=""7th Place""","=""Bennet Palmeri""","=""Superior Wrestling Academy""","=""2-1""","=""DEC""","=""Lukas Boxley""","=""Ponaganset""","=""Schenectady""","=""NY""","=""Journeymen Fall Classic and Womens World Classic"""
"=""10/4/2025""","=""130""","=""5th Place""","=""Ayden Sumners""","=""Raw""","=""4-1""","=""DEC""","=""Julian Arango""","=""St. Joes Metuchen""","=""Schenectady""","=""NY""","=""Journeymen Fall Classic and Womens World Classic"""
"=""10/4/2025""","=""130""","=""5th Place""","=""Landon Herdic""","=""New York Military Academy""","=""21-5 3:41""","=""TF""","=""Wynn Pooler""","=""The Hill School""","=""Schenectady""","=""NY""","=""Journeymen Fall Classic and Womens World Classic"""
"=""10/4/2025""","=""130""","=""5th Place""","=""Cooper Mathews""","=""Black Fox""","=""4-1""","=""DEC""","=""Conner Whitely""","=""St.edwards""","=""Schenectady""","=""NY""","=""Journeymen Fall Classic and Womens World Classic"""
"=""10/4/2025""","=""130""","=""3rd Place""","=""Clayton Waltenbaugh""","=""Renegade""","=""5-4""","=""DEC""","=""Andrew Bonita""","=""Edge""","=""Schenectady""","=""NY""","=""Journeymen Fall Classic and Womens World Classic"""
"=""10/4/2025""","=""130""","=""3rd Place""","=""Mason Whitney""","=""Mat Assassins""","=""1-0""","=""DEC""","=""Tommy Banas""","=""Providence Catholic""","=""Schenectady""","=""NY""","=""Journeymen Fall Classic and Womens World Classic"""
"=""10/4/2025""","=""130""","=""3rd Place""","=""Mason Glotfelty""","=""Eiwc""","=""16-4""","=""MD""","=""Brody Shaffer""","=""Superior""","=""Schenectady""","=""NY""","=""Journeymen Fall Classic and Womens World Classic"""
"=""10/4/2025""","=""95""","=""3rd Place""","=""Jameson White""","=""Combat Athletics""","=""9-4""","=""DEC""","=""Hunter Rock""","=""Journeymen WC""","=""Schenectady""","=""NY""","=""Journeymen Fall Classic and Womens World Classic"""
"=""10/4/2025""","=""95""","=""3rd Place""","=""Steven Abreu""","=""Gps Wrestling""","=""18-2 4:25""","=""TF""","=""Logan Murphy""","=""Rush Henrietta""","=""Schenectady""","=""NY""","=""Journeymen Fall Classic and Womens World Classic"""
"=""10/4/2025""","=""95""","=""3rd Place""","=""Joaquin Tenorio""","=""Bitetto Trained""","=""15-0 3:32""","=""TF""","=""Carson Logalbo""","=""Little Falls""","=""Schenectady""","=""NY""","=""Journeymen Fall Classic and Womens World Classic"""
"=""10/4/2025""","=""95""","=""3rd Place""","=""Daniel Corbin""","=""Wyoming Seminary""","=""17-12""","=""DEC""","=""Micah Mcgrath""","=""Smitty's Barn""","=""Schenectady""","=""NY""","=""Journeymen Fall Classic and Womens World Classic"""
"=""10/4/2025""","=""130""","=""3rd Place""","=""Louis Kennedy""","=""Vhw""","=""8-2""","=""DEC""","=""Camden Olson""","=""Tdwc""","=""Schenectady""","=""NY""","=""Journeymen Fall Classic and Womens World Classic"""
"=""10/4/2025""","=""130""","=""Round of 32""","=""Liam Driscoll""","=""Metrowest United""","=""12-0 3:49""","=""F""","=""Blake Cronk""","=""Journeymen WC""","=""Schenectady""","=""NY""","=""Journeymen Fall Classic and Womens World Classic"""
"=""10/4/2025""","=""130""","=""Round of 32""","=""Gabriel Jones""","=""Combat Athletics""","=""""","=""BYE""","=""""","=""""","=""Schenectady""","=""NY""","=""Journeymen Fall Classic and Womens World Classic"""
"=""10/4/2025""","=""130""","=""Round of 32""","=""Ethan Dowling""","=""Ridgewood High School""","=""""","=""BYE""","=""""","=""""","=""Schenectady""","=""NY""","=""Journeymen Fall Classic and Womens World Classic"""
"=""10/4/2025""","=""130""","=""Round of 32""","=""Jonathan Cutrone""","=""Wantagh""","=""""","=""BYE""","=""""","=""""","=""Schenectady""","=""NY""","=""Journeymen Fall Classic and Womens World Classic"""
"=""10/4/2025""","=""130""","=""Round of 32""","=""Danny Gatto""","=""Legacy Dragons""","=""""","=""BYE""","=""""","=""""","=""Schenectady""","=""NY""","=""Journeymen Fall Classic and Womens World Classic"""
"=""10/4/2025""","=""130""","=""Round of 32""","=""Camden Olson""","=""Tdwc""","=""16-1 2:15""","=""TF""","=""Nate Webster""","=""Merritt Island High School""","=""Schenectady""","=""NY""","=""Journeymen Fall Classic and Womens World Classic"""
"=""10/4/2025""","=""130""","=""Round of 32""","=""Connor Glory""","=""Delbarton""","=""""","=""BYE""","=""""","=""""","=""Schenectady""","=""NY""","=""Journeymen Fall Classic and Womens World Classic"""
"=""10/4/2025""","=""130""","=""Round of 32""","=""Keagan Tan""","=""Journeymen WC""","=""""","=""BYE""","=""""","=""""","=""Schenectady""","=""NY""","=""Journeymen Fall Classic and Womens World Classic"""
"=""10/4/2025""","=""130""","=""Round of 32""","=""Fotis Koufalis""","=""Empire Wrestling Academy""","=""""","=""BYE""","=""""","=""""","=""Schenectady""","=""NY""","=""Journeymen Fall Classic and Womens World Classic"""
"=""10/4/2025""","=""130""","=""Round of 32""","=""Izaiah Santiago""","=""Smitty's Barn""","=""""","=""BYE""","=""""","=""""","=""Schenectady""","=""NY""","=""Journeymen Fall Classic and Womens World Classic"""
"=""10/4/2025""","=""130""","=""Round of 32""","=""Louis Kennedy""","=""Vhw""","=""15-0 3:00""","=""TF""","=""Matthew Williams""","=""Iron Faith""","=""Schenectady""","=""NY""","=""Journeymen Fall Classic and Womens World Classic"""
"=""10/4/2025""","=""130""","=""Round of 32""","=""James Nalbone""","=""Hammer Wrestling""","=""""","=""BYE""","=""""","=""""","=""Schenectady""","=""NY""","=""Journeymen Fall Classic and Womens World Classic"""
"=""10/4/2025""","=""130""","=""Round of 32""","=""Isaac Jaynes""","=""Journeymen WC""","=""""","=""BYE""","=""""","=""""","=""Schenectady""","=""NY""","=""Journeymen Fall Classic and Womens World Classic"""
"=""10/4/2025""","=""130""","=""Round of 32""","=""Micheal Canova""","=""Iron Faith""","=""""","=""BYE""","=""""","=""""","=""Schenectady""","=""NY""","=""Journeymen Fall Classic and Womens World Classic"""
"=""10/4/2025""","=""130""","=""Round of 32""","=""Kyle Rollin Menuez""","=""Black Fox Wrestling Academy""","=""""","=""BYE""","=""""","=""""","=""Schenectady""","=""NY""","=""Journeymen Fall Classic and Womens World Classic"""
"=""10/4/2025""","=""130""","=""Round of 32""","=""Connor Helwig""","=""Journeymen WC""","=""""","=""BYE""","=""""","=""""","=""Schenectady""","=""NY""","=""Journeymen Fall Classic and Womens World Classic"""
"=""10/4/2025""","=""130""","=""Round of 16""","=""Jonathan Cutrone""","=""Wantagh""","=""11-3 3:28""","=""F""","=""Isaac Jaynes""","=""Journeymen WC""","=""Schenectady""","=""NY""","=""Journeymen Fall Classic and Womens World Classic"""
"=""10/4/2025""","=""130""","=""Round of 16""","=""Camden Olson""","=""Tdwc""","=""17-0 2:31""","=""TF""","=""Connor Helwig""","=""Journeymen WC""","=""Schenectady""","=""NY""","=""Journeymen Fall Classic and Womens World Classic"""
"=""10/4/2025""","=""130""","=""Round of 16""","=""Gabriel Jones""","=""Combat Athletics""","=""6-1 1:37""","=""F""","=""Keagan Tan""","=""Journeymen WC""","=""Schenectady""","=""NY""","=""Journeymen Fall Classic and Womens World Classic"""
"=""10/4/2025""","=""130""","=""Round of 16""","=""Fotis Koufalis""","=""Empire Wrestling Academy""","=""23-5 3:06""","=""TF""","=""Liam Driscoll""","=""Metrowest United""","=""Schenectady""","=""NY""","=""Journeymen Fall Classic and Womens World Classic"""
"=""10/4/2025""","=""130""","=""Round of 16""","=""Kyle Rollin Menuez""","=""Black Fox Wrestling Academy""","=""15-0 3:11""","=""F""","=""Micheal Canova""","=""Iron Faith""","=""Schenectady""","=""NY""","=""Journeymen Fall Classic and Womens World Classic"""
"=""10/4/2025""","=""130""","=""Round of 16""","=""Louis Kennedy""","=""Vhw""","=""8-1""","=""DEC""","=""Danny Gatto""","=""Legacy Dragons""","=""Schenectady""","=""NY""","=""Journeymen Fall Classic and Womens World Classic"""
"=""10/4/2025""","=""130""","=""Round of 16""","=""Izaiah Santiago""","=""Smitty's Barn""","=""6-4""","=""DEC""","=""Ethan Dowling""","=""Ridgewood High School""","=""Schenectady""","=""NY""","=""Journeymen Fall Classic and Womens World Classic"""
"=""10/4/2025""","=""130""","=""Round of 16""","=""James Nalbone""","=""Hammer Wrestling""","=""10-4""","=""DEC""","=""Connor Glory""","=""Delbarton""","=""Schenectady""","=""NY""","=""Journeymen Fall Classic and Womens World Classic"""
"=""10/4/2025""","=""130""","=""Quarter-Finals""","=""Tommy Banas""","=""Providence Catholic""","=""2-1 TB2""","=""DEC""","=""Conner Whitely""","=""St.edwards""","=""Schenectady""","=""NY""","=""Journeymen Fall Classic and Womens World Classic"""
"=""10/4/2025""","=""130""","=""Quarter-Finals""","=""Santiago Chrisjohn""","=""Journeymen""","=""13-0""","=""MD""","=""Kyle Rollin Menuez""","=""Black Fox""","=""Schenectady""","=""NY""","=""Journeymen Fall Classic and Womens World Classic"""
"=""10/4/2025""","=""130""","=""Quarter-Finals""","=""Kyle Rollin Menuez""","=""Black Fox Wrestling Academy""","=""8-3 4:45""","=""F""","=""Louis Kennedy""","=""Vhw""","=""Schenectady""","=""NY""","=""Journeymen Fall Classic and Womens World Classic"""
"=""10/4/2025""","=""130""","=""Quarter-Finals""","=""Cj Caines""","=""Mat Assassins""","=""5-2 SV""","=""DEC""","=""Lukas Boxley""","=""Ponaganset""","=""Schenectady""","=""NY""","=""Journeymen Fall Classic and Womens World Classic"""
"=""10/4/2025""","=""130""","=""Quarter-Finals""","=""Brody Shaffer""","=""Superior""","=""6-4""","=""DEC""","=""Colin Logalbo""","=""Journeymen""","=""Schenectady""","=""NY""","=""Journeymen Fall Classic and Womens World Classic"""
"=""10/4/2025""","=""130""","=""Quarter-Finals""","=""Vincenzo Anello""","=""Blair Academy""","=""10-0""","=""MD""","=""Bennet Palmeri""","=""Superior Wrestling Academy""","=""Schenectady""","=""NY""","=""Journeymen Fall Classic and Womens World Classic"""
"=""10/4/2025""","=""130""","=""Quarter-Finals""","=""Camden Olson""","=""Tdwc""","=""17-0 4:14""","=""TF""","=""Izaiah Santiago""","=""Smitty's Barn""","=""Schenectady""","=""NY""","=""Journeymen Fall Classic and Womens World Classic"""
"=""10/4/2025""","=""130""","=""Quarter-Finals""","=""Brennan Sprague""","=""Monsignor Farrell""","=""11-1""","=""MD""","=""Drew Schiavo""","=""Journeymen""","=""Schenectady""","=""NY""","=""Journeymen Fall Classic and Womens World Classic"""
"=""10/4/2025""","=""130""","=""Quarter-Finals""","=""Mason Glotfelty""","=""Eiwc""","=""10-5""","=""DEC""","=""Ayden Sumners""","=""Raw""","=""Schenectady""","=""NY""","=""Journeymen Fall Classic and Womens World Classic"""
"=""10/4/2025""","=""130""","=""Quarter-Finals""","=""Andrew Bonita""","=""Edge""","=""9-2""","=""DEC""","=""Owen Oleary""","=""Ridge High School""","=""Schenectady""","=""NY""","=""Journeymen Fall Classic and Womens World Classic"""
"=""10/4/2025""","=""130""","=""Quarter-Finals""","=""Luke Galipeau""","=""Northfield Mount Hermon""","=""3-0 1:42""","=""F""","=""Julian Arango""","=""St. Joes Metuchen""","=""Schenectady""","=""NY""","=""Journeymen Fall Classic and Womens World Classic"""
"=""10/4/2025""","=""130""","=""Quarter-Finals""","=""Lucas Reeves""","=""Svrwc""","=""4-2""","=""DEC""","=""Landon Herdic""","=""New York Military Academy""","=""Schenectady""","=""NY""","=""Journeymen Fall Classic and Womens World Classic"""
"=""10/4/2025""","=""130""","=""Quarter-Finals""","=""Mason Whitney""","=""Mat Assassins""","=""1-0""","=""DEC""","=""Cooper Mathews""","=""Black Fox""","=""Schenectady""","=""NY""","=""Journeymen Fall Classic and Womens World Classic"""
"=""10/4/2025""","=""130""","=""Quarter-Finals""","=""Jonathan Cutrone""","=""Wantagh""","=""5-2 SV""","=""DEC""","=""Fotis Koufalis""","=""Empire Wrestling Academy""","=""Schenectady""","=""NY""","=""Journeymen Fall Classic and Womens World Classic"""
"=""10/4/2025""","=""130""","=""Quarter-Finals""","=""Clayton Waltenbaugh""","=""Renegade""","=""4-3""","=""DEC""","=""Wynn Pooler""","=""The Hill School""","=""Schenectady""","=""NY""","=""Journeymen Fall Classic and Womens World Classic"""
"=""10/4/2025""","=""130""","=""Quarter-Finals""","=""Gabriel Jones""","=""Combat Athletics""","=""12-5""","=""DEC""","=""James Nalbone""","=""Hammer Wrestling""","=""Schenectady""","=""NY""","=""Journeymen Fall Classic and Womens World Classic"""
"=""10/4/2025""","=""130""","=""Semi-Finals""","=""Kyle Rollin Menuez""","=""Black Fox Wrestling Academy""","=""10-3""","=""DEC""","=""Camden Olson""","=""Tdwc""","=""Schenectady""","=""NY""","=""Journeymen Fall Classic and Womens World Classic"""
"=""10/4/2025""","=""95""","=""Semi-Finals""","=""King Hawkins""","=""Mat Assassins Wc""","=""21-4 2:46""","=""TF""","=""Steven Abreu""","=""Gps Wrestling""","=""Schenectady""","=""NY""","=""Journeymen Fall Classic and Womens World Classic"""
"=""10/4/2025""","=""95""","=""Semi-Finals""","=""Jackson Pressman""","=""Shore Thing""","=""3-0 1:28""","=""F""","=""Carson Logalbo""","=""Little Falls""","=""Schenectady""","=""NY""","=""Journeymen Fall Classic and Womens World Classic"""
"=""10/4/2025""","=""130""","=""Semi-Finals""","=""Luke Galipeau""","=""Northfield Mount Hermon""","=""7-0 1:34""","=""F""","=""Brody Shaffer""","=""Superior""","=""Schenectady""","=""NY""","=""Journeymen Fall Classic and Womens World Classic"""
"=""10/4/2025""","=""130""","=""Semi-Finals""","=""Lucas Reeves""","=""Svrwc""","=""7-4 SV""","=""DEC""","=""Andrew Bonita""","=""Edge""","=""Schenectady""","=""NY""","=""Journeymen Fall Classic and Womens World Classic"""
"=""10/4/2025""","=""95""","=""Semi-Finals""","=""Traiano Dandeneau""","=""Jersey 74""","=""9-1""","=""MD""","=""Hunter Rock""","=""Journeymen WC""","=""Schenectady""","=""NY""","=""Journeymen Fall Classic and Womens World Classic"""
"=""10/4/2025""","=""130""","=""Semi-Finals""","=""Gabriel Jones""","=""Combat Athletics""","=""9-8""","=""DEC""","=""Jonathan Cutrone""","=""Wantagh""","=""Schenectady""","=""NY""","=""Journeymen Fall Classic and Womens World Classic"""
"=""10/4/2025""","=""130""","=""Semi-Finals""","=""Brennan Sprague""","=""Monsignor Farrell""","=""19-4 1:26""","=""TF""","=""Mason Glotfelty""","=""Eiwc""","=""Schenectady""","=""NY""","=""Journeymen Fall Classic and Womens World Classic"""
"=""10/4/2025""","=""130""","=""Semi-Finals""","=""Cj Caines""","=""Mat Assassins""","=""16-0 4:12""","=""TF""","=""Tommy Banas""","=""Providence Catholic""","=""Schenectady""","=""NY""","=""Journeymen Fall Classic and Womens World Classic"""
"=""10/4/2025""","=""130""","=""Semi-Finals""","=""Vincenzo Anello""","=""Blair Academy""","=""4-0""","=""DEC""","=""Mason Whitney""","=""Mat Assassins""","=""Schenectady""","=""NY""","=""Journeymen Fall Classic and Womens World Classic"""
"=""10/4/2025""","=""95""","=""Semi-Finals""","=""Elijah Santiago""","=""Grit Mat Club""","=""7-3 3:32""","=""F""","=""Logan Murphy""","=""Rush Henrietta""","=""Schenectady""","=""NY""","=""Journeymen Fall Classic and Womens World Classic"""
"=""10/4/2025""","=""130""","=""Semi-Finals""","=""Santiago Chrisjohn""","=""Journeymen""","=""8-5""","=""DEC""","=""Clayton Waltenbaugh""","=""Renegade""","=""Schenectady""","=""NY""","=""Journeymen Fall Classic and Womens World Classic"""
"=""10/4/2025""","=""95""","=""Semi-Finals""","=""Leonardo Spagnuolo""","=""Hanover Park""","=""16-0 3:13""","=""TF""","=""Jameson White""","=""Combat Athletics""","=""Schenectady""","=""NY""","=""Journeymen Fall Classic and Womens World Classic"""
"=""10/4/2025""","=""95""","=""Semi-Finals""","=""Preston Van Hoven""","=""Legacy Dragons""","=""6-2""","=""DEC""","=""Micah Mcgrath""","=""Smitty's Barn""","=""Schenectady""","=""NY""","=""Journeymen Fall Classic and Womens World Classic"""
"=""10/4/2025""","=""95""","=""Semi-Finals""","=""Jack Scoma""","=""Kd Trained""","=""7-3""","=""DEC""","=""Joaquin Tenorio""","=""Bitetto Trained""","=""Schenectady""","=""NY""","=""Journeymen Fall Classic and Womens World Classic"""
"=""10/4/2025""","=""95""","=""Semi-Finals""","=""Silas Dietrich""","=""Steller Trained / Spring Grove""","=""10-1""","=""MD""","=""Daniel Corbin""","=""Wyoming Seminary""","=""Schenectady""","=""NY""","=""Journeymen Fall Classic and Womens World Classic"""
"=""10/4/2025""","=""130""","=""Finals""","=""Kyle Rollin Menuez""","=""Black Fox Wrestling Academy""","=""12-5""","=""DEC""","=""Gabriel Jones""","=""Combat Athletics""","=""Schenectady""","=""NY""","=""Journeymen Fall Classic and Womens World Classic"""
"=""10/4/2025""","=""95""","=""Finals""","=""King Hawkins""","=""Mat Assassins Wc""","=""15-9""","=""DEC""","=""Elijah Santiago""","=""Grit Mat Club""","=""Schenectady""","=""NY""","=""Journeymen Fall Classic and Womens World Classic"""
"=""10/4/2025""","=""130""","=""Finals""","=""Vincenzo Anello""","=""Blair Academy""","=""5-0""","=""DEC""","=""Cj Caines""","=""Mat Assassins""","=""Schenectady""","=""NY""","=""Journeymen Fall Classic and Womens World Classic"""
"=""10/4/2025""","=""95""","=""Finals""","=""Leonardo Spagnuolo""","=""Hanover Park""","=""3-0 2:57""","=""F""","=""Traiano Dandeneau""","=""Jersey 74""","=""Schenectady""","=""NY""","=""Journeymen Fall Classic and Womens World Classic"""
"=""10/4/2025""","=""95""","=""Finals""","=""Silas Dietrich""","=""Steller Trained / Spring Grove""","=""7-2 3:12""","=""F""","=""Preston Van Hoven""","=""Legacy Dragons""","=""Schenectady""","=""NY""","=""Journeymen Fall Classic and Womens World Classic"""
"=""10/4/2025""","=""95""","=""Finals""","=""Jackson Pressman""","=""Shore Thing""","=""3-0 0:42""","=""F""","=""Jack Scoma""","=""Kd Trained""","=""Schenectady""","=""NY""","=""Journeymen Fall Classic and Womens World Classic"""
"=""10/4/2025""","=""130""","=""Finals""","=""Luke Galipeau""","=""Northfield Mount Hermon""","=""10-5""","=""DEC""","=""Brennan Sprague""","=""Monsignor Farrell""","=""Schenectady""","=""NY""","=""Journeymen Fall Classic and Womens World Classic"""
"=""10/4/2025""","=""130""","=""Finals""","=""Lucas Reeves""","=""Svrwc""","=""12-1""","=""MD""","=""Santiago Chrisjohn""","=""Journeymen""","=""Schenectady""","=""NY""","=""Journeymen Fall Classic and Womens World Classic"""
"=""10/4/2025""","=""80""","=""RR Rnd 3""","=""Julian Lawrence""","=""Svrwc""","=""16-1 4:04""","=""TF""","=""Hudson Stenglein""","=""Journeymen Wrestling""","=""Schenectady""","=""NY""","=""Journeymen Fall Classic and Womens World Classic"""
"=""10/4/2025""","=""100""","=""RR Rnd 3""","=""Eli Pomeroy""","=""Bear Cave Wrestling Club""","=""16-1 4:00""","=""TF""","=""Liam Kelo""","=""Iron Faith""","=""Schenectady""","=""NY""","=""Journeymen Fall Classic and Womens World Classic"""
"=""10/4/2025""","=""80""","=""RR Rnd 3""","=""Matthew Bly""","=""Mat Assassins""","=""17-2 1:55""","=""TF""","=""Chance Stempien""","=""Mecca""","=""Schenectady""","=""NY""","=""Journeymen Fall Classic and Womens World Classic"""
"=""10/4/2025""","=""80""","=""RR Rnd 3""","=""Matthew Aviles""","=""Savage House""","=""12-0""","=""MD""","=""Devin Eggleston""","=""Xtreme Wrestling""","=""Schenectady""","=""NY""","=""Journeymen Fall Classic and Womens World Classic"""
"=""10/4/2025""","=""80""","=""RR Rnd 3""","=""Griffin Doroshenko""","=""Mat Assassins""","=""18-3 1:52""","=""TF""","=""Lennon Lokuta""","=""Mecca""","=""Schenectady""","=""NY""","=""Journeymen Fall Classic and Womens World Classic"""
"=""10/4/2025""","=""100""","=""RR Rnd 3""","=""Marco Lettini""","=""Ruthless Wrestling Club""","=""""","=""BYE""","=""""","=""""","=""Schenectady""","=""NY""","=""Journeymen Fall Classic and Womens World Classic"""
"=""10/4/2025""","=""100""","=""RR Rnd 3""","=""Jackson Hull""","=""Journeymen WC""","=""3-0 0:54""","=""F""","=""James Darling""","=""Fisheye""","=""Schenectady""","=""NY""","=""Journeymen Fall Classic and Womens World Classic"""
"=""10/4/2025""","=""100""","=""RR Rnd 3""","=""Hunter Phillips""","=""Barn Brothers""","=""17-0 3:00""","=""TF""","=""Bryan Agulis""","=""Frost Gang""","=""Schenectady""","=""NY""","=""Journeymen Fall Classic and Womens World Classic"""
"=""10/4/2025""","=""100""","=""RR Rnd 3""","=""Joseph Colardo""","=""Top Flight Wrestling Academy""","=""""","=""BYE""","=""""","=""""","=""Schenectady""","=""NY""","=""Journeymen Fall Classic and Womens World Classic"""
"=""10/4/2025""","=""100""","=""RR Rnd 3""","=""Marcarlo Mannello""","=""Gps Wrestling""","=""""","=""BYE""","=""""","=""""","=""Schenectady""","=""NY""","=""Journeymen Fall Classic and Womens World Classic"""
"=""10/4/2025""","=""100""","=""RR Rnd 3""","=""Brayden Dejesus""","=""Ruthless Wrestling Club""","=""""","=""BYE""","=""""","=""""","=""Schenectady""","=""NY""","=""Journeymen Fall Classic and Womens World Classic"""
"=""10/4/2025""","=""100""","=""RR Rnd 3""","=""Max Kennedy""","=""Vhw""","=""8-0 4:07""","=""F""","=""Mason Sampson""","=""Iron Faith""","=""Schenectady""","=""NY""","=""Journeymen Fall Classic and Womens World Classic"""
"=""10/4/2025""","=""100""","=""RR Rnd 2""","=""Jackson Hull""","=""Journeymen WC""","=""""","=""BYE""","=""""","=""""","=""Schenectady""","=""NY""","=""Journeymen Fall Classic and Womens World Classic"""
"=""10/4/2025""","=""100""","=""RR Rnd 2""","=""Marco Lettini""","=""Ruthless Wrestling Club""","=""4-0""","=""DEC""","=""Bryan Agulis""","=""Frost Gang""","=""Schenectady""","=""NY""","=""Journeymen Fall Classic and Womens World Classic"""
"=""10/4/2025""","=""100""","=""RR Rnd 2""","=""Hunter Phillips""","=""Barn Brothers""","=""""","=""BYE""","=""""","=""""","=""Schenectady""","=""NY""","=""Journeymen Fall Classic and Womens World Classic"""
"=""10/4/2025""","=""80""","=""RR Rnd 2""","=""Devin Eggleston""","=""Xtreme Wrestling""","=""11-1""","=""MD""","=""Hudson Stenglein""","=""Journeymen Wrestling""","=""Schenectady""","=""NY""","=""Journeymen Fall Classic and Womens World Classic"""
"=""10/4/2025""","=""100""","=""RR Rnd 2""","=""Marcarlo Mannello""","=""Gps Wrestling""","=""17-2 3:00""","=""TF""","=""Eli Pomeroy""","=""Bear Cave Wrestling Club""","=""Schenectady""","=""NY""","=""Journeymen Fall Classic and Womens World Classic"""
"=""10/4/2025""","=""100""","=""RR Rnd 2""","=""Mason Sampson""","=""Iron Faith""","=""""","=""BYE""","=""""","=""""","=""Schenectady""","=""NY""","=""Journeymen Fall Classic and Womens World Classic"""
"=""10/4/2025""","=""100""","=""RR Rnd 2""","=""Liam Kelo""","=""Iron Faith""","=""""","=""BYE""","=""""","=""""","=""Schenectady""","=""NY""","=""Journeymen Fall Classic and Womens World Classic"""
"=""10/4/2025""","=""80""","=""RR Rnd 2""","=""Griffin Doroshenko""","=""Mat Assassins""","=""6-1""","=""DEC""","=""Matthew Bly""","=""Mat Assassins""","=""Schenectady""","=""NY""","=""Journeymen Fall Classic and Womens World Classic"""
"=""10/4/2025""","=""80""","=""RR Rnd 2""","=""Lennon Lokuta""","=""Mecca""","=""5-1""","=""DEC""","=""Chance Stempien""","=""Mecca""","=""Schenectady""","=""NY""","=""Journeymen Fall Classic and Womens World Classic"""
"=""10/4/2025""","=""80""","=""RR Rnd 2""","=""Julian Lawrence""","=""Svrwc""","=""5-0""","=""DEC""","=""Matthew Aviles""","=""Savage House""","=""Schenectady""","=""NY""","=""Journeymen Fall Classic and Womens World Classic"""
"=""10/4/2025""","=""100""","=""RR Rnd 2""","=""Brayden Dejesus""","=""Ruthless Wrestling Club""","=""16-1 2:04""","=""TF""","=""Max Kennedy""","=""Vhw""","=""Schenectady""","=""NY""","=""Journeymen Fall Classic and Womens World Classic"""
"=""10/4/2025""","=""100""","=""RR Rnd 2""","=""Joseph Colardo""","=""Top Flight Wrestling Academy""","=""20-1 2:12""","=""TF""","=""James Darling""","=""Fisheye""","=""Schenectady""","=""NY""","=""Journeymen Fall Classic and Womens World Classic"""
"=""10/4/2025""","=""80""","=""RR Rnd 1""","=""Matthew Bly""","=""Mat Assassins""","=""23-8 3:09""","=""TF""","=""Lennon Lokuta""","=""Mecca""","=""Schenectady""","=""NY""","=""Journeymen Fall Classic and Womens World Classic"""
"=""10/4/2025""","=""100""","=""RR Rnd 1""","=""Eli Pomeroy""","=""Bear Cave Wrestling Club""","=""""","=""BYE""","=""""","=""""","=""Schenectady""","=""NY""","=""Journeymen Fall Classic and Womens World Classic"""
"=""10/4/2025""","=""100""","=""RR Rnd 1""","=""Max Kennedy""","=""Vhw""","=""""","=""BYE""","=""""","=""""","=""Schenectady""","=""NY""","=""Journeymen Fall Classic and Womens World Classic"""
"=""10/4/2025""","=""80""","=""RR Rnd 1""","=""Chance Stempien""","=""Mecca""","=""13-6""","=""DEC""","=""Hudson Stenglein""","=""Journeymen Wrestling""","=""Schenectady""","=""NY""","=""Journeymen Fall Classic and Womens World Classic"""
"=""10/4/2025""","=""100""","=""RR Rnd 1""","=""Hunter Phillips""","=""Barn Brothers""","=""10-0""","=""MD""","=""Marco Lettini""","=""Ruthless Wrestling Club""","=""Schenectady""","=""NY""","=""Journeymen Fall Classic and Womens World Classic"""
"=""10/4/2025""","=""100""","=""RR Rnd 1""","=""Alexander Poh""","=""Vougars Honors Wrestling""","=""3-2""","=""DEC""","=""Zavier Olver""","=""Mat Assassins Wc""","=""Schenectady""","=""NY""","=""Journeymen Fall Classic and Womens World Classic"""
"=""10/4/2025""","=""100""","=""RR Rnd 1""","=""James Darling""","=""Fisheye""","=""""","=""BYE""","=""""","=""""","=""Schenectady""","=""NY""","=""Journeymen Fall Classic and Womens World Classic"""
"=""10/4/2025""","=""100""","=""RR Rnd 1""","=""Brayden Dejesus""","=""Ruthless Wrestling Club""","=""17-1 1:26""","=""TF""","=""Mason Sampson""","=""Iron Faith""","=""Schenectady""","=""NY""","=""Journeymen Fall Classic and Womens World Classic"""
"=""10/4/2025""","=""100""","=""RR Rnd 1""","=""Liam Arroyo""","=""Apex""","=""5-0""","=""DEC""","=""Brennon Egan""","=""Journeymen WC""","=""Schenectady""","=""NY""","=""Journeymen Fall Classic and Womens World Classic"""
"=""10/4/2025""","=""80""","=""RR Rnd 1""","=""Julian Lawrence""","=""Svrwc""","=""16-0 4:30""","=""F""","=""Devin Eggleston""","=""Xtreme Wrestling""","=""Schenectady""","=""NY""","=""Journeymen Fall Classic and Womens World Classic"""
"=""10/4/2025""","=""80""","=""RR Rnd 1""","=""Matthew Aviles""","=""Savage House""","=""13-1""","=""MD""","=""Hudson Stenglein""","=""Journeymen Wrestling""","=""Schenectady""","=""NY""","=""Journeymen Fall Classic and Womens World Classic"""
"=""10/4/2025""","=""100""","=""RR Rnd 1""","=""Joseph Colardo""","=""Top Flight Wrestling Academy""","=""12-3 1:58""","=""F""","=""Jackson Hull""","=""Journeymen WC""","=""Schenectady""","=""NY""","=""Journeymen Fall Classic and Womens World Classic"""
"=""10/4/2025""","=""80""","=""RR Rnd 1""","=""Griffin Doroshenko""","=""Mat Assassins""","=""9-2 1:30""","=""F""","=""Chance Stempien""","=""Mecca""","=""Schenectady""","=""NY""","=""Journeymen Fall Classic and Womens World Classic"""
"=""10/4/2025""","=""100""","=""RR Rnd 1""","=""Bryan Agulis""","=""Frost Gang""","=""""","=""BYE""","=""""","=""""","=""Schenectady""","=""NY""","=""Journeymen Fall Classic and Womens World Classic"""
"=""10/4/2025""","=""100""","=""RR Rnd 1""","=""Marcarlo Mannello""","=""Gps Wrestling""","=""11-0 1:19""","=""F""","=""Liam Kelo""","=""Iron Faith""","=""Schenectady""","=""NY""","=""Journeymen Fall Classic and Womens World Classic"""
"=""10/4/2025""","=""80""","=""RR Rnd 1""","=""Matthew Aviles""","=""Savage House""","=""10-6""","=""DEC""","=""Matthew Bly""","=""Mat Assassins""","=""Schenectady""","=""NY""","=""Journeymen Fall Classic and Womens World Classic"""
"=""10/4/2025""","=""100""","=""RR Rnd 1""","=""Matthew Simonton""","=""Barn Brothers""","=""2-0""","=""DEC""","=""Kody Dott""","=""Journeymen WC""","=""Schenectady""","=""NY""","=""Journeymen Fall Classic and Womens World Classic"""
"=""10/4/2025""","=""80""","=""RR Rnd 1""","=""Lennon Lokuta""","=""Mecca""","=""7-3""","=""DEC""","=""Devin Eggleston""","=""Xtreme Wrestling""","=""Schenectady""","=""NY""","=""Journeymen Fall Classic and Womens World Classic"""
"=""10/4/2025""","=""100""","=""RR Rnd 1""","=""Derek Danbe""","=""Rednose""","=""8-5 SV""","=""DEC""","=""Andrew Dolson""","=""Barn Brothers""","=""Schenectady""","=""NY""","=""Journeymen Fall Classic and Womens World Classic"""
"=""10/4/2025""","=""80""","=""RR Rnd 1""","=""Griffin Doroshenko""","=""Mat Assassins""","=""1-0""","=""DEC""","=""Julian Lawrence""","=""Svrwc""","=""Schenectady""","=""NY""","=""Journeymen Fall Classic and Womens World Classic"""
"=""10/4/2025""","=""135""","=""Consi of 16 #1""","=""Jamil Rivera""","=""Hammer Wrestling""","=""""","=""BYE""","=""""","=""""","=""Schenectady""","=""NY""","=""Journeymen Fall Classic and Womens World Classic"""
"=""10/4/2025""","=""135""","=""Consi of 16 #2""","=""Alex Javier""","=""Metrowest United""","=""""","=""BYE""","=""""","=""""","=""Schenectady""","=""NY""","=""Journeymen Fall Classic and Womens World Classic"""
"=""10/4/2025""","=""135""","=""Consi of 16 #2""","=""Jamil Rivera""","=""Hammer Wrestling""","=""17-3 3:12""","=""F""","=""Wyatt Clink""","=""Athens""","=""Schenectady""","=""NY""","=""Journeymen Fall Classic and Womens World Classic"""
"=""10/4/2025""","=""135""","=""Consi of 16 #2""","=""Harley Guida""","=""Fisheye""","=""""","=""BYE""","=""""","=""""","=""Schenectady""","=""NY""","=""Journeymen Fall Classic and Womens World Classic"""
"=""10/4/2025""","=""135""","=""Consi of 16 #2""","=""Sabatino Sciullo""","=""Tdwc""","=""""","=""BYE""","=""""","=""""","=""Schenectady""","=""NY""","=""Journeymen Fall Classic and Womens World Classic"""
"=""10/4/2025""","=""135""","=""Consi of 16 #2""","=""Jaeden Brandon""","=""Legacy Dragons""","=""""","=""BYE""","=""""","=""""","=""Schenectady""","=""NY""","=""Journeymen Fall Classic and Womens World Classic"""
"=""10/4/2025""","=""135""","=""Consi of 16 #2""","=""Raffi Rafaelian""","=""Top Flight Wrestling Academy""","=""""","=""BYE""","=""""","=""""","=""Schenectady""","=""NY""","=""Journeymen Fall Classic and Womens World Classic"""
"=""10/4/2025""","=""135""","=""Consi of 16 #2""","=""Liam Christ""","=""Metrowest United""","=""""","=""BYE""","=""""","=""""","=""Schenectady""","=""NY""","=""Journeymen Fall Classic and Womens World Classic"""
"=""10/4/2025""","=""135""","=""Consi of 16 #2""","=""Alexander Zelna""","=""Btwc""","=""""","=""BYE""","=""""","=""""","=""Schenectady""","=""NY""","=""Journeymen Fall Classic and Womens World Classic"""
"=""10/4/2025""","=""135""","=""Consi of 8 #1""","=""Sabatino Sciullo""","=""Tdwc""","=""15-5""","=""MD""","=""Alex Javier""","=""Metrowest United""","=""Schenectady""","=""NY""","=""Journeymen Fall Classic and Womens World Classic"""
"=""10/4/2025""","=""135""","=""Consi of 8 #1""","=""Jamil Rivera""","=""Hammer Wrestling""","=""14-5""","=""MD""","=""Harley Guida""","=""Fisheye""","=""Schenectady""","=""NY""","=""Journeymen Fall Classic and Womens World Classic"""
"=""10/4/2025""","=""135""","=""Consi of 8 #1""","=""Alexander Zelna""","=""Btwc""","=""6-5""","=""DEC""","=""Liam Christ""","=""Metrowest United""","=""Schenectady""","=""NY""","=""Journeymen Fall Classic and Womens World Classic"""
"=""10/4/2025""","=""135""","=""Consi of 8 #1""","=""Jaeden Brandon""","=""Legacy Dragons""","=""7-1 2:33""","=""F""","=""Raffi Rafaelian""","=""Top Flight Wrestling Academy""","=""Schenectady""","=""NY""","=""Journeymen Fall Classic and Womens World Classic"""
"=""10/4/2025""","=""135""","=""Consi of 8 #2""","=""Mikey Mcneal""","=""Derry Area""","=""19-2 3:08""","=""TF""","=""Alexander Zelna""","=""Btwc""","=""Schenectady""","=""NY""","=""Journeymen Fall Classic and Womens World Classic"""
"=""10/4/2025""","=""135""","=""Consi of 8 #2""","=""John Foote""","=""Vhw""","=""5-4""","=""DEC""","=""Sabatino Sciullo""","=""Tdwc""","=""Schenectady""","=""NY""","=""Journeymen Fall Classic and Womens World Classic"""
"=""10/4/2025""","=""135""","=""Consi of 8 #2""","=""Jaeden Brandon""","=""Legacy Dragons""","=""15-10""","=""DEC""","=""Dawson Wojtaszczyk""","=""Leroy""","=""Schenectady""","=""NY""","=""Journeymen Fall Classic and Womens World Classic"""
"=""10/4/2025""","=""135""","=""Consi of 8 #2""","=""Quinton Warlikowski""","=""Journeymen WC""","=""5-2""","=""DEC""","=""Jamil Rivera""","=""Hammer Wrestling""","=""Schenectady""","=""NY""","=""Journeymen Fall Classic and Womens World Classic"""
"=""10/4/2025""","=""100""","=""Consi of 4""","=""Max Kennedy""","=""Vhw""","=""4-1""","=""DEC""","=""Jackson Hull""","=""Journeymen WC""","=""Schenectady""","=""NY""","=""Journeymen Fall Classic and Womens World Classic"""
"=""10/4/2025""","=""135""","=""Consi of 4""","=""Aiden White""","=""Darkhorse""","=""5-1""","=""DEC""","=""Michael Good""","=""Steel Valley/ Nazareth Area High School""","=""Schenectady""","=""NY""","=""Journeymen Fall Classic and Womens World Classic"""
"=""10/4/2025""","=""135""","=""Consi of 4""","=""Hunter Berger""","=""Golden Backs Mtc""","=""0-1 4:56""","=""F""","=""Finnegan Obrien""","=""Blair Academy""","=""Schenectady""","=""NY""","=""Journeymen Fall Classic and Womens World Classic"""
"=""10/4/2025""","=""100""","=""Consi of 4""","=""Zavier Olver""","=""Mat Assassins Wc""","=""15-0 3:38""","=""TF""","=""Brennon Egan""","=""Journeymen WC""","=""Schenectady""","=""NY""","=""Journeymen Fall Classic and Womens World Classic"""
"=""10/4/2025""","=""135""","=""Consi of 4""","=""Daniel Jones""","=""Journeymen Wrestling Club""","=""11-10""","=""DEC""","=""Jasper Croom""","=""Sons Of Thunder""","=""Schenectady""","=""NY""","=""Journeymen Fall Classic and Womens World Classic"""
"=""10/4/2025""","=""135""","=""Consi of 4""","=""Raymond Causey""","=""Wyoming Seminary""","=""""","=""M FOR""","=""Ivan Rego""","=""Yale St Wrestling Club""","=""Schenectady""","=""NY""","=""Journeymen Fall Classic and Womens World Classic"""
"=""10/4/2025""","=""135""","=""Consi of 4""","=""Jackson Refsnider""","=""Pinnacle/totino-grace High School""","=""3-2 2:52""","=""F""","=""Dylan Bateman""","=""Orchard Wrestling Club/derry Area""","=""Schenectady""","=""NY""","=""Journeymen Fall Classic and Womens World Classic"""
"=""10/4/2025""","=""135""","=""Consi of 4""","=""Mikey Mcneal""","=""Derry Area""","=""13-5""","=""MD""","=""Jaeden Brandon""","=""Legacy Dragons""","=""Schenectady""","=""NY""","=""Journeymen Fall Classic and Womens World Classic"""
"=""10/4/2025""","=""135""","=""Consi of 4""","=""John Foote""","=""Vhw""","=""5-0""","=""DEC""","=""Quinton Warlikowski""","=""Journeymen WC""","=""Schenectady""","=""NY""","=""Journeymen Fall Classic and Womens World Classic"""
"=""10/4/2025""","=""100""","=""Consi of 4""","=""Matthew Simonton""","=""Barn Brothers""","=""7-3""","=""DEC""","=""Derek Danbe""","=""Rednose""","=""Schenectady""","=""NY""","=""Journeymen Fall Classic and Womens World Classic"""
"=""10/4/2025""","=""100""","=""Consi of 4""","=""Hunter Phillips""","=""Barn Brothers""","=""15-0 4:30""","=""TF""","=""Liam Arroyo""","=""Apex""","=""Schenectady""","=""NY""","=""Journeymen Fall Classic and Womens World Classic"""
"=""10/4/2025""","=""135""","=""Consi of 4""","=""Joe Scott""","=""Superior""","=""6-2""","=""DEC""","=""Antonio Boni""","=""Quest/central Valley Hs""","=""Schenectady""","=""NY""","=""Journeymen Fall Classic and Womens World Classic"""
"=""10/4/2025""","=""135""","=""Consi-Semis""","=""Teag Saito""","=""The Acadamy""","=""19-4 4:37""","=""TF""","=""John Foote""","=""Vhw""","=""Schenectady""","=""NY""","=""Journeymen Fall Classic and Womens World Classic"""
"=""10/4/2025""","=""135""","=""Consi-Semis""","=""Jeremy Negron""","=""Yale Street Wrestling Club""","=""7-0 3:00""","=""F""","=""Mikey Mcneal""","=""Derry Area""","=""Schenectady""","=""NY""","=""Journeymen Fall Classic and Womens World Classic"""
"=""10/4/2025""","=""100""","=""7th Place""","=""Derek Danbe""","=""Rednose""","=""0-0""","=""FOR""","=""Liam Arroyo""","=""Apex""","=""Schenectady""","=""NY""","=""Journeymen Fall Classic and Womens World Classic"""
"=""10/4/2025""","=""135""","=""7th Place""","=""Michael Good""","=""Steel Valley/ Nazareth Area High School""","=""""","=""M FOR""","=""Ivan Rego""","=""Yale St Wrestling Club""","=""Schenectady""","=""NY""","=""Journeymen Fall Classic and Womens World Classic"""
"=""10/4/2025""","=""135""","=""7th Place""","=""Jasper Croom""","=""Sons Of Thunder""","=""19-12""","=""DEC""","=""Dylan Bateman""","=""Orchard Wrestling Club/derry Area""","=""Schenectady""","=""NY""","=""Journeymen Fall Classic and Womens World Classic"""
"=""10/4/2025""","=""100""","=""7th Place""","=""Brennon Egan""","=""Journeymen WC""","=""4-3 UTB""","=""DEC""","=""Jackson Hull""","=""Journeymen WC""","=""Schenectady""","=""NY""","=""Journeymen Fall Classic and Womens World Classic"""
"=""10/4/2025""","=""135""","=""7th Place""","=""Antonio Boni""","=""Quest/central Valley Hs""","=""2-0""","=""DEC""","=""Finnegan Obrien""","=""Blair Academy""","=""Schenectady""","=""NY""","=""Journeymen Fall Classic and Womens World Classic"""
"=""10/4/2025""","=""135""","=""5th Place""","=""Hunter Berger""","=""Golden Backs Mtc""","=""6-1""","=""DEC""","=""Joe Scott""","=""Superior""","=""Schenectady""","=""NY""","=""Journeymen Fall Classic and Womens World Classic"""
"=""10/4/2025""","=""100""","=""5th Place""","=""Hunter Phillips""","=""Barn Brothers""","=""10-0""","=""MD""","=""Matthew Simonton""","=""Barn Brothers""","=""Schenectady""","=""NY""","=""Journeymen Fall Classic and Womens World Classic"""
"=""10/4/2025""","=""135""","=""5th Place""","=""Raymond Causey""","=""Wyoming Seminary""","=""9-6""","=""DEC""","=""Aiden White""","=""Darkhorse""","=""Schenectady""","=""NY""","=""Journeymen Fall Classic and Womens World Classic"""
"=""10/4/2025""","=""135""","=""5th Place""","=""Jackson Refsnider""","=""Pinnacle/totino-grace High School""","=""5-3""","=""DEC""","=""Daniel Jones""","=""Journeymen Wrestling Club""","=""Schenectady""","=""NY""","=""Journeymen Fall Classic and Womens World Classic"""
"=""10/4/2025""","=""100""","=""5th Place""","=""Zavier Olver""","=""Mat Assassins Wc""","=""5-1 TB2""","=""DEC""","=""Max Kennedy""","=""Vhw""","=""Schenectady""","=""NY""","=""Journeymen Fall Classic and Womens World Classic"""
"=""10/4/2025""","=""135""","=""3rd Place""","=""Gianni Bottone""","=""Charleston Rtc""","=""5-4""","=""DEC""","=""Jack Malinconico""","=""Poway""","=""Schenectady""","=""NY""","=""Journeymen Fall Classic and Womens World Classic"""
"=""10/4/2025""","=""135""","=""3rd Place""","=""Teag Saito""","=""The Acadamy""","=""7-0 0:51""","=""F""","=""Jeremy Negron""","=""Yale Street Wrestling Club""","=""Schenectady""","=""NY""","=""Journeymen Fall Classic and Womens World Classic"""
"=""10/4/2025""","=""100""","=""3rd Place""","=""Brayden Dejesus""","=""Ruthless Wrestling Club""","=""8-4""","=""DEC""","=""Alexander Poh""","=""Vougars Honors Wrestling""","=""Schenectady""","=""NY""","=""Journeymen Fall Classic and Womens World Classic"""
"=""10/4/2025""","=""135""","=""3rd Place""","=""Reid Buzby""","=""Yale St / North Hunterdon""","=""1-0""","=""DEC""","=""Vincent Augello""","=""Barn Brothers""","=""Schenectady""","=""NY""","=""Journeymen Fall Classic and Womens World Classic"""
"=""10/4/2025""","=""135""","=""3rd Place""","=""Wyatt Rock""","=""Journeymen/duanesburg""","=""6-1 1:59""","=""F""","=""Spencer Palmeri""","=""Fairport""","=""Schenectady""","=""NY""","=""Journeymen Fall Classic and Womens World Classic"""
"=""10/4/2025""","=""100""","=""3rd Place""","=""Kody Dott""","=""Journeymen WC""","=""0-0 0:00""","=""M FOR""","=""Eli Pomeroy""","=""Bear Cave Wrestling Club""","=""Schenectady""","=""NY""","=""Journeymen Fall Classic and Womens World Classic"""
"=""10/4/2025""","=""135""","=""3rd Place""","=""Dalton R Weber""","=""Pope John Hs/edge""","=""10-9""","=""DEC""","=""Salvatore Borrometi""","=""Saint Peters Prep Hs""","=""Schenectady""","=""NY""","=""Journeymen Fall Classic and Womens World Classic"""
"=""10/4/2025""","=""100""","=""3rd Place""","=""James Darling""","=""Fisheye""","=""""","=""FOR""","=""Liam Kelo""","=""Iron Faith""","=""Schenectady""","=""NY""","=""Journeymen Fall Classic and Womens World Classic"""
"=""10/4/2025""","=""135""","=""Round of 32""","=""Sabatino Sciullo""","=""Tdwc""","=""""","=""BYE""","=""""","=""""","=""Schenectady""","=""NY""","=""Journeymen Fall Classic and Womens World Classic"""
"=""10/4/2025""","=""135""","=""Round of 32""","=""Teag Saito""","=""The Acadamy""","=""""","=""BYE""","=""""","=""""","=""Schenectady""","=""NY""","=""Journeymen Fall Classic and Womens World Classic"""
"=""10/4/2025""","=""135""","=""Round of 32""","=""Dylan Bateman""","=""Orchard Wrestling Club/derry Area""","=""7-1""","=""DEC""","=""Ivan Rego""","=""Yale St Wrestling Club""","=""Schenectady""","=""NY""","=""Journeymen Fall Classic and Womens World Classic"""
"=""10/4/2025""","=""135""","=""Round of 32""","=""Anthony Severino""","=""Lindenhurst High School""","=""8-0""","=""MD""","=""Aiden White""","=""Darkhorse""","=""Schenectady""","=""NY""","=""Journeymen Fall Classic and Womens World Classic"""
"=""10/4/2025""","=""135""","=""Round of 32""","=""Jeremy Negron""","=""Yale Street Wrestling Club""","=""""","=""BYE""","=""""","=""""","=""Schenectady""","=""NY""","=""Journeymen Fall Classic and Womens World Classic"""
"=""10/4/2025""","=""135""","=""Round of 32""","=""Antonio Boni""","=""Quest/central Valley Hs""","=""""","=""BYE""","=""""","=""""","=""Schenectady""","=""NY""","=""Journeymen Fall Classic and Womens World Classic"""
"=""10/4/2025""","=""135""","=""Round of 32""","=""Salvatore Borrometi""","=""Saint Peters Prep Hs""","=""""","=""BYE""","=""""","=""""","=""Schenectady""","=""NY""","=""Journeymen Fall Classic and Womens World Classic"""
"=""10/4/2025""","=""135""","=""Round of 32""","=""Daniel Jones""","=""Journeymen Wrestling Club""","=""7-1 4:45""","=""F""","=""Michael Good""","=""Steel Valley/ Nazareth Area High School""","=""Schenectady""","=""NY""","=""Journeymen Fall Classic and Womens World Classic"""
"=""10/4/2025""","=""135""","=""Round of 32""","=""Joe Scott""","=""Superior""","=""17-1 3:46""","=""TF""","=""Camden Murray""","=""Integrity""","=""Schenectady""","=""NY""","=""Journeymen Fall Classic and Womens World Classic"""
"=""10/4/2025""","=""135""","=""Round of 32""","=""Finnegan Obrien""","=""Blair Academy""","=""14-2""","=""MD""","=""Raymond Causey""","=""Wyoming Seminary""","=""Schenectady""","=""NY""","=""Journeymen Fall Classic and Womens World Classic"""
"=""10/4/2025""","=""135""","=""Round of 32""","=""Raymond Causey""","=""Wyoming Seminary""","=""""","=""BYE""","=""""","=""""","=""Schenectady""","=""NY""","=""Journeymen Fall Classic and Womens World Classic"""
"=""10/4/2025""","=""135""","=""Round of 32""","=""Dalton R Weber""","=""Pope John Hs/edge""","=""""","=""BYE""","=""""","=""""","=""Schenectady""","=""NY""","=""Journeymen Fall Classic and Womens World Classic"""
"=""10/4/2025""","=""135""","=""Round of 32""","=""Raffi Rafaelian""","=""Top Flight Wrestling Academy""","=""6-4""","=""DEC""","=""Jamil Rivera""","=""Hammer Wrestling""","=""Schenectady""","=""NY""","=""Journeymen Fall Classic and Womens World Classic"""
"=""10/4/2025""","=""135""","=""Round of 32""","=""Marcus Heck""","=""Wyoming Seminary""","=""16-1 2:53""","=""TF""","=""Spencer Palmeri""","=""Fairport""","=""Schenectady""","=""NY""","=""Journeymen Fall Classic and Womens World Classic"""
"=""10/4/2025""","=""135""","=""Round of 32""","=""Dawson Wojtaszczyk""","=""Leroy""","=""""","=""BYE""","=""""","=""""","=""Schenectady""","=""NY""","=""Journeymen Fall Classic and Womens World Classic"""
"=""10/4/2025""","=""135""","=""Round of 32""","=""Jackson Refsnider""","=""Pinnacle/totino-grace High School""","=""4-0 4:07""","=""F""","=""Vincent Augello""","=""Barn Brothers""","=""Schenectady""","=""NY""","=""Journeymen Fall Classic and Womens World Classic"""
"=""10/4/2025""","=""135""","=""Round of 32""","=""Dale Corbin""","=""Wyoming Seminary""","=""""","=""BYE""","=""""","=""""","=""Schenectady""","=""NY""","=""Journeymen Fall Classic and Womens World Classic"""
"=""10/4/2025""","=""135""","=""Round of 32""","=""Gianni Bottone""","=""Charleston Rtc""","=""5-0""","=""DEC""","=""Reid Buzby""","=""Yale St / North Hunterdon""","=""Schenectady""","=""NY""","=""Journeymen Fall Classic and Womens World Classic"""
"=""10/4/2025""","=""135""","=""Round of 32""","=""Evan Boulard""","=""Smitty's Barn""","=""""","=""BYE""","=""""","=""""","=""Schenectady""","=""NY""","=""Journeymen Fall Classic and Womens World Classic"""
"=""10/4/2025""","=""135""","=""Round of 32""","=""Quinton Warlikowski""","=""Journeymen WC""","=""""","=""BYE""","=""""","=""""","=""Schenectady""","=""NY""","=""Journeymen Fall Classic and Womens World Classic"""
"=""10/4/2025""","=""135""","=""Round of 32""","=""Robert Douangmala""","=""Metrowest United""","=""5-0""","=""DEC""","=""Wyatt Rock""","=""Journeymen/duanesburg""","=""Schenectady""","=""NY""","=""Journeymen Fall Classic and Womens World Classic"""
"=""10/4/2025""","=""135""","=""Round of 32""","=""Alex Javier""","=""Metrowest United""","=""""","=""BYE""","=""""","=""""","=""Schenectady""","=""NY""","=""Journeymen Fall Classic and Womens World Classic"""
"=""10/4/2025""","=""135""","=""Round of 32""","=""Harley Guida""","=""Fisheye""","=""""","=""BYE""","=""""","=""""","=""Schenectady""","=""NY""","=""Journeymen Fall Classic and Womens World Classic"""
"=""10/4/2025""","=""135""","=""Round of 32""","=""Hunter Berger""","=""Golden Backs Mtc""","=""0-0 0:12""","=""F""","=""River Hibler""","=""Apex Wrestling""","=""Schenectady""","=""NY""","=""Journeymen Fall Classic and Womens World Classic"""
"=""10/4/2025""","=""135""","=""Round of 32""","=""John Foote""","=""Vhw""","=""""","=""BYE""","=""""","=""""","=""Schenectady""","=""NY""","=""Journeymen Fall Classic and Womens World Classic"""
"=""10/4/2025""","=""135""","=""Round of 32""","=""Alexander Zelna""","=""Btwc""","=""""","=""BYE""","=""""","=""""","=""Schenectady""","=""NY""","=""Journeymen Fall Classic and Womens World Classic"""
"=""10/4/2025""","=""135""","=""Round of 32""","=""Wyatt Clink""","=""Athens""","=""""","=""BYE""","=""""","=""""","=""Schenectady""","=""NY""","=""Journeymen Fall Classic and Womens World Classic"""
"=""10/4/2025""","=""135""","=""Round of 32""","=""Mikey Mcneal""","=""Derry Area""","=""""","=""BYE""","=""""","=""""","=""Schenectady""","=""NY""","=""Journeymen Fall Classic and Womens World Classic"""
"=""10/4/2025""","=""135""","=""Round of 32""","=""Jack Malinconico""","=""Poway""","=""11-10""","=""DEC""","=""Aidan Lee""","=""Savage Wrestling Academy""","=""Schenectady""","=""NY""","=""Journeymen Fall Classic and Womens World Classic"""
"=""10/4/2025""","=""135""","=""Round of 32""","=""Liam Christ""","=""Metrowest United""","=""""","=""BYE""","=""""","=""""","=""Schenectady""","=""NY""","=""Journeymen Fall Classic and Womens World Classic"""
"=""10/4/2025""","=""135""","=""Round of 32""","=""Jasper Croom""","=""Sons Of Thunder""","=""18-1 4:49""","=""TF""","=""Tiaj Thao""","=""Davie High School/ Combat Athletics""","=""Schenectady""","=""NY""","=""Journeymen Fall Classic and Womens World Classic"""
"=""10/4/2025""","=""135""","=""Round of 32""","=""Jaeden Brandon""","=""Legacy Dragons""","=""""","=""BYE""","=""""","=""""","=""Schenectady""","=""NY""","=""Journeymen Fall Classic and Womens World Classic"""
"=""10/4/2025""","=""135""","=""Round of 16""","=""Salvatore Borrometi""","=""Saint Peters Prep Hs""","=""6-3""","=""DEC""","=""Anthony Severino""","=""Lindenhurst High School""","=""Schenectady""","=""NY""","=""Journeymen Fall Classic and Womens World Classic"""
"=""10/4/2025""","=""135""","=""Round of 16""","=""Raymond Causey""","=""Wyoming Seminary""","=""3-0 1:00""","=""F""","=""Wyatt Clink""","=""Athens""","=""Schenectady""","=""NY""","=""Journeymen Fall Classic and Womens World Classic"""
"=""10/4/2025""","=""135""","=""Round of 16""","=""Hunter Berger""","=""Golden Backs Mtc""","=""4-1""","=""DEC""","=""Robert Douangmala""","=""Metrowest United""","=""Schenectady""","=""NY""","=""Journeymen Fall Classic and Womens World Classic"""
"=""10/4/2025""","=""135""","=""Round of 16""","=""Mikey Mcneal""","=""Derry Area""","=""19-2 3:02""","=""TF""","=""Harley Guida""","=""Fisheye""","=""Schenectady""","=""NY""","=""Journeymen Fall Classic and Womens World Classic"""
"=""10/4/2025""","=""135""","=""Round of 16""","=""Antonio Boni""","=""Quest/central Valley Hs""","=""3-2 TB2""","=""DEC""","=""Gianni Bottone""","=""Charleston Rtc""","=""Schenectady""","=""NY""","=""Journeymen Fall Classic and Womens World Classic"""
"=""10/4/2025""","=""135""","=""Round of 16""","=""Reid Buzby""","=""Yale St / North Hunterdon""","=""""","=""BYE""","=""""","=""""","=""Schenectady""","=""NY""","=""Journeymen Fall Classic and Womens World Classic"""
"=""10/4/2025""","=""135""","=""Round of 16""","=""Michael Good""","=""Steel Valley/ Nazareth Area High School""","=""4-1""","=""DEC""","=""Spencer Palmeri""","=""Fairport""","=""Schenectady""","=""NY""","=""Journeymen Fall Classic and Womens World Classic"""
"=""10/4/2025""","=""135""","=""Round of 16""","=""Quinton Warlikowski""","=""Journeymen WC""","=""15-0 5:00""","=""TF""","=""Alexander Zelna""","=""Btwc""","=""Schenectady""","=""NY""","=""Journeymen Fall Classic and Womens World Classic"""
"=""10/4/2025""","=""135""","=""Round of 16""","=""Dawson Wojtaszczyk""","=""Leroy""","=""7-4""","=""DEC""","=""Sabatino Sciullo""","=""Tdwc""","=""Schenectady""","=""NY""","=""Journeymen Fall Classic and Womens World Classic"""
"=""10/4/2025""","=""135""","=""Round of 16""","=""Aiden White""","=""Darkhorse""","=""""","=""BYE""","=""""","=""""","=""Schenectady""","=""NY""","=""Journeymen Fall Classic and Womens World Classic"""
"=""10/4/2025""","=""135""","=""Round of 16""","=""Camden Murray""","=""Integrity""","=""7-6""","=""DEC""","=""Tiaj Thao""","=""Davie High School/ Combat Athletics""","=""Schenectady""","=""NY""","=""Journeymen Fall Classic and Womens World Classic"""
"=""10/4/2025""","=""135""","=""Round of 16""","=""Finnegan Obrien""","=""Blair Academy""","=""10-8""","=""DEC""","=""Jack Malinconico""","=""Poway""","=""Schenectady""","=""NY""","=""Journeymen Fall Classic and Womens World Classic"""
"=""10/4/2025""","=""135""","=""Round of 16""","=""Marcus Heck""","=""Wyoming Seminary""","=""20-2 4:55""","=""TF""","=""Daniel Jones""","=""Journeymen Wrestling Club""","=""Schenectady""","=""NY""","=""Journeymen Fall Classic and Womens World Classic"""
"=""10/4/2025""","=""135""","=""Round of 16""","=""Jeremy Negron""","=""Yale Street Wrestling Club""","=""5-0 1:16""","=""F""","=""Liam Christ""","=""Metrowest United""","=""Schenectady""","=""NY""","=""Journeymen Fall Classic and Womens World Classic"""
"=""10/4/2025""","=""135""","=""Round of 16""","=""Dale Corbin""","=""Wyoming Seminary""","=""19-4 1:38""","=""TF""","=""Dylan Bateman""","=""Orchard Wrestling Club/derry Area""","=""Schenectady""","=""NY""","=""Journeymen Fall Classic and Womens World Classic"""
"=""10/4/2025""","=""135""","=""Round of 16""","=""Raymond Causey""","=""Wyoming Seminary""","=""19-2 4:59""","=""TF""","=""Aidan Lee""","=""Savage Wrestling Academy""","=""Schenectady""","=""NY""","=""Journeymen Fall Classic and Womens World Classic"""
"=""10/4/2025""","=""135""","=""Round of 16""","=""Dalton R Weber""","=""Pope John Hs/edge""","=""13-3""","=""MD""","=""Jackson Refsnider""","=""Pinnacle/totino-grace High School""","=""Schenectady""","=""NY""","=""Journeymen Fall Classic and Womens World Classic"""
"=""10/4/2025""","=""135""","=""Round of 16""","=""Ivan Rego""","=""Yale St Wrestling Club""","=""""","=""BYE""","=""""","=""""","=""Schenectady""","=""NY""","=""Journeymen Fall Classic and Womens World Classic"""
"=""10/4/2025""","=""135""","=""Round of 16""","=""Evan Boulard""","=""Smitty's Barn""","=""16-1 3:12""","=""F""","=""Raffi Rafaelian""","=""Top Flight Wrestling Academy""","=""Schenectady""","=""NY""","=""Journeymen Fall Classic and Womens World Classic"""
"=""10/4/2025""","=""135""","=""Round of 16""","=""River Hibler""","=""Apex Wrestling""","=""3-0 1:07""","=""F""","=""Wyatt Rock""","=""Journeymen/duanesburg""","=""Schenectady""","=""NY""","=""Journeymen Fall Classic and Womens World Classic"""
"=""10/4/2025""","=""135""","=""Round of 16""","=""Vincent Augello""","=""Barn Brothers""","=""""","=""BYE""","=""""","=""""","=""Schenectady""","=""NY""","=""Journeymen Fall Classic and Womens World Classic"""
"=""10/4/2025""","=""135""","=""Round of 16""","=""Teag Saito""","=""The Acadamy""","=""16-2""","=""MD""","=""Alex Javier""","=""Metrowest United""","=""Schenectady""","=""NY""","=""Journeymen Fall Classic and Womens World Classic"""
"=""10/4/2025""","=""135""","=""Round of 16""","=""John Foote""","=""Vhw""","=""17-4""","=""MD""","=""Jaeden Brandon""","=""Legacy Dragons""","=""Schenectady""","=""NY""","=""Journeymen Fall Classic and Womens World Classic"""
"=""10/4/2025""","=""135""","=""Round of 16""","=""Joe Scott""","=""Superior""","=""13-11""","=""DEC""","=""Jasper Croom""","=""Sons Of Thunder""","=""Schenectady""","=""NY""","=""Journeymen Fall Classic and Womens World Classic"""
"=""10/4/2025""","=""135""","=""Quarter-Finals""","=""Salvatore Borrometi""","=""Saint Peters Prep Hs""","=""3-0 1:50""","=""F""","=""Joe Scott""","=""Superior""","=""Schenectady""","=""NY""","=""Journeymen Fall Classic and Womens World Classic"""
"=""10/4/2025""","=""100""","=""Quarter-Finals""","=""Marcarlo Mannello""","=""Gps Wrestling""","=""3-0 1:16""","=""F""","=""Liam Arroyo""","=""Apex""","=""Schenectady""","=""NY""","=""Journeymen Fall Classic and Womens World Classic"""
"=""10/4/2025""","=""135""","=""Quarter-Finals""","=""Gianni Bottone""","=""Charleston Rtc""","=""3-2""","=""DEC""","=""Daniel Jones""","=""Journeymen Wrestling Club""","=""Schenectady""","=""NY""","=""Journeymen Fall Classic and Womens World Classic"""
"=""10/4/2025""","=""135""","=""Quarter-Finals""","=""Camden Murray""","=""Integrity""","=""13-11""","=""DEC""","=""Aiden White""","=""Darkhorse""","=""Schenectady""","=""NY""","=""Journeymen Fall Classic and Womens World Classic"""
"=""10/4/2025""","=""100""","=""Quarter-Finals""","=""Joseph Colardo""","=""Top Flight Wrestling Academy""","=""15-0 3:33""","=""TF""","=""Derek Danbe""","=""Rednose""","=""Schenectady""","=""NY""","=""Journeymen Fall Classic and Womens World Classic"""
"=""10/4/2025""","=""135""","=""Quarter-Finals""","=""Teag Saito""","=""The Acadamy""","=""16-2""","=""MD""","=""Dawson Wojtaszczyk""","=""Leroy""","=""Schenectady""","=""NY""","=""Journeymen Fall Classic and Womens World Classic"""
"=""10/4/2025""","=""135""","=""Quarter-Finals""","=""Robert Douangmala""","=""Metrowest United""","=""4-0""","=""DEC""","=""Dylan Bateman""","=""Orchard Wrestling Club/derry Area""","=""Schenectady""","=""NY""","=""Journeymen Fall Classic and Womens World Classic"""
"=""10/4/2025""","=""100""","=""Quarter-Finals""","=""Eli Pomeroy""","=""Bear Cave Wrestling Club""","=""6-0""","=""DEC""","=""Brennon Egan""","=""Journeymen WC""","=""Schenectady""","=""NY""","=""Journeymen Fall Classic and Womens World Classic"""
"=""10/4/2025""","=""135""","=""Quarter-Finals""","=""River Hibler""","=""Apex Wrestling""","=""8-0 4:41""","=""M FOR""","=""Ivan Rego""","=""Yale St Wrestling Club""","=""Schenectady""","=""NY""","=""Journeymen Fall Classic and Womens World Classic"""
"=""10/4/2025""","=""135""","=""Quarter-Finals""","=""Anthony Severino""","=""Lindenhurst High School""","=""8-4""","=""DEC""","=""Jasper Croom""","=""Sons Of Thunder""","=""Schenectady""","=""NY""","=""Journeymen Fall Classic and Womens World Classic"""
"=""10/4/2025""","=""135""","=""Quarter-Finals""","=""Dale Corbin""","=""Wyoming Seminary""","=""17-2 2:58""","=""TF""","=""Hunter Berger""","=""Golden Backs Mtc""","=""Schenectady""","=""NY""","=""Journeymen Fall Classic and Womens World Classic"""
"=""10/4/2025""","=""135""","=""Quarter-Finals""","=""Jack Malinconico""","=""Poway""","=""15-10""","=""DEC""","=""Jackson Refsnider""","=""Pinnacle/totino-grace High School""","=""Schenectady""","=""NY""","=""Journeymen Fall Classic and Womens World Classic"""
"=""10/4/2025""","=""135""","=""Quarter-Finals""","=""Dalton R Weber""","=""Pope John Hs/edge""","=""9-2""","=""DEC""","=""Finnegan Obrien""","=""Blair Academy""","=""Schenectady""","=""NY""","=""Journeymen Fall Classic and Womens World Classic"""
"=""10/4/2025""","=""135""","=""Quarter-Finals""","=""Raymond Causey""","=""Wyoming Seminary""","=""3-0 1:29""","=""F""","=""Mikey Mcneal""","=""Derry Area""","=""Schenectady""","=""NY""","=""Journeymen Fall Classic and Womens World Classic"""
"=""10/4/2025""","=""100""","=""Quarter-Finals""","=""Marco Lettini""","=""Ruthless Wrestling Club""","=""2-1""","=""DEC""","=""Zavier Olver""","=""Mat Assassins Wc""","=""Schenectady""","=""NY""","=""Journeymen Fall Classic and Womens World Classic"""
"=""10/4/2025""","=""135""","=""Quarter-Finals""","=""Evan Boulard""","=""Smitty's Barn""","=""18-2 1:54""","=""TF""","=""John Foote""","=""Vhw""","=""Schenectady""","=""NY""","=""Journeymen Fall Classic and Womens World Classic"""
"=""10/4/2025""","=""135""","=""Quarter-Finals""","=""Marcus Heck""","=""Wyoming Seminary""","=""9-3""","=""DEC""","=""Antonio Boni""","=""Quest/central Valley Hs""","=""Schenectady""","=""NY""","=""Journeymen Fall Classic and Womens World Classic"""
"=""10/4/2025""","=""100""","=""Quarter-Finals""","=""Alexander Poh""","=""Vougars Honors Wrestling""","=""11-7""","=""DEC""","=""Hunter Phillips""","=""Barn Brothers""","=""Schenectady""","=""NY""","=""Journeymen Fall Classic and Womens World Classic"""
"=""10/4/2025""","=""100""","=""Quarter-Finals""","=""Andrew Dolson""","=""Barn Brothers""","=""8-0""","=""MD""","=""Jackson Hull""","=""Journeymen WC""","=""Schenectady""","=""NY""","=""Journeymen Fall Classic and Womens World Classic"""
"=""10/4/2025""","=""135""","=""Quarter-Finals""","=""Jeremy Negron""","=""Yale Street Wrestling Club""","=""8-0 4:05""","=""F""","=""Quinton Warlikowski""","=""Journeymen WC""","=""Schenectady""","=""NY""","=""Journeymen Fall Classic and Womens World Classic"""
"=""10/4/2025""","=""135""","=""Quarter-Finals""","=""Vincent Augello""","=""Barn Brothers""","=""3-1""","=""DEC""","=""Raymond Causey""","=""Wyoming Seminary""","=""Schenectady""","=""NY""","=""Journeymen Fall Classic and Womens World Classic"""
"=""10/4/2025""","=""100""","=""Quarter-Finals""","=""Kody Dott""","=""Journeymen WC""","=""5-3""","=""DEC""","=""Max Kennedy""","=""Vhw""","=""Schenectady""","=""NY""","=""Journeymen Fall Classic and Womens World Classic"""
"=""10/4/2025""","=""100""","=""Quarter-Finals""","=""Brayden Dejesus""","=""Ruthless Wrestling Club""","=""16-0 3:30""","=""TF""","=""Matthew Simonton""","=""Barn Brothers""","=""Schenectady""","=""NY""","=""Journeymen Fall Classic and Womens World Classic"""
"=""10/4/2025""","=""135""","=""Quarter-Finals""","=""Reid Buzby""","=""Yale St / North Hunterdon""","=""6-1""","=""DEC""","=""Michael Good""","=""Steel Valley/ Nazareth Area High School""","=""Schenectady""","=""NY""","=""Journeymen Fall Classic and Womens World Classic"""
"=""10/4/2025""","=""135""","=""Semi-Finals""","=""Raymond Causey""","=""Wyoming Seminary""","=""3-0 1:18""","=""F""","=""Teag Saito""","=""The Acadamy""","=""Schenectady""","=""NY""","=""Journeymen Fall Classic and Womens World Classic"""
"=""10/4/2025""","=""100""","=""Semi-Finals""","=""Marco Lettini""","=""Ruthless Wrestling Club""","=""3-8 4:08""","=""DEF""","=""Eli Pomeroy""","=""Bear Cave Wrestling Club""","=""Schenectady""","=""NY""","=""Journeymen Fall Classic and Womens World Classic"""
"=""10/4/2025""","=""135""","=""Semi-Finals""","=""Aidan Lee""","=""Savage Wrestling Academy""","=""20-8""","=""MD""","=""Wyatt Rock""","=""Journeymen/duanesburg""","=""Schenectady""","=""NY""","=""Journeymen Fall Classic and Womens World Classic"""
"=""10/4/2025""","=""135""","=""Semi-Finals""","=""Camden Murray""","=""Integrity""","=""8-6""","=""DEC""","=""Reid Buzby""","=""Yale St / North Hunterdon""","=""Schenectady""","=""NY""","=""Journeymen Fall Classic and Womens World Classic"""
"=""10/4/2025""","=""135""","=""Semi-Finals""","=""Evan Boulard""","=""Smitty's Barn""","=""10-5""","=""DEC""","=""Jeremy Negron""","=""Yale Street Wrestling Club""","=""Schenectady""","=""NY""","=""Journeymen Fall Classic and Womens World Classic"""
"=""10/4/2025""","=""135""","=""Semi-Finals""","=""Anthony Severino""","=""Lindenhurst High School""","=""2-0""","=""DEC""","=""Gianni Bottone""","=""Charleston Rtc""","=""Schenectady""","=""NY""","=""Journeymen Fall Classic and Womens World Classic"""
"=""10/4/2025""","=""135""","=""Semi-Finals""","=""Dale Corbin""","=""Wyoming Seminary""","=""10-5""","=""DEC""","=""Dalton R Weber""","=""Pope John Hs/edge""","=""Schenectady""","=""NY""","=""Journeymen Fall Classic and Womens World Classic"""
"=""10/4/2025""","=""100""","=""Semi-Finals""","=""Andrew Dolson""","=""Barn Brothers""","=""11-2""","=""MD""","=""Kody Dott""","=""Journeymen WC""","=""Schenectady""","=""NY""","=""Journeymen Fall Classic and Womens World Classic"""
"=""10/4/2025""","=""100""","=""Semi-Finals""","=""Bryan Agulis""","=""Frost Gang""","=""""","=""FOR""","=""Liam Kelo""","=""Iron Faith""","=""Schenectady""","=""NY""","=""Journeymen Fall Classic and Womens World Classic"""
"=""10/4/2025""","=""135""","=""Semi-Finals""","=""Robert Douangmala""","=""Metrowest United""","=""6-3""","=""DEC""","=""Jack Malinconico""","=""Poway""","=""Schenectady""","=""NY""","=""Journeymen Fall Classic and Womens World Classic"""
"=""10/4/2025""","=""135""","=""Semi-Finals""","=""Tiaj Thao""","=""Davie High School/ Combat Athletics""","=""11-0""","=""MD""","=""Spencer Palmeri""","=""Fairport""","=""Schenectady""","=""NY""","=""Journeymen Fall Classic and Womens World Classic"""
"=""10/4/2025""","=""135""","=""Semi-Finals""","=""River Hibler""","=""Apex Wrestling""","=""2-0 3:22""","=""F""","=""Vincent Augello""","=""Barn Brothers""","=""Schenectady""","=""NY""","=""Journeymen Fall Classic and Womens World Classic"""
"=""10/4/2025""","=""135""","=""Semi-Finals""","=""Marcus Heck""","=""Wyoming Seminary""","=""3-2""","=""DEC""","=""Salvatore Borrometi""","=""Saint Peters Prep Hs""","=""Schenectady""","=""NY""","=""Journeymen Fall Classic and Womens World Classic"""
"=""10/4/2025""","=""100""","=""Semi-Finals""","=""Mason Sampson""","=""Iron Faith""","=""10-5""","=""DEC""","=""James Darling""","=""Fisheye""","=""Schenectady""","=""NY""","=""Journeymen Fall Classic and Womens World Classic"""
"=""10/4/2025""","=""100""","=""Semi-Finals""","=""Marcarlo Mannello""","=""Gps Wrestling""","=""15-3 2:50""","=""F""","=""Alexander Poh""","=""Vougars Honors Wrestling""","=""Schenectady""","=""NY""","=""Journeymen Fall Classic and Womens World Classic"""
"=""10/4/2025""","=""100""","=""Semi-Finals""","=""Joseph Colardo""","=""Top Flight Wrestling Academy""","=""10-3""","=""DEC""","=""Brayden Dejesus""","=""Ruthless Wrestling Club""","=""Schenectady""","=""NY""","=""Journeymen Fall Classic and Womens World Classic"""
"=""10/4/2025""","=""135""","=""Finals""","=""Anthony Severino""","=""Lindenhurst High School""","=""13-0""","=""MD""","=""Robert Douangmala""","=""Metrowest United""","=""Schenectady""","=""NY""","=""Journeymen Fall Classic and Womens World Classic"""
"=""10/4/2025""","=""135""","=""Finals""","=""River Hibler""","=""Apex Wrestling""","=""8-5 SV""","=""DEC""","=""Camden Murray""","=""Integrity""","=""Schenectady""","=""NY""","=""Journeymen Fall Classic and Womens World Classic"""
"=""10/4/2025""","=""135""","=""Finals""","=""Raymond Causey""","=""Wyoming Seminary""","=""1-0""","=""DEC""","=""Evan Boulard""","=""Smitty's Barn""","=""Schenectady""","=""NY""","=""Journeymen Fall Classic and Womens World Classic"""
"=""10/4/2025""","=""100""","=""Finals""","=""Marcarlo Mannello""","=""Gps Wrestling""","=""6-0""","=""DEC""","=""Joseph Colardo""","=""Top Flight Wrestling Academy""","=""Schenectady""","=""NY""","=""Journeymen Fall Classic and Womens World Classic"""
"=""10/4/2025""","=""135""","=""Finals""","=""Dale Corbin""","=""Wyoming Seminary""","=""1-0""","=""DEC""","=""Marcus Heck""","=""Wyoming Seminary""","=""Schenectady""","=""NY""","=""Journeymen Fall Classic and Womens World Classic"""
"=""10/4/2025""","=""135""","=""Finals""","=""Aidan Lee""","=""Savage Wrestling Academy""","=""15-10""","=""DEC""","=""Tiaj Thao""","=""Davie High School/ Combat Athletics""","=""Schenectady""","=""NY""","=""Journeymen Fall Classic and Womens World Classic"""
"=""10/4/2025""","=""100""","=""Finals""","=""Bryan Agulis""","=""Frost Gang""","=""3-0 0:37""","=""F""","=""Mason Sampson""","=""Iron Faith""","=""Schenectady""","=""NY""","=""Journeymen Fall Classic and Womens World Classic"""
"=""10/4/2025""","=""100""","=""Finals""","=""Marco Lettini""","=""Ruthless Wrestling Club""","=""4-0""","=""DEC""","=""Andrew Dolson""","=""Barn Brothers""","=""Schenectady""","=""NY""","=""Journeymen Fall Classic and Womens World Classic"""
"=""10/4/2025""","=""140""","=""RR Rnd 3""","=""Tanner Guenot""","=""M2 Training Center""","=""12-1""","=""MD""","=""Matthew Mercado""","=""New York Military Academy""","=""Schenectady""","=""NY""","=""Journeymen Fall Classic and Womens World Classic"""
"=""10/4/2025""","=""105""","=""RR Rnd 3""","=""Greyson Brown""","=""Rush Henrietta""","=""10-0""","=""MD""","=""Eli Mcfarland""","=""Mat Assassins Wc""","=""Schenectady""","=""NY""","=""Journeymen Fall Classic and Womens World Classic"""
"=""10/4/2025""","=""140""","=""RR Rnd 3""","=""Jacob Inserra""","=""Rednose""","=""""","=""BYE""","=""""","=""""","=""Schenectady""","=""NY""","=""Journeymen Fall Classic and Womens World Classic"""
"=""10/4/2025""","=""105""","=""RR Rnd 3""","=""Colton Riordan""","=""B2""","=""5-1""","=""DEC""","=""Camron Veneziano""","=""Gps/newtown""","=""Schenectady""","=""NY""","=""Journeymen Fall Classic and Womens World Classic"""
"=""10/4/2025""","=""140""","=""RR Rnd 3""","=""Jake Nieto""","=""Savage""","=""""","=""BYE""","=""""","=""""","=""Schenectady""","=""NY""","=""Journeymen Fall Classic and Womens World Classic"""
"=""10/4/2025""","=""140""","=""RR Rnd 3""","=""Ryan Yang""","=""Ridge High School""","=""8-2 2:41""","=""F""","=""Jack Simpson""","=""Black Fox""","=""Schenectady""","=""NY""","=""Journeymen Fall Classic and Womens World Classic"""
"=""10/4/2025""","=""140""","=""RR Rnd 3""","=""Jesse Gatto""","=""Legacy Dragons""","=""""","=""BYE""","=""""","=""""","=""Schenectady""","=""NY""","=""Journeymen Fall Classic and Womens World Classic"""
"=""10/4/2025""","=""85""","=""RR Rnd 3""","=""Augustus Engelman""","=""Mat Assasins""","=""""","=""BYE""","=""""","=""""","=""Schenectady""","=""NY""","=""Journeymen Fall Classic and Womens World Classic"""
"=""10/4/2025""","=""105""","=""RR Rnd 3""","=""Casen Becker""","=""Black Fox Wrestling Academy""","=""18-3 2:11""","=""TF""","=""Jackson Zeller""","=""Superior""","=""Schenectady""","=""NY""","=""Journeymen Fall Classic and Womens World Classic"""
"=""10/4/2025""","=""140""","=""RR Rnd 3""","=""Gavin Mangano""","=""Kd""","=""""","=""BYE""","=""""","=""""","=""Schenectady""","=""NY""","=""Journeymen Fall Classic and Womens World Classic"""
"=""10/4/2025""","=""140""","=""RR Rnd 3""","=""Joaqun Duque""","=""Dragon""","=""9-3""","=""DEC""","=""Gunner Butt""","=""Contenders Wrestling Academy""","=""Schenectady""","=""NY""","=""Journeymen Fall Classic and Womens World Classic"""
"=""10/4/2025""","=""140""","=""RR Rnd 3""","=""Jack Dragoumanos""","=""Doughboy""","=""19-4 4:44""","=""TF""","=""Ryan Ball""","=""Empire Wrestling Academy""","=""Schenectady""","=""NY""","=""Journeymen Fall Classic and Womens World Classic"""
"=""10/4/2025""","=""85""","=""RR Rnd 3""","=""Brayden Miller""","=""Iron Faith Wrestling""","=""11-9""","=""DEC""","=""Mohamad Saleh""","=""Fisheye""","=""Schenectady""","=""NY""","=""Journeymen Fall Classic and Womens World Classic"""
"=""10/4/2025""","=""140""","=""RR Rnd 3""","=""Shane Degl""","=""Empire Wrestling Academy""","=""""","=""BYE""","=""""","=""""","=""Schenectady""","=""NY""","=""Journeymen Fall Classic and Womens World Classic"""
"=""10/4/2025""","=""85""","=""RR Rnd 3""","=""Johnie Wilson""","=""Mecca Wrestling Club""","=""6-0 1:06""","=""F""","=""Jaxon Jolley""","=""Ledyard""","=""Schenectady""","=""NY""","=""Journeymen Fall Classic and Womens World Classic"""
"=""10/4/2025""","=""105""","=""RR Rnd 3""","=""Evan Gomez""","=""Kd Trained""","=""9-0""","=""MD""","=""John Matter""","=""Yale Street Wrestling Club""","=""Schenectady""","=""NY""","=""Journeymen Fall Classic and Womens World Classic"""
"=""10/4/2025""","=""140""","=""RR Rnd 3""","=""Seach Hibler""","=""Apex Wrestling""","=""""","=""BYE""","=""""","=""""","=""Schenectady""","=""NY""","=""Journeymen Fall Classic and Womens World Classic"""
"=""10/4/2025""","=""140""","=""RR Rnd 3""","=""Isaias Hernandez""","=""Depaul Catholic""","=""5-0 2:16""","=""F""","=""Evan Kowalsky""","=""Mt Ararat Hs""","=""Schenectady""","=""NY""","=""Journeymen Fall Classic and Womens World Classic"""
"=""10/4/2025""","=""85""","=""RR Rnd 3""","=""Kaiden Crowley""","=""Journeymen""","=""12-6""","=""DEC""","=""Broderick Whitman""","=""Xtreme Wrestling""","=""Schenectady""","=""NY""","=""Journeymen Fall Classic and Womens World Classic"""
"=""10/4/2025""","=""140""","=""RR Rnd 3""","=""Gregory Green""","=""Jmen/ Shen""","=""5-3""","=""DEC""","=""Trey Lechase""","=""Fairport""","=""Schenectady""","=""NY""","=""Journeymen Fall Classic and Womens World Classic"""
"=""10/4/2025""","=""105""","=""RR Rnd 3""","=""Dylan Frechette""","=""Mayo Quanchi""","=""""","=""BYE""","=""""","=""""","=""Schenectady""","=""NY""","=""Journeymen Fall Classic and Womens World Classic"""
"=""10/4/2025""","=""105""","=""RR Rnd 3""","=""Jake Ruiz""","=""Empire Wrestling Academy""","=""""","=""BYE""","=""""","=""""","=""Schenectady""","=""NY""","=""Journeymen Fall Classic and Womens World Classic"""
"=""10/4/2025""","=""105""","=""RR Rnd 3""","=""Maximilian White""","=""Darkhorse""","=""""","=""BYE""","=""""","=""""","=""Schenectady""","=""NY""","=""Journeymen Fall Classic and Womens World Classic"""
"=""10/4/2025""","=""105""","=""RR Rnd 3""","=""Mikey Perna""","=""Ruthless Wrestling Club""","=""8-4""","=""DEC""","=""Mark Vlacancich""","=""Bitetto Trained""","=""Schenectady""","=""NY""","=""Journeymen Fall Classic and Womens World Classic"""
"=""10/4/2025""","=""140""","=""RR Rnd 2""","=""Jack Dragoumanos""","=""Doughboy""","=""""","=""BYE""","=""""","=""""","=""Schenectady""","=""NY""","=""Journeymen Fall Classic and Womens World Classic"""
"=""10/4/2025""","=""105""","=""RR Rnd 2""","=""Evan Gomez""","=""Kd Trained""","=""22-5 4:06""","=""TF""","=""Dylan Frechette""","=""Mayo Quanchi""","=""Schenectady""","=""NY""","=""Journeymen Fall Classic and Womens World Classic"""
"=""10/4/2025""","=""140""","=""RR Rnd 2""","=""Trey Lechase""","=""Fairport""","=""""","=""BYE""","=""""","=""""","=""Schenectady""","=""NY""","=""Journeymen Fall Classic and Womens World Classic"""
"=""10/4/2025""","=""105""","=""RR Rnd 2""","=""Mark Vlacancich""","=""Bitetto Trained""","=""""","=""BYE""","=""""","=""""","=""Schenectady""","=""NY""","=""Journeymen Fall Classic and Womens World Classic"""
"=""10/4/2025""","=""140""","=""RR Rnd 2""","=""Gavin Mangano""","=""Kd""","=""15-0 4:30""","=""TF""","=""Jack Simpson""","=""Black Fox""","=""Schenectady""","=""NY""","=""Journeymen Fall Classic and Womens World Classic"""
"=""10/4/2025""","=""105""","=""RR Rnd 2""","=""Casen Becker""","=""Black Fox Wrestling Academy""","=""3-0 0:55""","=""F""","=""Maximilian White""","=""Darkhorse""","=""Schenectady""","=""NY""","=""Journeymen Fall Classic and Womens World Classic"""
"=""10/4/2025""","=""105""","=""RR Rnd 2""","=""Mikey Perna""","=""Ruthless Wrestling Club""","=""19-3 3:49""","=""F""","=""Jake Ruiz""","=""Empire Wrestling Academy""","=""Schenectady""","=""NY""","=""Journeymen Fall Classic and Womens World Classic"""
"=""10/4/2025""","=""105""","=""RR Rnd 2""","=""Jackson Zeller""","=""Superior""","=""""","=""BYE""","=""""","=""""","=""Schenectady""","=""NY""","=""Journeymen Fall Classic and Womens World Classic"""
"=""10/4/2025""","=""140""","=""RR Rnd 2""","=""Evan Kowalsky""","=""Mt Ararat Hs""","=""""","=""BYE""","=""""","=""""","=""Schenectady""","=""NY""","=""Journeymen Fall Classic and Womens World Classic"""
"=""10/4/2025""","=""85""","=""RR Rnd 2""","=""Kaiden Crowley""","=""Journeymen""","=""""","=""BYE""","=""""","=""""","=""Schenectady""","=""NY""","=""Journeymen Fall Classic and Womens World Classic"""
"=""10/4/2025""","=""140""","=""RR Rnd 2""","=""Gunner Butt""","=""Contenders Wrestling Academy""","=""3-0 1:03""","=""F""","=""Shane Degl""","=""Empire Wrestling Academy""","=""Schenectady""","=""NY""","=""Journeymen Fall Classic and Womens World Classic"""
"=""10/4/2025""","=""105""","=""RR Rnd 2""","=""Colton Riordan""","=""B2""","=""10-0 2:04""","=""F""","=""Eli Mcfarland""","=""Mat Assassins Wc""","=""Schenectady""","=""NY""","=""Journeymen Fall Classic and Womens World Classic"""
"=""10/4/2025""","=""85""","=""RR Rnd 2""","=""Mohamad Saleh""","=""Fisheye""","=""19-5 1:36""","=""TF""","=""Jaxon Jolley""","=""Ledyard""","=""Schenectady""","=""NY""","=""Journeymen Fall Classic and Womens World Classic"""
"=""10/4/2025""","=""140""","=""RR Rnd 2""","=""Seach Hibler""","=""Apex Wrestling""","=""12-3""","=""MD""","=""Gregory Green""","=""Jmen/ Shen""","=""Schenectady""","=""NY""","=""Journeymen Fall Classic and Womens World Classic"""
"=""10/4/2025""","=""140""","=""RR Rnd 2""","=""Jake Nieto""","=""Savage""","=""15-7""","=""MD""","=""Isaias Hernandez""","=""Depaul Catholic""","=""Schenectady""","=""NY""","=""Journeymen Fall Classic and Womens World Classic"""
"=""10/4/2025""","=""140""","=""RR Rnd 2""","=""Tanner Guenot""","=""M2 Training Center""","=""""","=""BYE""","=""""","=""""","=""Schenectady""","=""NY""","=""Journeymen Fall Classic and Womens World Classic"""
"=""10/4/2025""","=""140""","=""RR Rnd 2""","=""Ryan Yang""","=""Ridge High School""","=""""","=""BYE""","=""""","=""""","=""Schenectady""","=""NY""","=""Journeymen Fall Classic and Womens World Classic"""
"=""10/4/2025""","=""140""","=""RR Rnd 2""","=""Joaqun Duque""","=""Dragon""","=""""","=""BYE""","=""""","=""""","=""Schenectady""","=""NY""","=""Journeymen Fall Classic and Womens World Classic"""
"=""10/4/2025""","=""105""","=""RR Rnd 2""","=""John Matter""","=""Yale Street Wrestling Club""","=""""","=""BYE""","=""""","=""""","=""Schenectady""","=""NY""","=""Journeymen Fall Classic and Womens World Classic"""
"=""10/4/2025""","=""140""","=""RR Rnd 2""","=""Ryan Ball""","=""Empire Wrestling Academy""","=""20-3 3:16""","=""F""","=""Jacob Inserra""","=""Rednose""","=""Schenectady""","=""NY""","=""Journeymen Fall Classic and Womens World Classic"""
"=""10/4/2025""","=""105""","=""RR Rnd 2""","=""Camron Veneziano""","=""Gps/newtown""","=""17-1 3:50""","=""TF""","=""Greyson Brown""","=""Rush Henrietta""","=""Schenectady""","=""NY""","=""Journeymen Fall Classic and Womens World Classic"""
"=""10/4/2025""","=""85""","=""RR Rnd 2""","=""Brayden Miller""","=""Iron Faith Wrestling""","=""6-2""","=""DEC""","=""Johnie Wilson""","=""Mecca Wrestling Club""","=""Schenectady""","=""NY""","=""Journeymen Fall Classic and Womens World Classic"""
"=""10/4/2025""","=""140""","=""RR Rnd 2""","=""Matthew Mercado""","=""New York Military Academy""","=""2-2 UTB""","=""DEC""","=""Jesse Gatto""","=""Legacy Dragons""","=""Schenectady""","=""NY""","=""Journeymen Fall Classic and Womens World Classic"""
"=""10/4/2025""","=""85""","=""RR Rnd 2""","=""Augustus Engelman""","=""Mat Assasins""","=""17-1 1:50""","=""TF""","=""Broderick Whitman""","=""Xtreme Wrestling""","=""Schenectady""","=""NY""","=""Journeymen Fall Classic and Womens World Classic"""
"=""10/4/2025""","=""85""","=""RR Rnd 1""","=""Augustus Engelman""","=""Mat Assasins""","=""17-2 3:08""","=""TF""","=""Kaiden Crowley""","=""Journeymen""","=""Schenectady""","=""NY""","=""Journeymen Fall Classic and Womens World Classic"""
"=""10/4/2025""","=""140""","=""RR Rnd 1""","=""Matthew Mercado""","=""New York Military Academy""","=""""","=""BYE""","=""""","=""""","=""Schenectady""","=""NY""","=""Journeymen Fall Classic and Womens World Classic"""
"=""10/4/2025""","=""140""","=""RR Rnd 1""","=""Joaqun Duque""","=""Dragon""","=""5-3 3:20""","=""F""","=""Shane Degl""","=""Empire Wrestling Academy""","=""Schenectady""","=""NY""","=""Journeymen Fall Classic and Womens World Classic"""
"=""10/4/2025""","=""85""","=""RR Rnd 1""","=""Augustus Engelman""","=""Mat Assasins""","=""18-2 3:17""","=""TF""","=""Brayden Miller""","=""Iron Faith Wrestling""","=""Schenectady""","=""NY""","=""Journeymen Fall Classic and Womens World Classic"""
"=""10/4/2025""","=""140""","=""RR Rnd 1""","=""Jake Nieto""","=""Savage""","=""18-2 3:55""","=""TF""","=""Evan Kowalsky""","=""Mt Ararat Hs""","=""Schenectady""","=""NY""","=""Journeymen Fall Classic and Womens World Classic"""
"=""10/4/2025""","=""105""","=""RR Rnd 1""","=""Casen Becker""","=""Black Fox Wrestling Academy""","=""""","=""BYE""","=""""","=""""","=""Schenectady""","=""NY""","=""Journeymen Fall Classic and Womens World Classic"""
"=""10/4/2025""","=""140""","=""RR Rnd 1""","=""Jack Dragoumanos""","=""Doughboy""","=""8-2""","=""DEC""","=""Jacob Inserra""","=""Rednose""","=""Schenectady""","=""NY""","=""Journeymen Fall Classic and Womens World Classic"""
"=""10/4/2025""","=""140""","=""RR Rnd 1""","=""Braden Johnson""","=""Cumberland Wi""","=""8-0""","=""MD""","=""Nico Marchetti""","=""Delbarton""","=""Schenectady""","=""NY""","=""Journeymen Fall Classic and Womens World Classic"""
"=""10/4/2025""","=""140""","=""RR Rnd 1""","=""Seach Hibler""","=""Apex Wrestling""","=""3-0 0:23""","=""F""","=""Trey Lechase""","=""Fairport""","=""Schenectady""","=""NY""","=""Journeymen Fall Classic and Womens World Classic"""
"=""10/4/2025""","=""140""","=""RR Rnd 1""","=""Gregory Green""","=""Jmen/ Shen""","=""""","=""BYE""","=""""","=""""","=""Schenectady""","=""NY""","=""Journeymen Fall Classic and Womens World Classic"""
"=""10/4/2025""","=""140""","=""RR Rnd 1""","=""Gavin Mangano""","=""Kd""","=""16-0 2:32""","=""TF""","=""Ryan Yang""","=""Ridge High School""","=""Schenectady""","=""NY""","=""Journeymen Fall Classic and Womens World Classic"""
"=""10/4/2025""","=""140""","=""RR Rnd 1""","=""Ryan Ball""","=""Empire Wrestling Academy""","=""""","=""BYE""","=""""","=""""","=""Schenectady""","=""NY""","=""Journeymen Fall Classic and Womens World Classic"""
"=""10/4/2025""","=""85""","=""RR Rnd 1""","=""Kaiden Crowley""","=""Journeymen""","=""16-7""","=""MD""","=""Johnie Wilson""","=""Mecca Wrestling Club""","=""Schenectady""","=""NY""","=""Journeymen Fall Classic and Womens World Classic"""
"=""10/4/2025""","=""85""","=""RR Rnd 1""","=""Mohamad Saleh""","=""Fisheye""","=""13-10""","=""DEC""","=""Broderick Whitman""","=""Xtreme Wrestling""","=""Schenectady""","=""NY""","=""Journeymen Fall Classic and Womens World Classic"""
"=""10/4/2025""","=""140""","=""RR Rnd 1""","=""Gunner Butt""","=""Contenders Wrestling Academy""","=""""","=""BYE""","=""""","=""""","=""Schenectady""","=""NY""","=""Journeymen Fall Classic and Womens World Classic"""
"=""10/4/2025""","=""85""","=""RR Rnd 1""","=""Jaxon Jolley""","=""Ledyard""","=""""","=""BYE""","=""""","=""""","=""Schenectady""","=""NY""","=""Journeymen Fall Classic and Womens World Classic"""
"=""10/4/2025""","=""85""","=""RR Rnd 1""","=""Brayden Miller""","=""Iron Faith Wrestling""","=""2-0 2:06""","=""F""","=""Jaxon Jolley""","=""Ledyard""","=""Schenectady""","=""NY""","=""Journeymen Fall Classic and Womens World Classic"""
"=""10/4/2025""","=""105""","=""RR Rnd 1""","=""Eli Mcfarland""","=""Mat Assassins Wc""","=""""","=""BYE""","=""""","=""""","=""Schenectady""","=""NY""","=""Journeymen Fall Classic and Womens World Classic"""
"=""10/4/2025""","=""105""","=""RR Rnd 1""","=""Colton Riordan""","=""B2""","=""7-0""","=""DEC""","=""Greyson Brown""","=""Rush Henrietta""","=""Schenectady""","=""NY""","=""Journeymen Fall Classic and Womens World Classic"""
"=""10/4/2025""","=""105""","=""RR Rnd 1""","=""Camron Veneziano""","=""Gps/newtown""","=""7-0 1:26""","=""F""","=""Eli Mcfarland""","=""Mat Assassins Wc""","=""Schenectady""","=""NY""","=""Journeymen Fall Classic and Womens World Classic"""
"=""10/4/2025""","=""140""","=""RR Rnd 1""","=""Isaias Hernandez""","=""Depaul Catholic""","=""""","=""BYE""","=""""","=""""","=""Schenectady""","=""NY""","=""Journeymen Fall Classic and Womens World Classic"""
"=""10/4/2025""","=""105""","=""RR Rnd 1""","=""Maximilian White""","=""Darkhorse""","=""17-2 3:17""","=""TF""","=""Jackson Zeller""","=""Superior""","=""Schenectady""","=""NY""","=""Journeymen Fall Classic and Womens World Classic"""
"=""10/4/2025""","=""140""","=""RR Rnd 1""","=""Tanner Guenot""","=""M2 Training Center""","=""14-4""","=""MD""","=""Jesse Gatto""","=""Legacy Dragons""","=""Schenectady""","=""NY""","=""Journeymen Fall Classic and Womens World Classic"""
"=""10/4/2025""","=""105""","=""RR Rnd 1""","=""Mikey Perna""","=""Ruthless Wrestling Club""","=""""","=""BYE""","=""""","=""""","=""Schenectady""","=""NY""","=""Journeymen Fall Classic and Womens World Classic"""
"=""10/4/2025""","=""140""","=""RR Rnd 1""","=""Jack Simpson""","=""Black Fox""","=""""","=""BYE""","=""""","=""""","=""Schenectady""","=""NY""","=""Journeymen Fall Classic and Womens World Classic"""
"=""10/4/2025""","=""85""","=""RR Rnd 1""","=""Broderick Whitman""","=""Xtreme Wrestling""","=""""","=""BYE""","=""""","=""""","=""Schenectady""","=""NY""","=""Journeymen Fall Classic and Womens World Classic"""
"=""10/4/2025""","=""105""","=""RR Rnd 1""","=""Dylan Frechette""","=""Mayo Quanchi""","=""9-0""","=""MD""","=""John Matter""","=""Yale Street Wrestling Club""","=""Schenectady""","=""NY""","=""Journeymen Fall Classic and Womens World Classic"""
"=""10/4/2025""","=""85""","=""RR Rnd 1""","=""Johnie Wilson""","=""Mecca Wrestling Club""","=""2-4 2:38""","=""F""","=""Mohamad Saleh""","=""Fisheye""","=""Schenectady""","=""NY""","=""Journeymen Fall Classic and Womens World Classic"""
"=""10/4/2025""","=""105""","=""RR Rnd 1""","=""Evan Gomez""","=""Kd Trained""","=""""","=""BYE""","=""""","=""""","=""Schenectady""","=""NY""","=""Journeymen Fall Classic and Womens World Classic"""
"=""10/4/2025""","=""105""","=""RR Rnd 1""","=""Mark Vlacancich""","=""Bitetto Trained""","=""11-0 2:29""","=""F""","=""Jake Ruiz""","=""Empire Wrestling Academy""","=""Schenectady""","=""NY""","=""Journeymen Fall Classic and Womens World Classic"""
"=""10/4/2025""","=""140""","=""RR Rnd 1""","=""Jack Abramson""","=""Pingry""","=""3-0""","=""DEC""","=""Timmy Boda""","=""Brevard Fca""","=""Schenectady""","=""NY""","=""Journeymen Fall Classic and Womens World Classic"""
"=""10/4/2025""","=""140""","=""Consi of 8 #1""","=""Zion Garelick""","=""Mohawk Valley Wrestling Club""","=""""","=""BYE""","=""""","=""""","=""Schenectady""","=""NY""","=""Journeymen Fall Classic and Womens World Classic"""
"=""10/4/2025""","=""140""","=""Consi of 8 #1""","=""Gehrig Stalker""","=""Hammer Wrestling""","=""""","=""BYE""","=""""","=""""","=""Schenectady""","=""NY""","=""Journeymen Fall Classic and Womens World Classic"""
"=""10/4/2025""","=""140""","=""Consi of 8 #1""","=""Van Green""","=""Journeymen WC""","=""""","=""BYE""","=""""","=""""","=""Schenectady""","=""NY""","=""Journeymen Fall Classic and Womens World Classic"""
"=""10/4/2025""","=""140""","=""Consi of 8 #1""","=""Nick Fernandes""","=""Metrowest United""","=""""","=""BYE""","=""""","=""""","=""Schenectady""","=""NY""","=""Journeymen Fall Classic and Womens World Classic"""
"=""10/4/2025""","=""140""","=""Consi of 8 #2""","=""Cael Staggs""","=""Nevada Elite""","=""16-0 2:54""","=""TF""","=""Van Green""","=""Journeymen WC""","=""Schenectady""","=""NY""","=""Journeymen Fall Classic and Womens World Classic"""
"=""10/4/2025""","=""140""","=""Consi of 8 #2""","=""Matthew Mayr""","=""Impact Wrestling Club""","=""3-1 1:28""","=""F""","=""Gehrig Stalker""","=""Hammer Wrestling""","=""Schenectady""","=""NY""","=""Journeymen Fall Classic and Womens World Classic"""
"=""10/4/2025""","=""140""","=""Consi of 8 #2""","=""Nick Fernandes""","=""Metrowest United""","=""0-0""","=""FOR""","=""Matthew Esposito""","=""Edge Wrestling Club""","=""Schenectady""","=""NY""","=""Journeymen Fall Classic and Womens World Classic"""
"=""10/4/2025""","=""140""","=""Consi of 8 #2""","=""Mitchell Rowland""","=""Combat Athletics""","=""7-0 0:39""","=""F""","=""Zion Garelick""","=""Mohawk Valley Wrestling Club""","=""Schenectady""","=""NY""","=""Journeymen Fall Classic and Womens World Classic"""
"=""10/4/2025""","=""140""","=""Consi of 4""","=""Mitchell Rowland""","=""Combat Athletics""","=""10-3""","=""DEC""","=""Matthew Mayr""","=""Impact Wrestling Club""","=""Schenectady""","=""NY""","=""Journeymen Fall Classic and Womens World Classic"""
"=""10/4/2025""","=""140""","=""Consi of 4""","=""Jacob Inserra""","=""Rednose""","=""""","=""BYE""","=""""","=""""","=""Schenectady""","=""NY""","=""Journeymen Fall Classic and Womens World Classic"""
"=""10/4/2025""","=""140""","=""Consi of 4""","=""Jake Nieto""","=""Savage""","=""7-3""","=""DEC""","=""Jack Dragoumanos""","=""Doughboy""","=""Schenectady""","=""NY""","=""Journeymen Fall Classic and Womens World Classic"""
"=""10/4/2025""","=""140""","=""Consi of 4""","=""Cael Staggs""","=""Nevada Elite""","=""18-2 4:54""","=""TF""","=""Nick Fernandes""","=""Metrowest United""","=""Schenectady""","=""NY""","=""Journeymen Fall Classic and Womens World Classic"""
"=""10/4/2025""","=""140""","=""Consi of 4""","=""Gregory Green""","=""Jmen/ Shen""","=""6-1""","=""DEC""","=""Nico Marchetti""","=""Delbarton""","=""Schenectady""","=""NY""","=""Journeymen Fall Classic and Womens World Classic"""
"=""10/4/2025""","=""140""","=""Consi of 4""","=""Timmy Boda""","=""Brevard Fca""","=""9-0""","=""MD""","=""Matthew Mercado""","=""New York Military Academy""","=""Schenectady""","=""NY""","=""Journeymen Fall Classic and Womens World Classic"""
"=""10/4/2025""","=""140""","=""Consi of 4""","=""Shane Degl""","=""Empire Wrestling Academy""","=""""","=""BYE""","=""""","=""""","=""Schenectady""","=""NY""","=""Journeymen Fall Classic and Womens World Classic"""
"=""10/4/2025""","=""140""","=""Consi of 4""","=""Jack Abramson""","=""Pingry""","=""6-3""","=""DEC""","=""Joaqun Duque""","=""Dragon""","=""Schenectady""","=""NY""","=""Journeymen Fall Classic and Womens World Classic"""
"=""10/4/2025""","=""140""","=""Consi-Semis""","=""Mitchell Rowland""","=""Combat Athletics""","=""18-8""","=""MD""","=""Aydin Lamb""","=""Smitty's Barn""","=""Schenectady""","=""NY""","=""Journeymen Fall Classic and Womens World Classic"""
"=""10/4/2025""","=""140""","=""Consi-Semis""","=""Cael Staggs""","=""Nevada Elite""","=""10-0""","=""MD""","=""Hudson Platt""","=""Frost Gang""","=""Schenectady""","=""NY""","=""Journeymen Fall Classic and Womens World Classic"""
"=""10/4/2025""","=""140""","=""7th Place""","=""Joaqun Duque""","=""Dragon""","=""""","=""M FOR""","=""Jack Dragoumanos""","=""Doughboy""","=""Schenectady""","=""NY""","=""Journeymen Fall Classic and Womens World Classic"""
"=""10/4/2025""","=""140""","=""7th Place""","=""Matthew Mercado""","=""New York Military Academy""","=""9-4""","=""DEC""","=""Nico Marchetti""","=""Delbarton""","=""Schenectady""","=""NY""","=""Journeymen Fall Classic and Womens World Classic"""
"=""10/4/2025""","=""140""","=""5th Place""","=""Jake Nieto""","=""Savage""","=""6-3 SV""","=""DEC""","=""Jack Abramson""","=""Pingry""","=""Schenectady""","=""NY""","=""Journeymen Fall Classic and Womens World Classic"""
"=""10/4/2025""","=""140""","=""5th Place""","=""Shane Degl""","=""Empire Wrestling Academy""","=""0-0""","=""FOR""","=""Jacob Inserra""","=""Rednose""","=""Schenectady""","=""NY""","=""Journeymen Fall Classic and Womens World Classic"""
"=""10/4/2025""","=""140""","=""5th Place""","=""Timmy Boda""","=""Brevard Fca""","=""7-5""","=""DEC""","=""Gregory Green""","=""Jmen/ Shen""","=""Schenectady""","=""NY""","=""Journeymen Fall Classic and Womens World Classic"""
"=""10/4/2025""","=""140""","=""3rd Place""","=""Jesse Gatto""","=""Legacy Dragons""","=""15-0 4:23""","=""TF""","=""Evan Kowalsky""","=""Mt Ararat Hs""","=""Schenectady""","=""NY""","=""Journeymen Fall Classic and Womens World Classic"""
"=""10/4/2025""","=""140""","=""3rd Place""","=""Tanner Guenot""","=""M2 Training Center""","=""4-1 SV""","=""DEC""","=""Braden Johnson""","=""Cumberland Wi""","=""Schenectady""","=""NY""","=""Journeymen Fall Classic and Womens World Classic"""
"=""10/4/2025""","=""105""","=""3rd Place""","=""Greyson Brown""","=""Rush Henrietta""","=""0-0 0:00""","=""M FOR""","=""Jackson Zeller""","=""Superior""","=""Schenectady""","=""NY""","=""Journeymen Fall Classic and Womens World Classic"""
"=""10/4/2025""","=""140""","=""3rd Place""","=""Cael Staggs""","=""Nevada Elite""","=""""","=""FOR""","=""Mitchell Rowland""","=""Combat Athletics""","=""Schenectady""","=""NY""","=""Journeymen Fall Classic and Womens World Classic"""
"=""10/4/2025""","=""140""","=""3rd Place""","=""Isaias Hernandez""","=""Depaul Catholic""","=""11-5""","=""DEC""","=""Ryan Yang""","=""Ridge High School""","=""Schenectady""","=""NY""","=""Journeymen Fall Classic and Womens World Classic"""
"=""10/4/2025""","=""105""","=""3rd Place""","=""Casen Becker""","=""Black Fox Wrestling Academy""","=""19-2 3:56""","=""TF""","=""Mikey Perna""","=""Ruthless Wrestling Club""","=""Schenectady""","=""NY""","=""Journeymen Fall Classic and Womens World Classic"""
"=""10/4/2025""","=""105""","=""3rd Place""","=""Mark Vlacancich""","=""Bitetto Trained""","=""16-2""","=""MD""","=""Maximilian White""","=""Darkhorse""","=""Schenectady""","=""NY""","=""Journeymen Fall Classic and Womens World Classic"""
"=""10/4/2025""","=""140""","=""Round of 16""","=""Matthew Mayr""","=""Impact Wrestling Club""","=""""","=""BYE""","=""""","=""""","=""Schenectady""","=""NY""","=""Journeymen Fall Classic and Womens World Classic"""
"=""10/4/2025""","=""140""","=""Round of 16""","=""Mitchell Rowland""","=""Combat Athletics""","=""""","=""BYE""","=""""","=""""","=""Schenectady""","=""NY""","=""Journeymen Fall Classic and Womens World Classic"""
"=""10/4/2025""","=""140""","=""Round of 16""","=""Aydin Lamb""","=""Smitty's Barn""","=""""","=""BYE""","=""""","=""""","=""Schenectady""","=""NY""","=""Journeymen Fall Classic and Womens World Classic"""
"=""10/4/2025""","=""140""","=""Round of 16""","=""Jesse Gatto""","=""Legacy Dragons""","=""""","=""BYE""","=""""","=""""","=""Schenectady""","=""NY""","=""Journeymen Fall Classic and Womens World Classic"""
"=""10/4/2025""","=""140""","=""Round of 16""","=""Hudson Platt""","=""Frost Gang""","=""19-3 3:30""","=""TF""","=""Van Green""","=""Journeymen WC""","=""Schenectady""","=""NY""","=""Journeymen Fall Classic and Womens World Classic"""
"=""10/4/2025""","=""140""","=""Round of 16""","=""Jacob Inserra""","=""Rednose""","=""16-1 2:00""","=""TF""","=""Nick Fernandes""","=""Metrowest United""","=""Schenectady""","=""NY""","=""Journeymen Fall Classic and Womens World Classic"""
"=""10/4/2025""","=""140""","=""Round of 16""","=""Cael Staggs""","=""Nevada Elite""","=""12-1 4:02""","=""F""","=""Gehrig Stalker""","=""Hammer Wrestling""","=""Schenectady""","=""NY""","=""Journeymen Fall Classic and Womens World Classic"""
"=""10/4/2025""","=""140""","=""Round of 16""","=""Matthew Esposito""","=""Edge Wrestling Club""","=""3-0 1:05""","=""F""","=""Zion Garelick""","=""Mohawk Valley Wrestling Club""","=""Schenectady""","=""NY""","=""Journeymen Fall Classic and Womens World Classic"""
"=""10/4/2025""","=""140""","=""Quarter-Finals""","=""Gunner Butt""","=""Contenders Wrestling Academy""","=""7-0""","=""DEC""","=""Matthew Mercado""","=""New York Military Academy""","=""Schenectady""","=""NY""","=""Journeymen Fall Classic and Womens World Classic"""
"=""10/4/2025""","=""140""","=""Quarter-Finals""","=""Ryan Ball""","=""Empire Wrestling Academy""","=""0-3 2:32""","=""F""","=""Gregory Green""","=""Jmen/ Shen""","=""Schenectady""","=""NY""","=""Journeymen Fall Classic and Womens World Classic"""
"=""10/4/2025""","=""140""","=""Quarter-Finals""","=""Aydin Lamb""","=""Smitty's Barn""","=""8-3""","=""DEC""","=""Matthew Esposito""","=""Edge Wrestling Club""","=""Schenectady""","=""NY""","=""Journeymen Fall Classic and Womens World Classic"""
"=""10/4/2025""","=""140""","=""Quarter-Finals""","=""Isaias Hernandez""","=""Depaul Catholic""","=""4-3""","=""DEC""","=""Nico Marchetti""","=""Delbarton""","=""Schenectady""","=""NY""","=""Journeymen Fall Classic and Womens World Classic"""
"=""10/4/2025""","=""140""","=""Quarter-Finals""","=""Tanner Guenot""","=""M2 Training Center""","=""5-4""","=""DEC""","=""Joaqun Duque""","=""Dragon""","=""Schenectady""","=""NY""","=""Journeymen Fall Classic and Womens World Classic"""
"=""10/4/2025""","=""140""","=""Quarter-Finals""","=""Gavin Mangano""","=""Kd""","=""4-1""","=""DEC""","=""Jack Abramson""","=""Pingry""","=""Schenectady""","=""NY""","=""Journeymen Fall Classic and Womens World Classic"""
"=""10/4/2025""","=""140""","=""Quarter-Finals""","=""Jesse Gatto""","=""Legacy Dragons""","=""4-1 SV""","=""DEC""","=""Shane Degl""","=""Empire Wrestling Academy""","=""Schenectady""","=""NY""","=""Journeymen Fall Classic and Womens World Classic"""
"=""10/4/2025""","=""140""","=""Quarter-Finals""","=""Hudson Platt""","=""Frost Gang""","=""9-6 SV""","=""DEC""","=""Matthew Mayr""","=""Impact Wrestling Club""","=""Schenectady""","=""NY""","=""Journeymen Fall Classic and Womens World Classic"""
"=""10/4/2025""","=""140""","=""Quarter-Finals""","=""Trey Lechase""","=""Fairport""","=""0-0 0:00""","=""DEF""","=""Jacob Inserra""","=""Rednose""","=""Schenectady""","=""NY""","=""Journeymen Fall Classic and Womens World Classic"""
"=""10/4/2025""","=""140""","=""Quarter-Finals""","=""Jesse Gatto""","=""Legacy Dragons""","=""6-2""","=""DEC""","=""Cael Staggs""","=""Nevada Elite""","=""Schenectady""","=""NY""","=""Journeymen Fall Classic and Womens World Classic"""
"=""10/4/2025""","=""140""","=""Quarter-Finals""","=""Evan Kowalsky""","=""Mt Ararat Hs""","=""""","=""BYE""","=""""","=""""","=""Schenectady""","=""NY""","=""Journeymen Fall Classic and Womens World Classic"""
"=""10/4/2025""","=""140""","=""Quarter-Finals""","=""Jacob Inserra""","=""Rednose""","=""19-6""","=""MD""","=""Mitchell Rowland""","=""Combat Athletics""","=""Schenectady""","=""NY""","=""Journeymen Fall Classic and Womens World Classic"""
"=""10/4/2025""","=""140""","=""Quarter-Finals""","=""Braden Johnson""","=""Cumberland Wi""","=""8-3""","=""DEC""","=""Jake Nieto""","=""Savage""","=""Schenectady""","=""NY""","=""Journeymen Fall Classic and Womens World Classic"""
"=""10/4/2025""","=""140""","=""Quarter-Finals""","=""Ryan Yang""","=""Ridge High School""","=""7-6""","=""DEC""","=""Timmy Boda""","=""Brevard Fca""","=""Schenectady""","=""NY""","=""Journeymen Fall Classic and Womens World Classic"""
"=""10/4/2025""","=""140""","=""Quarter-Finals""","=""Seach Hibler""","=""Apex Wrestling""","=""13-4 4:36""","=""F""","=""Jack Dragoumanos""","=""Doughboy""","=""Schenectady""","=""NY""","=""Journeymen Fall Classic and Womens World Classic"""
"=""10/4/2025""","=""140""","=""Quarter-Finals""","=""Jack Simpson""","=""Black Fox""","=""""","=""BYE""","=""""","=""""","=""Schenectady""","=""NY""","=""Journeymen Fall Classic and Womens World Classic"""
"=""10/4/2025""","=""105""","=""Semi-Finals""","=""Jake Ruiz""","=""Empire Wrestling Academy""","=""3-0""","=""DEC""","=""Greyson Brown""","=""Rush Henrietta""","=""Schenectady""","=""NY""","=""Journeymen Fall Classic and Womens World Classic"""
"=""10/4/2025""","=""105""","=""Semi-Finals""","=""Camron Veneziano""","=""Gps/newtown""","=""5-0""","=""DEC""","=""Mark Vlacancich""","=""Bitetto Trained""","=""Schenectady""","=""NY""","=""Journeymen Fall Classic and Womens World Classic"""
"=""10/4/2025""","=""140""","=""Semi-Finals""","=""Jack Simpson""","=""Black Fox""","=""13-5""","=""MD""","=""Jesse Gatto""","=""Legacy Dragons""","=""Schenectady""","=""NY""","=""Journeymen Fall Classic and Womens World Classic"""
"=""10/4/2025""","=""140""","=""Semi-Finals""","=""Seach Hibler""","=""Apex Wrestling""","=""4-3 TB2""","=""DEC""","=""Braden Johnson""","=""Cumberland Wi""","=""Schenectady""","=""NY""","=""Journeymen Fall Classic and Womens World Classic"""
"=""10/4/2025""","=""140""","=""Semi-Finals""","=""Jesse Gatto""","=""Legacy Dragons""","=""21-4 3:56""","=""TF""","=""Aydin Lamb""","=""Smitty's Barn""","=""Schenectady""","=""NY""","=""Journeymen Fall Classic and Womens World Classic"""
"=""10/4/2025""","=""105""","=""Semi-Finals""","=""Dylan Frechette""","=""Mayo Quanchi""","=""14-2""","=""MD""","=""Maximilian White""","=""Darkhorse""","=""Schenectady""","=""NY""","=""Journeymen Fall Classic and Womens World Classic"""
"=""10/4/2025""","=""105""","=""Semi-Finals""","=""Evan Gomez""","=""Kd Trained""","=""10-4 3:21""","=""F""","=""Casen Becker""","=""Black Fox Wrestling Academy""","=""Schenectady""","=""NY""","=""Journeymen Fall Classic and Womens World Classic"""
"=""10/4/2025""","=""105""","=""Semi-Finals""","=""Colton Riordan""","=""B2""","=""8-5""","=""DEC""","=""Mikey Perna""","=""Ruthless Wrestling Club""","=""Schenectady""","=""NY""","=""Journeymen Fall Classic and Womens World Classic"""
"=""10/4/2025""","=""140""","=""Semi-Finals""","=""Ryan Ball""","=""Empire Wrestling Academy""","=""2-5 1:43""","=""F""","=""Isaias Hernandez""","=""Depaul Catholic""","=""Schenectady""","=""NY""","=""Journeymen Fall Classic and Womens World Classic"""
"=""10/4/2025""","=""105""","=""Semi-Finals""","=""John Matter""","=""Yale Street Wrestling Club""","=""2-0""","=""DEC""","=""Jackson Zeller""","=""Superior""","=""Schenectady""","=""NY""","=""Journeymen Fall Classic and Womens World Classic"""
"=""10/4/2025""","=""140""","=""Semi-Finals""","=""Gavin Mangano""","=""Kd""","=""11-3""","=""MD""","=""Tanner Guenot""","=""M2 Training Center""","=""Schenectady""","=""NY""","=""Journeymen Fall Classic and Womens World Classic"""
"=""10/4/2025""","=""140""","=""Semi-Finals""","=""Gunner Butt""","=""Contenders Wrestling Academy""","=""16-6""","=""MD""","=""Ryan Yang""","=""Ridge High School""","=""Schenectady""","=""NY""","=""Journeymen Fall Classic and Womens World Classic"""
"=""10/4/2025""","=""140""","=""Semi-Finals""","=""Jacob Inserra""","=""Rednose""","=""7-0 2:35""","=""F""","=""Hudson Platt""","=""Frost Gang""","=""Schenectady""","=""NY""","=""Journeymen Fall Classic and Womens World Classic"""
"=""10/4/2025""","=""140""","=""Semi-Finals""","=""Trey Lechase""","=""Fairport""","=""19-2 3:52""","=""TF""","=""Evan Kowalsky""","=""Mt Ararat Hs""","=""Schenectady""","=""NY""","=""Journeymen Fall Classic and Womens World Classic"""
"=""10/4/2025""","=""140""","=""Finals""","=""Gunner Butt""","=""Contenders Wrestling Academy""","=""11-2 4:50""","=""F""","=""Ryan Ball""","=""Empire Wrestling Academy""","=""Schenectady""","=""NY""","=""Journeymen Fall Classic and Womens World Classic"""
"=""10/4/2025""","=""105""","=""Finals""","=""John Matter""","=""Yale Street Wrestling Club""","=""16-0 3:53""","=""TF""","=""Jake Ruiz""","=""Empire Wrestling Academy""","=""Schenectady""","=""NY""","=""Journeymen Fall Classic and Womens World Classic"""
"=""10/4/2025""","=""140""","=""Finals""","=""Jacob Inserra""","=""Rednose""","=""7-4""","=""DEC""","=""Jesse Gatto""","=""Legacy Dragons""","=""Schenectady""","=""NY""","=""Journeymen Fall Classic and Womens World Classic"""
"=""10/4/2025""","=""140""","=""Finals""","=""Jack Simpson""","=""Black Fox""","=""16-0 5:00""","=""TF""","=""Trey Lechase""","=""Fairport""","=""Schenectady""","=""NY""","=""Journeymen Fall Classic and Womens World Classic"""
"=""10/4/2025""","=""140""","=""Finals""","=""Gavin Mangano""","=""Kd""","=""16-1 4:27""","=""TF""","=""Seach Hibler""","=""Apex Wrestling""","=""Schenectady""","=""NY""","=""Journeymen Fall Classic and Womens World Classic"""
"=""10/4/2025""","=""105""","=""Finals""","=""Evan Gomez""","=""Kd Trained""","=""10-6""","=""DEC""","=""Colton Riordan""","=""B2""","=""Schenectady""","=""NY""","=""Journeymen Fall Classic and Womens World Classic"""
"=""10/4/2025""","=""105""","=""Finals""","=""Dylan Frechette""","=""Mayo Quanchi""","=""15-0 4:12""","=""F""","=""Camron Veneziano""","=""Gps/newtown""","=""Schenectady""","=""NY""","=""Journeymen Fall Classic and Womens World Classic"""
"=""10/4/2025""","=""112""","=""RR Rnd 3""","=""Carmine Catapano""","=""2025 War At Shore  Champion""","=""16-0 3:17""","=""TF""","=""Hunter Kapitula""","=""Mat Assassins Wc""","=""Schenectady""","=""NY""","=""Journeymen Fall Classic and Womens World Classic"""
"=""10/4/2025""","=""112""","=""RR Rnd 3""","=""Spencer Lee""","=""Kd Trained""","=""""","=""BYE""","=""""","=""""","=""Schenectady""","=""NY""","=""Journeymen Fall Classic and Womens World Classic"""
"=""10/4/2025""","=""145""","=""RR Rnd 3""","=""Thomas J Verrette""","=""Edmond""","=""""","=""BYE""","=""""","=""""","=""Schenectady""","=""NY""","=""Journeymen Fall Classic and Womens World Classic"""
"=""10/4/2025""","=""145""","=""RR Rnd 3""","=""William Sakoutis""","=""Elite Wrestling""","=""5-0""","=""DEC""","=""Lance Bordeleau""","=""Doughboy""","=""Schenectady""","=""NY""","=""Journeymen Fall Classic and Womens World Classic"""
"=""10/4/2025""","=""145""","=""RR Rnd 3""","=""Gideon Gonzalez""","=""Bergen Catholic""","=""18-3 3:38""","=""TF""","=""Ronan Montes""","=""Blair Academy""","=""Schenectady""","=""NY""","=""Journeymen Fall Classic and Womens World Classic"""
"=""10/4/2025""","=""145""","=""RR Rnd 3""","=""Nikolas Marnika""","=""Vhw""","=""""","=""BYE""","=""""","=""""","=""Schenectady""","=""NY""","=""Journeymen Fall Classic and Womens World Classic"""
"=""10/4/2025""","=""112""","=""RR Rnd 3""","=""Nathan Fenner""","=""Easton""","=""17-0 2:51""","=""TF""","=""Andrew Uszenski""","=""Kd Trained""","=""Schenectady""","=""NY""","=""Journeymen Fall Classic and Womens World Classic"""
"=""10/4/2025""","=""145""","=""RR Rnd 3""","=""Joseph Guastella""","=""Wyoming Seminary""","=""""","=""BYE""","=""""","=""""","=""Schenectady""","=""NY""","=""Journeymen Fall Classic and Womens World Classic"""
"=""10/4/2025""","=""145""","=""RR Rnd 3""","=""Matthew Mcdermott""","=""Smithtown East""","=""6-0""","=""DEC""","=""Anthony Moreno""","=""Nyma""","=""Schenectady""","=""NY""","=""Journeymen Fall Classic and Womens World Classic"""
"=""10/4/2025""","=""145""","=""RR Rnd 3""","=""Braeden Valley""","=""Yale Street Wrestling Club""","=""15-0 1:38""","=""TF""","=""Riffat Pathan""","=""Palm Wrestling""","=""Schenectady""","=""NY""","=""Journeymen Fall Classic and Womens World Classic"""
"=""10/4/2025""","=""145""","=""RR Rnd 3""","=""Pj Katz""","=""Metrowest United""","=""""","=""BYE""","=""""","=""""","=""Schenectady""","=""NY""","=""Journeymen Fall Classic and Womens World Classic"""
"=""10/4/2025""","=""112""","=""RR Rnd 3""","=""Rocco Augello""","=""Barn Brothers""","=""3-0 1:28""","=""F""","=""Matthew Furia""","=""Mayo Quanchi""","=""Schenectady""","=""NY""","=""Journeymen Fall Classic and Womens World Classic"""
"=""10/4/2025""","=""112""","=""RR Rnd 3""","=""Frederick Smith Iii""","=""Journeymen WC""","=""3-0 0:29""","=""F""","=""Benton Alt""","=""Orchard Wc""","=""Schenectady""","=""NY""","=""Journeymen Fall Classic and Womens World Classic"""
"=""10/4/2025""","=""112""","=""RR Rnd 3""","=""George Jolley Iv""","=""Wolfgang""","=""5-3 2:45""","=""F""","=""Jackson Burnham""","=""Fisheye""","=""Schenectady""","=""NY""","=""Journeymen Fall Classic and Womens World Classic"""
"=""10/4/2025""","=""145""","=""RR Rnd 3""","=""Lincoln Kelley""","=""Impact Wrestling Academy""","=""""","=""BYE""","=""""","=""""","=""Schenectady""","=""NY""","=""Journeymen Fall Classic and Womens World Classic"""
"=""10/4/2025""","=""145""","=""RR Rnd 3""","=""Eli Horton""","=""Combat Athletics""","=""10-2""","=""MD""","=""Anthony Borrometi""","=""Saint Peter's Prep""","=""Schenectady""","=""NY""","=""Journeymen Fall Classic and Womens World Classic"""
"=""10/4/2025""","=""145""","=""RR Rnd 3""","=""Christian Jelle""","=""Grand Rapids""","=""""","=""BYE""","=""""","=""""","=""Schenectady""","=""NY""","=""Journeymen Fall Classic and Womens World Classic"""
"=""10/4/2025""","=""145""","=""RR Rnd 3""","=""Nate Keller""","=""Immaculata""","=""7-0""","=""DEC""","=""Isaiah Mcdaniel""","=""Metrowest United""","=""Schenectady""","=""NY""","=""Journeymen Fall Classic and Womens World Classic"""
"=""10/4/2025""","=""112""","=""RR Rnd 3""","=""Evan Restivo""","=""Faith Christian Academy""","=""3-0 0:28""","=""F""","=""Zakey Tsarni""","=""Capital Wrestling Club""","=""Schenectady""","=""NY""","=""Journeymen Fall Classic and Womens World Classic"""
"=""10/4/2025""","=""112""","=""RR Rnd 3""","=""Ryder Walsh""","=""Wrestlers Way""","=""7-3""","=""DEC""","=""Massimo Perentin""","=""Frost Gang""","=""Schenectady""","=""NY""","=""Journeymen Fall Classic and Womens World Classic"""
"=""10/4/2025""","=""145""","=""RR Rnd 2""","=""Anthony Borrometi""","=""Saint Peter's Prep""","=""""","=""BYE""","=""""","=""""","=""Schenectady""","=""NY""","=""Journeymen Fall Classic and Womens World Classic"""
"=""10/4/2025""","=""145""","=""RR Rnd 2""","=""Nikolas Marnika""","=""Vhw""","=""3-1""","=""DEC""","=""Anthony Moreno""","=""Nyma""","=""Schenectady""","=""NY""","=""Journeymen Fall Classic and Womens World Classic"""
"=""10/4/2025""","=""112""","=""RR Rnd 2""","=""Hunter Kapitula""","=""Mat Assassins Wc""","=""18-9 4:03""","=""F""","=""Matthew Furia""","=""Mayo Quanchi""","=""Schenectady""","=""NY""","=""Journeymen Fall Classic and Womens World Classic"""
"=""10/4/2025""","=""145""","=""RR Rnd 2""","=""Nate Keller""","=""Immaculata""","=""""","=""BYE""","=""""","=""""","=""Schenectady""","=""NY""","=""Journeymen Fall Classic and Womens World Classic"""
"=""10/4/2025""","=""112""","=""RR Rnd 2""","=""Ryder Walsh""","=""Wrestlers Way""","=""3-0 1:15""","=""F""","=""Zakey Tsarni""","=""Capital Wrestling Club""","=""Schenectady""","=""NY""","=""Journeymen Fall Classic and Womens World Classic"""
"=""10/4/2025""","=""145""","=""RR Rnd 2""","=""William Sakoutis""","=""Elite Wrestling""","=""""","=""BYE""","=""""","=""""","=""Schenectady""","=""NY""","=""Journeymen Fall Classic and Womens World Classic"""
"=""10/4/2025""","=""145""","=""RR Rnd 2""","=""Lance Bordeleau""","=""Doughboy""","=""5-0""","=""DEC""","=""Joseph Guastella""","=""Wyoming Seminary""","=""Schenectady""","=""NY""","=""Journeymen Fall Classic and Womens World Classic"""
"=""10/4/2025""","=""112""","=""RR Rnd 2""","=""Evan Restivo""","=""Faith Christian Academy""","=""10-1 1:18""","=""F""","=""Massimo Perentin""","=""Frost Gang""","=""Schenectady""","=""NY""","=""Journeymen Fall Classic and Womens World Classic"""
"=""10/4/2025""","=""112""","=""RR Rnd 2""","=""Carmine Catapano""","=""2025 War At Shore  Champion""","=""19-3 3:00""","=""TF""","=""Rocco Augello""","=""Barn Brothers""","=""Schenectady""","=""NY""","=""Journeymen Fall Classic and Womens World Classic"""
"=""10/4/2025""","=""145""","=""RR Rnd 2""","=""Braeden Valley""","=""Yale Street Wrestling Club""","=""""","=""BYE""","=""""","=""""","=""Schenectady""","=""NY""","=""Journeymen Fall Classic and Womens World Classic"""
"=""10/4/2025""","=""145""","=""RR Rnd 2""","=""Gideon Gonzalez""","=""Bergen Catholic""","=""""","=""BYE""","=""""","=""""","=""Schenectady""","=""NY""","=""Journeymen Fall Classic and Womens World Classic"""
"=""10/4/2025""","=""145""","=""RR Rnd 2""","=""Ronan Montes""","=""Blair Academy""","=""14-4""","=""MD""","=""Pj Katz""","=""Metrowest United""","=""Schenectady""","=""NY""","=""Journeymen Fall Classic and Womens World Classic"""
"=""10/4/2025""","=""145""","=""RR Rnd 2""","=""Thomas J Verrette""","=""Edmond""","=""19-4 1:26""","=""F""","=""Riffat Pathan""","=""Palm Wrestling""","=""Schenectady""","=""NY""","=""Journeymen Fall Classic and Womens World Classic"""
"=""10/4/2025""","=""112""","=""RR Rnd 2""","=""Frederick Smith Iii""","=""Journeymen WC""","=""""","=""BYE""","=""""","=""""","=""Schenectady""","=""NY""","=""Journeymen Fall Classic and Womens World Classic"""
"=""10/4/2025""","=""112""","=""RR Rnd 2""","=""Nathan Fenner""","=""Easton""","=""21-3 1:59""","=""TF""","=""George Jolley Iv""","=""Wolfgang""","=""Schenectady""","=""NY""","=""Journeymen Fall Classic and Womens World Classic"""
"=""10/4/2025""","=""112""","=""RR Rnd 2""","=""Andrew Uszenski""","=""Kd Trained""","=""4-9 1:16""","=""F""","=""Jackson Burnham""","=""Fisheye""","=""Schenectady""","=""NY""","=""Journeymen Fall Classic and Womens World Classic"""
"=""10/4/2025""","=""145""","=""RR Rnd 2""","=""Lincoln Kelley""","=""Impact Wrestling Academy""","=""9-1""","=""MD""","=""Isaiah Mcdaniel""","=""Metrowest United""","=""Schenectady""","=""NY""","=""Journeymen Fall Classic and Womens World Classic"""
"=""10/4/2025""","=""145""","=""RR Rnd 2""","=""Matthew Mcdermott""","=""Smithtown East""","=""""","=""BYE""","=""""","=""""","=""Schenectady""","=""NY""","=""Journeymen Fall Classic and Womens World Classic"""
"=""10/4/2025""","=""145""","=""RR Rnd 2""","=""Christian Jelle""","=""Grand Rapids""","=""33-18 4:53""","=""TF""","=""Eli Horton""","=""Combat Athletics""","=""Schenectady""","=""NY""","=""Journeymen Fall Classic and Womens World Classic"""
"=""10/4/2025""","=""112""","=""RR Rnd 2""","=""Spencer Lee""","=""Kd Trained""","=""9-2 1:19""","=""F""","=""Benton Alt""","=""Orchard Wc""","=""Schenectady""","=""NY""","=""Journeymen Fall Classic and Womens World Classic"""
"=""10/4/2025""","=""112""","=""RR Rnd 1""","=""Nathan Fenner""","=""Easton""","=""3-0 0:34""","=""F""","=""Jackson Burnham""","=""Fisheye""","=""Schenectady""","=""NY""","=""Journeymen Fall Classic and Womens World Classic"""
"=""10/4/2025""","=""112""","=""RR Rnd 1""","=""Benton Alt""","=""Orchard Wc""","=""""","=""BYE""","=""""","=""""","=""Schenectady""","=""NY""","=""Journeymen Fall Classic and Womens World Classic"""
"=""10/4/2025""","=""145""","=""RR Rnd 1""","=""Weston Borgers""","=""Blair Academy""","=""19-3 2:13""","=""TF""","=""Hayden Smith""","=""Slyfox Wrestling""","=""Schenectady""","=""NY""","=""Journeymen Fall Classic and Womens World Classic"""
"=""10/4/2025""","=""145""","=""RR Rnd 1""","=""Keagan Sieracki""","=""Southlake Carroll Hs Texas""","=""0-0 0:33""","=""M FOR""","=""Laudan Henry""","=""Kd Trained""","=""Schenectady""","=""NY""","=""Journeymen Fall Classic and Womens World Classic"""
"=""10/4/2025""","=""145""","=""RR Rnd 1""","=""Riffat Pathan""","=""Palm Wrestling""","=""""","=""BYE""","=""""","=""""","=""Schenectady""","=""NY""","=""Journeymen Fall Classic and Womens World Classic"""
"=""10/4/2025""","=""145""","=""RR Rnd 1""","=""Thomas J Verrette""","=""Edmond""","=""13-6""","=""DEC""","=""Braeden Valley""","=""Yale Street Wrestling Club""","=""Schenectady""","=""NY""","=""Journeymen Fall Classic and Womens World Classic"""
"=""10/4/2025""","=""145""","=""RR Rnd 1""","=""Gideon Gonzalez""","=""Bergen Catholic""","=""19-2 2:34""","=""TF""","=""Pj Katz""","=""Metrowest United""","=""Schenectady""","=""NY""","=""Journeymen Fall Classic and Womens World Classic"""
"=""10/4/2025""","=""112""","=""RR Rnd 1""","=""Zakey Tsarni""","=""Capital Wrestling Club""","=""7-1""","=""DEC""","=""Massimo Perentin""","=""Frost Gang""","=""Schenectady""","=""NY""","=""Journeymen Fall Classic and Womens World Classic"""
"=""10/4/2025""","=""145""","=""RR Rnd 1""","=""Ronan Montes""","=""Blair Academy""","=""""","=""BYE""","=""""","=""""","=""Schenectady""","=""NY""","=""Journeymen Fall Classic and Womens World Classic"""
"=""10/4/2025""","=""112""","=""RR Rnd 1""","=""Carmine Catapano""","=""2025 War At Shore  Champion""","=""8-0 4:00""","=""F""","=""Matthew Furia""","=""Mayo Quanchi""","=""Schenectady""","=""NY""","=""Journeymen Fall Classic and Womens World Classic"""
"=""10/4/2025""","=""112""","=""RR Rnd 1""","=""George Jolley Iv""","=""Wolfgang""","=""10-2""","=""MD""","=""Andrew Uszenski""","=""Kd Trained""","=""Schenectady""","=""NY""","=""Journeymen Fall Classic and Womens World Classic"""
"=""10/4/2025""","=""112""","=""RR Rnd 1""","=""Spencer Lee""","=""Kd Trained""","=""17-0 3:37""","=""TF""","=""Frederick Smith Iii""","=""Journeymen WC""","=""Schenectady""","=""NY""","=""Journeymen Fall Classic and Womens World Classic"""
"=""10/4/2025""","=""112""","=""RR Rnd 1""","=""Hunter Kapitula""","=""Mat Assassins Wc""","=""3-0 1:08""","=""F""","=""Rocco Augello""","=""Barn Brothers""","=""Schenectady""","=""NY""","=""Journeymen Fall Classic and Womens World Classic"""
"=""10/4/2025""","=""145""","=""RR Rnd 1""","=""Lance Bordeleau""","=""Doughboy""","=""""","=""BYE""","=""""","=""""","=""Schenectady""","=""NY""","=""Journeymen Fall Classic and Womens World Classic"""
"=""10/4/2025""","=""145""","=""RR Rnd 1""","=""Isaiah Mcdaniel""","=""Metrowest United""","=""""","=""BYE""","=""""","=""""","=""Schenectady""","=""NY""","=""Journeymen Fall Classic and Womens World Classic"""
"=""10/4/2025""","=""112""","=""RR Rnd 1""","=""Evan Restivo""","=""Faith Christian Academy""","=""16-1 1:56""","=""TF""","=""Ryder Walsh""","=""Wrestlers Way""","=""Schenectady""","=""NY""","=""Journeymen Fall Classic and Womens World Classic"""
"=""10/4/2025""","=""145""","=""RR Rnd 1""","=""Anthony Moreno""","=""Nyma""","=""""","=""BYE""","=""""","=""""","=""Schenectady""","=""NY""","=""Journeymen Fall Classic and Womens World Classic"""
"=""10/4/2025""","=""145""","=""RR Rnd 1""","=""Lincoln Kelley""","=""Impact Wrestling Academy""","=""3-0 SV""","=""DEC""","=""Nate Keller""","=""Immaculata""","=""Schenectady""","=""NY""","=""Journeymen Fall Classic and Womens World Classic"""
"=""10/4/2025""","=""145""","=""RR Rnd 1""","=""Eli Horton""","=""Combat Athletics""","=""""","=""BYE""","=""""","=""""","=""Schenectady""","=""NY""","=""Journeymen Fall Classic and Womens World Classic"""
"=""10/4/2025""","=""145""","=""RR Rnd 1""","=""Christian Jelle""","=""Grand Rapids""","=""11-1 3:40""","=""F""","=""Anthony Borrometi""","=""Saint Peter's Prep""","=""Schenectady""","=""NY""","=""Journeymen Fall Classic and Womens World Classic"""
"=""10/4/2025""","=""145""","=""RR Rnd 1""","=""William Sakoutis""","=""Elite Wrestling""","=""4-1""","=""DEC""","=""Joseph Guastella""","=""Wyoming Seminary""","=""Schenectady""","=""NY""","=""Journeymen Fall Classic and Womens World Classic"""
"=""10/4/2025""","=""145""","=""RR Rnd 1""","=""Matthew Mcdermott""","=""Smithtown East""","=""7-0""","=""DEC""","=""Nikolas Marnika""","=""Vhw""","=""Schenectady""","=""NY""","=""Journeymen Fall Classic and Womens World Classic"""
"=""10/4/2025""","=""145""","=""Consi of 16 #1""","=""Andrew Brown""","=""Iron Faith""","=""""","=""BYE""","=""""","=""""","=""Schenectady""","=""NY""","=""Journeymen Fall Classic and Womens World Classic"""
"=""10/4/2025""","=""145""","=""Consi of 16 #1""","=""Blake Mayer""","=""Iron Faith""","=""""","=""BYE""","=""""","=""""","=""Schenectady""","=""NY""","=""Journeymen Fall Classic and Womens World Classic"""
"=""10/4/2025""","=""145""","=""Consi of 16 #2""","=""Daniel Sheehan""","=""Smitty's Barn""","=""""","=""BYE""","=""""","=""""","=""Schenectady""","=""NY""","=""Journeymen Fall Classic and Womens World Classic"""
"=""10/4/2025""","=""145""","=""Consi of 16 #2""","=""Alberico Mancini""","=""Top Flight Wrestling Academy""","=""""","=""BYE""","=""""","=""""","=""Schenectady""","=""NY""","=""Journeymen Fall Classic and Womens World Classic"""
"=""10/4/2025""","=""145""","=""Consi of 16 #2""","=""Andrew Brown""","=""Iron Faith""","=""11-2""","=""MD""","=""Ace Dunbrook""","=""Journeymen WC""","=""Schenectady""","=""NY""","=""Journeymen Fall Classic and Womens World Classic"""
"=""10/4/2025""","=""145""","=""Consi of 16 #2""","=""Andre Washington""","=""Journeymen WC""","=""""","=""BYE""","=""""","=""""","=""Schenectady""","=""NY""","=""Journeymen Fall Classic and Womens World Classic"""
"=""10/4/2025""","=""145""","=""Consi of 16 #2""","=""Liam Brough""","=""Mohawk Valley Wrestling Club""","=""""","=""BYE""","=""""","=""""","=""Schenectady""","=""NY""","=""Journeymen Fall Classic and Womens World Classic"""
"=""10/4/2025""","=""145""","=""Consi of 16 #2""","=""Cal Rinke""","=""Bridgewater-raynham""","=""""","=""BYE""","=""""","=""""","=""Schenectady""","=""NY""","=""Journeymen Fall Classic and Womens World Classic"""
"=""10/4/2025""","=""145""","=""Consi of 16 #2""","=""Levi Bobadilla""","=""St. Joseph Hs""","=""19-4 1:52""","=""F""","=""Blake Mayer""","=""Iron Faith""","=""Schenectady""","=""NY""","=""Journeymen Fall Classic and Womens World Classic"""
"=""10/4/2025""","=""145""","=""Consi of 16 #2""","=""Kolya Krisa""","=""Journeymen WC""","=""""","=""BYE""","=""""","=""""","=""Schenectady""","=""NY""","=""Journeymen Fall Classic and Womens World Classic"""
"=""10/4/2025""","=""145""","=""Consi of 8 #1""","=""Alberico Mancini""","=""Top Flight Wrestling Academy""","=""19-3 3:16""","=""TF""","=""Andrew Brown""","=""Iron Faith""","=""Schenectady""","=""NY""","=""Journeymen Fall Classic and Womens World Classic"""
"=""10/4/2025""","=""145""","=""Consi of 8 #1""","=""Kolya Krisa""","=""Journeymen WC""","=""19-3 1:34""","=""TF""","=""Cal Rinke""","=""Bridgewater-raynham""","=""Schenectady""","=""NY""","=""Journeymen Fall Classic and Womens World Classic"""
"=""10/4/2025""","=""145""","=""Consi of 8 #1""","=""Levi Bobadilla""","=""St. Joseph Hs""","=""8-1 2:43""","=""F""","=""Liam Brough""","=""Mohawk Valley Wrestling Club""","=""Schenectady""","=""NY""","=""Journeymen Fall Classic and Womens World Classic"""
"=""10/4/2025""","=""145""","=""Consi of 8 #1""","=""Daniel Sheehan""","=""Smitty's Barn""","=""12-4""","=""MD""","=""Andre Washington""","=""Journeymen WC""","=""Schenectady""","=""NY""","=""Journeymen Fall Classic and Womens World Classic"""
"=""10/4/2025""","=""145""","=""Consi of 8 #2""","=""Ryan Ivy""","=""Journeymen WC""","=""5-4 TB2""","=""DEC""","=""Kolya Krisa""","=""Journeymen WC""","=""Schenectady""","=""NY""","=""Journeymen Fall Classic and Womens World Classic"""
"=""10/4/2025""","=""145""","=""Consi of 8 #2""","=""Alberico Mancini""","=""Top Flight Wrestling Academy""","=""13-2""","=""MD""","=""Duncan Harrington""","=""Mt. Anthony Union High School""","=""Schenectady""","=""NY""","=""Journeymen Fall Classic and Womens World Classic"""
"=""10/4/2025""","=""145""","=""Consi of 8 #2""","=""Aydin Schifino""","=""Iron Faith""","=""3-0 1:16""","=""F""","=""Levi Bobadilla""","=""St. Joseph Hs""","=""Schenectady""","=""NY""","=""Journeymen Fall Classic and Womens World Classic"""
"=""10/4/2025""","=""145""","=""Consi of 8 #2""","=""Johnny Carrozza""","=""Ridgefield High/gps""","=""11-2 1:53""","=""F""","=""Daniel Sheehan""","=""Smitty's Barn""","=""Schenectady""","=""NY""","=""Journeymen Fall Classic and Womens World Classic"""
"=""10/4/2025""","=""145""","=""Consi of 4""","=""Weston Borgers""","=""Blair Academy""","=""3-0""","=""DEC""","=""William Sakoutis""","=""Elite Wrestling""","=""Schenectady""","=""NY""","=""Journeymen Fall Classic and Womens World Classic"""
"=""10/4/2025""","=""145""","=""Consi of 4""","=""Nate Keller""","=""Immaculata""","=""0-0""","=""FOR""","=""Laudan Henry""","=""Kd Trained""","=""Schenectady""","=""NY""","=""Journeymen Fall Classic and Womens World Classic"""
"=""10/4/2025""","=""145""","=""Consi of 4""","=""Johnny Carrozza""","=""Ridgefield High/gps""","=""17-6""","=""MD""","=""Aydin Schifino""","=""Iron Faith""","=""Schenectady""","=""NY""","=""Journeymen Fall Classic and Womens World Classic"""
"=""10/4/2025""","=""145""","=""Consi of 4""","=""Keagan Sieracki""","=""Southlake Carroll Hs Texas""","=""7-3""","=""DEC""","=""Lincoln Kelley""","=""Impact Wrestling Academy""","=""Schenectady""","=""NY""","=""Journeymen Fall Classic and Womens World Classic"""
"=""10/4/2025""","=""145""","=""Consi of 4""","=""Isaiah Mcdaniel""","=""Metrowest United""","=""""","=""BYE""","=""""","=""""","=""Schenectady""","=""NY""","=""Journeymen Fall Classic and Womens World Classic"""
"=""10/4/2025""","=""145""","=""Consi of 4""","=""Lance Bordeleau""","=""Doughboy""","=""15-0 4:44""","=""TF""","=""Ronan Montes""","=""Blair Academy""","=""Schenectady""","=""NY""","=""Journeymen Fall Classic and Womens World Classic"""
"=""10/4/2025""","=""145""","=""Consi of 4""","=""Pj Katz""","=""Metrowest United""","=""""","=""BYE""","=""""","=""""","=""Schenectady""","=""NY""","=""Journeymen Fall Classic and Womens World Classic"""
"=""10/4/2025""","=""145""","=""Consi of 4""","=""Alberico Mancini""","=""Top Flight Wrestling Academy""","=""15-0 2:23""","=""TF""","=""Ryan Ivy""","=""Journeymen WC""","=""Schenectady""","=""NY""","=""Journeymen Fall Classic and Womens World Classic"""
"=""10/4/2025""","=""145""","=""Consi-Semis""","=""Caleb Appleyard""","=""Iron Faith""","=""12-3 2:45""","=""F""","=""Alberico Mancini""","=""Top Flight Wrestling Academy""","=""Schenectady""","=""NY""","=""Journeymen Fall Classic and Womens World Classic"""
"=""10/4/2025""","=""145""","=""Consi-Semis""","=""Johnny Carrozza""","=""Ridgefield High/gps""","=""16-0 4:48""","=""TF""","=""Cole Riddiough""","=""Farmingdale High School""","=""Schenectady""","=""NY""","=""Journeymen Fall Classic and Womens World Classic"""
"=""10/4/2025""","=""145""","=""7th Place""","=""Lincoln Kelley""","=""Impact Wrestling Academy""","=""14-1""","=""MD""","=""William Sakoutis""","=""Elite Wrestling""","=""Schenectady""","=""NY""","=""Journeymen Fall Classic and Womens World Classic"""
"=""10/4/2025""","=""145""","=""7th Place""","=""Ronan Montes""","=""Blair Academy""","=""""","=""M FOR""","=""Laudan Henry""","=""Kd Trained""","=""Schenectady""","=""NY""","=""Journeymen Fall Classic and Womens World Classic"""
"=""10/4/2025""","=""145""","=""5th Place""","=""Weston Borgers""","=""Blair Academy""","=""10-5""","=""DEC""","=""Keagan Sieracki""","=""Southlake Carroll Hs Texas""","=""Schenectady""","=""NY""","=""Journeymen Fall Classic and Womens World Classic"""
"=""10/4/2025""","=""145""","=""5th Place""","=""Isaiah Mcdaniel""","=""Metrowest United""","=""12-3""","=""MD""","=""Pj Katz""","=""Metrowest United""","=""Schenectady""","=""NY""","=""Journeymen Fall Classic and Womens World Classic"""
"=""10/4/2025""","=""145""","=""5th Place""","=""Nate Keller""","=""Immaculata""","=""1-0""","=""DEC""","=""Lance Bordeleau""","=""Doughboy""","=""Schenectady""","=""NY""","=""Journeymen Fall Classic and Womens World Classic"""
"=""10/4/2025""","=""145""","=""3rd Place""","=""Christian Jelle""","=""Grand Rapids""","=""8-5 SV""","=""DEC""","=""Gideon Gonzalez""","=""Bergen Catholic""","=""Schenectady""","=""NY""","=""Journeymen Fall Classic and Womens World Classic"""
"=""10/4/2025""","=""112""","=""3rd Place""","=""Jackson Burnham""","=""Fisheye""","=""""","=""BYE""","=""""","=""""","=""Schenectady""","=""NY""","=""Journeymen Fall Classic and Womens World Classic"""
"=""10/4/2025""","=""145""","=""3rd Place""","=""Johnny Carrozza""","=""Ridgefield High/gps""","=""7-0""","=""DEC""","=""Caleb Appleyard""","=""Iron Faith""","=""Schenectady""","=""NY""","=""Journeymen Fall Classic and Womens World Classic"""
"=""10/4/2025""","=""112""","=""3rd Place""","=""Nathan Fenner""","=""Easton""","=""16-5""","=""MD""","=""Carmine Catapano""","=""2025 War At Shore  Champion""","=""Schenectady""","=""NY""","=""Journeymen Fall Classic and Womens World Classic"""
"=""10/4/2025""","=""145""","=""3rd Place""","=""Anthony Borrometi""","=""Saint Peter's Prep""","=""11-2""","=""MD""","=""Joseph Guastella""","=""Wyoming Seminary""","=""Schenectady""","=""NY""","=""Journeymen Fall Classic and Womens World Classic"""
"=""10/4/2025""","=""112""","=""3rd Place""","=""Andrew Uszenski""","=""Kd Trained""","=""7-0 0:48""","=""F""","=""Benton Alt""","=""Orchard Wc""","=""Schenectady""","=""NY""","=""Journeymen Fall Classic and Womens World Classic"""
"=""10/4/2025""","=""112""","=""3rd Place""","=""Ryder Walsh""","=""Wrestlers Way""","=""10-0""","=""MD""","=""Frederick Smith Iii""","=""Journeymen WC""","=""Schenectady""","=""NY""","=""Journeymen Fall Classic and Womens World Classic"""
"=""10/4/2025""","=""145""","=""3rd Place""","=""Eli Horton""","=""Combat Athletics""","=""15-0 1:58""","=""TF""","=""Hayden Smith""","=""Slyfox Wrestling""","=""Schenectady""","=""NY""","=""Journeymen Fall Classic and Womens World Classic"""
"=""10/4/2025""","=""145""","=""Round of 32""","=""Daniel Sheehan""","=""Smitty's Barn""","=""""","=""BYE""","=""""","=""""","=""Schenectady""","=""NY""","=""Journeymen Fall Classic and Womens World Classic"""
"=""10/4/2025""","=""145""","=""Round of 32""","=""Pj Katz""","=""Metrowest United""","=""""","=""BYE""","=""""","=""""","=""Schenectady""","=""NY""","=""Journeymen Fall Classic and Womens World Classic"""
"=""10/4/2025""","=""145""","=""Round of 32""","=""Ace Dunbrook""","=""Journeymen WC""","=""3-0 0:53""","=""F""","=""Blake Mayer""","=""Iron Faith""","=""Schenectady""","=""NY""","=""Journeymen Fall Classic and Womens World Classic"""
"=""10/4/2025""","=""145""","=""Round of 32""","=""Caleb Appleyard""","=""Iron Faith""","=""""","=""BYE""","=""""","=""""","=""Schenectady""","=""NY""","=""Journeymen Fall Classic and Womens World Classic"""
"=""10/4/2025""","=""145""","=""Round of 32""","=""Joseph Guastella""","=""Wyoming Seminary""","=""""","=""BYE""","=""""","=""""","=""Schenectady""","=""NY""","=""Journeymen Fall Classic and Womens World Classic"""
"=""10/4/2025""","=""145""","=""Round of 32""","=""Kolya Krisa""","=""Journeymen WC""","=""""","=""BYE""","=""""","=""""","=""Schenectady""","=""NY""","=""Journeymen Fall Classic and Womens World Classic"""
"=""10/4/2025""","=""145""","=""Round of 32""","=""Andre Washington""","=""Journeymen WC""","=""""","=""BYE""","=""""","=""""","=""Schenectady""","=""NY""","=""Journeymen Fall Classic and Womens World Classic"""
"=""10/4/2025""","=""145""","=""Round of 32""","=""Johnny Carrozza""","=""Ridgefield High/gps""","=""""","=""BYE""","=""""","=""""","=""Schenectady""","=""NY""","=""Journeymen Fall Classic and Womens World Classic"""
"=""10/4/2025""","=""145""","=""Round of 32""","=""Duncan Harrington""","=""Mt. Anthony Union High School""","=""""","=""BYE""","=""""","=""""","=""Schenectady""","=""NY""","=""Journeymen Fall Classic and Womens World Classic"""
"=""10/4/2025""","=""145""","=""Round of 32""","=""Liam Brough""","=""Mohawk Valley Wrestling Club""","=""""","=""BYE""","=""""","=""""","=""Schenectady""","=""NY""","=""Journeymen Fall Classic and Womens World Classic"""
"=""10/4/2025""","=""145""","=""Round of 32""","=""Cole Riddiough""","=""Farmingdale High School""","=""""","=""BYE""","=""""","=""""","=""Schenectady""","=""NY""","=""Journeymen Fall Classic and Womens World Classic"""
"=""10/4/2025""","=""145""","=""Round of 32""","=""Levi Bobadilla""","=""St. Joseph Hs""","=""7-3""","=""DEC""","=""Andrew Brown""","=""Iron Faith""","=""Schenectady""","=""NY""","=""Journeymen Fall Classic and Womens World Classic"""
"=""10/4/2025""","=""145""","=""Round of 32""","=""Ryan Ivy""","=""Journeymen WC""","=""""","=""BYE""","=""""","=""""","=""Schenectady""","=""NY""","=""Journeymen Fall Classic and Womens World Classic"""
"=""10/4/2025""","=""145""","=""Round of 32""","=""Cal Rinke""","=""Bridgewater-raynham""","=""""","=""BYE""","=""""","=""""","=""Schenectady""","=""NY""","=""Journeymen Fall Classic and Womens World Classic"""
"=""10/4/2025""","=""145""","=""Round of 32""","=""Alberico Mancini""","=""Top Flight Wrestling Academy""","=""""","=""BYE""","=""""","=""""","=""Schenectady""","=""NY""","=""Journeymen Fall Classic and Womens World Classic"""
"=""10/4/2025""","=""145""","=""Round of 32""","=""Aydin Schifino""","=""Iron Faith""","=""""","=""BYE""","=""""","=""""","=""Schenectady""","=""NY""","=""Journeymen Fall Classic and Womens World Classic"""
"=""10/4/2025""","=""145""","=""Round of 16""","=""Ryan Ivy""","=""Journeymen WC""","=""3-0""","=""DEC""","=""Liam Brough""","=""Mohawk Valley Wrestling Club""","=""Schenectady""","=""NY""","=""Journeymen Fall Classic and Womens World Classic"""
"=""10/4/2025""","=""145""","=""Round of 16""","=""Pj Katz""","=""Metrowest United""","=""3-0 1:14""","=""F""","=""Levi Bobadilla""","=""St. Joseph Hs""","=""Schenectady""","=""NY""","=""Journeymen Fall Classic and Womens World Classic"""
"=""10/4/2025""","=""145""","=""Round of 16""","=""Cole Riddiough""","=""Farmingdale High School""","=""3-0 0:32""","=""F""","=""Daniel Sheehan""","=""Smitty's Barn""","=""Schenectady""","=""NY""","=""Journeymen Fall Classic and Womens World Classic"""
"=""10/4/2025""","=""145""","=""Round of 16""","=""Duncan Harrington""","=""Mt. Anthony Union High School""","=""18-2 3:28""","=""TF""","=""Andre Washington""","=""Journeymen WC""","=""Schenectady""","=""NY""","=""Journeymen Fall Classic and Womens World Classic"""
"=""10/4/2025""","=""145""","=""Round of 16""","=""Joseph Guastella""","=""Wyoming Seminary""","=""8-7""","=""DEC""","=""Alberico Mancini""","=""Top Flight Wrestling Academy""","=""Schenectady""","=""NY""","=""Journeymen Fall Classic and Womens World Classic"""
"=""10/4/2025""","=""145""","=""Round of 16""","=""Caleb Appleyard""","=""Iron Faith""","=""3-0 0:56""","=""F""","=""Kolya Krisa""","=""Journeymen WC""","=""Schenectady""","=""NY""","=""Journeymen Fall Classic and Womens World Classic"""
"=""10/4/2025""","=""145""","=""Round of 16""","=""Aydin Schifino""","=""Iron Faith""","=""3-0 0:18""","=""F""","=""Cal Rinke""","=""Bridgewater-raynham""","=""Schenectady""","=""NY""","=""Journeymen Fall Classic and Womens World Classic"""
"=""10/4/2025""","=""145""","=""Round of 16""","=""Johnny Carrozza""","=""Ridgefield High/gps""","=""15-0 2:18""","=""TF""","=""Ace Dunbrook""","=""Journeymen WC""","=""Schenectady""","=""NY""","=""Journeymen Fall Classic and Womens World Classic"""
"=""10/4/2025""","=""145""","=""Quarter-Finals""","=""Anthony Borrometi""","=""Saint Peter's Prep""","=""""","=""BYE""","=""""","=""""","=""Schenectady""","=""NY""","=""Journeymen Fall Classic and Womens World Classic"""
"=""10/4/2025""","=""145""","=""Quarter-Finals""","=""Nikolas Marnika""","=""Vhw""","=""5-3""","=""DEC""","=""Nate Keller""","=""Immaculata""","=""Schenectady""","=""NY""","=""Journeymen Fall Classic and Womens World Classic"""
"=""10/4/2025""","=""145""","=""Quarter-Finals""","=""Anthony Moreno""","=""Nyma""","=""5-3""","=""DEC""","=""Isaiah Mcdaniel""","=""Metrowest United""","=""Schenectady""","=""NY""","=""Journeymen Fall Classic and Womens World Classic"""
"=""10/4/2025""","=""145""","=""Quarter-Finals""","=""Pj Katz""","=""Metrowest United""","=""3-0 1:19""","=""F""","=""Ryan Ivy""","=""Journeymen WC""","=""Schenectady""","=""NY""","=""Journeymen Fall Classic and Womens World Classic"""
"=""10/4/2025""","=""145""","=""Quarter-Finals""","=""Gideon Gonzalez""","=""Bergen Catholic""","=""4-1 SV""","=""DEC""","=""Weston Borgers""","=""Blair Academy""","=""Schenectady""","=""NY""","=""Journeymen Fall Classic and Womens World Classic"""
"=""10/4/2025""","=""145""","=""Quarter-Finals""","=""Christian Jelle""","=""Grand Rapids""","=""8-5 SV""","=""DEC""","=""Keagan Sieracki""","=""Southlake Carroll Hs Texas""","=""Schenectady""","=""NY""","=""Journeymen Fall Classic and Womens World Classic"""
"=""10/4/2025""","=""145""","=""Quarter-Finals""","=""Joseph Guastella""","=""Wyoming Seminary""","=""12-6""","=""DEC""","=""Johnny Carrozza""","=""Ridgefield High/gps""","=""Schenectady""","=""NY""","=""Journeymen Fall Classic and Womens World Classic"""
"=""10/4/2025""","=""145""","=""Quarter-Finals""","=""Matthew Mcdermott""","=""Smithtown East""","=""6-4""","=""DEC""","=""Lincoln Kelley""","=""Impact Wrestling Academy""","=""Schenectady""","=""NY""","=""Journeymen Fall Classic and Womens World Classic"""
"=""10/4/2025""","=""145""","=""Quarter-Finals""","=""Joseph Guastella""","=""Wyoming Seminary""","=""4-1""","=""DEC""","=""Pj Katz""","=""Metrowest United""","=""Schenectady""","=""NY""","=""Journeymen Fall Classic and Womens World Classic"""
"=""10/4/2025""","=""145""","=""Quarter-Finals""","=""Braeden Valley""","=""Yale Street Wrestling Club""","=""9-6""","=""DEC""","=""Lance Bordeleau""","=""Doughboy""","=""Schenectady""","=""NY""","=""Journeymen Fall Classic and Womens World Classic"""
"=""10/4/2025""","=""145""","=""Quarter-Finals""","=""Caleb Appleyard""","=""Iron Faith""","=""20-3 4:05""","=""TF""","=""Aydin Schifino""","=""Iron Faith""","=""Schenectady""","=""NY""","=""Journeymen Fall Classic and Womens World Classic"""
"=""10/4/2025""","=""145""","=""Quarter-Finals""","=""Eli Horton""","=""Combat Athletics""","=""0-0""","=""FOR""","=""Laudan Henry""","=""Kd Trained""","=""Schenectady""","=""NY""","=""Journeymen Fall Classic and Womens World Classic"""
"=""10/4/2025""","=""145""","=""Quarter-Finals""","=""Thomas J Verrette""","=""Edmond""","=""5-1""","=""DEC""","=""William Sakoutis""","=""Elite Wrestling""","=""Schenectady""","=""NY""","=""Journeymen Fall Classic and Womens World Classic"""
"=""10/4/2025""","=""145""","=""Quarter-Finals""","=""Hayden Smith""","=""Slyfox Wrestling""","=""11-0 3:52""","=""F""","=""Ronan Montes""","=""Blair Academy""","=""Schenectady""","=""NY""","=""Journeymen Fall Classic and Womens World Classic"""
"=""10/4/2025""","=""145""","=""Quarter-Finals""","=""Riffat Pathan""","=""Palm Wrestling""","=""""","=""BYE""","=""""","=""""","=""Schenectady""","=""NY""","=""Journeymen Fall Classic and Womens World Classic"""
"=""10/4/2025""","=""145""","=""Quarter-Finals""","=""Cole Riddiough""","=""Farmingdale High School""","=""13-11""","=""DEC""","=""Duncan Harrington""","=""Mt. Anthony Union High School""","=""Schenectady""","=""NY""","=""Journeymen Fall Classic and Womens World Classic"""
"=""10/4/2025""","=""112""","=""Semi-Finals""","=""Massimo Perentin""","=""Frost Gang""","=""10-0""","=""MD""","=""Jackson Burnham""","=""Fisheye""","=""Schenectady""","=""NY""","=""Journeymen Fall Classic and Womens World Classic"""
"=""10/4/2025""","=""145""","=""Semi-Finals""","=""Pj Katz""","=""Metrowest United""","=""5-4""","=""DEC""","=""Cole Riddiough""","=""Farmingdale High School""","=""Schenectady""","=""NY""","=""Journeymen Fall Classic and Womens World Classic"""
"=""10/4/2025""","=""112""","=""Semi-Finals""","=""George Jolley Iv""","=""Wolfgang""","=""2-0 2:15""","=""F""","=""Ryder Walsh""","=""Wrestlers Way""","=""Schenectady""","=""NY""","=""Journeymen Fall Classic and Womens World Classic"""
"=""10/4/2025""","=""112""","=""Semi-Finals""","=""Rocco Augello""","=""Barn Brothers""","=""12-0""","=""MD""","=""Benton Alt""","=""Orchard Wc""","=""Schenectady""","=""NY""","=""Journeymen Fall Classic and Womens World Classic"""
"=""10/4/2025""","=""145""","=""Semi-Finals""","=""Nikolas Marnika""","=""Vhw""","=""10-6""","=""DEC""","=""Eli Horton""","=""Combat Athletics""","=""Schenectady""","=""NY""","=""Journeymen Fall Classic and Womens World Classic"""
"=""10/4/2025""","=""145""","=""Semi-Finals""","=""Braeden Valley""","=""Yale Street Wrestling Club""","=""8-5""","=""DEC""","=""Hayden Smith""","=""Slyfox Wrestling""","=""Schenectady""","=""NY""","=""Journeymen Fall Classic and Womens World Classic"""
"=""10/4/2025""","=""112""","=""Semi-Finals""","=""Spencer Lee""","=""Kd Trained""","=""13-8""","=""DEC""","=""Carmine Catapano""","=""2025 War At Shore  Champion""","=""Schenectady""","=""NY""","=""Journeymen Fall Classic and Womens World Classic"""
"=""10/4/2025""","=""145""","=""Semi-Finals""","=""Thomas J Verrette""","=""Edmond""","=""4-2""","=""DEC""","=""Gideon Gonzalez""","=""Bergen Catholic""","=""Schenectady""","=""NY""","=""Journeymen Fall Classic and Womens World Classic"""
"=""10/4/2025""","=""112""","=""Semi-Finals""","=""Matthew Furia""","=""Mayo Quanchi""","=""""","=""BYE""","=""""","=""""","=""Schenectady""","=""NY""","=""Journeymen Fall Classic and Womens World Classic"""
"=""10/4/2025""","=""145""","=""Semi-Finals""","=""Matthew Mcdermott""","=""Smithtown East""","=""7-2""","=""DEC""","=""Christian Jelle""","=""Grand Rapids""","=""Schenectady""","=""NY""","=""Journeymen Fall Classic and Womens World Classic"""
"=""10/4/2025""","=""145""","=""Semi-Finals""","=""Anthony Moreno""","=""Nyma""","=""7-6""","=""DEC""","=""Anthony Borrometi""","=""Saint Peter's Prep""","=""Schenectady""","=""NY""","=""Journeymen Fall Classic and Womens World Classic"""
"=""10/4/2025""","=""112""","=""Semi-Finals""","=""Zakey Tsarni""","=""Capital Wrestling Club""","=""16-1 2:33""","=""TF""","=""Andrew Uszenski""","=""Kd Trained""","=""Schenectady""","=""NY""","=""Journeymen Fall Classic and Womens World Classic"""
"=""10/4/2025""","=""112""","=""Semi-Finals""","=""Hunter Kapitula""","=""Mat Assassins Wc""","=""14-5""","=""MD""","=""Frederick Smith Iii""","=""Journeymen WC""","=""Schenectady""","=""NY""","=""Journeymen Fall Classic and Womens World Classic"""
"=""10/4/2025""","=""145""","=""Semi-Finals""","=""Riffat Pathan""","=""Palm Wrestling""","=""13-4""","=""MD""","=""Joseph Guastella""","=""Wyoming Seminary""","=""Schenectady""","=""NY""","=""Journeymen Fall Classic and Womens World Classic"""
"=""10/4/2025""","=""112""","=""Semi-Finals""","=""Evan Restivo""","=""Faith Christian Academy""","=""7-2""","=""DEC""","=""Nathan Fenner""","=""Easton""","=""Schenectady""","=""NY""","=""Journeymen Fall Classic and Womens World Classic"""
"=""10/4/2025""","=""145""","=""Semi-Finals""","=""Joseph Guastella""","=""Wyoming Seminary""","=""13-3""","=""MD""","=""Caleb Appleyard""","=""Iron Faith""","=""Schenectady""","=""NY""","=""Journeymen Fall Classic and Womens World Classic"""
"=""10/4/2025""","=""145""","=""Finals""","=""Thomas J Verrette""","=""Edmond""","=""3-0""","=""DEC""","=""Matthew Mcdermott""","=""Smithtown East""","=""Schenectady""","=""NY""","=""Journeymen Fall Classic and Womens World Classic"""
"=""10/4/2025""","=""112""","=""Finals""","=""Spencer Lee""","=""Kd Trained""","=""2-0""","=""DEC""","=""Evan Restivo""","=""Faith Christian Academy""","=""Schenectady""","=""NY""","=""Journeymen Fall Classic and Womens World Classic"""
"=""10/4/2025""","=""145""","=""Finals""","=""Nikolas Marnika""","=""Vhw""","=""14-9""","=""DEC""","=""Braeden Valley""","=""Yale Street Wrestling Club""","=""Schenectady""","=""NY""","=""Journeymen Fall Classic and Womens World Classic"""
"=""10/4/2025""","=""145""","=""Finals""","=""Joseph Guastella""","=""Wyoming Seminary""","=""7-2""","=""DEC""","=""Pj Katz""","=""Metrowest United""","=""Schenectady""","=""NY""","=""Journeymen Fall Classic and Womens World Classic"""
"=""10/4/2025""","=""112""","=""Finals""","=""George Jolley Iv""","=""Wolfgang""","=""17-3""","=""MD""","=""Hunter Kapitula""","=""Mat Assassins Wc""","=""Schenectady""","=""NY""","=""Journeymen Fall Classic and Womens World Classic"""
"=""10/4/2025""","=""145""","=""Finals""","=""Anthony Moreno""","=""Nyma""","=""6-0""","=""DEC""","=""Riffat Pathan""","=""Palm Wrestling""","=""Schenectady""","=""NY""","=""Journeymen Fall Classic and Womens World Classic"""
"=""10/4/2025""","=""112""","=""Finals""","=""Massimo Perentin""","=""Frost Gang""","=""6-5""","=""DEC""","=""Matthew Furia""","=""Mayo Quanchi""","=""Schenectady""","=""NY""","=""Journeymen Fall Classic and Womens World Classic"""
"=""10/4/2025""","=""112""","=""Finals""","=""Zakey Tsarni""","=""Capital Wrestling Club""","=""3-0 1:23""","=""F""","=""Rocco Augello""","=""Barn Brothers""","=""Schenectady""","=""NY""","=""Journeymen Fall Classic and Womens World Classic"""
"=""10/4/2025""","=""100""","=""RR Rnd 5""","=""Cayden Carannante""","=""Steel Valley Renegades""","=""14-6""","=""MD""","=""Tyler Tuttle""","=""Nevada Elite""","=""Schenectady""","=""NY""","=""Journeymen Fall Classic and Womens World Classic"""
"=""10/4/2025""","=""100""","=""RR Rnd 5""","=""Colton Logalbo""","=""Little Falls""","=""""","=""BYE""","=""""","=""""","=""Schenectady""","=""NY""","=""Journeymen Fall Classic and Womens World Classic"""
"=""10/4/2025""","=""100""","=""RR Rnd 5""","=""Brian Flynn""","=""Smwc Wolfpack""","=""14-9""","=""DEC""","=""Eden Berrelleza""","=""Savage House Wrestling Club""","=""Schenectady""","=""NY""","=""Journeymen Fall Classic and Womens World Classic"""
"=""10/4/2025""","=""100""","=""RR Rnd 4""","=""Cayden Carannante""","=""Steel Valley Renegades""","=""13-0 1:57""","=""F""","=""Colton Logalbo""","=""Little Falls""","=""Schenectady""","=""NY""","=""Journeymen Fall Classic and Womens World Classic"""
"=""10/4/2025""","=""100""","=""RR Rnd 4""","=""Eden Berrelleza""","=""Savage House Wrestling Club""","=""3-0 1:25""","=""F""","=""Tyler Tuttle""","=""Nevada Elite""","=""Schenectady""","=""NY""","=""Journeymen Fall Classic and Womens World Classic"""
"=""10/4/2025""","=""100""","=""RR Rnd 4""","=""Brian Flynn""","=""Smwc Wolfpack""","=""""","=""BYE""","=""""","=""""","=""Schenectady""","=""NY""","=""Journeymen Fall Classic and Womens World Classic"""
"=""10/4/2025""","=""100""","=""RR Rnd 3""","=""Eden Berrelleza""","=""Savage House Wrestling Club""","=""3-0 0:59""","=""F""","=""Colton Logalbo""","=""Little Falls""","=""Schenectady""","=""NY""","=""Journeymen Fall Classic and Womens World Classic"""
"=""10/4/2025""","=""120""","=""RR Rnd 3""","=""Rowan Brown""","=""D3 / Cooperstown""","=""""","=""BYE""","=""""","=""""","=""Schenectady""","=""NY""","=""Journeymen Fall Classic and Womens World Classic"""
"=""10/4/2025""","=""120""","=""RR Rnd 3""","=""Jonah Hodel""","=""Impact Wrestling Club""","=""6-3""","=""DEC""","=""Ryan Crissy""","=""Leroy""","=""Schenectady""","=""NY""","=""Journeymen Fall Classic and Womens World Classic"""
"=""10/4/2025""","=""152""","=""RR Rnd 3""","=""Ethan De La Cruz""","=""Edge""","=""0-0 0:00""","=""M FOR""","=""Ryan Rios""","=""Blair Academy""","=""Schenectady""","=""NY""","=""Journeymen Fall Classic and Womens World Classic"""
"=""10/4/2025""","=""152""","=""RR Rnd 3""","=""Colby Houle""","=""Northfield Mount Hermon  Nmh""","=""12-0""","=""MD""","=""Nicholas Wall""","=""Triumph""","=""Schenectady""","=""NY""","=""Journeymen Fall Classic and Womens World Classic"""
"=""10/4/2025""","=""120""","=""RR Rnd 3""","=""Colin Zito""","=""Mcquaid Jesuit""","=""13-7""","=""DEC""","=""Joel Serrano""","=""Triumph""","=""Schenectady""","=""NY""","=""Journeymen Fall Classic and Womens World Classic"""
"=""10/4/2025""","=""152""","=""RR Rnd 3""","=""James Rocco""","=""Iron Faith Wrestling Club / Barrington High School""","=""""","=""BYE""","=""""","=""""","=""Schenectady""","=""NY""","=""Journeymen Fall Classic and Womens World Classic"""
"=""10/4/2025""","=""152""","=""RR Rnd 3""","=""Joey Losee""","=""Journeymen""","=""12-6""","=""DEC""","=""Caden Jarrett""","=""Ponagansett""","=""Schenectady""","=""NY""","=""Journeymen Fall Classic and Womens World Classic"""
"=""10/4/2025""","=""152""","=""RR Rnd 3""","=""James Jakub""","=""Christian Brothers Academy""","=""4-2""","=""DEC""","=""Aaron Ellison""","=""Lumberton Sr High""","=""Schenectady""","=""NY""","=""Journeymen Fall Classic and Womens World Classic"""
"=""10/4/2025""","=""120""","=""RR Rnd 3""","=""Gavin Whatley""","=""Monster Garage""","=""""","=""BYE""","=""""","=""""","=""Schenectady""","=""NY""","=""Journeymen Fall Classic and Womens World Classic"""
"=""10/4/2025""","=""152""","=""RR Rnd 3""","=""Brooklyn Pickett""","=""Capital Wrestling Club""","=""""","=""BYE""","=""""","=""""","=""Schenectady""","=""NY""","=""Journeymen Fall Classic and Womens World Classic"""
"=""10/4/2025""","=""152""","=""RR Rnd 3""","=""Samson Mckissick Staley""","=""Pittsford Panthers""","=""7-4""","=""DEC""","=""Andrew Mccarthy""","=""Nyma""","=""Schenectady""","=""NY""","=""Journeymen Fall Classic and Womens World Classic"""
"=""10/4/2025""","=""152""","=""RR Rnd 3""","=""Sergio Gomez""","=""Monster Garage""","=""3-0 0:30""","=""F""","=""Shea Morris""","=""New York Military Academy""","=""Schenectady""","=""NY""","=""Journeymen Fall Classic and Womens World Classic"""
"=""10/4/2025""","=""152""","=""RR Rnd 3""","=""Benjamin Koch""","=""Blair Academy""","=""""","=""BYE""","=""""","=""""","=""Schenectady""","=""NY""","=""Journeymen Fall Classic and Womens World Classic"""
"=""10/4/2025""","=""120""","=""RR Rnd 3""","=""Anthony Picozzi""","=""Iron Faith""","=""""","=""BYE""","=""""","=""""","=""Schenectady""","=""NY""","=""Journeymen Fall Classic and Womens World Classic"""
"=""10/4/2025""","=""152""","=""RR Rnd 3""","=""Jackson Weller""","=""Seagull Wrestling Club/delran High School""","=""""","=""BYE""","=""""","=""""","=""Schenectady""","=""NY""","=""Journeymen Fall Classic and Womens World Classic"""
"=""10/4/2025""","=""100""","=""RR Rnd 3""","=""Brian Flynn""","=""Smwc Wolfpack""","=""6-0 1:57""","=""F""","=""Tyler Tuttle""","=""Nevada Elite""","=""Schenectady""","=""NY""","=""Journeymen Fall Classic and Womens World Classic"""
"=""10/4/2025""","=""100""","=""RR Rnd 3""","=""Cayden Carannante""","=""Steel Valley Renegades""","=""""","=""BYE""","=""""","=""""","=""Schenectady""","=""NY""","=""Journeymen Fall Classic and Womens World Classic"""
"=""10/4/2025""","=""120""","=""RR Rnd 3""","=""Kellan Mccabe""","=""Frost Gang""","=""18-2 3:05""","=""TF""","=""Nick Perry""","=""Little Falls""","=""Schenectady""","=""NY""","=""Journeymen Fall Classic and Womens World Classic"""
"=""10/4/2025""","=""152""","=""RR Rnd 3""","=""Parker Quinn""","=""Triumph/wall""","=""""","=""BYE""","=""""","=""""","=""Schenectady""","=""NY""","=""Journeymen Fall Classic and Womens World Classic"""
"=""10/4/2025""","=""152""","=""RR Rnd 3""","=""Michael Turi""","=""Wyoming Seminary""","=""""","=""BYE""","=""""","=""""","=""Schenectady""","=""NY""","=""Journeymen Fall Classic and Womens World Classic"""
"=""10/4/2025""","=""152""","=""RR Rnd 2""","=""Jackson Weller""","=""Seagull Wrestling Club/delran High School""","=""19-3 4:45""","=""TF""","=""Joey Losee""","=""Journeymen""","=""Schenectady""","=""NY""","=""Journeymen Fall Classic and Womens World Classic"""
"=""10/4/2025""","=""152""","=""RR Rnd 2""","=""Brooklyn Pickett""","=""Capital Wrestling Club""","=""17-2 3:51""","=""TF""","=""Aaron Ellison""","=""Lumberton Sr High""","=""Schenectady""","=""NY""","=""Journeymen Fall Classic and Womens World Classic"""
"=""10/4/2025""","=""152""","=""RR Rnd 2""","=""Samson Mckissick Staley""","=""Pittsford Panthers""","=""""","=""BYE""","=""""","=""""","=""Schenectady""","=""NY""","=""Journeymen Fall Classic and Womens World Classic"""
"=""10/4/2025""","=""120""","=""RR Rnd 2""","=""Nick Perry""","=""Little Falls""","=""""","=""BYE""","=""""","=""""","=""Schenectady""","=""NY""","=""Journeymen Fall Classic and Womens World Classic"""
"=""10/4/2025""","=""120""","=""RR Rnd 2""","=""Jonah Hodel""","=""Impact Wrestling Club""","=""16-7""","=""MD""","=""Rowan Brown""","=""D3 / Cooperstown""","=""Schenectady""","=""NY""","=""Journeymen Fall Classic and Womens World Classic"""
"=""10/4/2025""","=""152""","=""RR Rnd 2""","=""Andrew Mccarthy""","=""Nyma""","=""6-3""","=""DEC""","=""Parker Quinn""","=""Triumph/wall""","=""Schenectady""","=""NY""","=""Journeymen Fall Classic and Womens World Classic"""
"=""10/4/2025""","=""152""","=""RR Rnd 2""","=""Sergio Gomez""","=""Monster Garage""","=""""","=""BYE""","=""""","=""""","=""Schenectady""","=""NY""","=""Journeymen Fall Classic and Womens World Classic"""
"=""10/4/2025""","=""152""","=""RR Rnd 2""","=""James Jakub""","=""Christian Brothers Academy""","=""""","=""BYE""","=""""","=""""","=""Schenectady""","=""NY""","=""Journeymen Fall Classic and Womens World Classic"""
"=""10/4/2025""","=""100""","=""RR Rnd 2""","=""Eden Berrelleza""","=""Savage House Wrestling Club""","=""10-1""","=""MD""","=""Cayden Carannante""","=""Steel Valley Renegades""","=""Schenectady""","=""NY""","=""Journeymen Fall Classic and Womens World Classic"""
"=""10/4/2025""","=""152""","=""RR Rnd 2""","=""Michael Turi""","=""Wyoming Seminary""","=""8-0""","=""MD""","=""Ryan Rios""","=""Blair Academy""","=""Schenectady""","=""NY""","=""Journeymen Fall Classic and Womens World Classic"""
"=""10/4/2025""","=""152""","=""RR Rnd 2""","=""Ethan De La Cruz""","=""Edge""","=""""","=""BYE""","=""""","=""""","=""Schenectady""","=""NY""","=""Journeymen Fall Classic and Womens World Classic"""
"=""10/4/2025""","=""120""","=""RR Rnd 2""","=""Gavin Whatley""","=""Monster Garage""","=""8-3""","=""DEC""","=""Kellan Mccabe""","=""Frost Gang""","=""Schenectady""","=""NY""","=""Journeymen Fall Classic and Womens World Classic"""
"=""10/4/2025""","=""100""","=""RR Rnd 2""","=""Tyler Tuttle""","=""Nevada Elite""","=""""","=""BYE""","=""""","=""""","=""Schenectady""","=""NY""","=""Journeymen Fall Classic and Womens World Classic"""
"=""10/4/2025""","=""120""","=""RR Rnd 2""","=""Colin Zito""","=""Mcquaid Jesuit""","=""""","=""BYE""","=""""","=""""","=""Schenectady""","=""NY""","=""Journeymen Fall Classic and Womens World Classic"""
"=""10/4/2025""","=""152""","=""RR Rnd 2""","=""Shea Morris""","=""New York Military Academy""","=""2-1""","=""DEC""","=""Benjamin Koch""","=""Blair Academy""","=""Schenectady""","=""NY""","=""Journeymen Fall Classic and Womens World Classic"""
"=""10/4/2025""","=""120""","=""RR Rnd 2""","=""Ryan Crissy""","=""Leroy""","=""""","=""BYE""","=""""","=""""","=""Schenectady""","=""NY""","=""Journeymen Fall Classic and Womens World Classic"""
"=""10/4/2025""","=""100""","=""RR Rnd 2""","=""Brian Flynn""","=""Smwc Wolfpack""","=""3-0 0:36""","=""F""","=""Colton Logalbo""","=""Little Falls""","=""Schenectady""","=""NY""","=""Journeymen Fall Classic and Womens World Classic"""
"=""10/4/2025""","=""152""","=""RR Rnd 2""","=""Colby Houle""","=""Northfield Mount Hermon  Nmh""","=""""","=""BYE""","=""""","=""""","=""Schenectady""","=""NY""","=""Journeymen Fall Classic and Womens World Classic"""
"=""10/4/2025""","=""152""","=""RR Rnd 2""","=""Caden Jarrett""","=""Ponagansett""","=""""","=""BYE""","=""""","=""""","=""Schenectady""","=""NY""","=""Journeymen Fall Classic and Womens World Classic"""
"=""10/4/2025""","=""120""","=""RR Rnd 2""","=""Joel Serrano""","=""Triumph""","=""3-0 1:17""","=""F""","=""Anthony Picozzi""","=""Iron Faith""","=""Schenectady""","=""NY""","=""Journeymen Fall Classic and Womens World Classic"""
"=""10/4/2025""","=""152""","=""RR Rnd 2""","=""James Rocco""","=""Iron Faith Wrestling Club / Barrington High School""","=""10-9""","=""DEC""","=""Nicholas Wall""","=""Triumph""","=""Schenectady""","=""NY""","=""Journeymen Fall Classic and Womens World Classic"""
"=""10/4/2025""","=""152""","=""RR Rnd 1""","=""Andrew Mccarthy""","=""Nyma""","=""""","=""BYE""","=""""","=""""","=""Schenectady""","=""NY""","=""Journeymen Fall Classic and Womens World Classic"""
"=""10/4/2025""","=""152""","=""RR Rnd 1""","=""Jackson Weller""","=""Seagull Wrestling Club/delran High School""","=""8-0""","=""MD""","=""Caden Jarrett""","=""Ponagansett""","=""Schenectady""","=""NY""","=""Journeymen Fall Classic and Womens World Classic"""
"=""10/4/2025""","=""152""","=""RR Rnd 1""","=""Michael Turi""","=""Wyoming Seminary""","=""19-3 4:26""","=""TF""","=""Ethan De La Cruz""","=""Edge""","=""Schenectady""","=""NY""","=""Journeymen Fall Classic and Womens World Classic"""
"=""10/4/2025""","=""152""","=""RR Rnd 1""","=""Brooklyn Pickett""","=""Capital Wrestling Club""","=""7-1""","=""DEC""","=""James Jakub""","=""Christian Brothers Academy""","=""Schenectady""","=""NY""","=""Journeymen Fall Classic and Womens World Classic"""
"=""10/4/2025""","=""100""","=""RR Rnd 1""","=""Brian Flynn""","=""Smwc Wolfpack""","=""16-0 2:23""","=""TF""","=""Cayden Carannante""","=""Steel Valley Renegades""","=""Schenectady""","=""NY""","=""Journeymen Fall Classic and Womens World Classic"""
"=""10/4/2025""","=""152""","=""RR Rnd 1""","=""Joey Losee""","=""Journeymen""","=""""","=""BYE""","=""""","=""""","=""Schenectady""","=""NY""","=""Journeymen Fall Classic and Womens World Classic"""
"=""10/4/2025""","=""152""","=""RR Rnd 1""","=""Aaron Ellison""","=""Lumberton Sr High""","=""""","=""BYE""","=""""","=""""","=""Schenectady""","=""NY""","=""Journeymen Fall Classic and Womens World Classic"""
"=""10/4/2025""","=""120""","=""RR Rnd 1""","=""Kellan Mccabe""","=""Frost Gang""","=""""","=""BYE""","=""""","=""""","=""Schenectady""","=""NY""","=""Journeymen Fall Classic and Womens World Classic"""
"=""10/4/2025""","=""120""","=""RR Rnd 1""","=""Gavin Whatley""","=""Monster Garage""","=""3-0 1:05""","=""F""","=""Nick Perry""","=""Little Falls""","=""Schenectady""","=""NY""","=""Journeymen Fall Classic and Womens World Classic"""
"=""10/4/2025""","=""152""","=""RR Rnd 1""","=""Carnell Davis""","=""Ponaganset""","=""17-1 3:52""","=""TF""","=""Cyler Baer""","=""Gouverneur Wrestling Club""","=""Schenectady""","=""NY""","=""Journeymen Fall Classic and Womens World Classic"""
"=""10/4/2025""","=""152""","=""RR Rnd 1""","=""Samson Mckissick Staley""","=""Pittsford Panthers""","=""16-3""","=""MD""","=""Parker Quinn""","=""Triumph/wall""","=""Schenectady""","=""NY""","=""Journeymen Fall Classic and Womens World Classic"""
"=""10/4/2025""","=""120""","=""RR Rnd 1""","=""Joel Serrano""","=""Triumph""","=""""","=""BYE""","=""""","=""""","=""Schenectady""","=""NY""","=""Journeymen Fall Classic and Womens World Classic"""
"=""10/4/2025""","=""120""","=""RR Rnd 1""","=""Ryan Crissy""","=""Leroy""","=""15-0 3:44""","=""TF""","=""Rowan Brown""","=""D3 / Cooperstown""","=""Schenectady""","=""NY""","=""Journeymen Fall Classic and Womens World Classic"""
"=""10/4/2025""","=""152""","=""RR Rnd 1""","=""Ryan Rios""","=""Blair Academy""","=""""","=""BYE""","=""""","=""""","=""Schenectady""","=""NY""","=""Journeymen Fall Classic and Womens World Classic"""
"=""10/4/2025""","=""152""","=""RR Rnd 1""","=""Shea Morris""","=""New York Military Academy""","=""""","=""BYE""","=""""","=""""","=""Schenectady""","=""NY""","=""Journeymen Fall Classic and Womens World Classic"""
"=""10/4/2025""","=""100""","=""RR Rnd 1""","=""Tyler Tuttle""","=""Nevada Elite""","=""12-2 3:40""","=""F""","=""Colton Logalbo""","=""Little Falls""","=""Schenectady""","=""NY""","=""Journeymen Fall Classic and Womens World Classic"""
"=""10/4/2025""","=""152""","=""RR Rnd 1""","=""Colby Houle""","=""Northfield Mount Hermon  Nmh""","=""7-0""","=""DEC""","=""James Rocco""","=""Iron Faith Wrestling Club / Barrington High School""","=""Schenectady""","=""NY""","=""Journeymen Fall Classic and Womens World Classic"""
"=""10/4/2025""","=""152""","=""RR Rnd 1""","=""Matthew Dailey""","=""Wyoming Seminary""","=""7-0""","=""DEC""","=""Devon Weber""","=""Superior Wrestling Acadamy""","=""Schenectady""","=""NY""","=""Journeymen Fall Classic and Womens World Classic"""
"=""10/4/2025""","=""152""","=""RR Rnd 1""","=""Nicholas Wall""","=""Triumph""","=""""","=""BYE""","=""""","=""""","=""Schenectady""","=""NY""","=""Journeymen Fall Classic and Womens World Classic"""
"=""10/4/2025""","=""120""","=""RR Rnd 1""","=""Kurt Pellegrino""","=""Ruthless Wrestling Club""","=""3-0 0:53""","=""F""","=""Shane Dagro""","=""Bitetto Trained""","=""Schenectady""","=""NY""","=""Journeymen Fall Classic and Womens World Classic"""
"=""10/4/2025""","=""152""","=""RR Rnd 1""","=""Sergio Gomez""","=""Monster Garage""","=""8-7""","=""DEC""","=""Benjamin Koch""","=""Blair Academy""","=""Schenectady""","=""NY""","=""Journeymen Fall Classic and Womens World Classic"""
"=""10/4/2025""","=""120""","=""RR Rnd 1""","=""Jonah Hodel""","=""Impact Wrestling Club""","=""""","=""BYE""","=""""","=""""","=""Schenectady""","=""NY""","=""Journeymen Fall Classic and Womens World Classic"""
"=""10/4/2025""","=""120""","=""RR Rnd 1""","=""Colin Zito""","=""Mcquaid Jesuit""","=""3-0 0:48""","=""F""","=""Anthony Picozzi""","=""Iron Faith""","=""Schenectady""","=""NY""","=""Journeymen Fall Classic and Womens World Classic"""
"=""10/4/2025""","=""100""","=""RR Rnd 1""","=""Eden Berrelleza""","=""Savage House Wrestling Club""","=""""","=""BYE""","=""""","=""""","=""Schenectady""","=""NY""","=""Journeymen Fall Classic and Womens World Classic"""
"=""10/4/2025""","=""152""","=""Consi of 16 #1""","=""Greyson Obrien""","=""Journeymen WC""","=""""","=""BYE""","=""""","=""""","=""Schenectady""","=""NY""","=""Journeymen Fall Classic and Womens World Classic"""
"=""10/4/2025""","=""152""","=""Consi of 16 #1""","=""Nolan West""","=""Brevard Fca/merritt Island""","=""""","=""BYE""","=""""","=""""","=""Schenectady""","=""NY""","=""Journeymen Fall Classic and Womens World Classic"""
"=""10/4/2025""","=""152""","=""Consi of 16 #1""","=""Camdyn Moors""","=""Journeymen WC""","=""""","=""BYE""","=""""","=""""","=""Schenectady""","=""NY""","=""Journeymen Fall Classic and Womens World Classic"""
"=""10/4/2025""","=""152""","=""Consi of 16 #1""","=""Darren Brooks""","=""Nevada Elite""","=""""","=""BYE""","=""""","=""""","=""Schenectady""","=""NY""","=""Journeymen Fall Classic and Womens World Classic"""
"=""10/4/2025""","=""152""","=""Consi of 16 #1""","=""Brady Tiernan""","=""Bitetto Trained""","=""""","=""BYE""","=""""","=""""","=""Schenectady""","=""NY""","=""Journeymen Fall Classic and Womens World Classic"""
"=""10/4/2025""","=""152""","=""Consi of 16 #1""","=""Jackson Green""","=""Journeymen WC""","=""""","=""BYE""","=""""","=""""","=""Schenectady""","=""NY""","=""Journeymen Fall Classic and Womens World Classic"""
"=""10/4/2025""","=""152""","=""Consi of 16 #1""","=""Anthony Pica""","=""Garden City""","=""""","=""BYE""","=""""","=""""","=""Schenectady""","=""NY""","=""Journeymen Fall Classic and Womens World Classic"""
"=""10/4/2025""","=""152""","=""Consi of 16 #1""","=""Arslan Dzhakhanov""","=""Vhw""","=""""","=""BYE""","=""""","=""""","=""Schenectady""","=""NY""","=""Journeymen Fall Classic and Womens World Classic"""
"=""10/4/2025""","=""152""","=""Consi of 16 #2""","=""Jacob Perry""","=""Otm Walters Wrestling""","=""17-2 1:35""","=""TF""","=""Darren Brooks""","=""Nevada Elite""","=""Schenectady""","=""NY""","=""Journeymen Fall Classic and Womens World Classic"""
"=""10/4/2025""","=""152""","=""Consi of 16 #2""","=""William Harding""","=""Smitty's Barn""","=""6-4""","=""DEC""","=""Camdyn Moors""","=""Journeymen WC""","=""Schenectady""","=""NY""","=""Journeymen Fall Classic and Womens World Classic"""
"=""10/4/2025""","=""152""","=""Consi of 16 #2""","=""Noah Beshara""","=""Methuen High""","=""3-0 0:55""","=""F""","=""Nolan West""","=""Brevard Fca/merritt Island""","=""Schenectady""","=""NY""","=""Journeymen Fall Classic and Womens World Classic"""
"=""10/4/2025""","=""152""","=""Consi of 16 #2""","=""John Savin Nguyen""","=""Legion Wrestling Academy""","=""7-6""","=""DEC""","=""Arslan Dzhakhanov""","=""Vhw""","=""Schenectady""","=""NY""","=""Journeymen Fall Classic and Womens World Classic"""
"=""10/4/2025""","=""152""","=""Consi of 16 #2""","=""Lucas Drake""","=""Mat Assassins Wc""","=""6-5""","=""DEC""","=""Anthony Pica""","=""Garden City""","=""Schenectady""","=""NY""","=""Journeymen Fall Classic and Womens World Classic"""
"=""10/4/2025""","=""152""","=""Consi of 16 #2""","=""Alex Uzzo""","=""Fisheye""","=""15-4""","=""MD""","=""Brady Tiernan""","=""Bitetto Trained""","=""Schenectady""","=""NY""","=""Journeymen Fall Classic and Womens World Classic"""
"=""10/4/2025""","=""152""","=""Consi of 16 #2""","=""Jackson Green""","=""Journeymen WC""","=""4-2""","=""DEC""","=""Ryan Radliff""","=""Hammer Wrestling""","=""Schenectady""","=""NY""","=""Journeymen Fall Classic and Womens World Classic"""
"=""10/4/2025""","=""152""","=""Consi of 16 #2""","=""Benjamin Walton""","=""Goffstown High School""","=""7-1""","=""DEC""","=""Greyson Obrien""","=""Journeymen WC""","=""Schenectady""","=""NY""","=""Journeymen Fall Classic and Womens World Classic"""
"=""10/4/2025""","=""152""","=""Consi of 8 #1""","=""Noah Beshara""","=""Methuen High""","=""19-12""","=""DEC""","=""William Harding""","=""Smitty's Barn""","=""Schenectady""","=""NY""","=""Journeymen Fall Classic and Womens World Classic"""
"=""10/4/2025""","=""152""","=""Consi of 8 #1""","=""Benjamin Walton""","=""Goffstown High School""","=""16-1 4:05""","=""TF""","=""John Savin Nguyen""","=""Legion Wrestling Academy""","=""Schenectady""","=""NY""","=""Journeymen Fall Classic and Womens World Classic"""
"=""10/4/2025""","=""152""","=""Consi of 8 #1""","=""Jacob Perry""","=""Otm Walters Wrestling""","=""15-0 1:55""","=""TF""","=""Alex Uzzo""","=""Fisheye""","=""Schenectady""","=""NY""","=""Journeymen Fall Classic and Womens World Classic"""
"=""10/4/2025""","=""152""","=""Consi of 8 #1""","=""Lucas Drake""","=""Mat Assassins Wc""","=""12-1""","=""MD""","=""Jackson Green""","=""Journeymen WC""","=""Schenectady""","=""NY""","=""Journeymen Fall Classic and Womens World Classic"""
"=""10/4/2025""","=""152""","=""Consi of 8 #2""","=""Ethan Aftewicz""","=""Mat Assassins Wc""","=""7-0""","=""DEC""","=""Lucas Drake""","=""Mat Assassins Wc""","=""Schenectady""","=""NY""","=""Journeymen Fall Classic and Womens World Classic"""
"=""10/4/2025""","=""152""","=""Consi of 8 #2""","=""Fernando Avellan""","=""Yale Street Wrestling Club""","=""""","=""M FOR""","=""Noah Beshara""","=""Methuen High""","=""Schenectady""","=""NY""","=""Journeymen Fall Classic and Womens World Classic"""
"=""10/4/2025""","=""152""","=""Consi of 8 #2""","=""Nicholas Genin""","=""Metrowest United""","=""11-0""","=""MD""","=""Benjamin Walton""","=""Goffstown High School""","=""Schenectady""","=""NY""","=""Journeymen Fall Classic and Womens World Classic"""
"=""10/4/2025""","=""152""","=""Consi of 8 #2""","=""Jacob Perry""","=""Otm Walters Wrestling""","=""7-0""","=""DEC""","=""Aiden Campbell""","=""Eastern Carolina Wrestling Academy""","=""Schenectady""","=""NY""","=""Journeymen Fall Classic and Womens World Classic"""
"=""10/4/2025""","=""152""","=""Consi of 4""","=""Shea Morris""","=""New York Military Academy""","=""21-3 2:56""","=""TF""","=""Joey Losee""","=""Journeymen""","=""Schenectady""","=""NY""","=""Journeymen Fall Classic and Womens World Classic"""
"=""10/4/2025""","=""152""","=""Consi of 4""","=""Ethan Aftewicz""","=""Mat Assassins Wc""","=""9-8""","=""DEC""","=""Fernando Avellan""","=""Yale Street Wrestling Club""","=""Schenectady""","=""NY""","=""Journeymen Fall Classic and Womens World Classic"""
"=""10/4/2025""","=""152""","=""Consi of 4""","=""Sergio Gomez""","=""Monster Garage""","=""17-4""","=""MD""","=""Matthew Dailey""","=""Wyoming Seminary""","=""Schenectady""","=""NY""","=""Journeymen Fall Classic and Womens World Classic"""
"=""10/4/2025""","=""152""","=""Consi of 4""","=""Nicholas Genin""","=""Metrowest United""","=""""","=""M FOR""","=""Jacob Perry""","=""Otm Walters Wrestling""","=""Schenectady""","=""NY""","=""Journeymen Fall Classic and Womens World Classic"""
"=""10/4/2025""","=""152""","=""Consi of 4""","=""Nicholas Wall""","=""Triumph""","=""""","=""BYE""","=""""","=""""","=""Schenectady""","=""NY""","=""Journeymen Fall Classic and Womens World Classic"""
"=""10/4/2025""","=""152""","=""Consi of 4""","=""Aaron Ellison""","=""Lumberton Sr High""","=""""","=""BYE""","=""""","=""""","=""Schenectady""","=""NY""","=""Journeymen Fall Classic and Womens World Classic"""
"=""10/4/2025""","=""152""","=""Consi of 4""","=""James Rocco""","=""Iron Faith Wrestling Club / Barrington High School""","=""7-1""","=""DEC""","=""Cyler Baer""","=""Gouverneur Wrestling Club""","=""Schenectady""","=""NY""","=""Journeymen Fall Classic and Womens World Classic"""
"=""10/4/2025""","=""152""","=""Consi of 4""","=""Carnell Davis""","=""Ponaganset""","=""0-0""","=""FOR""","=""Colby Houle""","=""Northfield Mount Hermon  Nmh""","=""Schenectady""","=""NY""","=""Journeymen Fall Classic and Womens World Classic"""
"=""10/4/2025""","=""152""","=""Consi-Semis""","=""Henry Santini""","=""Doughboy Wrestling Club""","=""1-4 4:14""","=""F""","=""Nicholas Genin""","=""Metrowest United""","=""Schenectady""","=""NY""","=""Journeymen Fall Classic and Womens World Classic"""
"=""10/4/2025""","=""152""","=""Consi-Semis""","=""Ethan Aftewicz""","=""Mat Assassins Wc""","=""5-4""","=""DEC""","=""Kadin Martin""","=""Scoring Edge""","=""Schenectady""","=""NY""","=""Journeymen Fall Classic and Womens World Classic"""
"=""10/4/2025""","=""152""","=""7th Place""","=""Joey Losee""","=""Journeymen""","=""6-5""","=""DEC""","=""Cyler Baer""","=""Gouverneur Wrestling Club""","=""Schenectady""","=""NY""","=""Journeymen Fall Classic and Womens World Classic"""
"=""10/4/2025""","=""152""","=""7th Place""","=""Matthew Dailey""","=""Wyoming Seminary""","=""0-0""","=""FOR""","=""Colby Houle""","=""Northfield Mount Hermon  Nmh""","=""Schenectady""","=""NY""","=""Journeymen Fall Classic and Womens World Classic"""
"=""10/4/2025""","=""152""","=""5th Place""","=""Carnell Davis""","=""Ponaganset""","=""11-1""","=""MD""","=""Sergio Gomez""","=""Monster Garage""","=""Schenectady""","=""NY""","=""Journeymen Fall Classic and Womens World Classic"""
"=""10/4/2025""","=""152""","=""5th Place""","=""Shea Morris""","=""New York Military Academy""","=""9-4""","=""DEC""","=""James Rocco""","=""Iron Faith Wrestling Club / Barrington High School""","=""Schenectady""","=""NY""","=""Journeymen Fall Classic and Womens World Classic"""
"=""10/4/2025""","=""152""","=""5th Place""","=""Aaron Ellison""","=""Lumberton Sr High""","=""20-2 3:19""","=""TF""","=""Nicholas Wall""","=""Triumph""","=""Schenectady""","=""NY""","=""Journeymen Fall Classic and Womens World Classic"""
"=""10/4/2025""","=""152""","=""3rd Place""","=""Ethan Aftewicz""","=""Mat Assassins Wc""","=""11-2""","=""MD""","=""Henry Santini""","=""Doughboy Wrestling Club""","=""Schenectady""","=""NY""","=""Journeymen Fall Classic and Womens World Classic"""
"=""10/4/2025""","=""152""","=""3rd Place""","=""Samson Mckissick Staley""","=""Pittsford Panthers""","=""12-4""","=""MD""","=""Jackson Weller""","=""Seagull Wrestling Club/delran High School""","=""Schenectady""","=""NY""","=""Journeymen Fall Classic and Womens World Classic"""
"=""10/4/2025""","=""152""","=""3rd Place""","=""Andrew Mccarthy""","=""Nyma""","=""5-1""","=""DEC""","=""James Jakub""","=""Christian Brothers Academy""","=""Schenectady""","=""NY""","=""Journeymen Fall Classic and Womens World Classic"""
"=""10/4/2025""","=""152""","=""3rd Place""","=""Caden Jarrett""","=""Ponagansett""","=""0-0""","=""FOR""","=""Ryan Rios""","=""Blair Academy""","=""Schenectady""","=""NY""","=""Journeymen Fall Classic and Womens World Classic"""
"=""10/4/2025""","=""120""","=""3rd Place""","=""Rowan Brown""","=""D3 / Cooperstown""","=""""","=""BYE""","=""""","=""""","=""Schenectady""","=""NY""","=""Journeymen Fall Classic and Womens World Classic"""
"=""10/4/2025""","=""120""","=""3rd Place""","=""Ryan Crissy""","=""Leroy""","=""4-7 2:45""","=""F""","=""Shane Dagro""","=""Bitetto Trained""","=""Schenectady""","=""NY""","=""Journeymen Fall Classic and Womens World Classic"""
"=""10/4/2025""","=""120""","=""3rd Place""","=""Colin Zito""","=""Mcquaid Jesuit""","=""11-0""","=""MD""","=""Jonah Hodel""","=""Impact Wrestling Club""","=""Schenectady""","=""NY""","=""Journeymen Fall Classic and Womens World Classic"""
"=""10/4/2025""","=""152""","=""Round of 32""","=""Ethan Aftewicz""","=""Mat Assassins Wc""","=""10-3""","=""DEC""","=""Nolan West""","=""Brevard Fca/merritt Island""","=""Schenectady""","=""NY""","=""Journeymen Fall Classic and Womens World Classic"""
"=""10/4/2025""","=""152""","=""Round of 32""","=""Aiden Campbell""","=""Eastern Carolina Wrestling Academy""","=""9-0""","=""MD""","=""Arslan Dzhakhanov""","=""Vhw""","=""Schenectady""","=""NY""","=""Journeymen Fall Classic and Womens World Classic"""
"=""10/4/2025""","=""152""","=""Round of 32""","=""Benjamin Walton""","=""Goffstown High School""","=""""","=""BYE""","=""""","=""""","=""Schenectady""","=""NY""","=""Journeymen Fall Classic and Womens World Classic"""
"=""10/4/2025""","=""152""","=""Round of 32""","=""Noah Beshara""","=""Methuen High""","=""3-0 0:37""","=""F""","=""Greyson Obrien""","=""Journeymen WC""","=""Schenectady""","=""NY""","=""Journeymen Fall Classic and Womens World Classic"""
"=""10/4/2025""","=""152""","=""Round of 32""","=""Nicholas Genin""","=""Metrowest United""","=""""","=""BYE""","=""""","=""""","=""Schenectady""","=""NY""","=""Journeymen Fall Classic and Womens World Classic"""
"=""10/4/2025""","=""152""","=""Round of 32""","=""Fernando Avellan""","=""Yale Street Wrestling Club""","=""17-1 4:01""","=""F""","=""Anthony Pica""","=""Garden City""","=""Schenectady""","=""NY""","=""Journeymen Fall Classic and Womens World Classic"""
"=""10/4/2025""","=""152""","=""Round of 32""","=""Lucas Drake""","=""Mat Assassins Wc""","=""""","=""BYE""","=""""","=""""","=""Schenectady""","=""NY""","=""Journeymen Fall Classic and Womens World Classic"""
"=""10/4/2025""","=""152""","=""Round of 32""","=""James Rocco""","=""Iron Faith""","=""""","=""BYE""","=""""","=""""","=""Schenectady""","=""NY""","=""Journeymen Fall Classic and Womens World Classic"""
"=""10/4/2025""","=""152""","=""Round of 32""","=""Jacob Perry""","=""Otm Walters Wrestling""","=""15-0 1:42""","=""TF""","=""Jackson Green""","=""Journeymen WC""","=""Schenectady""","=""NY""","=""Journeymen Fall Classic and Womens World Classic"""
"=""10/4/2025""","=""152""","=""Round of 32""","=""John Savin Nguyen""","=""Legion Wrestling Academy""","=""6-1""","=""DEC""","=""Camdyn Moors""","=""Journeymen WC""","=""Schenectady""","=""NY""","=""Journeymen Fall Classic and Womens World Classic"""
"=""10/4/2025""","=""152""","=""Round of 32""","=""Alex Uzzo""","=""Fisheye""","=""""","=""BYE""","=""""","=""""","=""Schenectady""","=""NY""","=""Journeymen Fall Classic and Womens World Classic"""
"=""10/4/2025""","=""152""","=""Round of 32""","=""Ryan Radliff""","=""Hammer Wrestling""","=""5-3""","=""DEC""","=""Darren Brooks""","=""Nevada Elite""","=""Schenectady""","=""NY""","=""Journeymen Fall Classic and Womens World Classic"""
"=""10/4/2025""","=""152""","=""Round of 32""","=""Henry Santini""","=""Doughboy Wrestling Club""","=""""","=""BYE""","=""""","=""""","=""Schenectady""","=""NY""","=""Journeymen Fall Classic and Womens World Classic"""
"=""10/4/2025""","=""152""","=""Round of 32""","=""William Harding""","=""Smitty's Barn""","=""""","=""BYE""","=""""","=""""","=""Schenectady""","=""NY""","=""Journeymen Fall Classic and Womens World Classic"""
"=""10/4/2025""","=""152""","=""Round of 32""","=""Andrew Davis""","=""Combat Athletics""","=""""","=""BYE""","=""""","=""""","=""Schenectady""","=""NY""","=""Journeymen Fall Classic and Womens World Classic"""
"=""10/4/2025""","=""152""","=""Round of 32""","=""Kadin Martin""","=""Scoring Edge""","=""6-1 1:41""","=""F""","=""Brady Tiernan""","=""Bitetto Trained""","=""Schenectady""","=""NY""","=""Journeymen Fall Classic and Womens World Classic"""
"=""10/4/2025""","=""152""","=""Round of 16""","=""Kadin Martin""","=""Scoring Edge""","=""4-0""","=""DEC""","=""Lucas Drake""","=""Mat Assassins Wc""","=""Schenectady""","=""NY""","=""Journeymen Fall Classic and Womens World Classic"""
"=""10/4/2025""","=""152""","=""Round of 16""","=""Nicholas Genin""","=""Metrowest United""","=""17-2 2:39""","=""TF""","=""Ryan Radliff""","=""Hammer Wrestling""","=""Schenectady""","=""NY""","=""Journeymen Fall Classic and Womens World Classic"""
"=""10/4/2025""","=""152""","=""Round of 16""","=""Henry Santini""","=""Doughboy Wrestling Club""","=""4-2""","=""DEC""","=""John Savin Nguyen""","=""Legion Wrestling Academy""","=""Schenectady""","=""NY""","=""Journeymen Fall Classic and Womens World Classic"""
"=""10/4/2025""","=""152""","=""Round of 16""","=""Andrew Davis""","=""Combat Athletics""","=""13-6 2:29""","=""F""","=""Noah Beshara""","=""Methuen High""","=""Schenectady""","=""NY""","=""Journeymen Fall Classic and Womens World Classic"""
"=""10/4/2025""","=""152""","=""Round of 16""","=""James Rocco""","=""Iron Faith""","=""14-4 4:48""","=""F""","=""Jacob Perry""","=""Otm Walters Wrestling""","=""Schenectady""","=""NY""","=""Journeymen Fall Classic and Womens World Classic"""
"=""10/4/2025""","=""152""","=""Round of 16""","=""Aiden Campbell""","=""Eastern Carolina Wrestling Academy""","=""5-0""","=""DEC""","=""William Harding""","=""Smitty's Barn""","=""Schenectady""","=""NY""","=""Journeymen Fall Classic and Womens World Classic"""
"=""10/4/2025""","=""152""","=""Round of 16""","=""Ethan Aftewicz""","=""Mat Assassins Wc""","=""4-0""","=""DEC""","=""Benjamin Walton""","=""Goffstown High School""","=""Schenectady""","=""NY""","=""Journeymen Fall Classic and Womens World Classic"""
"=""10/4/2025""","=""152""","=""Round of 16""","=""Fernando Avellan""","=""Yale Street Wrestling Club""","=""20-3 2:18""","=""TF""","=""Alex Uzzo""","=""Fisheye""","=""Schenectady""","=""NY""","=""Journeymen Fall Classic and Womens World Classic"""
"=""10/4/2025""","=""152""","=""Quarter-Finals""","=""Parker Quinn""","=""Triumph/wall""","=""8-0""","=""MD""","=""Nicholas Wall""","=""Triumph""","=""Schenectady""","=""NY""","=""Journeymen Fall Classic and Womens World Classic"""
"=""10/4/2025""","=""152""","=""Quarter-Finals""","=""Benjamin Koch""","=""Blair Academy""","=""1-0""","=""DEC""","=""Aaron Ellison""","=""Lumberton Sr High""","=""Schenectady""","=""NY""","=""Journeymen Fall Classic and Womens World Classic"""
"=""10/4/2025""","=""152""","=""Quarter-Finals""","=""James Jakub""","=""Christian Brothers Academy""","=""13-8""","=""DEC""","=""Shea Morris""","=""New York Military Academy""","=""Schenectady""","=""NY""","=""Journeymen Fall Classic and Womens World Classic"""
"=""10/4/2025""","=""152""","=""Quarter-Finals""","=""Samson Mckissick Staley""","=""Pittsford Panthers""","=""15-7""","=""MD""","=""Colby Houle""","=""Northfield Mount Hermon  Nmh""","=""Schenectady""","=""NY""","=""Journeymen Fall Classic and Womens World Classic"""
"=""10/4/2025""","=""152""","=""Quarter-Finals""","=""Jackson Weller""","=""Seagull Wrestling Club/delran High School""","=""11-5 4:41""","=""F""","=""Matthew Dailey""","=""Wyoming Seminary""","=""Schenectady""","=""NY""","=""Journeymen Fall Classic and Womens World Classic"""
"=""10/4/2025""","=""152""","=""Quarter-Finals""","=""Andrew Davis""","=""Combat Athletics""","=""7-4""","=""DEC""","=""Aiden Campbell""","=""Eastern Carolina Wrestling Academy""","=""Schenectady""","=""NY""","=""Journeymen Fall Classic and Womens World Classic"""
"=""10/4/2025""","=""152""","=""Quarter-Finals""","=""James Rocco""","=""Iron Faith""","=""10-2""","=""MD""","=""Fernando Avellan""","=""Yale Street Wrestling Club""","=""Schenectady""","=""NY""","=""Journeymen Fall Classic and Womens World Classic"""
"=""10/4/2025""","=""152""","=""Quarter-Finals""","=""Michael Turi""","=""Wyoming Seminary""","=""13-1""","=""MD""","=""Carnell Davis""","=""Ponaganset""","=""Schenectady""","=""NY""","=""Journeymen Fall Classic and Womens World Classic"""
"=""10/4/2025""","=""152""","=""Quarter-Finals""","=""Devon Weber""","=""Superior Wrestling Acadamy""","=""7-0""","=""DEC""","=""Joey Losee""","=""Journeymen""","=""Schenectady""","=""NY""","=""Journeymen Fall Classic and Womens World Classic"""
"=""10/4/2025""","=""152""","=""Quarter-Finals""","=""Andrew Mccarthy""","=""Nyma""","=""12-3""","=""MD""","=""James Rocco""","=""Iron Faith Wrestling Club / Barrington High School""","=""Schenectady""","=""NY""","=""Journeymen Fall Classic and Womens World Classic"""
"=""10/4/2025""","=""152""","=""Quarter-Finals""","=""Brooklyn Pickett""","=""Capital Wrestling Club""","=""4-1""","=""DEC""","=""Sergio Gomez""","=""Monster Garage""","=""Schenectady""","=""NY""","=""Journeymen Fall Classic and Womens World Classic"""
"=""10/4/2025""","=""152""","=""Quarter-Finals""","=""Ryan Rios""","=""Blair Academy""","=""""","=""BYE""","=""""","=""""","=""Schenectady""","=""NY""","=""Journeymen Fall Classic and Womens World Classic"""
"=""10/4/2025""","=""152""","=""Quarter-Finals""","=""Caden Jarrett""","=""Ponagansett""","=""""","=""BYE""","=""""","=""""","=""Schenectady""","=""NY""","=""Journeymen Fall Classic and Womens World Classic"""
"=""10/4/2025""","=""152""","=""Quarter-Finals""","=""Ethan De La Cruz""","=""Edge""","=""11-4""","=""DEC""","=""Cyler Baer""","=""Gouverneur Wrestling Club""","=""Schenectady""","=""NY""","=""Journeymen Fall Classic and Womens World Classic"""
"=""10/4/2025""","=""152""","=""Quarter-Finals""","=""Kadin Martin""","=""Scoring Edge""","=""14-2""","=""MD""","=""Nicholas Genin""","=""Metrowest United""","=""Schenectady""","=""NY""","=""Journeymen Fall Classic and Womens World Classic"""
"=""10/4/2025""","=""152""","=""Quarter-Finals""","=""Henry Santini""","=""Doughboy Wrestling Club""","=""5-4""","=""DEC""","=""Ethan Aftewicz""","=""Mat Assassins Wc""","=""Schenectady""","=""NY""","=""Journeymen Fall Classic and Womens World Classic"""
"=""10/4/2025""","=""152""","=""Semi-Finals""","=""Devon Weber""","=""Superior Wrestling Acadamy""","=""2-1 TB2""","=""DEC""","=""James Jakub""","=""Christian Brothers Academy""","=""Schenectady""","=""NY""","=""Journeymen Fall Classic and Womens World Classic"""
"=""10/4/2025""","=""152""","=""Semi-Finals""","=""Benjamin Koch""","=""Blair Academy""","=""5-4 TB2""","=""DEC""","=""Caden Jarrett""","=""Ponagansett""","=""Schenectady""","=""NY""","=""Journeymen Fall Classic and Womens World Classic"""
"=""10/4/2025""","=""120""","=""Semi-Finals""","=""Nick Perry""","=""Little Falls""","=""19-3 2:44""","=""TF""","=""Rowan Brown""","=""D3 / Cooperstown""","=""Schenectady""","=""NY""","=""Journeymen Fall Classic and Womens World Classic"""
"=""10/4/2025""","=""120""","=""Semi-Finals""","=""Anthony Picozzi""","=""Iron Faith""","=""""","=""BYE""","=""""","=""""","=""Schenectady""","=""NY""","=""Journeymen Fall Classic and Womens World Classic"""
"=""10/4/2025""","=""120""","=""Semi-Finals""","=""Kurt Pellegrino""","=""Ruthless Wrestling Club""","=""17-1 3:48""","=""TF""","=""Colin Zito""","=""Mcquaid Jesuit""","=""Schenectady""","=""NY""","=""Journeymen Fall Classic and Womens World Classic"""
"=""10/4/2025""","=""152""","=""Semi-Finals""","=""Michael Turi""","=""Wyoming Seminary""","=""13-3""","=""MD""","=""Samson Mckissick Staley""","=""Pittsford Panthers""","=""Schenectady""","=""NY""","=""Journeymen Fall Classic and Womens World Classic"""
"=""10/4/2025""","=""152""","=""Semi-Finals""","=""Brooklyn Pickett""","=""Capital Wrestling Club""","=""11-8 SV""","=""DEC""","=""Jackson Weller""","=""Seagull Wrestling Club/delran High School""","=""Schenectady""","=""NY""","=""Journeymen Fall Classic and Womens World Classic"""
"=""10/4/2025""","=""152""","=""Semi-Finals""","=""James Rocco""","=""Iron Faith""","=""20-5 4:14""","=""TF""","=""Henry Santini""","=""Doughboy Wrestling Club""","=""Schenectady""","=""NY""","=""Journeymen Fall Classic and Womens World Classic"""
"=""10/4/2025""","=""120""","=""Semi-Finals""","=""Joel Serrano""","=""Triumph""","=""9-3""","=""DEC""","=""Shane Dagro""","=""Bitetto Trained""","=""Schenectady""","=""NY""","=""Journeymen Fall Classic and Womens World Classic"""
"=""10/4/2025""","=""152""","=""Semi-Finals""","=""Parker Quinn""","=""Triumph/wall""","=""0-0""","=""FOR""","=""Ryan Rios""","=""Blair Academy""","=""Schenectady""","=""NY""","=""Journeymen Fall Classic and Womens World Classic"""
"=""10/4/2025""","=""152""","=""Semi-Finals""","=""Andrew Davis""","=""Combat Athletics""","=""11-4""","=""DEC""","=""Kadin Martin""","=""Scoring Edge""","=""Schenectady""","=""NY""","=""Journeymen Fall Classic and Womens World Classic"""
"=""10/4/2025""","=""120""","=""Semi-Finals""","=""Gavin Whatley""","=""Monster Garage""","=""21-6 3:10""","=""TF""","=""Jonah Hodel""","=""Impact Wrestling Club""","=""Schenectady""","=""NY""","=""Journeymen Fall Classic and Womens World Classic"""
"=""10/4/2025""","=""120""","=""Semi-Finals""","=""Kellan Mccabe""","=""Frost Gang""","=""7-4 2:47""","=""F""","=""Ryan Crissy""","=""Leroy""","=""Schenectady""","=""NY""","=""Journeymen Fall Classic and Womens World Classic"""
"=""10/4/2025""","=""152""","=""Semi-Finals""","=""Ethan De La Cruz""","=""Edge""","=""7-2""","=""DEC""","=""Andrew Mccarthy""","=""Nyma""","=""Schenectady""","=""NY""","=""Journeymen Fall Classic and Womens World Classic"""
"=""10/4/2025""","=""152""","=""Finals""","=""Michael Turi""","=""Wyoming Seminary""","=""7-2""","=""DEC""","=""Brooklyn Pickett""","=""Capital Wrestling Club""","=""Schenectady""","=""NY""","=""Journeymen Fall Classic and Womens World Classic"""
"=""10/4/2025""","=""120""","=""Finals""","=""Kellan Mccabe""","=""Frost Gang""","=""9-0""","=""MD""","=""Joel Serrano""","=""Triumph""","=""Schenectady""","=""NY""","=""Journeymen Fall Classic and Womens World Classic"""
"=""10/4/2025""","=""120""","=""Finals""","=""Kurt Pellegrino""","=""Ruthless Wrestling Club""","=""5-4""","=""DEC""","=""Gavin Whatley""","=""Monster Garage""","=""Schenectady""","=""NY""","=""Journeymen Fall Classic and Womens World Classic"""
"=""10/4/2025""","=""152""","=""Finals""","=""Devon Weber""","=""Superior Wrestling Acadamy""","=""4-0""","=""DEC""","=""Ethan De La Cruz""","=""Edge""","=""Schenectady""","=""NY""","=""Journeymen Fall Classic and Womens World Classic"""
"=""10/4/2025""","=""152""","=""Finals""","=""Parker Quinn""","=""Triumph/wall""","=""2-0 2:47""","=""F""","=""Benjamin Koch""","=""Blair Academy""","=""Schenectady""","=""NY""","=""Journeymen Fall Classic and Womens World Classic"""
"=""10/4/2025""","=""152""","=""Finals""","=""James Rocco""","=""Iron Faith""","=""10-8""","=""DEC""","=""Andrew Davis""","=""Combat Athletics""","=""Schenectady""","=""NY""","=""Journeymen Fall Classic and Womens World Classic"""
"=""10/4/2025""","=""120""","=""Finals""","=""Nick Perry""","=""Little Falls""","=""0-0""","=""FOR""","=""Anthony Picozzi""","=""Iron Faith""","=""Schenectady""","=""NY""","=""Journeymen Fall Classic and Womens World Classic"""
"=""10/4/2025""","=""160""","=""RR Rnd 3""","=""Anthony Lombardi""","=""Iron Faith""","=""""","=""BYE""","=""""","=""""","=""Schenectady""","=""NY""","=""Journeymen Fall Classic and Womens World Classic"""
"=""10/4/2025""","=""160""","=""RR Rnd 3""","=""Cole Albert""","=""The Hill School""","=""4-1 SV""","=""DEC""","=""Matthew Arndt""","=""Battlefield Hs / Integrity Wrestling Club""","=""Schenectady""","=""NY""","=""Journeymen Fall Classic and Womens World Classic"""
"=""10/4/2025""","=""160""","=""RR Rnd 3""","=""Ryland Moss""","=""Red Dot Wrestling""","=""""","=""BYE""","=""""","=""""","=""Schenectady""","=""NY""","=""Journeymen Fall Classic and Womens World Classic"""
"=""10/4/2025""","=""160""","=""RR Rnd 3""","=""Danny Dacey""","=""Journeymen""","=""10-4""","=""DEC""","=""Carson Worrick""","=""Combat Athletics""","=""Schenectady""","=""NY""","=""Journeymen Fall Classic and Womens World Classic"""
"=""10/4/2025""","=""160""","=""RR Rnd 3""","=""Luke Scholz""","=""Cranford/rhino""","=""9-6 SV""","=""DEC""","=""Colten Jones""","=""Integrity""","=""Schenectady""","=""NY""","=""Journeymen Fall Classic and Womens World Classic"""
"=""10/4/2025""","=""160""","=""RR Rnd 3""","=""Jonre Fisher""","=""Legacy Dragons""","=""4-2""","=""DEC""","=""David Burchett Jr.""","=""Black Fox""","=""Schenectady""","=""NY""","=""Journeymen Fall Classic and Womens World Classic"""
"=""10/4/2025""","=""160""","=""RR Rnd 3""","=""Griffin Laplante""","=""Kd6""","=""""","=""BYE""","=""""","=""""","=""Schenectady""","=""NY""","=""Journeymen Fall Classic and Womens World Classic"""
"=""10/4/2025""","=""160""","=""RR Rnd 3""","=""Lorenzo Alston""","=""Raw""","=""""","=""BYE""","=""""","=""""","=""Schenectady""","=""NY""","=""Journeymen Fall Classic and Womens World Classic"""
"=""10/4/2025""","=""160""","=""RR Rnd 3""","=""Tigren Greyan""","=""Monster Garage""","=""4-2""","=""DEC""","=""Justin Lowery""","=""Loudoun County Hs""","=""Schenectady""","=""NY""","=""Journeymen Fall Classic and Womens World Classic"""
"=""10/4/2025""","=""160""","=""RR Rnd 3""","=""Jonathan Montes""","=""Grandview High School/ Black Fox Wrestling Academy""","=""""","=""BYE""","=""""","=""""","=""Schenectady""","=""NY""","=""Journeymen Fall Classic and Womens World Classic"""
"=""10/4/2025""","=""160""","=""RR Rnd 3""","=""Billy Tyler""","=""Integrity""","=""10-2""","=""MD""","=""Christopher Nocca""","=""Empire Wrestling Academy""","=""Schenectady""","=""NY""","=""Journeymen Fall Classic and Womens World Classic"""
"=""10/4/2025""","=""160""","=""RR Rnd 3""","=""Tobin Mcnair""","=""Ccwc/ncunited""","=""4-1""","=""DEC""","=""Reid Clausi""","=""Kd Trained""","=""Schenectady""","=""NY""","=""Journeymen Fall Classic and Womens World Classic"""
"=""10/4/2025""","=""160""","=""RR Rnd 3""","=""Reagan Milheim""","=""M2tc""","=""""","=""BYE""","=""""","=""""","=""Schenectady""","=""NY""","=""Journeymen Fall Classic and Womens World Classic"""
"=""10/4/2025""","=""160""","=""RR Rnd 3""","=""George Johnson Jr.""","=""Kd Trained""","=""""","=""BYE""","=""""","=""""","=""Schenectady""","=""NY""","=""Journeymen Fall Classic and Womens World Classic"""
"=""10/4/2025""","=""128""","=""RR Rnd 3""","=""Anthony Dalessio""","=""Triumph""","=""6-0""","=""DEC""","=""Harry Rondinelli""","=""Bitetto Trained""","=""Schenectady""","=""NY""","=""Journeymen Fall Classic and Womens World Classic"""
"=""10/4/2025""","=""128""","=""RR Rnd 3""","=""Matthew Williams""","=""Iron Faith""","=""9-0 3:47""","=""F""","=""Nutter Stiles""","=""Le Roy""","=""Schenectady""","=""NY""","=""Journeymen Fall Classic and Womens World Classic"""
"=""10/4/2025""","=""160""","=""RR Rnd 3""","=""Peter Mikedis""","=""Savage""","=""""","=""BYE""","=""""","=""""","=""Schenectady""","=""NY""","=""Journeymen Fall Classic and Womens World Classic"""
"=""10/4/2025""","=""160""","=""RR Rnd 3""","=""August Katz""","=""Columbia High School""","=""5-7 4:49""","=""F""","=""Charlie Lussier""","=""Metrowest United""","=""Schenectady""","=""NY""","=""Journeymen Fall Classic and Womens World Classic"""
"=""10/4/2025""","=""160""","=""RR Rnd 2""","=""George Johnson Jr.""","=""Kd Trained""","=""6-4""","=""DEC""","=""Justin Lowery""","=""Loudoun County Hs""","=""Schenectady""","=""NY""","=""Journeymen Fall Classic and Womens World Classic"""
"=""10/4/2025""","=""160""","=""RR Rnd 2""","=""Griffin Laplante""","=""Kd6""","=""19-3 4:17""","=""TF""","=""Carson Worrick""","=""Combat Athletics""","=""Schenectady""","=""NY""","=""Journeymen Fall Classic and Womens World Classic"""
"=""10/4/2025""","=""160""","=""RR Rnd 2""","=""Danny Dacey""","=""Journeymen""","=""""","=""BYE""","=""""","=""""","=""Schenectady""","=""NY""","=""Journeymen Fall Classic and Womens World Classic"""
"=""10/4/2025""","=""160""","=""RR Rnd 2""","=""Luke Scholz""","=""Cranford/rhino""","=""15-7""","=""MD""","=""Anthony Lombardi""","=""Iron Faith""","=""Schenectady""","=""NY""","=""Journeymen Fall Classic and Womens World Classic"""
"=""10/4/2025""","=""160""","=""RR Rnd 2""","=""Tobin Mcnair""","=""Ccwc/ncunited""","=""""","=""BYE""","=""""","=""""","=""Schenectady""","=""NY""","=""Journeymen Fall Classic and Womens World Classic"""
"=""10/4/2025""","=""160""","=""RR Rnd 2""","=""David Burchett Jr.""","=""Black Fox""","=""""","=""BYE""","=""""","=""""","=""Schenectady""","=""NY""","=""Journeymen Fall Classic and Womens World Classic"""
"=""10/4/2025""","=""160""","=""RR Rnd 2""","=""Matthew Arndt""","=""Battlefield Hs / Integrity Wrestling Club""","=""4-1""","=""DEC""","=""Ryland Moss""","=""Red Dot Wrestling""","=""Schenectady""","=""NY""","=""Journeymen Fall Classic and Womens World Classic"""
"=""10/4/2025""","=""160""","=""RR Rnd 2""","=""Cole Albert""","=""The Hill School""","=""""","=""BYE""","=""""","=""""","=""Schenectady""","=""NY""","=""Journeymen Fall Classic and Womens World Classic"""
"=""10/4/2025""","=""160""","=""RR Rnd 2""","=""Peter Mikedis""","=""Savage""","=""3-0 SV""","=""DEC""","=""Jonre Fisher""","=""Legacy Dragons""","=""Schenectady""","=""NY""","=""Journeymen Fall Classic and Womens World Classic"""
"=""10/4/2025""","=""160""","=""RR Rnd 2""","=""Christopher Nocca""","=""Empire Wrestling Academy""","=""5-1""","=""DEC""","=""Jonathan Montes""","=""Grandview High School/ Black Fox Wrestling Academy""","=""Schenectady""","=""NY""","=""Journeymen Fall Classic and Womens World Classic"""
"=""10/4/2025""","=""128""","=""RR Rnd 2""","=""Harry Rondinelli""","=""Bitetto Trained""","=""10-1""","=""MD""","=""Matthew Williams""","=""Iron Faith""","=""Schenectady""","=""NY""","=""Journeymen Fall Classic and Womens World Classic"""
"=""10/4/2025""","=""160""","=""RR Rnd 2""","=""Reagan Milheim""","=""M2tc""","=""4-1""","=""DEC""","=""Reid Clausi""","=""Kd Trained""","=""Schenectady""","=""NY""","=""Journeymen Fall Classic and Womens World Classic"""
"=""10/4/2025""","=""128""","=""RR Rnd 2""","=""Anthony Dalessio""","=""Triumph""","=""17-1 3:23""","=""F""","=""Nutter Stiles""","=""Le Roy""","=""Schenectady""","=""NY""","=""Journeymen Fall Classic and Womens World Classic"""
"=""10/4/2025""","=""160""","=""RR Rnd 2""","=""Billy Tyler""","=""Integrity""","=""""","=""BYE""","=""""","=""""","=""Schenectady""","=""NY""","=""Journeymen Fall Classic and Womens World Classic"""
"=""10/4/2025""","=""160""","=""RR Rnd 2""","=""Colten Jones""","=""Integrity""","=""""","=""BYE""","=""""","=""""","=""Schenectady""","=""NY""","=""Journeymen Fall Classic and Womens World Classic"""
"=""10/4/2025""","=""160""","=""RR Rnd 2""","=""Charlie Lussier""","=""Metrowest United""","=""""","=""BYE""","=""""","=""""","=""Schenectady""","=""NY""","=""Journeymen Fall Classic and Womens World Classic"""
"=""10/4/2025""","=""160""","=""RR Rnd 2""","=""Lorenzo Alston""","=""Raw""","=""15-5 4:30""","=""F""","=""August Katz""","=""Columbia High School""","=""Schenectady""","=""NY""","=""Journeymen Fall Classic and Womens World Classic"""
"=""10/4/2025""","=""160""","=""RR Rnd 2""","=""Tigren Greyan""","=""Monster Garage""","=""""","=""BYE""","=""""","=""""","=""Schenectady""","=""NY""","=""Journeymen Fall Classic and Womens World Classic"""
"=""10/4/2025""","=""160""","=""RR Rnd 1""","=""Cole Albert""","=""The Hill School""","=""6-4""","=""DEC""","=""Ryland Moss""","=""Red Dot Wrestling""","=""Schenectady""","=""NY""","=""Journeymen Fall Classic and Womens World Classic"""
"=""10/4/2025""","=""160""","=""RR Rnd 1""","=""Luke Scholz""","=""Cranford/rhino""","=""""","=""BYE""","=""""","=""""","=""Schenectady""","=""NY""","=""Journeymen Fall Classic and Womens World Classic"""
"=""10/4/2025""","=""160""","=""RR Rnd 1""","=""Tigren Greyan""","=""Monster Garage""","=""14-6""","=""MD""","=""George Johnson Jr.""","=""Kd Trained""","=""Schenectady""","=""NY""","=""Journeymen Fall Classic and Womens World Classic"""
"=""10/4/2025""","=""160""","=""RR Rnd 1""","=""Reagan Milheim""","=""M2tc""","=""4-1""","=""DEC""","=""Tobin Mcnair""","=""Ccwc/ncunited""","=""Schenectady""","=""NY""","=""Journeymen Fall Classic and Womens World Classic"""
"=""10/4/2025""","=""160""","=""RR Rnd 1""","=""Billy Tyler""","=""Integrity""","=""11-5""","=""DEC""","=""Jonathan Montes""","=""Grandview High School/ Black Fox Wrestling Academy""","=""Schenectady""","=""NY""","=""Journeymen Fall Classic and Womens World Classic"""
"=""10/4/2025""","=""160""","=""RR Rnd 1""","=""Reid Clausi""","=""Kd Trained""","=""""","=""BYE""","=""""","=""""","=""Schenectady""","=""NY""","=""Journeymen Fall Classic and Womens World Classic"""
"=""10/4/2025""","=""160""","=""RR Rnd 1""","=""Colten Jones""","=""Integrity""","=""6-1 1:20""","=""F""","=""Anthony Lombardi""","=""Iron Faith""","=""Schenectady""","=""NY""","=""Journeymen Fall Classic and Womens World Classic"""
"=""10/4/2025""","=""160""","=""RR Rnd 1""","=""August Katz""","=""Columbia High School""","=""""","=""BYE""","=""""","=""""","=""Schenectady""","=""NY""","=""Journeymen Fall Classic and Womens World Classic"""
"=""10/4/2025""","=""128""","=""RR Rnd 1""","=""Harry Rondinelli""","=""Bitetto Trained""","=""13-10""","=""DEC""","=""Nutter Stiles""","=""Le Roy""","=""Schenectady""","=""NY""","=""Journeymen Fall Classic and Womens World Classic"""
"=""10/4/2025""","=""160""","=""RR Rnd 1""","=""David Burchett Jr.""","=""Black Fox""","=""12-1""","=""MD""","=""Peter Mikedis""","=""Savage""","=""Schenectady""","=""NY""","=""Journeymen Fall Classic and Womens World Classic"""
"=""10/4/2025""","=""160""","=""RR Rnd 1""","=""Jonre Fisher""","=""Legacy Dragons""","=""""","=""BYE""","=""""","=""""","=""Schenectady""","=""NY""","=""Journeymen Fall Classic and Womens World Classic"""
"=""10/4/2025""","=""160""","=""RR Rnd 1""","=""Griffin Laplante""","=""Kd6""","=""19-5""","=""MD""","=""Danny Dacey""","=""Journeymen""","=""Schenectady""","=""NY""","=""Journeymen Fall Classic and Womens World Classic"""
"=""10/4/2025""","=""128""","=""RR Rnd 1""","=""Anthony Dalessio""","=""Triumph""","=""19-2 2:48""","=""TF""","=""Matthew Williams""","=""Iron Faith""","=""Schenectady""","=""NY""","=""Journeymen Fall Classic and Womens World Classic"""
"=""10/4/2025""","=""160""","=""RR Rnd 1""","=""Lorenzo Alston""","=""Raw""","=""4-1""","=""DEC""","=""Charlie Lussier""","=""Metrowest United""","=""Schenectady""","=""NY""","=""Journeymen Fall Classic and Womens World Classic"""
"=""10/4/2025""","=""160""","=""RR Rnd 1""","=""Christopher Nocca""","=""Empire Wrestling Academy""","=""""","=""BYE""","=""""","=""""","=""Schenectady""","=""NY""","=""Journeymen Fall Classic and Womens World Classic"""
"=""10/4/2025""","=""160""","=""RR Rnd 1""","=""Justin Lowery""","=""Loudoun County Hs""","=""""","=""BYE""","=""""","=""""","=""Schenectady""","=""NY""","=""Journeymen Fall Classic and Womens World Classic"""
"=""10/4/2025""","=""160""","=""RR Rnd 1""","=""Matthew Arndt""","=""Battlefield Hs / Integrity Wrestling Club""","=""""","=""BYE""","=""""","=""""","=""Schenectady""","=""NY""","=""Journeymen Fall Classic and Womens World Classic"""
"=""10/4/2025""","=""160""","=""RR Rnd 1""","=""Carson Worrick""","=""Combat Athletics""","=""""","=""BYE""","=""""","=""""","=""Schenectady""","=""NY""","=""Journeymen Fall Classic and Womens World Classic"""
"=""10/4/2025""","=""160""","=""Consi of 8 #1""","=""Andrew Ratliff""","=""Cashmere High School""","=""""","=""BYE""","=""""","=""""","=""Schenectady""","=""NY""","=""Journeymen Fall Classic and Womens World Classic"""
"=""10/4/2025""","=""160""","=""Consi of 8 #1""","=""Stephen Whisler""","=""Smitty's Barn""","=""15-9 2:46""","=""F""","=""Liam Cowan""","=""Mohawk Valley Wrestling Club""","=""Schenectady""","=""NY""","=""Journeymen Fall Classic and Womens World Classic"""
"=""10/4/2025""","=""160""","=""Consi of 8 #1""","=""Owen Polofsky""","=""Top Flight Wrestling Academy""","=""6-1 1:37""","=""F""","=""Max Rubin""","=""Metrowest United""","=""Schenectady""","=""NY""","=""Journeymen Fall Classic and Womens World Classic"""
"=""10/4/2025""","=""160""","=""Consi of 8 #1""","=""Trace Taber""","=""Journeymen WC""","=""8-2""","=""DEC""","=""Anthony Decapio""","=""Pit Crew Wc""","=""Schenectady""","=""NY""","=""Journeymen Fall Classic and Womens World Classic"""
"=""10/4/2025""","=""160""","=""Consi of 8 #2""","=""John Granger""","=""Fisheye""","=""12-1""","=""MD""","=""Andrew Ratliff""","=""Cashmere High School""","=""Schenectady""","=""NY""","=""Journeymen Fall Classic and Womens World Classic"""
"=""10/4/2025""","=""160""","=""Consi of 8 #2""","=""Trevin Highton""","=""Yale Street Wrestling Club""","=""12-0 4:02""","=""F""","=""Owen Polofsky""","=""Top Flight Wrestling Academy""","=""Schenectady""","=""NY""","=""Journeymen Fall Classic and Womens World Classic"""
"=""10/4/2025""","=""160""","=""Consi of 8 #2""","=""Asatrian Harry""","=""Paramus Catholic Hs""","=""17-6""","=""MD""","=""Stephen Whisler""","=""Smitty's Barn""","=""Schenectady""","=""NY""","=""Journeymen Fall Classic and Womens World Classic"""
"=""10/4/2025""","=""160""","=""Consi of 8 #2""","=""William Vanderminden""","=""Journeymen WC""","=""7-1""","=""DEC""","=""Trace Taber""","=""Journeymen WC""","=""Schenectady""","=""NY""","=""Journeymen Fall Classic and Womens World Classic"""
"=""10/4/2025""","=""160""","=""Consi of 4""","=""Asatrian Harry""","=""Paramus Catholic Hs""","=""7-3""","=""DEC""","=""Trevin Highton""","=""Yale Street Wrestling Club""","=""Schenectady""","=""NY""","=""Journeymen Fall Classic and Womens World Classic"""
"=""10/4/2025""","=""160""","=""Consi of 4""","=""Jonathan Montes""","=""Grandview High School/ Black Fox Wrestling Academy""","=""2-0""","=""DEC""","=""Jonre Fisher""","=""Legacy Dragons""","=""Schenectady""","=""NY""","=""Journeymen Fall Classic and Womens World Classic"""
"=""10/4/2025""","=""160""","=""Consi of 4""","=""John Granger""","=""Fisheye""","=""""","=""M FOR""","=""William Vanderminden""","=""Journeymen WC""","=""Schenectady""","=""NY""","=""Journeymen Fall Classic and Womens World Classic"""
"=""10/4/2025""","=""160""","=""Consi of 4""","=""Cole Albert""","=""The Hill School""","=""4-1""","=""DEC""","=""David Burchett Jr.""","=""Black Fox""","=""Schenectady""","=""NY""","=""Journeymen Fall Classic and Womens World Classic"""
"=""10/4/2025""","=""160""","=""Consi of 4""","=""Danny Dacey""","=""Journeymen""","=""""","=""M FOR""","=""August Katz""","=""Columbia High School""","=""Schenectady""","=""NY""","=""Journeymen Fall Classic and Womens World Classic"""
"=""10/4/2025""","=""160""","=""Consi of 4""","=""Matthew Arndt""","=""Battlefield Hs / Integrity Wrestling Club""","=""10-1""","=""MD""","=""Peter Mikedis""","=""Savage""","=""Schenectady""","=""NY""","=""Journeymen Fall Classic and Womens World Classic"""
"=""10/4/2025""","=""160""","=""Consi of 4""","=""Carson Worrick""","=""Combat Athletics""","=""0-0""","=""FOR""","=""Charlie Lussier""","=""Metrowest United""","=""Schenectady""","=""NY""","=""Journeymen Fall Classic and Womens World Classic"""
"=""10/4/2025""","=""160""","=""Consi of 4""","=""Tigren Greyan""","=""Monster Garage""","=""10-2""","=""MD""","=""Luke Scholz""","=""Cranford/rhino""","=""Schenectady""","=""NY""","=""Journeymen Fall Classic and Womens World Classic"""
"=""10/4/2025""","=""160""","=""Consi-Semis""","=""Colton Quinn""","=""Triumph""","=""11-0""","=""MD""","=""John Granger""","=""Fisheye""","=""Schenectady""","=""NY""","=""Journeymen Fall Classic and Womens World Classic"""
"=""10/4/2025""","=""160""","=""Consi-Semis""","=""Riley Storozuk""","=""Fisheye""","=""0-0""","=""FOR""","=""Asatrian Harry""","=""Paramus Catholic Hs""","=""Schenectady""","=""NY""","=""Journeymen Fall Classic and Womens World Classic"""
"=""10/4/2025""","=""160""","=""7th Place""","=""Peter Mikedis""","=""Savage""","=""""","=""M FOR""","=""August Katz""","=""Columbia High School""","=""Schenectady""","=""NY""","=""Journeymen Fall Classic and Womens World Classic"""
"=""10/4/2025""","=""160""","=""7th Place""","=""Luke Scholz""","=""Cranford/rhino""","=""10-2""","=""MD""","=""David Burchett Jr.""","=""Black Fox""","=""Schenectady""","=""NY""","=""Journeymen Fall Classic and Womens World Classic"""
"=""10/4/2025""","=""160""","=""7th Place""","=""Jonre Fisher""","=""Legacy Dragons""","=""""","=""M FOR""","=""Charlie Lussier""","=""Metrowest United""","=""Schenectady""","=""NY""","=""Journeymen Fall Classic and Womens World Classic"""
"=""10/4/2025""","=""160""","=""5th Place""","=""Cole Albert""","=""The Hill School""","=""11-3""","=""MD""","=""Tigren Greyan""","=""Monster Garage""","=""Schenectady""","=""NY""","=""Journeymen Fall Classic and Womens World Classic"""
"=""10/4/2025""","=""160""","=""5th Place""","=""Jonathan Montes""","=""Grandview High School/ Black Fox Wrestling Academy""","=""5-2""","=""DEC""","=""Carson Worrick""","=""Combat Athletics""","=""Schenectady""","=""NY""","=""Journeymen Fall Classic and Womens World Classic"""
"=""10/4/2025""","=""160""","=""5th Place""","=""Matthew Arndt""","=""Battlefield Hs / Integrity Wrestling Club""","=""7-2""","=""DEC""","=""Danny Dacey""","=""Journeymen""","=""Schenectady""","=""NY""","=""Journeymen Fall Classic and Womens World Classic"""
"=""10/4/2025""","=""160""","=""3rd Place""","=""Colten Jones""","=""Integrity""","=""4-3 1:26""","=""F""","=""Tobin Mcnair""","=""Ccwc/ncunited""","=""Schenectady""","=""NY""","=""Journeymen Fall Classic and Womens World Classic"""
"=""10/4/2025""","=""160""","=""3rd Place""","=""Ryland Moss""","=""Red Dot Wrestling""","=""15-5""","=""MD""","=""Anthony Lombardi""","=""Iron Faith""","=""Schenectady""","=""NY""","=""Journeymen Fall Classic and Womens World Classic"""
"=""10/4/2025""","=""160""","=""3rd Place""","=""Lorenzo Alston""","=""Raw""","=""4-2""","=""DEC""","=""Billy Tyler""","=""Integrity""","=""Schenectady""","=""NY""","=""Journeymen Fall Classic and Womens World Classic"""
"=""10/4/2025""","=""160""","=""3rd Place""","=""Colton Quinn""","=""Triumph""","=""6-0""","=""DEC""","=""Riley Storozuk""","=""Fisheye""","=""Schenectady""","=""NY""","=""Journeymen Fall Classic and Womens World Classic"""
"=""10/4/2025""","=""160""","=""Round of 16""","=""Anthony Lombardi""","=""Iron Faith""","=""21-4 3:30""","=""TF""","=""Anthony Decapio""","=""Pit Crew Wc""","=""Schenectady""","=""NY""","=""Journeymen Fall Classic and Womens World Classic"""
"=""10/4/2025""","=""160""","=""Round of 16""","=""Trevin Highton""","=""Yale Street Wrestling Club""","=""16-0 5:00""","=""TF""","=""Andrew Ratliff""","=""Cashmere High School""","=""Schenectady""","=""NY""","=""Journeymen Fall Classic and Womens World Classic"""
"=""10/4/2025""","=""160""","=""Round of 16""","=""Riley Storozuk""","=""Fisheye""","=""17-1 3:16""","=""TF""","=""Max Rubin""","=""Metrowest United""","=""Schenectady""","=""NY""","=""Journeymen Fall Classic and Womens World Classic"""
"=""10/4/2025""","=""160""","=""Round of 16""","=""Asatrian Harry""","=""Paramus Catholic Hs""","=""15-7""","=""MD""","=""Trace Taber""","=""Journeymen WC""","=""Schenectady""","=""NY""","=""Journeymen Fall Classic and Womens World Classic"""
"=""10/4/2025""","=""160""","=""Round of 16""","=""William Vanderminden""","=""Journeymen WC""","=""3-0""","=""DEC""","=""Liam Cowan""","=""Mohawk Valley Wrestling Club""","=""Schenectady""","=""NY""","=""Journeymen Fall Classic and Womens World Classic"""
"=""10/4/2025""","=""160""","=""Round of 16""","=""Manny Gusfa""","=""Bergen Catholic""","=""19-4 3:46""","=""TF""","=""Stephen Whisler""","=""Smitty's Barn""","=""Schenectady""","=""NY""","=""Journeymen Fall Classic and Womens World Classic"""
"=""10/4/2025""","=""160""","=""Round of 16""","=""John Granger""","=""Fisheye""","=""8-5""","=""DEC""","=""Owen Polofsky""","=""Top Flight Wrestling Academy""","=""Schenectady""","=""NY""","=""Journeymen Fall Classic and Womens World Classic"""
"=""10/4/2025""","=""160""","=""Round of 16""","=""Colton Quinn""","=""Triumph""","=""""","=""BYE""","=""""","=""""","=""Schenectady""","=""NY""","=""Journeymen Fall Classic and Womens World Classic"""
"=""10/4/2025""","=""160""","=""Quarter-Finals""","=""Christopher Nocca""","=""Empire Wrestling Academy""","=""8-5 SV""","=""DEC""","=""Matthew Arndt""","=""Battlefield Hs / Integrity Wrestling Club""","=""Schenectady""","=""NY""","=""Journeymen Fall Classic and Womens World Classic"""
"=""10/4/2025""","=""160""","=""Quarter-Finals""","=""Reid Clausi""","=""Kd Trained""","=""1-0""","=""DEC""","=""Jonre Fisher""","=""Legacy Dragons""","=""Schenectady""","=""NY""","=""Journeymen Fall Classic and Womens World Classic"""
"=""10/4/2025""","=""160""","=""Quarter-Finals""","=""Anthony Lombardi""","=""Iron Faith""","=""0-0""","=""FOR""","=""Charlie Lussier""","=""Metrowest United""","=""Schenectady""","=""NY""","=""Journeymen Fall Classic and Womens World Classic"""
"=""10/4/2025""","=""160""","=""Quarter-Finals""","=""Colton Quinn""","=""Triumph""","=""7-0 1:58""","=""F""","=""Trevin Highton""","=""Yale Street Wrestling Club""","=""Schenectady""","=""NY""","=""Journeymen Fall Classic and Womens World Classic"""
"=""10/4/2025""","=""160""","=""Quarter-Finals""","=""Manny Gusfa""","=""Bergen Catholic""","=""9-3""","=""DEC""","=""William Vanderminden""","=""Journeymen WC""","=""Schenectady""","=""NY""","=""Journeymen Fall Classic and Womens World Classic"""
"=""10/4/2025""","=""160""","=""Quarter-Finals""","=""Reagan Milheim""","=""M2tc""","=""9-5""","=""DEC""","=""David Burchett Jr.""","=""Black Fox""","=""Schenectady""","=""NY""","=""Journeymen Fall Classic and Womens World Classic"""
"=""10/4/2025""","=""160""","=""Quarter-Finals""","=""Ryland Moss""","=""Red Dot Wrestling""","=""9-3""","=""DEC""","=""Jonathan Montes""","=""Grandview High School/ Black Fox Wrestling Academy""","=""Schenectady""","=""NY""","=""Journeymen Fall Classic and Womens World Classic"""
"=""10/4/2025""","=""160""","=""Quarter-Finals""","=""Tobin Mcnair""","=""Ccwc/ncunited""","=""13-2""","=""MD""","=""Peter Mikedis""","=""Savage""","=""Schenectady""","=""NY""","=""Journeymen Fall Classic and Womens World Classic"""
"=""10/4/2025""","=""160""","=""Quarter-Finals""","=""Lorenzo Alston""","=""Raw""","=""3-2 UTB""","=""DEC""","=""Luke Scholz""","=""Cranford/rhino""","=""Schenectady""","=""NY""","=""Journeymen Fall Classic and Womens World Classic"""
"=""10/4/2025""","=""160""","=""Quarter-Finals""","=""Justin Lowery""","=""Loudoun County Hs""","=""7-1""","=""DEC""","=""Carson Worrick""","=""Combat Athletics""","=""Schenectady""","=""NY""","=""Journeymen Fall Classic and Womens World Classic"""
"=""10/4/2025""","=""160""","=""Quarter-Finals""","=""Griffin Laplante""","=""Kd6""","=""10-3""","=""DEC""","=""Tigren Greyan""","=""Monster Garage""","=""Schenectady""","=""NY""","=""Journeymen Fall Classic and Womens World Classic"""
"=""10/4/2025""","=""160""","=""Quarter-Finals""","=""Anthony Lombardi""","=""Iron Faith""","=""10-7 SV""","=""DEC""","=""Asatrian Harry""","=""Paramus Catholic Hs""","=""Schenectady""","=""NY""","=""Journeymen Fall Classic and Womens World Classic"""
"=""10/4/2025""","=""160""","=""Quarter-Finals""","=""Billy Tyler""","=""Integrity""","=""7-2""","=""DEC""","=""Cole Albert""","=""The Hill School""","=""Schenectady""","=""NY""","=""Journeymen Fall Classic and Womens World Classic"""
"=""10/4/2025""","=""160""","=""Quarter-Finals""","=""Colten Jones""","=""Integrity""","=""8-4""","=""DEC""","=""August Katz""","=""Columbia High School""","=""Schenectady""","=""NY""","=""Journeymen Fall Classic and Womens World Classic"""
"=""10/4/2025""","=""160""","=""Quarter-Finals""","=""George Johnson Jr.""","=""Kd Trained""","=""9-1""","=""MD""","=""Danny Dacey""","=""Journeymen""","=""Schenectady""","=""NY""","=""Journeymen Fall Classic and Womens World Classic"""
"=""10/4/2025""","=""160""","=""Quarter-Finals""","=""Riley Storozuk""","=""Fisheye""","=""17-2 3:38""","=""TF""","=""John Granger""","=""Fisheye""","=""Schenectady""","=""NY""","=""Journeymen Fall Classic and Womens World Classic"""
"=""10/4/2025""","=""160""","=""Semi-Finals""","=""Justin Lowery""","=""Loudoun County Hs""","=""7-4""","=""DEC""","=""Anthony Lombardi""","=""Iron Faith""","=""Schenectady""","=""NY""","=""Journeymen Fall Classic and Womens World Classic"""
"=""10/4/2025""","=""160""","=""Semi-Finals""","=""George Johnson Jr.""","=""Kd Trained""","=""10-1""","=""MD""","=""Colten Jones""","=""Integrity""","=""Schenectady""","=""NY""","=""Journeymen Fall Classic and Womens World Classic"""
"=""10/4/2025""","=""160""","=""Semi-Finals""","=""Manny Gusfa""","=""Bergen Catholic""","=""4-1 SV""","=""DEC""","=""Riley Storozuk""","=""Fisheye""","=""Schenectady""","=""NY""","=""Journeymen Fall Classic and Womens World Classic"""
"=""10/4/2025""","=""160""","=""Semi-Finals""","=""Anthony Lombardi""","=""Iron Faith""","=""14-7""","=""DEC""","=""Colton Quinn""","=""Triumph""","=""Schenectady""","=""NY""","=""Journeymen Fall Classic and Womens World Classic"""
"=""10/4/2025""","=""160""","=""Semi-Finals""","=""Griffin Laplante""","=""Kd6""","=""4-2""","=""DEC""","=""Lorenzo Alston""","=""Raw""","=""Schenectady""","=""NY""","=""Journeymen Fall Classic and Womens World Classic"""
"=""10/4/2025""","=""160""","=""Semi-Finals""","=""Reagan Milheim""","=""M2tc""","=""5-3 3:17""","=""F""","=""Billy Tyler""","=""Integrity""","=""Schenectady""","=""NY""","=""Journeymen Fall Classic and Womens World Classic"""
"=""10/4/2025""","=""160""","=""Semi-Finals""","=""Christopher Nocca""","=""Empire Wrestling Academy""","=""7-0""","=""DEC""","=""Tobin Mcnair""","=""Ccwc/ncunited""","=""Schenectady""","=""NY""","=""Journeymen Fall Classic and Womens World Classic"""
"=""10/4/2025""","=""160""","=""Semi-Finals""","=""Reid Clausi""","=""Kd Trained""","=""14-13""","=""DEC""","=""Ryland Moss""","=""Red Dot Wrestling""","=""Schenectady""","=""NY""","=""Journeymen Fall Classic and Womens World Classic"""
"=""10/4/2025""","=""160""","=""Finals""","=""Anthony Lombardi""","=""Iron Faith""","=""0-0""","=""FOR""","=""Manny Gusfa""","=""Bergen Catholic""","=""Schenectady""","=""NY""","=""Journeymen Fall Classic and Womens World Classic"""
"=""10/4/2025""","=""160""","=""Finals""","=""Justin Lowery""","=""Loudoun County Hs""","=""7-3""","=""DEC""","=""Reid Clausi""","=""Kd Trained""","=""Schenectady""","=""NY""","=""Journeymen Fall Classic and Womens World Classic"""
"=""10/4/2025""","=""160""","=""Finals""","=""George Johnson Jr.""","=""Kd Trained""","=""8-2""","=""DEC""","=""Christopher Nocca""","=""Empire Wrestling Academy""","=""Schenectady""","=""NY""","=""Journeymen Fall Classic and Womens World Classic"""
"=""10/4/2025""","=""160""","=""Finals""","=""Griffin Laplante""","=""Kd6""","=""11-6""","=""DEC""","=""Reagan Milheim""","=""M2tc""","=""Schenectady""","=""NY""","=""Journeymen Fall Classic and Womens World Classic"""
"=""10/4/2025""","=""170""","=""RR Rnd 3""","=""Cole Pangborn""","=""Blair Academy""","=""""","=""BYE""","=""""","=""""","=""Schenectady""","=""NY""","=""Journeymen Fall Classic and Womens World Classic"""
"=""10/4/2025""","=""170""","=""RR Rnd 3""","=""Arment Waltenbaugh""","=""The Hill School""","=""""","=""BYE""","=""""","=""""","=""Schenectady""","=""NY""","=""Journeymen Fall Classic and Womens World Classic"""
"=""10/4/2025""","=""170""","=""RR Rnd 3""","=""Ryan Meier""","=""Blair Academy""","=""6-3""","=""DEC""","=""Jake Maddox""","=""Newtown Hs/ Kd Trained""","=""Schenectady""","=""NY""","=""Journeymen Fall Classic and Womens World Classic"""
"=""10/4/2025""","=""170""","=""RR Rnd 3""","=""Gabriel English""","=""Journeymen""","=""10-3""","=""DEC""","=""Matthew Pappas""","=""Iron Faith/bishop Hendricken""","=""Schenectady""","=""NY""","=""Journeymen Fall Classic and Womens World Classic"""
"=""10/4/2025""","=""170""","=""RR Rnd 3""","=""Karl Josef Ludwig Ii""","=""Gnwc/cox Hs""","=""6-5""","=""DEC""","=""Samuel Almedina""","=""Wyoming Seminary""","=""Schenectady""","=""NY""","=""Journeymen Fall Classic and Womens World Classic"""
"=""10/4/2025""","=""170""","=""RR Rnd 3""","=""Andrew Meadows""","=""Mount Airy Hs""","=""""","=""BYE""","=""""","=""""","=""Schenectady""","=""NY""","=""Journeymen Fall Classic and Womens World Classic"""
"=""10/4/2025""","=""170""","=""RR Rnd 3""","=""Noah Tucker""","=""Cwc""","=""""","=""BYE""","=""""","=""""","=""Schenectady""","=""NY""","=""Journeymen Fall Classic and Womens World Classic"""
"=""10/4/2025""","=""170""","=""RR Rnd 3""","=""Gunner Lopez""","=""Black Fox""","=""""","=""BYE""","=""""","=""""","=""Schenectady""","=""NY""","=""Journeymen Fall Classic and Womens World Classic"""
"=""10/4/2025""","=""170""","=""RR Rnd 3""","=""Ibrahim Dheel""","=""Legacy Dragons""","=""""","=""BYE""","=""""","=""""","=""Schenectady""","=""NY""","=""Journeymen Fall Classic and Womens World Classic"""
"=""10/4/2025""","=""170""","=""RR Rnd 3""","=""Thomas Schechterly""","=""Mat Assassins""","=""4-1 TB1""","=""DEC""","=""Aj Digiovanni""","=""Bergen Catholic""","=""Schenectady""","=""NY""","=""Journeymen Fall Classic and Womens World Classic"""
"=""10/4/2025""","=""170""","=""RR Rnd 3""","=""Cole Aguirre""","=""Fort Zumwalt North Wrestling""","=""7-0""","=""DEC""","=""Bill Fullhart""","=""Eiwc""","=""Schenectady""","=""NY""","=""Journeymen Fall Classic and Womens World Classic"""
"=""10/4/2025""","=""170""","=""RR Rnd 3""","=""Tyler Ritter""","=""Chenango Forks""","=""""","=""BYE""","=""""","=""""","=""Schenectady""","=""NY""","=""Journeymen Fall Classic and Womens World Classic"""
"=""10/4/2025""","=""136""","=""RR Rnd 3""","=""Logan Torino""","=""Journeymen WC""","=""""","=""BYE""","=""""","=""""","=""Schenectady""","=""NY""","=""Journeymen Fall Classic and Womens World Classic"""
"=""10/4/2025""","=""170""","=""RR Rnd 3""","=""Barry Norman""","=""Blair Academy""","=""10-0""","=""MD""","=""Zandon Hopson""","=""Red Dot Wrestling""","=""Schenectady""","=""NY""","=""Journeymen Fall Classic and Womens World Classic"""
"=""10/4/2025""","=""170""","=""RR Rnd 3""","=""Ryan Engle""","=""Yale Street""","=""9-4""","=""DEC""","=""Lucas Parietti""","=""Wyoming Seminary""","=""Schenectady""","=""NY""","=""Journeymen Fall Classic and Womens World Classic"""
"=""10/4/2025""","=""170""","=""RR Rnd 3""","=""Ryder Schulte""","=""Red Dot Wrestling""","=""""","=""BYE""","=""""","=""""","=""Schenectady""","=""NY""","=""Journeymen Fall Classic and Womens World Classic"""
"=""10/4/2025""","=""170""","=""RR Rnd 3""","=""Cole Dunham""","=""Iron Horse Wrestling Club""","=""7-2""","=""DEC""","=""Ewan Olson""","=""Tdwc/ Derry Area""","=""Schenectady""","=""NY""","=""Journeymen Fall Classic and Womens World Classic"""
"=""10/4/2025""","=""136""","=""RR Rnd 3""","=""Matthew Peterson""","=""Islip Hs/kd Trained""","=""12-6""","=""DEC""","=""Frankie Rella""","=""Bitetto Trained""","=""Schenectady""","=""NY""","=""Journeymen Fall Classic and Womens World Classic"""
"=""10/4/2025""","=""170""","=""RR Rnd 2""","=""Lucas Parietti""","=""Wyoming Seminary""","=""""","=""BYE""","=""""","=""""","=""Schenectady""","=""NY""","=""Journeymen Fall Classic and Womens World Classic"""
"=""10/4/2025""","=""170""","=""RR Rnd 2""","=""Ewan Olson""","=""Tdwc/ Derry Area""","=""""","=""BYE""","=""""","=""""","=""Schenectady""","=""NY""","=""Journeymen Fall Classic and Womens World Classic"""
"=""10/4/2025""","=""170""","=""RR Rnd 2""","=""Bill Fullhart""","=""Eiwc""","=""""","=""BYE""","=""""","=""""","=""Schenectady""","=""NY""","=""Journeymen Fall Classic and Womens World Classic"""
"=""10/4/2025""","=""170""","=""RR Rnd 2""","=""Cole Dunham""","=""Iron Horse Wrestling Club""","=""4-3""","=""DEC""","=""Noah Tucker""","=""Cwc""","=""Schenectady""","=""NY""","=""Journeymen Fall Classic and Womens World Classic"""
"=""10/4/2025""","=""170""","=""RR Rnd 2""","=""Ryder Schulte""","=""Red Dot Wrestling""","=""15-4""","=""MD""","=""Ryan Engle""","=""Yale Street""","=""Schenectady""","=""NY""","=""Journeymen Fall Classic and Womens World Classic"""
"=""10/4/2025""","=""170""","=""RR Rnd 2""","=""Samuel Almedina""","=""Wyoming Seminary""","=""""","=""BYE""","=""""","=""""","=""Schenectady""","=""NY""","=""Journeymen Fall Classic and Womens World Classic"""
"=""10/4/2025""","=""170""","=""RR Rnd 2""","=""Aj Digiovanni""","=""Bergen Catholic""","=""""","=""BYE""","=""""","=""""","=""Schenectady""","=""NY""","=""Journeymen Fall Classic and Womens World Classic"""
"=""10/4/2025""","=""170""","=""RR Rnd 2""","=""Cole Pangborn""","=""Blair Academy""","=""4-1 SV""","=""DEC""","=""Karl Josef Ludwig Ii""","=""Gnwc/cox Hs""","=""Schenectady""","=""NY""","=""Journeymen Fall Classic and Womens World Classic"""
"=""10/4/2025""","=""136""","=""RR Rnd 2""","=""Matthew Peterson""","=""Islip Hs/kd Trained""","=""""","=""BYE""","=""""","=""""","=""Schenectady""","=""NY""","=""Journeymen Fall Classic and Womens World Classic"""
"=""10/4/2025""","=""170""","=""RR Rnd 2""","=""Ryan Meier""","=""Blair Academy""","=""""","=""BYE""","=""""","=""""","=""Schenectady""","=""NY""","=""Journeymen Fall Classic and Womens World Classic"""
"=""10/4/2025""","=""170""","=""RR Rnd 2""","=""Ibrahim Dheel""","=""Legacy Dragons""","=""4-1""","=""DEC""","=""Gabriel English""","=""Journeymen""","=""Schenectady""","=""NY""","=""Journeymen Fall Classic and Womens World Classic"""
"=""10/4/2025""","=""170""","=""RR Rnd 2""","=""Gunner Lopez""","=""Black Fox""","=""4-1""","=""DEC""","=""Jake Maddox""","=""Newtown Hs/ Kd Trained""","=""Schenectady""","=""NY""","=""Journeymen Fall Classic and Womens World Classic"""
"=""10/4/2025""","=""170""","=""RR Rnd 2""","=""Barry Norman""","=""Blair Academy""","=""""","=""BYE""","=""""","=""""","=""Schenectady""","=""NY""","=""Journeymen Fall Classic and Womens World Classic"""
"=""10/4/2025""","=""170""","=""RR Rnd 2""","=""Cole Aguirre""","=""Fort Zumwalt North Wrestling""","=""7-3""","=""DEC""","=""Andrew Meadows""","=""Mount Airy Hs""","=""Schenectady""","=""NY""","=""Journeymen Fall Classic and Womens World Classic"""
"=""10/4/2025""","=""170""","=""RR Rnd 2""","=""Arment Waltenbaugh""","=""The Hill School""","=""5-3 4:07""","=""F""","=""Thomas Schechterly""","=""Mat Assassins""","=""Schenectady""","=""NY""","=""Journeymen Fall Classic and Womens World Classic"""
"=""10/4/2025""","=""136""","=""RR Rnd 2""","=""Frankie Rella""","=""Bitetto Trained""","=""9-1 0:52""","=""F""","=""Logan Torino""","=""Journeymen WC""","=""Schenectady""","=""NY""","=""Journeymen Fall Classic and Womens World Classic"""
"=""10/4/2025""","=""170""","=""RR Rnd 2""","=""Zandon Hopson""","=""Red Dot Wrestling""","=""15-5 3:14""","=""F""","=""Tyler Ritter""","=""Chenango Forks""","=""Schenectady""","=""NY""","=""Journeymen Fall Classic and Womens World Classic"""
"=""10/4/2025""","=""170""","=""RR Rnd 2""","=""Matthew Pappas""","=""Iron Faith/bishop Hendricken""","=""""","=""BYE""","=""""","=""""","=""Schenectady""","=""NY""","=""Journeymen Fall Classic and Womens World Classic"""
"=""10/4/2025""","=""170""","=""RR Rnd 1""","=""Thomas Schechterly""","=""Mat Assassins""","=""""","=""BYE""","=""""","=""""","=""Schenectady""","=""NY""","=""Journeymen Fall Classic and Womens World Classic"""
"=""10/4/2025""","=""170""","=""RR Rnd 1""","=""Cole Dunham""","=""Iron Horse Wrestling Club""","=""""","=""BYE""","=""""","=""""","=""Schenectady""","=""NY""","=""Journeymen Fall Classic and Womens World Classic"""
"=""10/4/2025""","=""170""","=""RR Rnd 1""","=""Andrew Meadows""","=""Mount Airy Hs""","=""5-0 2:29""","=""F""","=""Bill Fullhart""","=""Eiwc""","=""Schenectady""","=""NY""","=""Journeymen Fall Classic and Womens World Classic"""
"=""10/4/2025""","=""170""","=""RR Rnd 1""","=""Ibrahim Dheel""","=""Legacy Dragons""","=""9-7""","=""DEC""","=""Matthew Pappas""","=""Iron Faith/bishop Hendricken""","=""Schenectady""","=""NY""","=""Journeymen Fall Classic and Womens World Classic"""
"=""10/4/2025""","=""136""","=""RR Rnd 1""","=""Frankie Rella""","=""Bitetto Trained""","=""""","=""BYE""","=""""","=""""","=""Schenectady""","=""NY""","=""Journeymen Fall Classic and Womens World Classic"""
"=""10/4/2025""","=""170""","=""RR Rnd 1""","=""Lucas Parietti""","=""Wyoming Seminary""","=""8-0""","=""MD""","=""Ryder Schulte""","=""Red Dot Wrestling""","=""Schenectady""","=""NY""","=""Journeymen Fall Classic and Womens World Classic"""
"=""10/4/2025""","=""170""","=""RR Rnd 1""","=""Barry Norman""","=""Blair Academy""","=""19-3 2:16""","=""TF""","=""Tyler Ritter""","=""Chenango Forks""","=""Schenectady""","=""NY""","=""Journeymen Fall Classic and Womens World Classic"""
"=""10/4/2025""","=""136""","=""RR Rnd 1""","=""Matthew Peterson""","=""Islip Hs/kd Trained""","=""15-0 1:01""","=""TF""","=""Logan Torino""","=""Journeymen WC""","=""Schenectady""","=""NY""","=""Journeymen Fall Classic and Womens World Classic"""
"=""10/4/2025""","=""170""","=""RR Rnd 1""","=""Ryan Engle""","=""Yale Street""","=""""","=""BYE""","=""""","=""""","=""Schenectady""","=""NY""","=""Journeymen Fall Classic and Womens World Classic"""
"=""10/4/2025""","=""170""","=""RR Rnd 1""","=""Arment Waltenbaugh""","=""The Hill School""","=""6-5""","=""DEC""","=""Aj Digiovanni""","=""Bergen Catholic""","=""Schenectady""","=""NY""","=""Journeymen Fall Classic and Womens World Classic"""
"=""10/4/2025""","=""170""","=""RR Rnd 1""","=""Noah Tucker""","=""Cwc""","=""4-0""","=""DEC""","=""Ewan Olson""","=""Tdwc/ Derry Area""","=""Schenectady""","=""NY""","=""Journeymen Fall Classic and Womens World Classic"""
"=""10/4/2025""","=""170""","=""RR Rnd 1""","=""Jake Maddox""","=""Newtown Hs/ Kd Trained""","=""""","=""BYE""","=""""","=""""","=""Schenectady""","=""NY""","=""Journeymen Fall Classic and Womens World Classic"""
"=""10/4/2025""","=""170""","=""RR Rnd 1""","=""Gabriel English""","=""Journeymen""","=""""","=""BYE""","=""""","=""""","=""Schenectady""","=""NY""","=""Journeymen Fall Classic and Womens World Classic"""
"=""10/4/2025""","=""170""","=""RR Rnd 1""","=""Cole Aguirre""","=""Fort Zumwalt North Wrestling""","=""""","=""BYE""","=""""","=""""","=""Schenectady""","=""NY""","=""Journeymen Fall Classic and Womens World Classic"""
"=""10/4/2025""","=""170""","=""RR Rnd 1""","=""Karl Josef Ludwig Ii""","=""Gnwc/cox Hs""","=""""","=""BYE""","=""""","=""""","=""Schenectady""","=""NY""","=""Journeymen Fall Classic and Womens World Classic"""
"=""10/4/2025""","=""170""","=""RR Rnd 1""","=""Ryan Meier""","=""Blair Academy""","=""4-0""","=""DEC""","=""Gunner Lopez""","=""Black Fox""","=""Schenectady""","=""NY""","=""Journeymen Fall Classic and Womens World Classic"""
"=""10/4/2025""","=""170""","=""RR Rnd 1""","=""Cole Pangborn""","=""Blair Academy""","=""4-1""","=""DEC""","=""Samuel Almedina""","=""Wyoming Seminary""","=""Schenectady""","=""NY""","=""Journeymen Fall Classic and Womens World Classic"""
"=""10/4/2025""","=""170""","=""RR Rnd 1""","=""Zandon Hopson""","=""Red Dot Wrestling""","=""""","=""BYE""","=""""","=""""","=""Schenectady""","=""NY""","=""Journeymen Fall Classic and Womens World Classic"""
"=""10/4/2025""","=""170""","=""Consi of 16 #1""","=""Asan Ali""","=""Kd Trained""","=""""","=""BYE""","=""""","=""""","=""Schenectady""","=""NY""","=""Journeymen Fall Classic and Womens World Classic"""
"=""10/4/2025""","=""170""","=""Consi of 16 #1""","=""Jacob Relation""","=""Journeymen WC""","=""""","=""BYE""","=""""","=""""","=""Schenectady""","=""NY""","=""Journeymen Fall Classic and Womens World Classic"""
"=""10/4/2025""","=""170""","=""Consi of 16 #2""","=""Xavier Vasquez""","=""Kd Trained""","=""""","=""BYE""","=""""","=""""","=""Schenectady""","=""NY""","=""Journeymen Fall Classic and Womens World Classic"""
"=""10/4/2025""","=""170""","=""Consi of 16 #2""","=""Alphonse Milano""","=""Fisheye""","=""""","=""BYE""","=""""","=""""","=""Schenectady""","=""NY""","=""Journeymen Fall Classic and Womens World Classic"""
"=""10/4/2025""","=""170""","=""Consi of 16 #2""","=""Trent Myszka""","=""Club-superior Wrestling Academy""","=""""","=""BYE""","=""""","=""""","=""Schenectady""","=""NY""","=""Journeymen Fall Classic and Womens World Classic"""
"=""10/4/2025""","=""170""","=""Consi of 16 #2""","=""Ethan Yang""","=""Journeymen WC""","=""""","=""BYE""","=""""","=""""","=""Schenectady""","=""NY""","=""Journeymen Fall Classic and Womens World Classic"""
"=""10/4/2025""","=""170""","=""Consi of 16 #2""","=""Michael Gomez""","=""East Stroudsburg North""","=""""","=""BYE""","=""""","=""""","=""Schenectady""","=""NY""","=""Journeymen Fall Classic and Womens World Classic"""
"=""10/4/2025""","=""170""","=""Consi of 16 #2""","=""Tyler Shane""","=""Elite Wrestling""","=""3-0 1:51""","=""F""","=""Asan Ali""","=""Kd Trained""","=""Schenectady""","=""NY""","=""Journeymen Fall Classic and Womens World Classic"""
"=""10/4/2025""","=""170""","=""Consi of 16 #2""","=""Sincere Mello""","=""Mt St Charles""","=""""","=""BYE""","=""""","=""""","=""Schenectady""","=""NY""","=""Journeymen Fall Classic and Womens World Classic"""
"=""10/4/2025""","=""170""","=""Consi of 16 #2""","=""Jayden Abbott""","=""Pit Crew Wc""","=""3-0 0:37""","=""F""","=""Jacob Relation""","=""Journeymen WC""","=""Schenectady""","=""NY""","=""Journeymen Fall Classic and Womens World Classic"""
"=""10/4/2025""","=""170""","=""Consi of 8 #1""","=""Ethan Yang""","=""Journeymen WC""","=""4-0 3:18""","=""F""","=""Jayden Abbott""","=""Pit Crew Wc""","=""Schenectady""","=""NY""","=""Journeymen Fall Classic and Womens World Classic"""
"=""10/4/2025""","=""170""","=""Consi of 8 #1""","=""Tyler Shane""","=""Elite Wrestling""","=""13-6""","=""DEC""","=""Sincere Mello""","=""Mt St Charles""","=""Schenectady""","=""NY""","=""Journeymen Fall Classic and Womens World Classic"""
"=""10/4/2025""","=""170""","=""Consi of 8 #1""","=""Michael Gomez""","=""East Stroudsburg North""","=""3-4 2:35""","=""F""","=""Alphonse Milano""","=""Fisheye""","=""Schenectady""","=""NY""","=""Journeymen Fall Classic and Womens World Classic"""
"=""10/4/2025""","=""170""","=""Consi of 8 #1""","=""Trent Myszka""","=""Club-superior Wrestling Academy""","=""15-0 2:58""","=""TF""","=""Xavier Vasquez""","=""Kd Trained""","=""Schenectady""","=""NY""","=""Journeymen Fall Classic and Womens World Classic"""
"=""10/4/2025""","=""170""","=""Consi of 8 #2""","=""Porter Vega""","=""Superior""","=""7-4 3:22""","=""F""","=""Michael Gomez""","=""East Stroudsburg North""","=""Schenectady""","=""NY""","=""Journeymen Fall Classic and Womens World Classic"""
"=""10/4/2025""","=""170""","=""Consi of 8 #2""","=""Mateo Morell""","=""The Mat Club""","=""3-0 0:33""","=""F""","=""Trent Myszka""","=""Club-superior Wrestling Academy""","=""Schenectady""","=""NY""","=""Journeymen Fall Classic and Womens World Classic"""
"=""10/4/2025""","=""170""","=""Consi of 8 #2""","=""Tyler Shane""","=""Elite Wrestling""","=""1-0""","=""DEC""","=""Logan Holmes""","=""Doughboy Wrestling Club""","=""Schenectady""","=""NY""","=""Journeymen Fall Classic and Womens World Classic"""
"=""10/4/2025""","=""170""","=""Consi of 8 #2""","=""Jesse Woodson""","=""Impact Wrestling Club""","=""8-0""","=""MD""","=""Ethan Yang""","=""Journeymen WC""","=""Schenectady""","=""NY""","=""Journeymen Fall Classic and Womens World Classic"""
"=""10/4/2025""","=""170""","=""Consi of 4""","=""Tyler Shane""","=""Elite Wrestling""","=""11-0""","=""MD""","=""Porter Vega""","=""Superior""","=""Schenectady""","=""NY""","=""Journeymen Fall Classic and Womens World Classic"""
"=""10/4/2025""","=""170""","=""Consi of 4""","=""Arment Waltenbaugh""","=""The Hill School""","=""12-2""","=""MD""","=""Cole Aguirre""","=""Fort Zumwalt North Wrestling""","=""Schenectady""","=""NY""","=""Journeymen Fall Classic and Womens World Classic"""
"=""10/4/2025""","=""170""","=""Consi of 4""","=""Mateo Morell""","=""The Mat Club""","=""10-2""","=""MD""","=""Jesse Woodson""","=""Impact Wrestling Club""","=""Schenectady""","=""NY""","=""Journeymen Fall Classic and Womens World Classic"""
"=""10/4/2025""","=""170""","=""Consi of 4""","=""Samuel Almedina""","=""Wyoming Seminary""","=""""","=""M FOR""","=""Tyler Ritter""","=""Chenango Forks""","=""Schenectady""","=""NY""","=""Journeymen Fall Classic and Womens World Classic"""
"=""10/4/2025""","=""170""","=""Consi of 4""","=""Cole Dunham""","=""Iron Horse Wrestling Club""","=""13-1""","=""MD""","=""Ibrahim Dheel""","=""Legacy Dragons""","=""Schenectady""","=""NY""","=""Journeymen Fall Classic and Womens World Classic"""
"=""10/4/2025""","=""170""","=""Consi of 4""","=""Zandon Hopson""","=""Red Dot Wrestling""","=""12-8""","=""DEC""","=""Karl Josef Ludwig Ii""","=""Gnwc/cox Hs""","=""Schenectady""","=""NY""","=""Journeymen Fall Classic and Womens World Classic"""
"=""10/4/2025""","=""170""","=""Consi of 4""","=""Ewan Olson""","=""Tdwc/ Derry Area""","=""13-5""","=""MD""","=""Matthew Pappas""","=""Iron Faith/bishop Hendricken""","=""Schenectady""","=""NY""","=""Journeymen Fall Classic and Womens World Classic"""
"=""10/4/2025""","=""170""","=""Consi of 4""","=""Gunner Lopez""","=""Black Fox""","=""2-1 TB2""","=""DEC""","=""Ryan Engle""","=""Yale Street""","=""Schenectady""","=""NY""","=""Journeymen Fall Classic and Womens World Classic"""
"=""10/4/2025""","=""170""","=""Consi-Semis""","=""Ryan Thompson""","=""Nc United/ Cardinal Gibbons""","=""2-3 1:41""","=""F""","=""Mateo Morell""","=""The Mat Club""","=""Schenectady""","=""NY""","=""Journeymen Fall Classic and Womens World Classic"""
"=""10/4/2025""","=""170""","=""Consi-Semis""","=""Tyler Shane""","=""Elite Wrestling""","=""11-5""","=""DEC""","=""Anthony Archambault""","=""Smitty's Barn""","=""Schenectady""","=""NY""","=""Journeymen Fall Classic and Womens World Classic"""
"=""10/4/2025""","=""170""","=""7th Place""","=""Ibrahim Dheel""","=""Legacy Dragons""","=""5-2""","=""DEC""","=""Cole Aguirre""","=""Fort Zumwalt North Wrestling""","=""Schenectady""","=""NY""","=""Journeymen Fall Classic and Womens World Classic"""
"=""10/4/2025""","=""170""","=""7th Place""","=""Matthew Pappas""","=""Iron Faith/bishop Hendricken""","=""""","=""M FOR""","=""Tyler Ritter""","=""Chenango Forks""","=""Schenectady""","=""NY""","=""Journeymen Fall Classic and Womens World Classic"""
"=""10/4/2025""","=""170""","=""7th Place""","=""Ryan Engle""","=""Yale Street""","=""10-1""","=""MD""","=""Karl Josef Ludwig Ii""","=""Gnwc/cox Hs""","=""Schenectady""","=""NY""","=""Journeymen Fall Classic and Womens World Classic"""
"=""10/4/2025""","=""170""","=""5th Place""","=""Samuel Almedina""","=""Wyoming Seminary""","=""10-2""","=""MD""","=""Ewan Olson""","=""Tdwc/ Derry Area""","=""Schenectady""","=""NY""","=""Journeymen Fall Classic and Womens World Classic"""
"=""10/4/2025""","=""170""","=""5th Place""","=""Cole Dunham""","=""Iron Horse Wrestling Club""","=""4-0""","=""DEC""","=""Arment Waltenbaugh""","=""The Hill School""","=""Schenectady""","=""NY""","=""Journeymen Fall Classic and Womens World Classic"""
"=""10/4/2025""","=""170""","=""5th Place""","=""Zandon Hopson""","=""Red Dot Wrestling""","=""5-1""","=""DEC""","=""Gunner Lopez""","=""Black Fox""","=""Schenectady""","=""NY""","=""Journeymen Fall Classic and Womens World Classic"""
"=""10/4/2025""","=""170""","=""3rd Place""","=""Ryan Meier""","=""Blair Academy""","=""5-3""","=""DEC""","=""Cole Pangborn""","=""Blair Academy""","=""Schenectady""","=""NY""","=""Journeymen Fall Classic and Womens World Classic"""
"=""10/4/2025""","=""170""","=""3rd Place""","=""Gabriel English""","=""Journeymen""","=""14-4""","=""MD""","=""Andrew Meadows""","=""Mount Airy Hs""","=""Schenectady""","=""NY""","=""Journeymen Fall Classic and Womens World Classic"""
"=""10/4/2025""","=""170""","=""3rd Place""","=""Ryan Thompson""","=""Nc United/ Cardinal Gibbons""","=""9-6 SV""","=""DEC""","=""Tyler Shane""","=""Elite Wrestling""","=""Schenectady""","=""NY""","=""Journeymen Fall Classic and Womens World Classic"""
"=""10/4/2025""","=""170""","=""3rd Place""","=""Bill Fullhart""","=""Eiwc""","=""""","=""M FOR""","=""Jake Maddox""","=""Newtown Hs/ Kd Trained""","=""Schenectady""","=""NY""","=""Journeymen Fall Classic and Womens World Classic"""
"=""10/4/2025""","=""170""","=""Round of 32""","=""Michael Byrne""","=""Legacy Dragons""","=""""","=""BYE""","=""""","=""""","=""Schenectady""","=""NY""","=""Journeymen Fall Classic and Womens World Classic"""
"=""10/4/2025""","=""170""","=""Round of 32""","=""Ryan Thompson""","=""Nc United/ Cardinal Gibbons""","=""""","=""BYE""","=""""","=""""","=""Schenectady""","=""NY""","=""Journeymen Fall Classic and Womens World Classic"""
"=""10/4/2025""","=""170""","=""Round of 32""","=""Logan Holmes""","=""Doughboy Wrestling Club""","=""""","=""BYE""","=""""","=""""","=""Schenectady""","=""NY""","=""Journeymen Fall Classic and Womens World Classic"""
"=""10/4/2025""","=""170""","=""Round of 32""","=""Ethan Yang""","=""Journeymen WC""","=""""","=""BYE""","=""""","=""""","=""Schenectady""","=""NY""","=""Journeymen Fall Classic and Womens World Classic"""
"=""10/4/2025""","=""170""","=""Round of 32""","=""Jesse Woodson""","=""Impact Wrestling Club""","=""""","=""BYE""","=""""","=""""","=""Schenectady""","=""NY""","=""Journeymen Fall Classic and Womens World Classic"""
"=""10/4/2025""","=""170""","=""Round of 32""","=""Xavier Vasquez""","=""Kd Trained""","=""""","=""BYE""","=""""","=""""","=""Schenectady""","=""NY""","=""Journeymen Fall Classic and Womens World Classic"""
"=""10/4/2025""","=""170""","=""Round of 32""","=""Tyler Shane""","=""Elite Wrestling""","=""9-0 2:19""","=""F""","=""Jacob Relation""","=""Journeymen WC""","=""Schenectady""","=""NY""","=""Journeymen Fall Classic and Womens World Classic"""
"=""10/4/2025""","=""170""","=""Round of 32""","=""Michael Gomez""","=""East Stroudsburg North""","=""""","=""BYE""","=""""","=""""","=""Schenectady""","=""NY""","=""Journeymen Fall Classic and Womens World Classic"""
"=""10/4/2025""","=""170""","=""Round of 32""","=""Jayden Abbott""","=""Pit Crew Wc""","=""16-1 4:32""","=""TF""","=""Asan Ali""","=""Kd Trained""","=""Schenectady""","=""NY""","=""Journeymen Fall Classic and Womens World Classic"""
"=""10/4/2025""","=""170""","=""Round of 32""","=""Trent Myszka""","=""Club-superior Wrestling Academy""","=""""","=""BYE""","=""""","=""""","=""Schenectady""","=""NY""","=""Journeymen Fall Classic and Womens World Classic"""
"=""10/4/2025""","=""170""","=""Round of 32""","=""Porter Vega""","=""Superior""","=""""","=""BYE""","=""""","=""""","=""Schenectady""","=""NY""","=""Journeymen Fall Classic and Womens World Classic"""
"=""10/4/2025""","=""170""","=""Round of 32""","=""Mateo Morell""","=""The Mat Club""","=""""","=""BYE""","=""""","=""""","=""Schenectady""","=""NY""","=""Journeymen Fall Classic and Womens World Classic"""
"=""10/4/2025""","=""170""","=""Round of 32""","=""Alphonse Milano""","=""Fisheye""","=""""","=""BYE""","=""""","=""""","=""Schenectady""","=""NY""","=""Journeymen Fall Classic and Womens World Classic"""
"=""10/4/2025""","=""170""","=""Round of 32""","=""Thomas Schechterly""","=""Mat Assassins Wc""","=""""","=""BYE""","=""""","=""""","=""Schenectady""","=""NY""","=""Journeymen Fall Classic and Womens World Classic"""
"=""10/4/2025""","=""170""","=""Round of 32""","=""Sincere Mello""","=""Mt St Charles""","=""""","=""BYE""","=""""","=""""","=""Schenectady""","=""NY""","=""Journeymen Fall Classic and Womens World Classic"""
"=""10/4/2025""","=""170""","=""Round of 32""","=""Anthony Archambault""","=""Smitty's Barn""","=""""","=""BYE""","=""""","=""""","=""Schenectady""","=""NY""","=""Journeymen Fall Classic and Womens World Classic"""
"=""10/4/2025""","=""170""","=""Round of 16""","=""Jesse Woodson""","=""Impact Wrestling Club""","=""19-4 4:30""","=""F""","=""Alphonse Milano""","=""Fisheye""","=""Schenectady""","=""NY""","=""Journeymen Fall Classic and Womens World Classic"""
"=""10/4/2025""","=""170""","=""Round of 16""","=""Anthony Archambault""","=""Smitty's Barn""","=""11-4 3:11""","=""F""","=""Michael Gomez""","=""East Stroudsburg North""","=""Schenectady""","=""NY""","=""Journeymen Fall Classic and Womens World Classic"""
"=""10/4/2025""","=""170""","=""Round of 16""","=""Ryan Thompson""","=""Nc United/ Cardinal Gibbons""","=""8-1""","=""DEC""","=""Ethan Yang""","=""Journeymen WC""","=""Schenectady""","=""NY""","=""Journeymen Fall Classic and Womens World Classic"""
"=""10/4/2025""","=""170""","=""Round of 16""","=""Porter Vega""","=""Superior""","=""2-1""","=""DEC""","=""Jayden Abbott""","=""Pit Crew Wc""","=""Schenectady""","=""NY""","=""Journeymen Fall Classic and Womens World Classic"""
"=""10/4/2025""","=""170""","=""Round of 16""","=""Michael Byrne""","=""Legacy Dragons""","=""6-0 1:38""","=""F""","=""Trent Myszka""","=""Club-superior Wrestling Academy""","=""Schenectady""","=""NY""","=""Journeymen Fall Classic and Womens World Classic"""
"=""10/4/2025""","=""170""","=""Round of 16""","=""Mateo Morell""","=""The Mat Club""","=""17-1 4:45""","=""TF""","=""Sincere Mello""","=""Mt St Charles""","=""Schenectady""","=""NY""","=""Journeymen Fall Classic and Womens World Classic"""
"=""10/4/2025""","=""170""","=""Round of 16""","=""Thomas Schechterly""","=""Mat Assassins Wc""","=""10-6""","=""DEC""","=""Tyler Shane""","=""Elite Wrestling""","=""Schenectady""","=""NY""","=""Journeymen Fall Classic and Womens World Classic"""
"=""10/4/2025""","=""170""","=""Round of 16""","=""Logan Holmes""","=""Doughboy Wrestling Club""","=""3-0 0:36""","=""F""","=""Xavier Vasquez""","=""Kd Trained""","=""Schenectady""","=""NY""","=""Journeymen Fall Classic and Womens World Classic"""
"=""10/4/2025""","=""170""","=""Quarter-Finals""","=""Gabriel English""","=""Journeymen""","=""10-1""","=""MD""","=""Ryan Engle""","=""Yale Street""","=""Schenectady""","=""NY""","=""Journeymen Fall Classic and Womens World Classic"""
"=""10/4/2025""","=""170""","=""Quarter-Finals""","=""Lucas Parietti""","=""Wyoming Seminary""","=""11-1""","=""MD""","=""Matthew Pappas""","=""Iron Faith/bishop Hendricken""","=""Schenectady""","=""NY""","=""Journeymen Fall Classic and Womens World Classic"""
"=""10/4/2025""","=""170""","=""Quarter-Finals""","=""Anthony Archambault""","=""Smitty's Barn""","=""3-0 0:53""","=""F""","=""Jesse Woodson""","=""Impact Wrestling Club""","=""Schenectady""","=""NY""","=""Journeymen Fall Classic and Womens World Classic"""
"=""10/4/2025""","=""170""","=""Quarter-Finals""","=""Noah Tucker""","=""Cwc""","=""11-0""","=""MD""","=""Gunner Lopez""","=""Black Fox""","=""Schenectady""","=""NY""","=""Journeymen Fall Classic and Womens World Classic"""
"=""10/4/2025""","=""170""","=""Quarter-Finals""","=""Ryan Meier""","=""Blair Academy""","=""9-6""","=""DEC""","=""Cole Dunham""","=""Iron Horse Wrestling Club""","=""Schenectady""","=""NY""","=""Journeymen Fall Classic and Womens World Classic"""
"=""10/4/2025""","=""170""","=""Quarter-Finals""","=""Thomas Schechterly""","=""Mat Assassins Wc""","=""12-3 1:08""","=""F""","=""Mateo Morell""","=""The Mat Club""","=""Schenectady""","=""NY""","=""Journeymen Fall Classic and Womens World Classic"""
"=""10/4/2025""","=""170""","=""Quarter-Finals""","=""Michael Byrne""","=""Legacy Dragons""","=""6-2""","=""DEC""","=""Logan Holmes""","=""Doughboy Wrestling Club""","=""Schenectady""","=""NY""","=""Journeymen Fall Classic and Womens World Classic"""
"=""10/4/2025""","=""170""","=""Quarter-Finals""","=""Bill Fullhart""","=""Eiwc""","=""13-8""","=""DEC""","=""Samuel Almedina""","=""Wyoming Seminary""","=""Schenectady""","=""NY""","=""Journeymen Fall Classic and Womens World Classic"""
"=""10/4/2025""","=""170""","=""Quarter-Finals""","=""Andrew Meadows""","=""Mount Airy Hs""","=""11-4""","=""DEC""","=""Karl Josef Ludwig Ii""","=""Gnwc/cox Hs""","=""Schenectady""","=""NY""","=""Journeymen Fall Classic and Womens World Classic"""
"=""10/4/2025""","=""170""","=""Quarter-Finals""","=""Ryder Schulte""","=""Red Dot Wrestling""","=""8-2""","=""DEC""","=""Ibrahim Dheel""","=""Legacy Dragons""","=""Schenectady""","=""NY""","=""Journeymen Fall Classic and Womens World Classic"""
"=""10/4/2025""","=""170""","=""Quarter-Finals""","=""Thomas Schechterly""","=""Mat Assassins""","=""4-3""","=""DEC""","=""Zandon Hopson""","=""Red Dot Wrestling""","=""Schenectady""","=""NY""","=""Journeymen Fall Classic and Womens World Classic"""
"=""10/4/2025""","=""170""","=""Quarter-Finals""","=""Cole Pangborn""","=""Blair Academy""","=""4-2""","=""DEC""","=""Cole Aguirre""","=""Fort Zumwalt North Wrestling""","=""Schenectady""","=""NY""","=""Journeymen Fall Classic and Womens World Classic"""
"=""10/4/2025""","=""170""","=""Quarter-Finals""","=""Jake Maddox""","=""Newtown Hs/ Kd Trained""","=""1-3 2:44""","=""F""","=""Ewan Olson""","=""Tdwc/ Derry Area""","=""Schenectady""","=""NY""","=""Journeymen Fall Classic and Womens World Classic"""
"=""10/4/2025""","=""170""","=""Quarter-Finals""","=""Barry Norman""","=""Blair Academy""","=""8-7""","=""DEC""","=""Arment Waltenbaugh""","=""The Hill School""","=""Schenectady""","=""NY""","=""Journeymen Fall Classic and Womens World Classic"""
"=""10/4/2025""","=""170""","=""Quarter-Finals""","=""Aj Digiovanni""","=""Bergen Catholic""","=""12-0 4:41""","=""F""","=""Tyler Ritter""","=""Chenango Forks""","=""Schenectady""","=""NY""","=""Journeymen Fall Classic and Womens World Classic"""
"=""10/4/2025""","=""170""","=""Quarter-Finals""","=""Ryan Thompson""","=""Nc United/ Cardinal Gibbons""","=""12-2""","=""MD""","=""Porter Vega""","=""Superior""","=""Schenectady""","=""NY""","=""Journeymen Fall Classic and Womens World Classic"""
"=""10/4/2025""","=""170""","=""Semi-Finals""","=""Lucas Parietti""","=""Wyoming Seminary""","=""8-5""","=""DEC""","=""Jake Maddox""","=""Newtown Hs/ Kd Trained""","=""Schenectady""","=""NY""","=""Journeymen Fall Classic and Womens World Classic"""
"=""10/4/2025""","=""170""","=""Semi-Finals""","=""Aj Digiovanni""","=""Bergen Catholic""","=""13-4""","=""MD""","=""Bill Fullhart""","=""Eiwc""","=""Schenectady""","=""NY""","=""Journeymen Fall Classic and Womens World Classic"""
"=""10/4/2025""","=""170""","=""Semi-Finals""","=""Michael Byrne""","=""Legacy Dragons""","=""6-3""","=""DEC""","=""Ryan Thompson""","=""Nc United/ Cardinal Gibbons""","=""Schenectady""","=""NY""","=""Journeymen Fall Classic and Womens World Classic"""
"=""10/4/2025""","=""170""","=""Semi-Finals""","=""Noah Tucker""","=""Cwc""","=""7-2""","=""DEC""","=""Gabriel English""","=""Journeymen""","=""Schenectady""","=""NY""","=""Journeymen Fall Classic and Womens World Classic"""
"=""10/4/2025""","=""170""","=""Semi-Finals""","=""Ryder Schulte""","=""Red Dot Wrestling""","=""4-1""","=""DEC""","=""Ryan Meier""","=""Blair Academy""","=""Schenectady""","=""NY""","=""Journeymen Fall Classic and Womens World Classic"""
"=""10/4/2025""","=""170""","=""Semi-Finals""","=""Barry Norman""","=""Blair Academy""","=""6-2""","=""DEC""","=""Cole Pangborn""","=""Blair Academy""","=""Schenectady""","=""NY""","=""Journeymen Fall Classic and Womens World Classic"""
"=""10/4/2025""","=""170""","=""Semi-Finals""","=""Thomas Schechterly""","=""Mat Assassins""","=""5-3""","=""DEC""","=""Andrew Meadows""","=""Mount Airy Hs""","=""Schenectady""","=""NY""","=""Journeymen Fall Classic and Womens World Classic"""
"=""10/4/2025""","=""170""","=""Semi-Finals""","=""Thomas Schechterly""","=""Mat Assassins Wc""","=""16-3""","=""MD""","=""Anthony Archambault""","=""Smitty's Barn""","=""Schenectady""","=""NY""","=""Journeymen Fall Classic and Womens World Classic"""
"=""10/4/2025""","=""170""","=""Finals""","=""Lucas Parietti""","=""Wyoming Seminary""","=""7-6""","=""DEC""","=""Aj Digiovanni""","=""Bergen Catholic""","=""Schenectady""","=""NY""","=""Journeymen Fall Classic and Womens World Classic"""
"=""10/4/2025""","=""170""","=""Finals""","=""Thomas Schechterly""","=""Mat Assassins""","=""3-2""","=""DEC""","=""Noah Tucker""","=""Cwc""","=""Schenectady""","=""NY""","=""Journeymen Fall Classic and Womens World Classic"""
"=""10/4/2025""","=""170""","=""Finals""","=""Barry Norman""","=""Blair Academy""","=""4-3""","=""DEC""","=""Ryder Schulte""","=""Red Dot Wrestling""","=""Schenectady""","=""NY""","=""Journeymen Fall Classic and Womens World Classic"""
"=""10/4/2025""","=""170""","=""Finals""","=""Thomas Schechterly""","=""Mat Assassins Wc""","=""1-0""","=""DEC""","=""Michael Byrne""","=""Legacy Dragons""","=""Schenectady""","=""NY""","=""Journeymen Fall Classic and Womens World Classic"""
"=""10/4/2025""","=""145""","=""RR Rnd 5""","=""Xavier Gusfa""","=""Dragon Rtc""","=""5-0""","=""DEC""","=""Louden Dunn""","=""Combat Athletics""","=""Schenectady""","=""NY""","=""Journeymen Fall Classic and Womens World Classic"""
"=""10/4/2025""","=""145""","=""RR Rnd 5""","=""Bode Heller""","=""Iron Horse Wrestling Club""","=""10-1 1:27""","=""F""","=""Brayden Biggs""","=""Rampage""","=""Schenectady""","=""NY""","=""Journeymen Fall Classic and Womens World Classic"""
"=""10/4/2025""","=""145""","=""RR Rnd 5""","=""Owen Kelley""","=""Nova Wrestling Club""","=""""","=""BYE""","=""""","=""""","=""Schenectady""","=""NY""","=""Journeymen Fall Classic and Womens World Classic"""
"=""10/4/2025""","=""145""","=""RR Rnd 4""","=""Xavier Gusfa""","=""Dragon Rtc""","=""6-0 1:58""","=""F""","=""Owen Kelley""","=""Nova Wrestling Club""","=""Schenectady""","=""NY""","=""Journeymen Fall Classic and Womens World Classic"""
"=""10/4/2025""","=""145""","=""RR Rnd 4""","=""Bode Heller""","=""Iron Horse Wrestling Club""","=""""","=""BYE""","=""""","=""""","=""Schenectady""","=""NY""","=""Journeymen Fall Classic and Womens World Classic"""
"=""10/4/2025""","=""145""","=""RR Rnd 4""","=""Louden Dunn""","=""Combat Athletics""","=""15-0 3:16""","=""TF""","=""Brayden Biggs""","=""Rampage""","=""Schenectady""","=""NY""","=""Journeymen Fall Classic and Womens World Classic"""
"=""10/4/2025""","=""185""","=""RR Rnd 3""","=""Mason Marolo""","=""Mat Assassins""","=""17-2 4:18""","=""TF""","=""Lerrod Smalls Ii""","=""Nyma""","=""Schenectady""","=""NY""","=""Journeymen Fall Classic and Womens World Classic"""
"=""10/4/2025""","=""145""","=""RR Rnd 3""","=""Louden Dunn""","=""Combat Athletics""","=""10-4""","=""DEC""","=""Bode Heller""","=""Iron Horse Wrestling Club""","=""Schenectady""","=""NY""","=""Journeymen Fall Classic and Womens World Classic"""
"=""10/4/2025""","=""185""","=""RR Rnd 3""","=""Brock Oizerowitz""","=""Triumph Trained / The Academy""","=""""","=""BYE""","=""""","=""""","=""Schenectady""","=""NY""","=""Journeymen Fall Classic and Womens World Classic"""
"=""10/4/2025""","=""185""","=""RR Rnd 3""","=""Jeremy P. Leblanc""","=""Red Dot Wrestling""","=""5-4""","=""DEC""","=""Kaden Curry""","=""Monster Garage""","=""Schenectady""","=""NY""","=""Journeymen Fall Classic and Womens World Classic"""
"=""10/4/2025""","=""185""","=""RR Rnd 3""","=""Luke Dougherty""","=""Dragon Wrestling Club""","=""7-1""","=""DEC""","=""Quentin Getzin""","=""Ithaca""","=""Schenectady""","=""NY""","=""Journeymen Fall Classic and Womens World Classic"""
"=""10/4/2025""","=""145""","=""RR Rnd 3""","=""Xavier Gusfa""","=""Dragon Rtc""","=""""","=""BYE""","=""""","=""""","=""Schenectady""","=""NY""","=""Journeymen Fall Classic and Womens World Classic"""
"=""10/4/2025""","=""145""","=""RR Rnd 3""","=""Owen Kelley""","=""Nova Wrestling Club""","=""15-0 3:24""","=""TF""","=""Brayden Biggs""","=""Rampage""","=""Schenectady""","=""NY""","=""Journeymen Fall Classic and Womens World Classic"""
"=""10/4/2025""","=""185""","=""RR Rnd 3""","=""Salah Tsarni""","=""Capital Wrestling Club""","=""""","=""BYE""","=""""","=""""","=""Schenectady""","=""NY""","=""Journeymen Fall Classic and Womens World Classic"""
"=""10/4/2025""","=""185""","=""RR Rnd 3""","=""Mason Savidan""","=""Monster Garage""","=""""","=""BYE""","=""""","=""""","=""Schenectady""","=""NY""","=""Journeymen Fall Classic and Womens World Classic"""
"=""10/4/2025""","=""145""","=""RR Rnd 2""","=""Louden Dunn""","=""Combat Athletics""","=""""","=""BYE""","=""""","=""""","=""Schenectady""","=""NY""","=""Journeymen Fall Classic and Womens World Classic"""
"=""10/4/2025""","=""185""","=""RR Rnd 2""","=""Mason Savidan""","=""Monster Garage""","=""14-6""","=""MD""","=""Quentin Getzin""","=""Ithaca""","=""Schenectady""","=""NY""","=""Journeymen Fall Classic and Womens World Classic"""
"=""10/4/2025""","=""185""","=""RR Rnd 2""","=""Luke Dougherty""","=""Dragon Wrestling Club""","=""""","=""BYE""","=""""","=""""","=""Schenectady""","=""NY""","=""Journeymen Fall Classic and Womens World Classic"""
"=""10/4/2025""","=""185""","=""RR Rnd 2""","=""Mason Marolo""","=""Mat Assassins""","=""""","=""BYE""","=""""","=""""","=""Schenectady""","=""NY""","=""Journeymen Fall Classic and Womens World Classic"""
"=""10/4/2025""","=""185""","=""RR Rnd 2""","=""Salah Tsarni""","=""Capital Wrestling Club""","=""17-2 3:16""","=""TF""","=""Kaden Curry""","=""Monster Garage""","=""Schenectady""","=""NY""","=""Journeymen Fall Classic and Womens World Classic"""
"=""10/4/2025""","=""185""","=""RR Rnd 2""","=""Jeremy P. Leblanc""","=""Red Dot Wrestling""","=""""","=""BYE""","=""""","=""""","=""Schenectady""","=""NY""","=""Journeymen Fall Classic and Womens World Classic"""
"=""10/4/2025""","=""145""","=""RR Rnd 2""","=""Bode Heller""","=""Iron Horse Wrestling Club""","=""12-1 4:16""","=""F""","=""Owen Kelley""","=""Nova Wrestling Club""","=""Schenectady""","=""NY""","=""Journeymen Fall Classic and Womens World Classic"""
"=""10/4/2025""","=""185""","=""RR Rnd 2""","=""Brock Oizerowitz""","=""Triumph Trained / The Academy""","=""16-0 3:58""","=""TF""","=""Lerrod Smalls Ii""","=""Nyma""","=""Schenectady""","=""NY""","=""Journeymen Fall Classic and Womens World Classic"""
"=""10/4/2025""","=""145""","=""RR Rnd 2""","=""Xavier Gusfa""","=""Dragon Rtc""","=""7-1 2:04""","=""F""","=""Brayden Biggs""","=""Rampage""","=""Schenectady""","=""NY""","=""Journeymen Fall Classic and Womens World Classic"""
"=""10/4/2025""","=""145""","=""RR Rnd 1""","=""Brayden Biggs""","=""Rampage""","=""""","=""BYE""","=""""","=""""","=""Schenectady""","=""NY""","=""Journeymen Fall Classic and Womens World Classic"""
"=""10/4/2025""","=""185""","=""RR Rnd 1""","=""Mason Marolo""","=""Mat Assassins""","=""13-7""","=""DEC""","=""Brock Oizerowitz""","=""Triumph Trained / The Academy""","=""Schenectady""","=""NY""","=""Journeymen Fall Classic and Womens World Classic"""
"=""10/4/2025""","=""185""","=""RR Rnd 1""","=""Dominic Hittepole""","=""Combat Athletics""","=""8-0""","=""MD""","=""Konrad Kutt""","=""Smittys Barn/phillips Exeter""","=""Schenectady""","=""NY""","=""Journeymen Fall Classic and Womens World Classic"""
"=""10/4/2025""","=""185""","=""RR Rnd 1""","=""Liam N English""","=""Journeymen""","=""7-1""","=""DEC""","=""Fletcher Rinke""","=""Metrounited""","=""Schenectady""","=""NY""","=""Journeymen Fall Classic and Womens World Classic"""
"=""10/4/2025""","=""145""","=""RR Rnd 1""","=""Louden Dunn""","=""Combat Athletics""","=""10-5""","=""DEC""","=""Owen Kelley""","=""Nova Wrestling Club""","=""Schenectady""","=""NY""","=""Journeymen Fall Classic and Womens World Classic"""
"=""10/4/2025""","=""185""","=""RR Rnd 1""","=""Lerrod Smalls Ii""","=""Nyma""","=""""","=""BYE""","=""""","=""""","=""Schenectady""","=""NY""","=""Journeymen Fall Classic and Womens World Classic"""
"=""10/4/2025""","=""185""","=""RR Rnd 1""","=""Salah Tsarni""","=""Capital Wrestling Club""","=""18-2 4:23""","=""TF""","=""Jeremy P. Leblanc""","=""Red Dot Wrestling""","=""Schenectady""","=""NY""","=""Journeymen Fall Classic and Womens World Classic"""
"=""10/4/2025""","=""185""","=""RR Rnd 1""","=""Quentin Getzin""","=""Ithaca""","=""""","=""BYE""","=""""","=""""","=""Schenectady""","=""NY""","=""Journeymen Fall Classic and Womens World Classic"""
"=""10/4/2025""","=""185""","=""RR Rnd 1""","=""Casey Liess""","=""Northfield Mount Herman - Nmh""","=""7-5""","=""DEC""","=""Tornike Kajaia""","=""Dragon""","=""Schenectady""","=""NY""","=""Journeymen Fall Classic and Womens World Classic"""
"=""10/4/2025""","=""185""","=""RR Rnd 1""","=""Tre Driggett""","=""Brevard Fca""","=""11-8""","=""DEC""","=""Cyrus Jones""","=""Metro West United""","=""Schenectady""","=""NY""","=""Journeymen Fall Classic and Womens World Classic"""
"=""10/4/2025""","=""185""","=""RR Rnd 1""","=""Kaden Curry""","=""Monster Garage""","=""""","=""BYE""","=""""","=""""","=""Schenectady""","=""NY""","=""Journeymen Fall Classic and Womens World Classic"""
"=""10/4/2025""","=""185""","=""RR Rnd 1""","=""Ibrahim Zaky""","=""Impact Wrestling Academy""","=""16-5""","=""MD""","=""James Capasso""","=""Journeymen-ballston Spa""","=""Schenectady""","=""NY""","=""Journeymen Fall Classic and Womens World Classic"""
"=""10/4/2025""","=""185""","=""RR Rnd 1""","=""Mason Savidan""","=""Monster Garage""","=""7-2""","=""DEC""","=""Luke Dougherty""","=""Dragon Wrestling Club""","=""Schenectady""","=""NY""","=""Journeymen Fall Classic and Womens World Classic"""
"=""10/4/2025""","=""145""","=""RR Rnd 1""","=""Xavier Gusfa""","=""Dragon Rtc""","=""4-1""","=""DEC""","=""Bode Heller""","=""Iron Horse Wrestling Club""","=""Schenectady""","=""NY""","=""Journeymen Fall Classic and Womens World Classic"""
"=""10/4/2025""","=""185""","=""Consi of 4""","=""James Capasso""","=""Journeymen-ballston Spa""","=""19-3 2:31""","=""TF""","=""Konrad Kutt""","=""Smittys Barn/phillips Exeter""","=""Schenectady""","=""NY""","=""Journeymen Fall Classic and Womens World Classic"""
"=""10/4/2025""","=""185""","=""Consi of 4""","=""Dominic Hittepole""","=""Combat Athletics""","=""3-0 0:15""","=""F""","=""Mason Marolo""","=""Mat Assassins""","=""Schenectady""","=""NY""","=""Journeymen Fall Classic and Womens World Classic"""
"=""10/4/2025""","=""185""","=""Consi of 4""","=""Liam N English""","=""Journeymen""","=""10-4""","=""DEC""","=""Tre Driggett""","=""Brevard Fca""","=""Schenectady""","=""NY""","=""Journeymen Fall Classic and Womens World Classic"""
"=""10/4/2025""","=""185""","=""Consi of 4""","=""Fletcher Rinke""","=""Metrounited""","=""""","=""FOR""","=""Cyrus Jones""","=""Metro West United""","=""Schenectady""","=""NY""","=""Journeymen Fall Classic and Womens World Classic"""
"=""10/4/2025""","=""185""","=""Consi of 4""","=""Enes Damkaci""","=""Mohawk Valley Wrestling Club""","=""11-0""","=""MD""","=""Travis Boisa""","=""Nevada Elite""","=""Schenectady""","=""NY""","=""Journeymen Fall Classic and Womens World Classic"""
"=""10/4/2025""","=""185""","=""Consi of 4""","=""Landon Fitzsimmons""","=""Iron Faith""","=""13-0""","=""MD""","=""Ashton Moors""","=""Journeymen WC""","=""Schenectady""","=""NY""","=""Journeymen Fall Classic and Womens World Classic"""
"=""10/4/2025""","=""185""","=""Consi-Semis""","=""Zachary Iaciofano""","=""Top Flight Wrestling Academy""","=""2-0 2:48""","=""F""","=""Landon Fitzsimmons""","=""Iron Faith""","=""Schenectady""","=""NY""","=""Journeymen Fall Classic and Womens World Classic"""
"=""10/4/2025""","=""185""","=""Consi-Semis""","=""Domenic Maturo""","=""Fisheye""","=""4-0""","=""DEC""","=""Enes Damkaci""","=""Mohawk Valley Wrestling Club""","=""Schenectady""","=""NY""","=""Journeymen Fall Classic and Womens World Classic"""
"=""10/4/2025""","=""185""","=""7th Place""","=""Konrad Kutt""","=""Smittys Barn/phillips Exeter""","=""""","=""M FOR""","=""Cyrus Jones""","=""Metro West United""","=""Schenectady""","=""NY""","=""Journeymen Fall Classic and Womens World Classic"""
"=""10/4/2025""","=""185""","=""7th Place""","=""Mason Marolo""","=""Mat Assassins""","=""18-3 4:16""","=""TF""","=""Tre Driggett""","=""Brevard Fca""","=""Schenectady""","=""NY""","=""Journeymen Fall Classic and Womens World Classic"""
"=""10/4/2025""","=""185""","=""5th Place""","=""Fletcher Rinke""","=""Metrounited""","=""13-8""","=""DEC""","=""James Capasso""","=""Journeymen-ballston Spa""","=""Schenectady""","=""NY""","=""Journeymen Fall Classic and Womens World Classic"""
"=""10/4/2025""","=""185""","=""5th Place""","=""Liam N English""","=""Journeymen""","=""9-1""","=""MD""","=""Dominic Hittepole""","=""Combat Athletics""","=""Schenectady""","=""NY""","=""Journeymen Fall Classic and Womens World Classic"""
"=""10/4/2025""","=""185""","=""3rd Place""","=""Zachary Iaciofano""","=""Top Flight Wrestling Academy""","=""4-3 1:58""","=""F""","=""Domenic Maturo""","=""Fisheye""","=""Schenectady""","=""NY""","=""Journeymen Fall Classic and Womens World Classic"""
"=""10/4/2025""","=""185""","=""3rd Place""","=""Ibrahim Zaky""","=""Impact Wrestling Academy""","=""7-6""","=""DEC""","=""Casey Liess""","=""Northfield Mount Herman - Nmh""","=""Schenectady""","=""NY""","=""Journeymen Fall Classic and Womens World Classic"""
"=""10/4/2025""","=""185""","=""3rd Place""","=""Lerrod Smalls Ii""","=""Nyma""","=""""","=""BYE""","=""""","=""""","=""Schenectady""","=""NY""","=""Journeymen Fall Classic and Womens World Classic"""
"=""10/4/2025""","=""185""","=""Quarter-Finals""","=""Fletcher Rinke""","=""Metrowest United""","=""3-0 0:30""","=""F""","=""Ashton Moors""","=""Journeymen WC""","=""Schenectady""","=""NY""","=""Journeymen Fall Classic and Womens World Classic"""
"=""10/4/2025""","=""185""","=""Quarter-Finals""","=""Colton Seuss""","=""Smitty's Barn""","=""6-0 3:20""","=""F""","=""Enes Damkaci""","=""Mohawk Valley Wrestling Club""","=""Schenectady""","=""NY""","=""Journeymen Fall Classic and Womens World Classic"""
"=""10/4/2025""","=""185""","=""Quarter-Finals""","=""Jeremy P. Leblanc""","=""Red Dot Wrestling""","=""7-9 2:27""","=""F""","=""Cyrus Jones""","=""Metro West United""","=""Schenectady""","=""NY""","=""Journeymen Fall Classic and Womens World Classic"""
"=""10/4/2025""","=""185""","=""Quarter-Finals""","=""Tornike Kajaia""","=""Dragon""","=""10-0""","=""MD""","=""Fletcher Rinke""","=""Metrounited""","=""Schenectady""","=""NY""","=""Journeymen Fall Classic and Womens World Classic"""
"=""10/4/2025""","=""185""","=""Quarter-Finals""","=""Ibrahim Zaky""","=""Impact Wrestling Academy""","=""8-5""","=""DEC""","=""Mason Marolo""","=""Mat Assassins""","=""Schenectady""","=""NY""","=""Journeymen Fall Classic and Womens World Classic"""
"=""10/4/2025""","=""185""","=""Quarter-Finals""","=""Luke Dougherty""","=""Dragon Wrestling Club""","=""8-0""","=""MD""","=""Konrad Kutt""","=""Smittys Barn/phillips Exeter""","=""Schenectady""","=""NY""","=""Journeymen Fall Classic and Womens World Classic"""
"=""10/4/2025""","=""185""","=""Quarter-Finals""","=""Casey Liess""","=""Northfield Mount Herman - Nmh""","=""10-7 SV""","=""DEC""","=""Liam N English""","=""Journeymen""","=""Schenectady""","=""NY""","=""Journeymen Fall Classic and Womens World Classic"""
"=""10/4/2025""","=""185""","=""Quarter-Finals""","=""Brock Oizerowitz""","=""Triumph Trained / The Academy""","=""7-0 1:44""","=""F""","=""James Capasso""","=""Journeymen-ballston Spa""","=""Schenectady""","=""NY""","=""Journeymen Fall Classic and Womens World Classic"""
"=""10/4/2025""","=""185""","=""Quarter-Finals""","=""Zachary Iaciofano""","=""Top Flight Wrestling Academy""","=""3-0 0:35""","=""F""","=""Travis Boisa""","=""Nevada Elite""","=""Schenectady""","=""NY""","=""Journeymen Fall Classic and Womens World Classic"""
"=""10/4/2025""","=""185""","=""Quarter-Finals""","=""Domenic Maturo""","=""Fisheye""","=""5-2""","=""DEC""","=""Landon Fitzsimmons""","=""Iron Faith""","=""Schenectady""","=""NY""","=""Journeymen Fall Classic and Womens World Classic"""
"=""10/4/2025""","=""185""","=""Quarter-Finals""","=""Salah Tsarni""","=""Capital Wrestling Club""","=""3-0 1:12""","=""F""","=""Tre Driggett""","=""Brevard Fca""","=""Schenectady""","=""NY""","=""Journeymen Fall Classic and Womens World Classic"""
"=""10/4/2025""","=""185""","=""Quarter-Finals""","=""Mason Savidan""","=""Monster Garage""","=""3-0 0:54""","=""F""","=""Dominic Hittepole""","=""Combat Athletics""","=""Schenectady""","=""NY""","=""Journeymen Fall Classic and Womens World Classic"""
"=""10/4/2025""","=""185""","=""Semi-Finals""","=""Fletcher Rinke""","=""Metrowest United""","=""6-4 4:54""","=""F""","=""Domenic Maturo""","=""Fisheye""","=""Schenectady""","=""NY""","=""Journeymen Fall Classic and Womens World Classic"""
"=""10/4/2025""","=""185""","=""Semi-Finals""","=""Salah Tsarni""","=""Capital Wrestling Club""","=""24-8 3:20""","=""TF""","=""Casey Liess""","=""Northfield Mount Herman - Nmh""","=""Schenectady""","=""NY""","=""Journeymen Fall Classic and Womens World Classic"""
"=""10/4/2025""","=""185""","=""Semi-Finals""","=""Quentin Getzin""","=""Ithaca""","=""7-2""","=""DEC""","=""Lerrod Smalls Ii""","=""Nyma""","=""Schenectady""","=""NY""","=""Journeymen Fall Classic and Womens World Classic"""
"=""10/4/2025""","=""185""","=""Semi-Finals""","=""Mason Savidan""","=""Monster Garage""","=""11-3""","=""MD""","=""Ibrahim Zaky""","=""Impact Wrestling Academy""","=""Schenectady""","=""NY""","=""Journeymen Fall Classic and Womens World Classic"""
"=""10/4/2025""","=""185""","=""Semi-Finals""","=""Kaden Curry""","=""Monster Garage""","=""""","=""BYE""","=""""","=""""","=""Schenectady""","=""NY""","=""Journeymen Fall Classic and Womens World Classic"""
"=""10/4/2025""","=""185""","=""Semi-Finals""","=""Brock Oizerowitz""","=""Triumph Trained / The Academy""","=""8-3""","=""DEC""","=""Luke Dougherty""","=""Dragon Wrestling Club""","=""Schenectady""","=""NY""","=""Journeymen Fall Classic and Womens World Classic"""
"=""10/4/2025""","=""185""","=""Semi-Finals""","=""Jeremy P. Leblanc""","=""Red Dot Wrestling""","=""6-5 4:55""","=""F""","=""Tornike Kajaia""","=""Dragon""","=""Schenectady""","=""NY""","=""Journeymen Fall Classic and Womens World Classic"""
"=""10/4/2025""","=""185""","=""Semi-Finals""","=""Colton Seuss""","=""Smitty's Barn""","=""7-4""","=""DEC""","=""Zachary Iaciofano""","=""Top Flight Wrestling Academy""","=""Schenectady""","=""NY""","=""Journeymen Fall Classic and Womens World Classic"""
"=""10/4/2025""","=""185""","=""Finals""","=""Fletcher Rinke""","=""Metrowest United""","=""3-0 0:17""","=""F""","=""Colton Seuss""","=""Smitty's Barn""","=""Schenectady""","=""NY""","=""Journeymen Fall Classic and Womens World Classic"""
"=""10/4/2025""","=""185""","=""Finals""","=""Kaden Curry""","=""Monster Garage""","=""5-0""","=""DEC""","=""Quentin Getzin""","=""Ithaca""","=""Schenectady""","=""NY""","=""Journeymen Fall Classic and Womens World Classic"""
"=""10/4/2025""","=""185""","=""Finals""","=""Salah Tsarni""","=""Capital Wrestling Club""","=""13-3 4:21""","=""F""","=""Mason Savidan""","=""Monster Garage""","=""Schenectady""","=""NY""","=""Journeymen Fall Classic and Womens World Classic"""
"=""10/4/2025""","=""185""","=""Finals""","=""Brock Oizerowitz""","=""Triumph Trained / The Academy""","=""4-0""","=""DEC""","=""Jeremy P. Leblanc""","=""Red Dot Wrestling""","=""Schenectady""","=""NY""","=""Journeymen Fall Classic and Womens World Classic"""
"=""10/4/2025""","=""215""","=""RR Rnd 3""","=""Victor Marks-jenkins""","=""Punisher Wrestling Club""","=""""","=""BYE""","=""""","=""""","=""Schenectady""","=""NY""","=""Journeymen Fall Classic and Womens World Classic"""
"=""10/4/2025""","=""215""","=""RR Rnd 3""","=""Devin Downes""","=""Vhw""","=""""","=""BYE""","=""""","=""""","=""Schenectady""","=""NY""","=""Journeymen Fall Classic and Womens World Classic"""
"=""10/4/2025""","=""215""","=""RR Rnd 3""","=""Avery Rhymer""","=""Combat Athletics""","=""7-4 1:50""","=""F""","=""Jason Martin""","=""Wellington C. Mepham""","=""Schenectady""","=""NY""","=""Journeymen Fall Classic and Womens World Classic"""
"=""10/4/2025""","=""215""","=""RR Rnd 3""","=""Connor Bercume""","=""Blair Academy""","=""""","=""BYE""","=""""","=""""","=""Schenectady""","=""NY""","=""Journeymen Fall Classic and Womens World Classic"""
"=""10/4/2025""","=""215""","=""RR Rnd 3""","=""Aaron Ruiz-angel""","=""Nc United/ Mountain Airy High School""","=""12-3""","=""MD""","=""Nolan Mccarthy""","=""Wyoming Seminary""","=""Schenectady""","=""NY""","=""Journeymen Fall Classic and Womens World Classic"""
"=""10/4/2025""","=""215""","=""RR Rnd 3""","=""Tyler Palumbo""","=""Triumph Trained/christian Brothers Academy""","=""5-2""","=""DEC""","=""Tj Kellas""","=""Blair Academy""","=""Schenectady""","=""NY""","=""Journeymen Fall Classic and Womens World Classic"""
"=""10/4/2025""","=""215""","=""RR Rnd 3""","=""Vincent Mcateer""","=""Mayo Quanchi / Bhhs""","=""14-7 4:33""","=""F""","=""Grayson Abbruzzese""","=""Paramus Catholic""","=""Schenectady""","=""NY""","=""Journeymen Fall Classic and Womens World Classic"""
"=""10/4/2025""","=""157""","=""RR Rnd 3""","=""Jax Meyer""","=""Iron Horse Wrestling Club""","=""25-5 1:30""","=""TF""","=""Jack Breiner""","=""Victor Central Schools""","=""Schenectady""","=""NY""","=""Journeymen Fall Classic and Womens World Classic"""
"=""10/4/2025""","=""215""","=""RR Rnd 3""","=""Evan Gillespie""","=""Prwc""","=""""","=""BYE""","=""""","=""""","=""Schenectady""","=""NY""","=""Journeymen Fall Classic and Womens World Classic"""
"=""10/4/2025""","=""157""","=""RR Rnd 3""","=""Joseph Mocco""","=""Bears Club""","=""""","=""BYE""","=""""","=""""","=""Schenectady""","=""NY""","=""Journeymen Fall Classic and Womens World Classic"""
"=""10/4/2025""","=""215""","=""RR Rnd 2""","=""Connor Bercume""","=""Blair Academy""","=""14-4 4:28""","=""F""","=""Jason Martin""","=""Wellington C. Mepham""","=""Schenectady""","=""NY""","=""Journeymen Fall Classic and Womens World Classic"""
"=""10/4/2025""","=""215""","=""RR Rnd 2""","=""Evan Gillespie""","=""Prwc""","=""8-6 4:09""","=""F""","=""Tj Kellas""","=""Blair Academy""","=""Schenectady""","=""NY""","=""Journeymen Fall Classic and Womens World Classic"""
"=""10/4/2025""","=""215""","=""RR Rnd 2""","=""Nolan Mccarthy""","=""Wyoming Seminary""","=""""","=""BYE""","=""""","=""""","=""Schenectady""","=""NY""","=""Journeymen Fall Classic and Womens World Classic"""
"=""10/4/2025""","=""215""","=""RR Rnd 2""","=""Avery Rhymer""","=""Combat Athletics""","=""""","=""BYE""","=""""","=""""","=""Schenectady""","=""NY""","=""Journeymen Fall Classic and Womens World Classic"""
"=""10/4/2025""","=""157""","=""RR Rnd 2""","=""Jax Meyer""","=""Iron Horse Wrestling Club""","=""5-0 0:57""","=""F""","=""Joseph Mocco""","=""Bears Club""","=""Schenectady""","=""NY""","=""Journeymen Fall Classic and Womens World Classic"""
"=""10/4/2025""","=""215""","=""RR Rnd 2""","=""Victor Marks-jenkins""","=""Punisher Wrestling Club""","=""18-1 4:19""","=""TF""","=""Grayson Abbruzzese""","=""Paramus Catholic""","=""Schenectady""","=""NY""","=""Journeymen Fall Classic and Womens World Classic"""
"=""10/4/2025""","=""215""","=""RR Rnd 2""","=""Tyler Palumbo""","=""Triumph Trained/christian Brothers Academy""","=""""","=""BYE""","=""""","=""""","=""Schenectady""","=""NY""","=""Journeymen Fall Classic and Womens World Classic"""
"=""10/4/2025""","=""215""","=""RR Rnd 2""","=""Vincent Mcateer""","=""Mayo Quanchi / Bhhs""","=""""","=""BYE""","=""""","=""""","=""Schenectady""","=""NY""","=""Journeymen Fall Classic and Womens World Classic"""
"=""10/4/2025""","=""215""","=""RR Rnd 2""","=""Devin Downes""","=""Vhw""","=""3-0 1:17""","=""F""","=""Aaron Ruiz-angel""","=""Nc United/ Mountain Airy High School""","=""Schenectady""","=""NY""","=""Journeymen Fall Classic and Womens World Classic"""
"=""10/4/2025""","=""157""","=""RR Rnd 2""","=""Jack Breiner""","=""Victor Central Schools""","=""""","=""BYE""","=""""","=""""","=""Schenectady""","=""NY""","=""Journeymen Fall Classic and Womens World Classic"""
"=""10/4/2025""","=""215""","=""RR Rnd 1""","=""Tyler Palumbo""","=""Triumph Trained/christian Brothers Academy""","=""7-1""","=""DEC""","=""Evan Gillespie""","=""Prwc""","=""Schenectady""","=""NY""","=""Journeymen Fall Classic and Womens World Classic"""
"=""10/4/2025""","=""215""","=""RR Rnd 1""","=""Victor Marks-jenkins""","=""Punisher Wrestling Club""","=""18-1 3:15""","=""TF""","=""Vincent Mcateer""","=""Mayo Quanchi / Bhhs""","=""Schenectady""","=""NY""","=""Journeymen Fall Classic and Womens World Classic"""
"=""10/4/2025""","=""215""","=""RR Rnd 1""","=""Tj Kellas""","=""Blair Academy""","=""""","=""BYE""","=""""","=""""","=""Schenectady""","=""NY""","=""Journeymen Fall Classic and Womens World Classic"""
"=""10/4/2025""","=""157""","=""RR Rnd 1""","=""Jax Meyer""","=""Iron Horse Wrestling Club""","=""""","=""BYE""","=""""","=""""","=""Schenectady""","=""NY""","=""Journeymen Fall Classic and Womens World Classic"""
"=""10/4/2025""","=""215""","=""RR Rnd 1""","=""Kendahl Hoare""","=""M2""","=""6-1 1:27""","=""F""","=""Nathan Hartunian""","=""Wayland High School / Metrowest United Wc""","=""Schenectady""","=""NY""","=""Journeymen Fall Classic and Womens World Classic"""
"=""10/4/2025""","=""215""","=""RR Rnd 1""","=""Aaron Ruiz-angel""","=""Nc United/ Mountain Airy High School""","=""""","=""BYE""","=""""","=""""","=""Schenectady""","=""NY""","=""Journeymen Fall Classic and Womens World Classic"""
"=""10/4/2025""","=""215""","=""RR Rnd 1""","=""Cael Dunn""","=""Combat Athletics""","=""6-3""","=""DEC""","=""Rudy Wagner""","=""Cox High School""","=""Schenectady""","=""NY""","=""Journeymen Fall Classic and Womens World Classic"""
"=""10/4/2025""","=""215""","=""RR Rnd 1""","=""Hudson Koch""","=""Nevada Elite/mcqueen""","=""9-3""","=""DEC""","=""Kamdyn Kraklio""","=""Eiwc""","=""Schenectady""","=""NY""","=""Journeymen Fall Classic and Womens World Classic"""
"=""10/4/2025""","=""157""","=""RR Rnd 1""","=""Joseph Mocco""","=""Bears Club""","=""2-0""","=""DEC""","=""Jack Breiner""","=""Victor Central Schools""","=""Schenectady""","=""NY""","=""Journeymen Fall Classic and Womens World Classic"""
"=""10/4/2025""","=""215""","=""RR Rnd 1""","=""Guy Oelsner""","=""Rednose Wrestling School""","=""13-9""","=""DEC""","=""Owen Pavao""","=""Metrowest United""","=""Schenectady""","=""NY""","=""Journeymen Fall Classic and Womens World Classic"""
"=""10/4/2025""","=""215""","=""RR Rnd 1""","=""Jason Martin""","=""Wellington C. Mepham""","=""""","=""BYE""","=""""","=""""","=""Schenectady""","=""NY""","=""Journeymen Fall Classic and Womens World Classic"""
"=""10/4/2025""","=""215""","=""RR Rnd 1""","=""Connor Bercume""","=""Blair Academy""","=""17-2 2:52""","=""TF""","=""Avery Rhymer""","=""Combat Athletics""","=""Schenectady""","=""NY""","=""Journeymen Fall Classic and Womens World Classic"""
"=""10/4/2025""","=""215""","=""RR Rnd 1""","=""Devin Downes""","=""Vhw""","=""7-0 1:12""","=""F""","=""Nolan Mccarthy""","=""Wyoming Seminary""","=""Schenectady""","=""NY""","=""Journeymen Fall Classic and Womens World Classic"""
"=""10/4/2025""","=""215""","=""RR Rnd 1""","=""Grayson Abbruzzese""","=""Paramus Catholic""","=""""","=""BYE""","=""""","=""""","=""Schenectady""","=""NY""","=""Journeymen Fall Classic and Womens World Classic"""
"=""10/4/2025""","=""215""","=""Consi of 4""","=""Cael Dunn""","=""Combat Athletics""","=""6-0""","=""DEC""","=""Tyler Palumbo""","=""Triumph Trained/christian Brothers Academy""","=""Schenectady""","=""NY""","=""Journeymen Fall Classic and Womens World Classic"""
"=""10/4/2025""","=""215""","=""Consi of 4""","=""Nathan Hartunian""","=""Wayland High School / Metrowest United Wc""","=""11-7""","=""DEC""","=""Aaron Ruiz-angel""","=""Nc United/ Mountain Airy High School""","=""Schenectady""","=""NY""","=""Journeymen Fall Classic and Womens World Classic"""
"=""10/4/2025""","=""215""","=""Consi of 4""","=""Hudson Koch""","=""Nevada Elite/mcqueen""","=""0-0""","=""FOR""","=""Guy Oelsner""","=""Rednose Wrestling School""","=""Schenectady""","=""NY""","=""Journeymen Fall Classic and Womens World Classic"""
"=""10/4/2025""","=""215""","=""Consi of 4""","=""Avery Rhymer""","=""Combat Athletics""","=""15-0 4:09""","=""TF""","=""Kamdyn Kraklio""","=""Eiwc""","=""Schenectady""","=""NY""","=""Journeymen Fall Classic and Womens World Classic"""
"=""10/4/2025""","=""215""","=""7th Place""","=""Tyler Palumbo""","=""Triumph Trained/christian Brothers Academy""","=""""","=""M FOR""","=""Guy Oelsner""","=""Rednose Wrestling School""","=""Schenectady""","=""NY""","=""Journeymen Fall Classic and Womens World Classic"""
"=""10/4/2025""","=""215""","=""7th Place""","=""Aaron Ruiz-angel""","=""Nc United/ Mountain Airy High School""","=""18-3 4:08""","=""TF""","=""Kamdyn Kraklio""","=""Eiwc""","=""Schenectady""","=""NY""","=""Journeymen Fall Classic and Womens World Classic"""
"=""10/4/2025""","=""215""","=""5th Place""","=""Avery Rhymer""","=""Combat Athletics""","=""17-0 2:57""","=""TF""","=""Nathan Hartunian""","=""Wayland High School / Metrowest United Wc""","=""Schenectady""","=""NY""","=""Journeymen Fall Classic and Womens World Classic"""
"=""10/4/2025""","=""215""","=""5th Place""","=""Cael Dunn""","=""Combat Athletics""","=""6-1""","=""DEC""","=""Hudson Koch""","=""Nevada Elite/mcqueen""","=""Schenectady""","=""NY""","=""Journeymen Fall Classic and Womens World Classic"""
"=""10/4/2025""","=""215""","=""3rd Place""","=""Kendahl Hoare""","=""M2""","=""8-5""","=""DEC""","=""Victor Marks-jenkins""","=""Punisher Wrestling Club""","=""Schenectady""","=""NY""","=""Journeymen Fall Classic and Womens World Classic"""
"=""10/4/2025""","=""215""","=""3rd Place""","=""Nolan Mccarthy""","=""Wyoming Seminary""","=""0-0""","=""FOR""","=""Grayson Abbruzzese""","=""Paramus Catholic""","=""Schenectady""","=""NY""","=""Journeymen Fall Classic and Womens World Classic"""
"=""10/4/2025""","=""215""","=""3rd Place""","=""Rudy Wagner""","=""Cox High School""","=""7-4 3:19""","=""F""","=""Vincent Mcateer""","=""Mayo Quanchi / Bhhs""","=""Schenectady""","=""NY""","=""Journeymen Fall Classic and Womens World Classic"""
"=""10/4/2025""","=""215""","=""Quarter-Finals""","=""Owen Pavao""","=""Metrowest United""","=""15-6""","=""MD""","=""Avery Rhymer""","=""Combat Athletics""","=""Schenectady""","=""NY""","=""Journeymen Fall Classic and Womens World Classic"""
"=""10/4/2025""","=""215""","=""Quarter-Finals""","=""Rudy Wagner""","=""Cox High School""","=""21-0 3:59""","=""TF""","=""Aaron Ruiz-angel""","=""Nc United/ Mountain Airy High School""","=""Schenectady""","=""NY""","=""Journeymen Fall Classic and Womens World Classic"""
"=""10/4/2025""","=""215""","=""Quarter-Finals""","=""Connor Bercume""","=""Blair Academy""","=""19-3 4:26""","=""TF""","=""Guy Oelsner""","=""Rednose Wrestling School""","=""Schenectady""","=""NY""","=""Journeymen Fall Classic and Womens World Classic"""
"=""10/4/2025""","=""215""","=""Quarter-Finals""","=""Kendahl Hoare""","=""M2""","=""11-3""","=""MD""","=""Tyler Palumbo""","=""Triumph Trained/christian Brothers Academy""","=""Schenectady""","=""NY""","=""Journeymen Fall Classic and Womens World Classic"""
"=""10/4/2025""","=""215""","=""Quarter-Finals""","=""Evan Gillespie""","=""Prwc""","=""15-0 3:41""","=""TF""","=""Nathan Hartunian""","=""Wayland High School / Metrowest United Wc""","=""Schenectady""","=""NY""","=""Journeymen Fall Classic and Womens World Classic"""
"=""10/4/2025""","=""215""","=""Quarter-Finals""","=""Victor Marks-jenkins""","=""Punisher Wrestling Club""","=""10-1""","=""MD""","=""Hudson Koch""","=""Nevada Elite/mcqueen""","=""Schenectady""","=""NY""","=""Journeymen Fall Classic and Womens World Classic"""
"=""10/4/2025""","=""215""","=""Quarter-Finals""","=""Devin Downes""","=""Vhw""","=""4-1""","=""DEC""","=""Cael Dunn""","=""Combat Athletics""","=""Schenectady""","=""NY""","=""Journeymen Fall Classic and Womens World Classic"""
"=""10/4/2025""","=""215""","=""Quarter-Finals""","=""Vincent Mcateer""","=""Mayo Quanchi / Bhhs""","=""8-0""","=""MD""","=""Kamdyn Kraklio""","=""Eiwc""","=""Schenectady""","=""NY""","=""Journeymen Fall Classic and Womens World Classic"""
"=""10/4/2025""","=""215""","=""Semi-Finals""","=""Tj Kellas""","=""Blair Academy""","=""3-0 1:39""","=""F""","=""Nolan Mccarthy""","=""Wyoming Seminary""","=""Schenectady""","=""NY""","=""Journeymen Fall Classic and Womens World Classic"""
"=""10/4/2025""","=""215""","=""Semi-Finals""","=""Owen Pavao""","=""Metrowest United""","=""8-3 3:12""","=""F""","=""Vincent Mcateer""","=""Mayo Quanchi / Bhhs""","=""Schenectady""","=""NY""","=""Journeymen Fall Classic and Womens World Classic"""
"=""10/4/2025""","=""215""","=""Semi-Finals""","=""Jason Martin""","=""Wellington C. Mepham""","=""0-0""","=""FOR""","=""Grayson Abbruzzese""","=""Paramus Catholic""","=""Schenectady""","=""NY""","=""Journeymen Fall Classic and Womens World Classic"""
"=""10/4/2025""","=""215""","=""Semi-Finals""","=""Connor Bercume""","=""Blair Academy""","=""8-2""","=""DEC""","=""Victor Marks-jenkins""","=""Punisher Wrestling Club""","=""Schenectady""","=""NY""","=""Journeymen Fall Classic and Womens World Classic"""
"=""10/4/2025""","=""215""","=""Semi-Finals""","=""Devin Downes""","=""Vhw""","=""7-3""","=""DEC""","=""Kendahl Hoare""","=""M2""","=""Schenectady""","=""NY""","=""Journeymen Fall Classic and Womens World Classic"""
"=""10/4/2025""","=""215""","=""Semi-Finals""","=""Evan Gillespie""","=""Prwc""","=""21-8""","=""MD""","=""Rudy Wagner""","=""Cox High School""","=""Schenectady""","=""NY""","=""Journeymen Fall Classic and Womens World Classic"""
"=""10/4/2025""","=""215""","=""Finals""","=""Devin Downes""","=""Vhw""","=""4-2 TB2""","=""DEC""","=""Connor Bercume""","=""Blair Academy""","=""Schenectady""","=""NY""","=""Journeymen Fall Classic and Womens World Classic"""
"=""10/4/2025""","=""215""","=""Finals""","=""Tj Kellas""","=""Blair Academy""","=""9-1 2:57""","=""F""","=""Jason Martin""","=""Wellington C. Mepham""","=""Schenectady""","=""NY""","=""Journeymen Fall Classic and Womens World Classic"""
"=""10/4/2025""","=""215""","=""Finals""","=""Owen Pavao""","=""Metrowest United""","=""5-2""","=""DEC""","=""Evan Gillespie""","=""Prwc""","=""Schenectady""","=""NY""","=""Journeymen Fall Classic and Womens World Classic"""
"=""10/4/2025""","=""285""","=""RR Rnd 3""","=""Anderson Palian""","=""Wyoming Seminary""","=""3-0 1:39""","=""F""","=""Jacob Brengolini""","=""Smitty's Barn""","=""Schenectady""","=""NY""","=""Journeymen Fall Classic and Womens World Classic"""
"=""10/4/2025""","=""285""","=""RR Rnd 3""","=""Josiah Rodriguez""","=""Pocono Mountain Regional Wrestling Academy""","=""""","=""BYE""","=""""","=""""","=""Schenectady""","=""NY""","=""Journeymen Fall Classic and Womens World Classic"""
"=""10/4/2025""","=""285""","=""RR Rnd 3""","=""Gunner Haas""","=""Iron Faith""","=""""","=""BYE""","=""""","=""""","=""Schenectady""","=""NY""","=""Journeymen Fall Classic and Womens World Classic"""
"=""10/4/2025""","=""285""","=""RR Rnd 3""","=""Isaiah Taylor""","=""Aim Academy""","=""14-1""","=""MD""","=""Daniel Gershon""","=""Walter Johnson High School""","=""Schenectady""","=""NY""","=""Journeymen Fall Classic and Womens World Classic"""
"=""10/4/2025""","=""285""","=""RR Rnd 2""","=""Anderson Palian""","=""Wyoming Seminary""","=""14-3 1:39""","=""F""","=""Gunner Haas""","=""Iron Faith""","=""Schenectady""","=""NY""","=""Journeymen Fall Classic and Womens World Classic"""
"=""10/4/2025""","=""285""","=""RR Rnd 2""","=""Daniel Gershon""","=""Walter Johnson High School""","=""""","=""BYE""","=""""","=""""","=""Schenectady""","=""NY""","=""Journeymen Fall Classic and Womens World Classic"""
"=""10/4/2025""","=""285""","=""RR Rnd 2""","=""Isaiah Taylor""","=""Aim Academy""","=""6-0""","=""DEC""","=""Josiah Rodriguez""","=""Pocono Mountain Regional Wrestling Academy""","=""Schenectady""","=""NY""","=""Journeymen Fall Classic and Womens World Classic"""
"=""10/4/2025""","=""285""","=""RR Rnd 2""","=""Jacob Brengolini""","=""Smitty's Barn""","=""""","=""BYE""","=""""","=""""","=""Schenectady""","=""NY""","=""Journeymen Fall Classic and Womens World Classic"""
"=""10/4/2025""","=""285""","=""RR Rnd 1""","=""Josiah Rodriguez""","=""Pocono Mountain Regional Wrestling Academy""","=""10-3 4:30""","=""F""","=""Daniel Gershon""","=""Walter Johnson High School""","=""Schenectady""","=""NY""","=""Journeymen Fall Classic and Womens World Classic"""
"=""10/4/2025""","=""285""","=""RR Rnd 1""","=""Anderson Palian""","=""Wyoming Seminary""","=""""","=""BYE""","=""""","=""""","=""Schenectady""","=""NY""","=""Journeymen Fall Classic and Womens World Classic"""
"=""10/4/2025""","=""285""","=""RR Rnd 1""","=""Isaiah Taylor""","=""Aim Academy""","=""""","=""BYE""","=""""","=""""","=""Schenectady""","=""NY""","=""Journeymen Fall Classic and Womens World Classic"""
"=""10/4/2025""","=""285""","=""RR Rnd 1""","=""Jacob Brengolini""","=""Smitty's Barn""","=""16-0 3:30""","=""TF""","=""Gunner Haas""","=""Iron Faith""","=""Schenectady""","=""NY""","=""Journeymen Fall Classic and Womens World Classic"""
"=""10/4/2025""","=""285""","=""Finals""","=""Daniel Gershon""","=""Walter Johnson High School""","=""10-0""","=""MD""","=""Gunner Haas""","=""Iron Faith""","=""Schenectady""","=""NY""","=""Journeymen Fall Classic and Womens World Classic"""
"=""10/4/2025""","=""285""","=""Finals""","=""Jacob Brengolini""","=""Smitty's Barn""","=""5-4""","=""DEC""","=""Josiah Rodriguez""","=""Pocono Mountain Regional Wrestling Academy""","=""Schenectady""","=""NY""","=""Journeymen Fall Classic and Womens World Classic"""
"=""10/4/2025""","=""285""","=""Finals""","=""Anderson Palian""","=""Wyoming Seminary""","=""10-4""","=""DEC""","=""Isaiah Taylor""","=""Aim Academy""","=""Schenectady""","=""NY""","=""Journeymen Fall Classic and Womens World Classic"""
