Date,Weight,Round,Winning Wrestler,Winning Team,Result,Win Type,Losing Wrestler,Losing Team,City,State,Event
2/19/2026,1-4A - 100,,Kaylin Foster,Bandys High School,3-0 0:58,F,leigha Clarke,Anson High School,Greensboro,NC,2026 NCHSAA Women's State Championship
2/19/2026,1-4A - 100,,Yaleen Khang,Maiden High School,7-0 1:24,F,Jadyn Holbrook,South Davidson Middle and High School,Greensboro,NC,2026 NCHSAA Women's State Championship
2/19/2026,1-4A - 100,,leigha Clarke,Anson High School,0-0 2:56,F,Jadyn Holbrook,South Davidson Middle and High School,Greensboro,NC,2026 NCHSAA Women's State Championship
2/19/2026,1-4A - 100,,Sayler Chappell,East Surry High School,3-0 1:13,F,leigha Clarke,Anson High School,Greensboro,NC,2026 NCHSAA Women's State Championship
2/19/2026,1-4A - 100,,Sayler Chappell,East Surry High School,18-4 4:40,F,Kaylin Foster,Bandys High School,Greensboro,NC,2026 NCHSAA Women's State Championship
2/19/2026,1-4A - 100,,Jany Echeverria,Swain County High School,1-11 3:13,F,Angelica Ayala Garcia,Manteo High School,Greensboro,NC,2026 NCHSAA Women's State Championship
2/19/2026,1-4A - 100,,Yaleen Khang,Maiden High School,15-0 5:36,TF,Jany Echeverria,Swain County High School,Greensboro,NC,2026 NCHSAA Women's State Championship
2/19/2026,1-4A - 100,,Kaylin Foster,Bandys High School,3-0 1:47,F,Teresa Ostlund,First Flight High School,Greensboro,NC,2026 NCHSAA Women's State Championship
2/19/2026,1-4A - 100,,Jany Echeverria,Swain County High School,4-7 2:57,F,Kaylin Foster,Bandys High School,Greensboro,NC,2026 NCHSAA Women's State Championship
2/19/2026,1-4A - 100,,Sayler Chappell,East Surry High School,3-0 1:53,F,Angelica Ayala Garcia,Manteo High School,Greensboro,NC,2026 NCHSAA Women's State Championship
2/19/2026,1-4A - 100,,Angelica Ayala Garcia,Manteo High School,3-0 1:41,F,Teresa Ostlund,First Flight High School,Greensboro,NC,2026 NCHSAA Women's State Championship
2/19/2026,1-4A - 100,,Yaleen Khang,Maiden High School,3-0 1:30,F,Sayler Chappell,East Surry High School,Greensboro,NC,2026 NCHSAA Women's State Championship
2/19/2026,1-4A - 107,,Jenevy Olalde,Mount Airy High School,3-1,DEC,Mia Roberson,East Henderson High School,Greensboro,NC,2026 NCHSAA Women's State Championship
2/19/2026,1-4A - 107,,Chloe Kent,Swain County High School,8-1 1:20,F,Taylor Baker,Patton,Greensboro,NC,2026 NCHSAA Women's State Championship
2/19/2026,1-4A - 107,,Jenevy Olalde,Mount Airy High School,17-1 1:57,TF,Brooklyn Kennedy,Rosewood High School,Greensboro,NC,2026 NCHSAA Women's State Championship
2/19/2026,1-4A - 107,,Alissa Austin,First Flight High School,7-15 5:50,F,Chloe Kent,Swain County High School,Greensboro,NC,2026 NCHSAA Women's State Championship
2/19/2026,1-4A - 107,,Chloe Kent,Swain County High School,7-0 0:45,F,Angel Lee,North Lenoir High School,Greensboro,NC,2026 NCHSAA Women's State Championship
2/19/2026,1-4A - 107,,Mia Roberson,East Henderson High School,7-0 2:31,F,Rosa Flores,Spring Creek,Greensboro,NC,2026 NCHSAA Women's State Championship
2/19/2026,1-4A - 107,,Alissa Austin,First Flight High School,6-0 2:33,F,Angel Lee,North Lenoir High School,Greensboro,NC,2026 NCHSAA Women's State Championship
2/19/2026,1-4A - 107,,Jenevy Olalde,Mount Airy High School,3-0 1:31,F,Chloe Kent,Swain County High School,Greensboro,NC,2026 NCHSAA Women's State Championship
2/19/2026,1-4A - 107,,Alissa Austin,First Flight High School,3-0 0:56,F,Taylor Baker,Patton,Greensboro,NC,2026 NCHSAA Women's State Championship
2/19/2026,1-4A - 107,,Angel Lee,North Lenoir High School,0-0 0:13,F,Brooklyn Kennedy,Rosewood High School,Greensboro,NC,2026 NCHSAA Women's State Championship
2/19/2026,1-4A - 107,,Taylor Baker,Patton,5-4 2:40,F,Rosa Flores,Spring Creek,Greensboro,NC,2026 NCHSAA Women's State Championship
2/19/2026,1-4A - 107,,Mia Roberson,East Henderson High School,15-8,DEC,Alissa Austin,First Flight High School,Greensboro,NC,2026 NCHSAA Women's State Championship
2/19/2026,1-4A - 114,,Mia Parker,Forbush High School,7-6,DEC,Lyla Burns,Burns High School,Greensboro,NC,2026 NCHSAA Women's State Championship
2/19/2026,1-4A - 114,,Alexandra Zumano Garcia,Jordan-Matthews High School,11-2,MD,Savannah Lee,Rosewood High School,Greensboro,NC,2026 NCHSAA Women's State Championship
2/19/2026,1-4A - 114,,Morgan Foy,Onslow Early College,8-10 4:32,F,Savannah Lee,Rosewood High School,Greensboro,NC,2026 NCHSAA Women's State Championship
2/19/2026,1-4A - 114,,Lyla Burns,Burns High School,22-14,MD,Alexandra Zumano Garcia,Jordan-Matthews High School,Greensboro,NC,2026 NCHSAA Women's State Championship
2/19/2026,1-4A - 114,,Mia Parker,Forbush High School,6-0 2:42,F,Myrezza Holton,Manteo High School,Greensboro,NC,2026 NCHSAA Women's State Championship
2/19/2026,1-4A - 114,,Mary Huneycutt,South Stanly High School,8-3,DEC,Alexandra Zumano Garcia,Jordan-Matthews High School,Greensboro,NC,2026 NCHSAA Women's State Championship
2/19/2026,1-4A - 114,,Savannah Lee,Rosewood High School,15-2 3:51,F,Jada Parrish,West Davidson High School,Greensboro,NC,2026 NCHSAA Women's State Championship
2/19/2026,1-4A - 114,,Morgan Foy,Onslow Early College,2-3 2:25,F,Mary Huneycutt,South Stanly High School,Greensboro,NC,2026 NCHSAA Women's State Championship
2/19/2026,1-4A - 114,,Alexandra Zumano Garcia,Jordan-Matthews High School,7-1 2:36,F,Myrezza Holton,Manteo High School,Greensboro,NC,2026 NCHSAA Women's State Championship
2/19/2026,1-4A - 114,,Morgan Foy,Onslow Early College,10-3 5:41,F,Mia Parker,Forbush High School,Greensboro,NC,2026 NCHSAA Women's State Championship
2/19/2026,1-4A - 114,,Mary Huneycutt,South Stanly High School,18-0 1:49,TF,Jada Parrish,West Davidson High School,Greensboro,NC,2026 NCHSAA Women's State Championship
2/19/2026,1-4A - 114,,Mary Huneycutt,South Stanly High School,8-0 1:22,F,Lyla Burns,Burns High School,Greensboro,NC,2026 NCHSAA Women's State Championship
2/19/2026,1-4A - 120,,Khiry Reese,Rosewood High School,3-0 1:01,F,Mayle Willard,Forbush High School,Greensboro,NC,2026 NCHSAA Women's State Championship
2/19/2026,1-4A - 120,,Skyla Simpson,First Flight High School,8-4,DEC,Bailey Nimer,Mount Pleasant High School,Greensboro,NC,2026 NCHSAA Women's State Championship
2/19/2026,1-4A - 120,,Khiry Reese,Rosewood High School,8-4,DEC,Skyla Simpson,First Flight High School,Greensboro,NC,2026 NCHSAA Women's State Championship
2/19/2026,1-4A - 120,,Bailey Nimer,Mount Pleasant High School,5-0 0:44,F,Julia Boddie,N.C. School of Science and Math,Greensboro,NC,2026 NCHSAA Women's State Championship
2/19/2026,1-4A - 120,,Claire Ball,Swain County High School,3-0 0:30,F,Julia Boddie,N.C. School of Science and Math,Greensboro,NC,2026 NCHSAA Women's State Championship
2/19/2026,1-4A - 120,,Claire Ball,Swain County High School,3-0 0:42,F,Adelaide Sanchez,Lejeune,Greensboro,NC,2026 NCHSAA Women's State Championship
2/19/2026,1-4A - 120,,Khiry Reese,Rosewood High School,11-3 3:19,F,Claire Ball,Swain County High School,Greensboro,NC,2026 NCHSAA Women's State Championship
2/19/2026,1-4A - 120,,Skyla Simpson,First Flight High School,5-0 0:38,F,Emma Grey Dorset,North Surry High School,Greensboro,NC,2026 NCHSAA Women's State Championship
2/19/2026,1-4A - 120,,Julia Boddie,N.C. School of Science and Math,3-2 3:34,F,Emma Grey Dorset,North Surry High School,Greensboro,NC,2026 NCHSAA Women's State Championship
2/19/2026,1-4A - 120,,Bailey Nimer,Mount Pleasant High School,14-0 3:24,F,Adelaide Sanchez,Lejeune,Greensboro,NC,2026 NCHSAA Women's State Championship
2/19/2026,1-4A - 120,,Bailey Nimer,Mount Pleasant High School,7-3 4:32,F,Claire Ball,Swain County High School,Greensboro,NC,2026 NCHSAA Women's State Championship
2/19/2026,1-4A - 120,,Adelaide Sanchez,Lejeune,3-0 0:45,F,Mayle Willard,Forbush High School,Greensboro,NC,2026 NCHSAA Women's State Championship
2/19/2026,1-4A - 126,,Gabriella Aguirre Gomez,Manteo High School,11-7 3:17,F,Madison Mashburn,Swain County High School,Greensboro,NC,2026 NCHSAA Women's State Championship
2/19/2026,1-4A - 126,,Katelyn Kiker,West Stanly High School,9-2 4:30,F,Bella Pethel,Bradford Preparatory School,Greensboro,NC,2026 NCHSAA Women's State Championship
2/19/2026,1-4A - 126,,Katelyn Kiker,West Stanly High School,6-0 2:15,F,Madison Mashburn,Swain County High School,Greensboro,NC,2026 NCHSAA Women's State Championship
2/19/2026,1-4A - 126,,Jameson McCoy,Rosewood High School,8-6,DEC,Katelyn Kiker,West Stanly High School,Greensboro,NC,2026 NCHSAA Women's State Championship
2/19/2026,1-4A - 126,,Bella Pethel,Bradford Preparatory School,0-3 2:00,F,Jessica Zelaya,Goldsboro High School,Greensboro,NC,2026 NCHSAA Women's State Championship
2/19/2026,1-4A - 126,,Gabriella Aguirre Gomez,Manteo High School,3-0 1:35,F,Bella Pethel,Bradford Preparatory School,Greensboro,NC,2026 NCHSAA Women's State Championship
2/19/2026,1-4A - 126,,Madison Mashburn,Swain County High School,3-0 0:53,F,Jessica Zelaya,Goldsboro High School,Greensboro,NC,2026 NCHSAA Women's State Championship
2/19/2026,1-4A - 126,,Jameson McCoy,Rosewood High School,9-6,DEC,Zia Brown,Brevard High School,Greensboro,NC,2026 NCHSAA Women's State Championship
2/19/2026,1-4A - 126,,Bella Pethel,Bradford Preparatory School,3-0 2:13,F,Zia Brown,Brevard High School,Greensboro,NC,2026 NCHSAA Women's State Championship
2/19/2026,1-4A - 126,,Jameson McCoy,Rosewood High School,3-11 4:53,F,Gabriella Aguirre Gomez,Manteo High School,Greensboro,NC,2026 NCHSAA Women's State Championship
2/19/2026,1-4A - 126,,Katelyn Kiker,West Stanly High School,6-5 3:58,F,Dianna James,First Flight High School,Greensboro,NC,2026 NCHSAA Women's State Championship
2/19/2026,1-4A - 126,,Zia Brown,Brevard High School,6-0,DEC,Dianna James,First Flight High School,Greensboro,NC,2026 NCHSAA Women's State Championship
2/19/2026,1-4A - 132,,Lauren Hall,Heide Trask Senior High School,11-7,DEC,Cheyenne Bramhall,West Stanly High School,Greensboro,NC,2026 NCHSAA Women's State Championship
2/19/2026,1-4A - 132,,Cheyenne Bramhall,West Stanly High School,3-0 0:59,F,Melody Mauney,West Craven High School,Greensboro,NC,2026 NCHSAA Women's State Championship
2/19/2026,1-4A - 132,,Malie Turner,Brevard High School,3-3 2:02,F,Alexis El-khouri,Robbinsville High School,Greensboro,NC,2026 NCHSAA Women's State Championship
2/19/2026,1-4A - 132,,Cheyenne Bramhall,West Stanly High School,15-3 4:37,F,Tori Vanacore,First Flight High School,Greensboro,NC,2026 NCHSAA Women's State Championship
2/19/2026,1-4A - 132,,Lauren Hall,Heide Trask Senior High School,11-1 3:12,F,Alexis El-khouri,Robbinsville High School,Greensboro,NC,2026 NCHSAA Women's State Championship
2/19/2026,1-4A - 132,,Riley White,Uwharrie Charter Academy,6-3,DEC,Lauren Hall,Heide Trask Senior High School,Greensboro,NC,2026 NCHSAA Women's State Championship
2/19/2026,1-4A - 132,,Melody Mauney,West Craven High School,2-10 3:35,F,Abigail Martinez,Newton-Conover High School,Greensboro,NC,2026 NCHSAA Women's State Championship
2/19/2026,1-4A - 132,,Alexis El-khouri,Robbinsville High School,5-6 3:53,F,Tori Vanacore,First Flight High School,Greensboro,NC,2026 NCHSAA Women's State Championship
2/19/2026,1-4A - 132,,Cheyenne Bramhall,West Stanly High School,3-0,DEC,Malie Turner,Brevard High School,Greensboro,NC,2026 NCHSAA Women's State Championship
2/19/2026,1-4A - 132,,Malie Turner,Brevard High School,3-0 0:44,F,Melody Mauney,West Craven High School,Greensboro,NC,2026 NCHSAA Women's State Championship
2/19/2026,1-4A - 132,,Riley White,Uwharrie Charter Academy,5-0,DEC,Malie Turner,Brevard High School,Greensboro,NC,2026 NCHSAA Women's State Championship
2/19/2026,1-4A - 132,,Riley White,Uwharrie Charter Academy,6-1 1:06,F,Abigail Martinez,Newton-Conover High School,Greensboro,NC,2026 NCHSAA Women's State Championship
2/19/2026,1-4A - 138,,Lily Flores,Avery County High School,8-3,DEC,Destiny Fidel,East Rutherford High School,Greensboro,NC,2026 NCHSAA Women's State Championship
2/19/2026,1-4A - 138,,Alexis Long,Central Davidson High School,16-12,DEC,Mattie Mains,Hendersonville High School,Greensboro,NC,2026 NCHSAA Women's State Championship
2/19/2026,1-4A - 138,,Destiny Fidel,East Rutherford High School,6-0 3:02,F,Alexis Long,Central Davidson High School,Greensboro,NC,2026 NCHSAA Women's State Championship
2/19/2026,1-4A - 138,,Alexis Long,Central Davidson High School,10-3 2:18,F,Avriana Whitfield,Uwharrie Charter Academy,Greensboro,NC,2026 NCHSAA Women's State Championship
2/19/2026,1-4A - 138,,Lily Flores,Avery County High School,3-0,DEC,Moriah Antis,Bradford Preparatory School,Greensboro,NC,2026 NCHSAA Women's State Championship
2/19/2026,1-4A - 138,,Moriah Antis,Bradford Preparatory School,8-0 2:12,F,Mattie Mains,Hendersonville High School,Greensboro,NC,2026 NCHSAA Women's State Championship
2/19/2026,1-4A - 138,,Avriana Whitfield,Uwharrie Charter Academy,14-1 2:11,F,Jaelah Vann,East Carteret High School,Greensboro,NC,2026 NCHSAA Women's State Championship
2/19/2026,1-4A - 138,,Destiny Fidel,East Rutherford High School,3-0 0:27,F,Sheyle Lopez,Roanoke Rapids High School,Greensboro,NC,2026 NCHSAA Women's State Championship
2/19/2026,1-4A - 138,,Lily Flores,Avery County High School,3-0 1:04,F,Jaelah Vann,East Carteret High School,Greensboro,NC,2026 NCHSAA Women's State Championship
2/19/2026,1-4A - 138,,Moriah Antis,Bradford Preparatory School,0-0,FOR,Alexis Long,Central Davidson High School,Greensboro,NC,2026 NCHSAA Women's State Championship
2/19/2026,1-4A - 138,,Mattie Mains,Hendersonville High School,9-1 1:45,F,Sheyle Lopez,Roanoke Rapids High School,Greensboro,NC,2026 NCHSAA Women's State Championship
2/19/2026,1-4A - 138,,Moriah Antis,Bradford Preparatory School,10-0 4:53,F,Avriana Whitfield,Uwharrie Charter Academy,Greensboro,NC,2026 NCHSAA Women's State Championship
2/19/2026,1-4A - 145,,Nola Walker,Newton-Conover High School,5-7 2:55,F,Myah Winfrey,Robbinsville High School,Greensboro,NC,2026 NCHSAA Women's State Championship
2/19/2026,1-4A - 145,,Mayson Hyder,East Henderson High School,4-3 3:53,F,Adalyn-Kay Nunley,Pamlico County High School,Greensboro,NC,2026 NCHSAA Women's State Championship
2/19/2026,1-4A - 145,,Myah Winfrey,Robbinsville High School,5-2 2:38,F,Macayla Mason,Anson High School,Greensboro,NC,2026 NCHSAA Women's State Championship
2/19/2026,1-4A - 145,,Isabella Ford,North Pitt High School,8-4 4:50,F,Mariyah Spruiell,Jordan-Matthews High School,Greensboro,NC,2026 NCHSAA Women's State Championship
2/19/2026,1-4A - 145,,Myah Winfrey,Robbinsville High School,3-0 0:46,F,Mariyah Spruiell,Jordan-Matthews High School,Greensboro,NC,2026 NCHSAA Women's State Championship
2/19/2026,1-4A - 145,,Isabella Ford,North Pitt High School,10-1 4:54,F,Mayson Hyder,East Henderson High School,Greensboro,NC,2026 NCHSAA Women's State Championship
2/19/2026,1-4A - 145,,Shelby Kleinknecht,Hendersonville High School,18-0 4:36,TF,Macayla Mason,Anson High School,Greensboro,NC,2026 NCHSAA Women's State Championship
2/19/2026,1-4A - 145,,Nola Walker,Newton-Conover High School,3-0 1:06,F,Shelby Kleinknecht,Hendersonville High School,Greensboro,NC,2026 NCHSAA Women's State Championship
2/19/2026,1-4A - 145,,Macayla Mason,Anson High School,6-4,DEC,Adalyn-Kay Nunley,Pamlico County High School,Greensboro,NC,2026 NCHSAA Women's State Championship
2/19/2026,1-4A - 145,,Nola Walker,Newton-Conover High School,10-0 3:42,F,Isabella Ford,North Pitt High School,Greensboro,NC,2026 NCHSAA Women's State Championship
2/19/2026,1-4A - 145,,Shelby Kleinknecht,Hendersonville High School,3-0 1:10,F,Mayson Hyder,East Henderson High School,Greensboro,NC,2026 NCHSAA Women's State Championship
2/19/2026,1-4A - 145,,Myah Winfrey,Robbinsville High School,2-0 2:15,F,Isabella Ford,North Pitt High School,Greensboro,NC,2026 NCHSAA Women's State Championship
2/19/2026,1-4A - 152,,Madison Denham,Farmville Central,0-0,M FOR,Makayla Hunt,Swain County High School,Greensboro,NC,2026 NCHSAA Women's State Championship
2/19/2026,1-4A - 152,,Imani Carroll,Bunn High School,2-1 3:51,F,Peyton Ford,North Johnston High School,Greensboro,NC,2026 NCHSAA Women's State Championship
2/19/2026,1-4A - 152,,Pippa Welch,Cherokee High School,12-3,MD,Peyton Ford,North Johnston High School,Greensboro,NC,2026 NCHSAA Women's State Championship
2/19/2026,1-4A - 152,,Natalie Aiello,Thomas Jefferson Classical Academy,10-3 3:32,F,Imani Carroll,Bunn High School,Greensboro,NC,2026 NCHSAA Women's State Championship
2/19/2026,1-4A - 152,,Pippa Welch,Cherokee High School,10-0 1:35,F,Madison Denham,Farmville Central,Greensboro,NC,2026 NCHSAA Women's State Championship
2/19/2026,1-4A - 152,,Imani Carroll,Bunn High School,5-9 2:45,DEF,Makayla Hunt,Swain County High School,Greensboro,NC,2026 NCHSAA Women's State Championship
2/19/2026,1-4A - 152,,Cristal Pena,Fred T. Foard High School,18-9 4:38,F,Ke`ziyah Outlaw,Ayden-Grifton High School,Greensboro,NC,2026 NCHSAA Women's State Championship
2/19/2026,1-4A - 152,,Cristal Pena,Fred T. Foard High School,7-2 5:26,F,Pippa Welch,Cherokee High School,Greensboro,NC,2026 NCHSAA Women's State Championship
2/19/2026,1-4A - 152,,Natalie Aiello,Thomas Jefferson Classical Academy,14-4 2:43,F,Madison Denham,Farmville Central,Greensboro,NC,2026 NCHSAA Women's State Championship
2/19/2026,1-4A - 152,,Natalie Aiello,Thomas Jefferson Classical Academy,6-5 4:24,F,Cristal Pena,Fred T. Foard High School,Greensboro,NC,2026 NCHSAA Women's State Championship
2/19/2026,1-4A - 152,,Peyton Ford,North Johnston High School,6-2,DEC,Ke`ziyah Outlaw,Ayden-Grifton High School,Greensboro,NC,2026 NCHSAA Women's State Championship
2/19/2026,1-4A - 152,,Pippa Welch,Cherokee High School,7-0,DEC,Imani Carroll,Bunn High School,Greensboro,NC,2026 NCHSAA Women's State Championship
2/19/2026,1-4A - 165,,Kaylah Evans,Bandys High School,6-1 0:44,F,Lizania Galeana-Hernandez,Bunn High School,Greensboro,NC,2026 NCHSAA Women's State Championship
2/19/2026,1-4A - 165,,Shya Watson,West Caldwell High School,0-3 2:51,F,Evangeline (Evie) Alasin,Northeastern,Greensboro,NC,2026 NCHSAA Women's State Championship
2/19/2026,1-4A - 165,,Kaylah Evans,Bandys High School,6-1 1:00,F,Anna McFarling,Hendersonville High School,Greensboro,NC,2026 NCHSAA Women's State Championship
2/19/2026,1-4A - 165,,Felicity Hereim,West Stanly High School,7-0 0:58,F,Lisette Munoz,North Pitt High School,Greensboro,NC,2026 NCHSAA Women's State Championship
2/19/2026,1-4A - 165,,Evangeline (Evie) Alasin,Northeastern,3-0 0:53,F,Lisette Munoz,North Pitt High School,Greensboro,NC,2026 NCHSAA Women's State Championship
2/19/2026,1-4A - 165,,Shya Watson,West Caldwell High School,3-0 0:38,F,Taylor Anderson,East Carteret High School,Greensboro,NC,2026 NCHSAA Women's State Championship
2/19/2026,1-4A - 165,,Felicity Hereim,West Stanly High School,10-3 3:12,F,Kaylah Evans,Bandys High School,Greensboro,NC,2026 NCHSAA Women's State Championship
2/19/2026,1-4A - 165,,Lisette Munoz,North Pitt High School,7-1 4:49,F,Lizania Galeana-Hernandez,Bunn High School,Greensboro,NC,2026 NCHSAA Women's State Championship
2/19/2026,1-4A - 165,,Anna McFarling,Hendersonville High School,5-3,DEC,Taylor Anderson,East Carteret High School,Greensboro,NC,2026 NCHSAA Women's State Championship
2/19/2026,1-4A - 165,,Kaylah Evans,Bandys High School,5-0 0:50,F,Evangeline (Evie) Alasin,Northeastern,Greensboro,NC,2026 NCHSAA Women's State Championship
2/19/2026,1-4A - 165,,Evangeline (Evie) Alasin,Northeastern,9-0 2:48,F,Anna McFarling,Hendersonville High School,Greensboro,NC,2026 NCHSAA Women's State Championship
2/19/2026,1-4A - 165,,Shya Watson,West Caldwell High School,14-2 3:07,F,Felicity Hereim,West Stanly High School,Greensboro,NC,2026 NCHSAA Women's State Championship
2/19/2026,1-4A - 185,,Savada Kitchen,Brevard High School,6-2 2:28,F,Grace Liang,N.C. School of Science and Math,Greensboro,NC,2026 NCHSAA Women's State Championship
2/19/2026,1-4A - 185,,Raelyn Brummels,West Davidson High School,7-0 2:00,F,Ingrid Soto-Ramos,Bunn High School,Greensboro,NC,2026 NCHSAA Women's State Championship
2/19/2026,1-4A - 185,,Savada Kitchen,Brevard High School,3-0 0:33,F,Raelyn Brummels,West Davidson High School,Greensboro,NC,2026 NCHSAA Women's State Championship
2/19/2026,1-4A - 185,,Anita Zamora,North Pitt High School,0-8 3:57,F,Ingrid Soto-Ramos,Bunn High School,Greensboro,NC,2026 NCHSAA Women's State Championship
2/19/2026,1-4A - 185,,Savada Kitchen,Brevard High School,2-3 1:10,F,Anita Zamora,North Pitt High School,Greensboro,NC,2026 NCHSAA Women's State Championship
2/19/2026,1-4A - 185,,Anita Zamora,North Pitt High School,3-0 1:12,F,Ashlynn Spivey,Rosman,Greensboro,NC,2026 NCHSAA Women's State Championship
2/19/2026,1-4A - 185,,Raelyn Brummels,West Davidson High School,15-0 2:31,TF,Leilany Hernandez-Colon,First Flight High School,Greensboro,NC,2026 NCHSAA Women's State Championship
2/19/2026,1-4A - 185,,Anita Zamora,North Pitt High School,7-2,DEC,Leilany Hernandez-Colon,First Flight High School,Greensboro,NC,2026 NCHSAA Women's State Championship
2/19/2026,1-4A - 185,,Ingrid Soto-Ramos,Bunn High School,0-0 0:34,F,Faith Duncan,Union Academy,Greensboro,NC,2026 NCHSAA Women's State Championship
2/19/2026,1-4A - 185,,Leilany Hernandez-Colon,First Flight High School,3-3 0:58,F,Ashlynn Spivey,Rosman,Greensboro,NC,2026 NCHSAA Women's State Championship
2/19/2026,1-4A - 185,,Leilany Hernandez-Colon,First Flight High School,7-0 1:00,F,Faith Duncan,Union Academy,Greensboro,NC,2026 NCHSAA Women's State Championship
2/19/2026,1-4A - 185,,Ashlynn Spivey,Rosman,17-3 4:35,F,Grace Liang,N.C. School of Science and Math,Greensboro,NC,2026 NCHSAA Women's State Championship
2/19/2026,1-4A - 235,,Abbi Stout,East Wilkes High School,2-1 2:09,F,Shayla Dominguez,Robbinsville High School,Greensboro,NC,2026 NCHSAA Women's State Championship
2/19/2026,1-4A - 235,,Le`Nessa Lee,Louisburg Magnet High School,10-7 SV,DEC,Angeline Herrera-Villegas,South Davidson Middle and High School,Greensboro,NC,2026 NCHSAA Women's State Championship
2/19/2026,1-4A - 235,,Kristal Sosa Bustos,Anson High School,5-2 SV,DEC,Ashley Acuna,Central Davidson High School,Greensboro,NC,2026 NCHSAA Women's State Championship
2/19/2026,1-4A - 235,,Angeline Herrera-Villegas,South Davidson Middle and High School,0-0 1:16,F,Ashley Acuna,Central Davidson High School,Greensboro,NC,2026 NCHSAA Women's State Championship
2/19/2026,1-4A - 235,,Kimberly Talton,Madison High School,0-6 5:38,F,Angeline Herrera-Villegas,South Davidson Middle and High School,Greensboro,NC,2026 NCHSAA Women's State Championship
2/19/2026,1-4A - 235,,Kimberly Talton,Madison High School,5-3 5:15,F,Le`Nessa Lee,Louisburg Magnet High School,Greensboro,NC,2026 NCHSAA Women's State Championship
2/19/2026,1-4A - 235,,Kimberly Talton,Madison High School,3-6 4:47,F,Kristal Sosa Bustos,Anson High School,Greensboro,NC,2026 NCHSAA Women's State Championship
2/19/2026,1-4A - 235,,Le`Nessa Lee,Louisburg Magnet High School,8-1 3:44,F,Abbi Stout,East Wilkes High School,Greensboro,NC,2026 NCHSAA Women's State Championship
2/19/2026,1-4A - 235,,Kristal Sosa Bustos,Anson High School,3-0 1:23,F,Shayla Dominguez,Robbinsville High School,Greensboro,NC,2026 NCHSAA Women's State Championship
2/19/2026,1-4A - 235,,Angeline Herrera-Villegas,South Davidson Middle and High School,0-0 1:58,DEF,Emily Jones,West Caldwell High School,Greensboro,NC,2026 NCHSAA Women's State Championship
2/19/2026,1-4A - 235,,Le`Nessa Lee,Louisburg Magnet High School,9-4 4:59,F,Emily Jones,West Caldwell High School,Greensboro,NC,2026 NCHSAA Women's State Championship
2/19/2026,1-4A - 235,,Ashley Acuna,Central Davidson High School,9-0 6:00,F,Abbi Stout,East Wilkes High School,Greensboro,NC,2026 NCHSAA Women's State Championship
2/19/2026,5A - 100,,Perry Yeatts,Currituck County,10-4 2:17,F,Elyse Wilscam,Orange,Greensboro,NC,2026 NCHSAA Women's State Championship
2/19/2026,5A - 100,,Izabella Johnson,Croatan,7-3,DEC,Yeily Arreola Ruiz,Parkwood High School,Greensboro,NC,2026 NCHSAA Women's State Championship
2/19/2026,5A - 100,,Sara Morgan,West Henderson High School,3-0 0:38,F,Courtney Stough,East Rowan High School,Greensboro,NC,2026 NCHSAA Women's State Championship
2/19/2026,5A - 100,,Yeily Arreola Ruiz,Parkwood High School,3-0 0:30,F,Isabella Raygoza,South Brunswick,Greensboro,NC,2026 NCHSAA Women's State Championship
2/19/2026,5A - 100,,Yeily Arreola Ruiz,Parkwood High School,5-3 1:39,F,Perry Yeatts,Currituck County,Greensboro,NC,2026 NCHSAA Women's State Championship
2/19/2026,5A - 100,,Courtney Stough,East Rowan High School,6-0 2:43,F,Isabella Raygoza,South Brunswick,Greensboro,NC,2026 NCHSAA Women's State Championship
2/19/2026,5A - 100,,Izabella Johnson,Croatan,3-0 1:43,F,Nicole Davidson,East Lincoln High School,Greensboro,NC,2026 NCHSAA Women's State Championship
2/19/2026,5A - 100,,Nicole Davidson,East Lincoln High School,7-1,DEC,Sara Morgan,West Henderson High School,Greensboro,NC,2026 NCHSAA Women's State Championship
2/19/2026,5A - 100,,Sara Morgan,West Henderson High School,3-0 0:29,F,Perry Yeatts,Currituck County,Greensboro,NC,2026 NCHSAA Women's State Championship
2/19/2026,5A - 100,,Sara Morgan,West Henderson High School,6-0 1:38,F,Yeily Arreola Ruiz,Parkwood High School,Greensboro,NC,2026 NCHSAA Women's State Championship
2/19/2026,5A - 100,,Nicole Davidson,East Lincoln High School,0-3 1:22,F,Elyse Wilscam,Orange,Greensboro,NC,2026 NCHSAA Women's State Championship
2/19/2026,5A - 100,,Izabella Johnson,Croatan,17-1 4:46,TF,Courtney Stough,East Rowan High School,Greensboro,NC,2026 NCHSAA Women's State Championship
2/19/2026,5A - 107,,Tiffany Lin,Smoky Mountain High School,3-0 2:39,F,Destinee Morris,Enka High School,Greensboro,NC,2026 NCHSAA Women's State Championship
2/19/2026,5A - 107,,Destinee Morris,Enka High School,12-0 2:12,F,Thalia Paterno,Cedar Ridge,Greensboro,NC,2026 NCHSAA Women's State Championship
2/19/2026,5A - 107,,Hadley Perry,West Rowan High School,3-0 1:25,F,Destinee Morris,Enka High School,Greensboro,NC,2026 NCHSAA Women's State Championship
2/19/2026,5A - 107,,Tiffany Lin,Smoky Mountain High School,0-0 0:28,F,Thalia Paterno,Cedar Ridge,Greensboro,NC,2026 NCHSAA Women's State Championship
2/19/2026,5A - 107,,Tiffany Lin,Smoky Mountain High School,6-0 2:09,F,Sarah Maddalena,Dixon,Greensboro,NC,2026 NCHSAA Women's State Championship
2/19/2026,5A - 107,,Sarah Maddalena,Dixon,0-1 2:11,F,Olivia Kibler,South Brunswick,Greensboro,NC,2026 NCHSAA Women's State Championship
2/19/2026,5A - 107,,Sofia Williams,North Henderson High School,3-0 0:58,F,Cheyanne Hunt,Croatan,Greensboro,NC,2026 NCHSAA Women's State Championship
2/19/2026,5A - 107,,Hadley Perry,West Rowan High School,3-0 1:37,F,Sarah Maddalena,Dixon,Greensboro,NC,2026 NCHSAA Women's State Championship
2/19/2026,5A - 107,,Destinee Morris,Enka High School,3-0 1:13,F,Olivia Kibler,South Brunswick,Greensboro,NC,2026 NCHSAA Women's State Championship
2/19/2026,5A - 107,,Sofia Williams,North Henderson High School,7-2 0:26,F,Tiffany Lin,Smoky Mountain High School,Greensboro,NC,2026 NCHSAA Women's State Championship
2/19/2026,5A - 107,,Thalia Paterno,Cedar Ridge,9-3,DEC,Cheyanne Hunt,Croatan,Greensboro,NC,2026 NCHSAA Women's State Championship
2/19/2026,5A - 107,,Hadley Perry,West Rowan High School,6-1 4:00,F,Sofia Williams,North Henderson High School,Greensboro,NC,2026 NCHSAA Women's State Championship
2/19/2026,5A - 114,,Olyvia Brown,West Rowan High School,15-6 3:48,F,Riley Spencer,Enka High School,Greensboro,NC,2026 NCHSAA Women's State Championship
2/19/2026,5A - 114,,Peyton Painter,Parkwood High School,2-3 0:39,F,Layorah Jamison,Southeast Alamance,Greensboro,NC,2026 NCHSAA Women's State Championship
2/19/2026,5A - 114,,Bella Lanni,South Brunswick,1-3 0:34,F,Nevaeh Tomlinson,Hickory High School,Greensboro,NC,2026 NCHSAA Women's State Championship
2/19/2026,5A - 114,,Mackynzie Bilbrey,Northside (Jax),2-3 0:54,F,Nevaeh Tomlinson,Hickory High School,Greensboro,NC,2026 NCHSAA Women's State Championship
2/19/2026,5A - 114,,Mackynzie Bilbrey,Northside (Jax),14-10,DEC,Bella Lanni,South Brunswick,Greensboro,NC,2026 NCHSAA Women's State Championship
2/19/2026,5A - 114,,Riley Spencer,Enka High School,3-0 1:14,F,Bella Lanni,South Brunswick,Greensboro,NC,2026 NCHSAA Women's State Championship
2/19/2026,5A - 114,,Olyvia Brown,West Rowan High School,7-0 0:40,F,Elizabeth Huff,Webb,Greensboro,NC,2026 NCHSAA Women's State Championship
2/19/2026,5A - 114,,Olyvia Brown,West Rowan High School,15-3 5:21,F,Peyton Painter,Parkwood High School,Greensboro,NC,2026 NCHSAA Women's State Championship
2/19/2026,5A - 114,,Bella Lanni,South Brunswick,6-0 3:00,F,Peyton Painter,Parkwood High School,Greensboro,NC,2026 NCHSAA Women's State Championship
2/19/2026,5A - 114,,Riley Spencer,Enka High School,11-5 4:32,F,Mackynzie Bilbrey,Northside (Jax),Greensboro,NC,2026 NCHSAA Women's State Championship
2/19/2026,5A - 114,,Layorah Jamison,Southeast Alamance,9-2 3:36,F,Elizabeth Huff,Webb,Greensboro,NC,2026 NCHSAA Women's State Championship
2/19/2026,5A - 114,,Mackynzie Bilbrey,Northside (Jax),5-1 1:23,F,Layorah Jamison,Southeast Alamance,Greensboro,NC,2026 NCHSAA Women's State Championship
2/19/2026,5A - 120,,Abby Garcia,Havelock,2-2 4:47,F,Taylor Mckenzie,North Lincoln High School,Greensboro,NC,2026 NCHSAA Women's State Championship
2/19/2026,5A - 120,,Ana Lissoni,Dixon,5-2 1:33,F,Mya Craig,East Rowan High School,Greensboro,NC,2026 NCHSAA Women's State Championship
2/19/2026,5A - 120,,Veronika Wilson,Parkwood High School,3-0 1:57,F,Kensi Smith,Croatan,Greensboro,NC,2026 NCHSAA Women's State Championship
2/19/2026,5A - 120,,Toriana Murphy,Western Alamance,3-1,DEC,Taylor Mckenzie,North Lincoln High School,Greensboro,NC,2026 NCHSAA Women's State Championship
2/19/2026,5A - 120,,Abby Garcia,Havelock,10-3,DEC,Mya Craig,East Rowan High School,Greensboro,NC,2026 NCHSAA Women's State Championship
2/19/2026,5A - 120,,Veronika Wilson,Parkwood High School,11-0 4:24,F,Toriana Murphy,Western Alamance,Greensboro,NC,2026 NCHSAA Women's State Championship
2/19/2026,5A - 120,,Veronika Wilson,Parkwood High School,3-0 1:20,F,Ana Lissoni,Dixon,Greensboro,NC,2026 NCHSAA Women's State Championship
2/19/2026,5A - 120,,Mya Craig,East Rowan High School,0-3 1:23,F,Kensi Smith,Croatan,Greensboro,NC,2026 NCHSAA Women's State Championship
2/19/2026,5A - 120,,Taylor Mckenzie,North Lincoln High School,0-0,M FOR,Morgan Flynn,North Henderson High School,Greensboro,NC,2026 NCHSAA Women's State Championship
2/19/2026,5A - 120,,Taylor Mckenzie,North Lincoln High School,9-0 2:44,F,Ana Lissoni,Dixon,Greensboro,NC,2026 NCHSAA Women's State Championship
2/19/2026,5A - 120,,Abby Garcia,Havelock,10-3,DEC,Morgan Flynn,North Henderson High School,Greensboro,NC,2026 NCHSAA Women's State Championship
2/19/2026,5A - 120,,Toriana Murphy,Western Alamance,2-3 3:44,F,Abby Garcia,Havelock,Greensboro,NC,2026 NCHSAA Women's State Championship
2/19/2026,5A - 126,,Ariana Alvarez-Bruno,Smoky Mountain High School,26-12,MD,Bella Willson,Oak Grove High School,Greensboro,NC,2026 NCHSAA Women's State Championship
2/19/2026,5A - 126,,Bella Willson,Oak Grove High School,5-0 1:23,F,Janet Robles-Wynn,West Henderson High School,Greensboro,NC,2026 NCHSAA Women's State Championship
2/19/2026,5A - 126,,Katie Lloyd,Southeast Alamance,4-10 3:05,F,Bella Willson,Oak Grove High School,Greensboro,NC,2026 NCHSAA Women's State Championship
2/19/2026,5A - 126,,Samantha Gangemi,North Buncombe High School,11-10 3:31,F,Skylar Reynolds,Dixon,Greensboro,NC,2026 NCHSAA Women's State Championship
2/19/2026,5A - 126,,Janet Robles-Wynn,West Henderson High School,6-1 2:30,F,Skylar Reynolds,Dixon,Greensboro,NC,2026 NCHSAA Women's State Championship
2/19/2026,5A - 126,,Ariana Alvarez-Bruno,Smoky Mountain High School,5-0 2:47,F,Mackenzie Doty,Orange,Greensboro,NC,2026 NCHSAA Women's State Championship
2/19/2026,5A - 126,,Ariana Alvarez-Bruno,Smoky Mountain High School,2-3 1:35,F,Samantha Gangemi,North Buncombe High School,Greensboro,NC,2026 NCHSAA Women's State Championship
2/19/2026,5A - 126,,Bella Willson,Oak Grove High School,7-0 0:59,F,Mackenzie Doty,Orange,Greensboro,NC,2026 NCHSAA Women's State Championship
2/19/2026,5A - 126,,Trinity Wiley,South Brunswick,11-1,MD,Katie Lloyd,Southeast Alamance,Greensboro,NC,2026 NCHSAA Women's State Championship
2/19/2026,5A - 126,,Katie Lloyd,Southeast Alamance,22-6 5:48,TF,Ariana Alvarez-Bruno,Smoky Mountain High School,Greensboro,NC,2026 NCHSAA Women's State Championship
2/19/2026,5A - 126,,Trinity Wiley,South Brunswick,3-0 1:07,F,Janet Robles-Wynn,West Henderson High School,Greensboro,NC,2026 NCHSAA Women's State Championship
2/19/2026,5A - 126,,Trinity Wiley,South Brunswick,2-3 1:33,F,Samantha Gangemi,North Buncombe High School,Greensboro,NC,2026 NCHSAA Women's State Championship
2/19/2026,5A - 132,,Bobbi Carson,Hickory High School,6-1,DEC,Sarah Tanner,Seaforth,Greensboro,NC,2026 NCHSAA Women's State Championship
2/19/2026,5A - 132,,Lydia Alley,North Davidson High School,9-1,MD,Kelli Faison,Croatan,Greensboro,NC,2026 NCHSAA Women's State Championship
2/19/2026,5A - 132,,Julia McGee,West Henderson High School,18-0 3:51,TF,Bobbi Carson,Hickory High School,Greensboro,NC,2026 NCHSAA Women's State Championship
2/19/2026,5A - 132,,Macyn Whitley,Dixon,10-0 1:14,F,Lexi English,Havelock,Greensboro,NC,2026 NCHSAA Women's State Championship
2/19/2026,5A - 132,,Kelli Faison,Croatan,2-8 2:19,F,Macyn Whitley,Dixon,Greensboro,NC,2026 NCHSAA Women's State Championship
2/19/2026,5A - 132,,Aizlee Villafranca,North Henderson High School,10-1,MD,Julia McGee,West Henderson High School,Greensboro,NC,2026 NCHSAA Women's State Championship
2/19/2026,5A - 132,,Kelli Faison,Croatan,11-0 4:27,F,Bobbi Carson,Hickory High School,Greensboro,NC,2026 NCHSAA Women's State Championship
2/19/2026,5A - 132,,Aizlee Villafranca,North Henderson High School,2-3 1:11,F,Macyn Whitley,Dixon,Greensboro,NC,2026 NCHSAA Women's State Championship
2/19/2026,5A - 132,,Julia McGee,West Henderson High School,19-3 4:45,TF,Kelli Faison,Croatan,Greensboro,NC,2026 NCHSAA Women's State Championship
2/19/2026,5A - 132,,Lydia Alley,North Davidson High School,7-0 1:07,F,Sarah Tanner,Seaforth,Greensboro,NC,2026 NCHSAA Women's State Championship
2/19/2026,5A - 132,,Lydia Alley,North Davidson High School,8-5,DEC,Aizlee Villafranca,North Henderson High School,Greensboro,NC,2026 NCHSAA Women's State Championship
2/19/2026,5A - 132,,Julia McGee,West Henderson High School,3-0 0:32,F,Lexi English,Havelock,Greensboro,NC,2026 NCHSAA Women's State Championship
2/19/2026,5A - 138,,Nevaeh Mccullough,West Rowan High School,9-0 2:16,F,Madalynn Banks,North Henderson High School,Greensboro,NC,2026 NCHSAA Women's State Championship
2/19/2026,5A - 138,,Nevaeh Mccullough,West Rowan High School,2-3 0:43,F,Lorelai Walsh,Currituck County,Greensboro,NC,2026 NCHSAA Women's State Championship
2/19/2026,5A - 138,,madelyn korvink,Parkwood High School,19-3 4:25,TF,Georgia McGee,West Henderson High School,Greensboro,NC,2026 NCHSAA Women's State Championship
2/19/2026,5A - 138,,Ella-Grace Reed,Cedar Ridge,0-0 1:16,F,Lorelai Walsh,Currituck County,Greensboro,NC,2026 NCHSAA Women's State Championship
2/19/2026,5A - 138,,Maliyah Jackson,South Brunswick,7-0 1:23,F,Aslyn Viel,Richlands,Greensboro,NC,2026 NCHSAA Women's State Championship
2/19/2026,5A - 138,,madelyn korvink,Parkwood High School,3-1 0:40,F,Aslyn Viel,Richlands,Greensboro,NC,2026 NCHSAA Women's State Championship
2/19/2026,5A - 138,,Georgia McGee,West Henderson High School,2-3 2:18,F,Madalynn Banks,North Henderson High School,Greensboro,NC,2026 NCHSAA Women's State Championship
2/19/2026,5A - 138,,Madalynn Banks,North Henderson High School,5-9 2:31,F,Maliyah Jackson,South Brunswick,Greensboro,NC,2026 NCHSAA Women's State Championship
2/19/2026,5A - 138,,Georgia McGee,West Henderson High School,10-1 3:07,F,Maliyah Jackson,South Brunswick,Greensboro,NC,2026 NCHSAA Women's State Championship
2/19/2026,5A - 138,,Madalynn Banks,North Henderson High School,14-4 4:28,F,Ella-Grace Reed,Cedar Ridge,Greensboro,NC,2026 NCHSAA Women's State Championship
2/19/2026,5A - 138,,Georgia McGee,West Henderson High School,8-3 3:35,F,Ella-Grace Reed,Cedar Ridge,Greensboro,NC,2026 NCHSAA Women's State Championship
2/19/2026,5A - 138,,madelyn korvink,Parkwood High School,3-3 3:09,F,Nevaeh Mccullough,West Rowan High School,Greensboro,NC,2026 NCHSAA Women's State Championship
2/19/2026,5A - 145,,riley johnson,Parkwood High School,8-0 1:32,F,Violet Darnell,Enka High School,Greensboro,NC,2026 NCHSAA Women's State Championship
2/19/2026,5A - 145,,Amiah Watts,Dixon,3-0 1:37,F,Alexis Tirado,Croatan,Greensboro,NC,2026 NCHSAA Women's State Championship
2/19/2026,5A - 145,,Violet Darnell,Enka High School,12-0 3:41,F,Samari Acevedo,Southeast Alamance,Greensboro,NC,2026 NCHSAA Women's State Championship
2/19/2026,5A - 145,,Samari Acevedo,Southeast Alamance,11-0 2:15,F,Alivia Brown,Richlands,Greensboro,NC,2026 NCHSAA Women's State Championship
2/19/2026,5A - 145,,Alexis Tirado,Croatan,9-7 2:30,F,Samari Acevedo,Southeast Alamance,Greensboro,NC,2026 NCHSAA Women's State Championship
2/19/2026,5A - 145,,Alexis Tirado,Croatan,12-5,DEC,Sydney Kuzma,North Lincoln High School,Greensboro,NC,2026 NCHSAA Women's State Championship
2/19/2026,5A - 145,,Aliyah Perez,West Rowan High School,3-1 1:40,F,Sydney Kuzma,North Lincoln High School,Greensboro,NC,2026 NCHSAA Women's State Championship
2/19/2026,5A - 145,,Amiah Watts,Dixon,9-5,DEC,Aliyah Perez,West Rowan High School,Greensboro,NC,2026 NCHSAA Women's State Championship
2/19/2026,5A - 145,,riley johnson,Parkwood High School,7-0 0:25,F,Alivia Brown,Richlands,Greensboro,NC,2026 NCHSAA Women's State Championship
2/19/2026,5A - 145,,Alexis Tirado,Croatan,2-5 4:36,F,Aliyah Perez,West Rowan High School,Greensboro,NC,2026 NCHSAA Women's State Championship
2/19/2026,5A - 145,,riley johnson,Parkwood High School,8-0,MD,Amiah Watts,Dixon,Greensboro,NC,2026 NCHSAA Women's State Championship
2/19/2026,5A - 145,,Aliyah Perez,West Rowan High School,0-0,M FOR,Violet Darnell,Enka High School,Greensboro,NC,2026 NCHSAA Women's State Championship
2/19/2026,5A - 152,,Laila Tellez,Havelock,6-2 2:40,F,Kaitlyn Capps,North Davidson High School,Greensboro,NC,2026 NCHSAA Women's State Championship
2/19/2026,5A - 152,,Genesis Hall,Simon G. Atkins Academic & Technology High School,3-0 0:36,F,Imogen Mugan,Currituck County,Greensboro,NC,2026 NCHSAA Women's State Championship
2/19/2026,5A - 152,,Taliana Barrera,Dixon,6-4 5:10,F,Carrie Holland,Franklin High School,Greensboro,NC,2026 NCHSAA Women's State Championship
2/19/2026,5A - 152,,miracle doetsch,Parkwood High School,10-0 5:36,F,Casey Dixon,Croatan,Greensboro,NC,2026 NCHSAA Women's State Championship
2/19/2026,5A - 152,,Taliana Barrera,Dixon,5-2 1:49,F,Imogen Mugan,Currituck County,Greensboro,NC,2026 NCHSAA Women's State Championship
2/19/2026,5A - 152,,Imogen Mugan,Currituck County,3-1 0:57,F,Kaitlyn Capps,North Davidson High School,Greensboro,NC,2026 NCHSAA Women's State Championship
2/19/2026,5A - 152,,Genesis Hall,Simon G. Atkins Academic & Technology High School,8-1 2:07,F,Carrie Holland,Franklin High School,Greensboro,NC,2026 NCHSAA Women's State Championship
2/19/2026,5A - 152,,Laila Tellez,Havelock,9-5,DEC,Genesis Hall,Simon G. Atkins Academic & Technology High School,Greensboro,NC,2026 NCHSAA Women's State Championship
2/19/2026,5A - 152,,Taliana Barrera,Dixon,8-7,DEC,Genesis Hall,Simon G. Atkins Academic & Technology High School,Greensboro,NC,2026 NCHSAA Women's State Championship
2/19/2026,5A - 152,,Carrie Holland,Franklin High School,3-0 1:38,F,Casey Dixon,Croatan,Greensboro,NC,2026 NCHSAA Women's State Championship
2/19/2026,5A - 152,,miracle doetsch,Parkwood High School,3-0 4:48,F,Taliana Barrera,Dixon,Greensboro,NC,2026 NCHSAA Women's State Championship
2/19/2026,5A - 152,,Laila Tellez,Havelock,3-0 1:56,F,miracle doetsch,Parkwood High School,Greensboro,NC,2026 NCHSAA Women's State Championship
2/19/2026,5A - 165,,Emma Yopp,South Brunswick,11-2 3:32,F,Sophia Dowling,Simon G. Atkins Academic & Technology High School,Greensboro,NC,2026 NCHSAA Women's State Championship
2/19/2026,5A - 165,,Lilliana Messier,Seaforth,5-2 3:42,F,Makenzie Gilbert,Croatan,Greensboro,NC,2026 NCHSAA Women's State Championship
2/19/2026,5A - 165,,Sophia Dowling,Simon G. Atkins Academic & Technology High School,3-0 0:46,F,Sydhayia Oakley,Dixon,Greensboro,NC,2026 NCHSAA Women's State Championship
2/19/2026,5A - 165,,Lilliana Messier,Seaforth,6-1 3:42,F,Isabela Chapa,Smoky Mountain High School,Greensboro,NC,2026 NCHSAA Women's State Championship
2/19/2026,5A - 165,,Emma Yopp,South Brunswick,11-0 1:05,F,Shannon Gobble,Enka High School,Greensboro,NC,2026 NCHSAA Women's State Championship
2/19/2026,5A - 165,,Emma Yopp,South Brunswick,16-1 2:15,TF,Grace Shelton,Parkwood High School,Greensboro,NC,2026 NCHSAA Women's State Championship
2/19/2026,5A - 165,,Makenzie Gilbert,Croatan,9-2,DEC,Grace Shelton,Parkwood High School,Greensboro,NC,2026 NCHSAA Women's State Championship
2/19/2026,5A - 165,,Shannon Gobble,Enka High School,4-3 2:27,F,Makenzie Gilbert,Croatan,Greensboro,NC,2026 NCHSAA Women's State Championship
2/19/2026,5A - 165,,Sydhayia Oakley,Dixon,7-5,DEC,Isabela Chapa,Smoky Mountain High School,Greensboro,NC,2026 NCHSAA Women's State Championship
2/19/2026,5A - 165,,Shannon Gobble,Enka High School,12-0 3:54,F,Sydhayia Oakley,Dixon,Greensboro,NC,2026 NCHSAA Women's State Championship
2/19/2026,5A - 165,,Sophia Dowling,Simon G. Atkins Academic & Technology High School,7-0 1:13,F,Lilliana Messier,Seaforth,Greensboro,NC,2026 NCHSAA Women's State Championship
2/19/2026,5A - 165,,Lilliana Messier,Seaforth,12-10,DEC,Shannon Gobble,Enka High School,Greensboro,NC,2026 NCHSAA Women's State Championship
2/19/2026,5A - 185,,Cristen Robinson,East Rowan High School,1-6 1:25,F,Abigail Hurlburt,South Brunswick,Greensboro,NC,2026 NCHSAA Women's State Championship
2/19/2026,5A - 185,,Brielle Bowman,Dixon,6-1,DEC,Zoe Livesay,Currituck County,Greensboro,NC,2026 NCHSAA Women's State Championship
2/19/2026,5A - 185,,Emma Lewellin,Enka High School,4-3 1:29,F,Cristen Robinson,East Rowan High School,Greensboro,NC,2026 NCHSAA Women's State Championship
2/19/2026,5A - 185,,Gabriela Roman Bruno,Smoky Mountain High School,5-2 1:20,F,Brielle Bowman,Dixon,Greensboro,NC,2026 NCHSAA Women's State Championship
2/19/2026,5A - 185,,rylynn keziah,Parkwood High School,0-3 0:10,F,Eva Dockery,Cedar Ridge,Greensboro,NC,2026 NCHSAA Women's State Championship
2/19/2026,5A - 185,,rylynn keziah,Parkwood High School,3-0 0:20,F,Emma Lewellin,Enka High School,Greensboro,NC,2026 NCHSAA Women's State Championship
2/19/2026,5A - 185,,Zoe Livesay,Currituck County,4-3 2:40,F,Eva Dockery,Cedar Ridge,Greensboro,NC,2026 NCHSAA Women's State Championship
2/19/2026,5A - 185,,Brielle Bowman,Dixon,9-1 2:38,F,Cristen Robinson,East Rowan High School,Greensboro,NC,2026 NCHSAA Women's State Championship
2/19/2026,5A - 185,,Gabriela Roman Bruno,Smoky Mountain High School,0-0 0:19,F,Abigail Hurlburt,South Brunswick,Greensboro,NC,2026 NCHSAA Women's State Championship
2/19/2026,5A - 185,,Emma Lewellin,Enka High School,7-0,DEC,Brielle Bowman,Dixon,Greensboro,NC,2026 NCHSAA Women's State Championship
2/19/2026,5A - 185,,rylynn keziah,Parkwood High School,17-7 4:55,F,Gabriela Roman Bruno,Smoky Mountain High School,Greensboro,NC,2026 NCHSAA Women's State Championship
2/19/2026,5A - 185,,Emma Lewellin,Enka High School,3-0 1:58,F,Zoe Livesay,Currituck County,Greensboro,NC,2026 NCHSAA Women's State Championship
2/19/2026,5A - 235,,Amisha Caldwell,Parkwood High School,2-1 4:24,F,Caroline DonJuan,Cedar Ridge,Greensboro,NC,2026 NCHSAA Women's State Championship
2/19/2026,5A - 235,,Tylanii Lunsford,Person,0-5 2:17,F,Lyrical Doughty,Southern Nash,Greensboro,NC,2026 NCHSAA Women's State Championship
2/19/2026,5A - 235,,Serenity Payne,West Henderson High School,7-0 1:08,F,Lyrical Doughty,Southern Nash,Greensboro,NC,2026 NCHSAA Women's State Championship
2/19/2026,5A - 235,,Serenity Payne,West Henderson High School,11-2,MD,Amisha Caldwell,Parkwood High School,Greensboro,NC,2026 NCHSAA Women's State Championship
2/19/2026,5A - 235,,Caroline DonJuan,Cedar Ridge,5-1 4:35,F,Rose Brady,Orange,Greensboro,NC,2026 NCHSAA Women's State Championship
2/19/2026,5A - 235,,Kinzlee Buckner,North Buncombe High School,5-0 1:35,F,Amisha Caldwell,Parkwood High School,Greensboro,NC,2026 NCHSAA Women's State Championship
2/19/2026,5A - 235,,Taylor Moore,East Rowan High School,7-0 1:00,F,Rose Brady,Orange,Greensboro,NC,2026 NCHSAA Women's State Championship
2/19/2026,5A - 235,,Taylor Moore,East Rowan High School,3-0 0:26,F,Kinzlee Buckner,North Buncombe High School,Greensboro,NC,2026 NCHSAA Women's State Championship
2/19/2026,5A - 235,,Kinzlee Buckner,North Buncombe High School,4-3 1:00,F,Tylanii Lunsford,Person,Greensboro,NC,2026 NCHSAA Women's State Championship
2/19/2026,5A - 235,,Amisha Caldwell,Parkwood High School,10-1 3:11,F,Tylanii Lunsford,Person,Greensboro,NC,2026 NCHSAA Women's State Championship
2/19/2026,5A - 235,,Taylor Moore,East Rowan High School,5-0 2:30,F,Serenity Payne,West Henderson High School,Greensboro,NC,2026 NCHSAA Women's State Championship
2/19/2026,5A - 235,,Kinzlee Buckner,North Buncombe High School,2-3 1:51,F,Caroline DonJuan,Cedar Ridge,Greensboro,NC,2026 NCHSAA Women's State Championship
2/19/2026,6A - 100,,brittany hart,Western Harnett High School,7-0 2:41,F,Charity Thornton,Olympic High School,Greensboro,NC,2026 NCHSAA Women's State Championship
2/19/2026,6A - 100,,brittany hart,Western Harnett High School,14-2 4:48,F,Sydney Baker,St. Stephens High School,Greensboro,NC,2026 NCHSAA Women's State Championship
2/19/2026,6A - 100,,Alaina Vee,Swansboro High School,4-1,DEC,Charlotte VanPelt,Jacksonville High School,Greensboro,NC,2026 NCHSAA Women's State Championship
2/19/2026,6A - 100,,Sydney Baker,St. Stephens High School,3-0 1:15,F,Morsal Roufi,Seventy-First High School,Greensboro,NC,2026 NCHSAA Women's State Championship
2/19/2026,6A - 100,,brittany hart,Western Harnett High School,4-3 1:47,F,Andreona Thornton,Asheboro High School,Greensboro,NC,2026 NCHSAA Women's State Championship
2/19/2026,6A - 100,,Charity Thornton,Olympic High School,9-8,DEC,Alaina Vee,Swansboro High School,Greensboro,NC,2026 NCHSAA Women's State Championship
2/19/2026,6A - 100,,Dylan Gustafson,North Iredell High School,7-0 1:40,F,Morsal Roufi,Seventy-First High School,Greensboro,NC,2026 NCHSAA Women's State Championship
2/19/2026,6A - 100,,Charity Thornton,Olympic High School,7-0 1:39,F,Dylan Gustafson,North Iredell High School,Greensboro,NC,2026 NCHSAA Women's State Championship
2/19/2026,6A - 100,,Sydney Baker,St. Stephens High School,6-3 1:48,F,Alaina Vee,Swansboro High School,Greensboro,NC,2026 NCHSAA Women's State Championship
2/19/2026,6A - 100,,Alaina Vee,Swansboro High School,10-1 4:42,F,Dylan Gustafson,North Iredell High School,Greensboro,NC,2026 NCHSAA Women's State Championship
2/19/2026,6A - 100,,Charity Thornton,Olympic High School,6-1 3:17,F,Charlotte VanPelt,Jacksonville High School,Greensboro,NC,2026 NCHSAA Women's State Championship
2/19/2026,6A - 100,,Charlotte VanPelt,Jacksonville High School,10-0 1:39,F,Andreona Thornton,Asheboro High School,Greensboro,NC,2026 NCHSAA Women's State Championship
2/19/2026,6A - 107,,Sarah Frye,Middle Creek High School,3-0 0:52,F,Sydney Martin,Central Cabarrus High School,Greensboro,NC,2026 NCHSAA Women's State Championship
2/19/2026,6A - 107,,Millyanes Rivera,Robert B. Glenn High School,3-0 0:56,F,Sarah Frye,Middle Creek High School,Greensboro,NC,2026 NCHSAA Women's State Championship
2/19/2026,6A - 107,,Madison Bailey,Sun Valley High School,6-8 3:52,F,Catherine Lebui,West Brunswick High School,Greensboro,NC,2026 NCHSAA Women's State Championship
2/19/2026,6A - 107,,Millyanes Rivera,Robert B. Glenn High School,13-9 4:00,F,Ryleigh Cline,Swansboro High School,Greensboro,NC,2026 NCHSAA Women's State Championship
2/19/2026,6A - 107,,Millyanes Rivera,Robert B. Glenn High School,4-0 2:29,F,Catherine Lebui,West Brunswick High School,Greensboro,NC,2026 NCHSAA Women's State Championship
2/19/2026,6A - 107,,Sarah Frye,Middle Creek High School,3-0 1:05,F,Madison Bailey,Sun Valley High School,Greensboro,NC,2026 NCHSAA Women's State Championship
2/19/2026,6A - 107,,Ryleigh Cline,Swansboro High School,3-2 2:23,F,Peyton Smith,Jacksonville High School,Greensboro,NC,2026 NCHSAA Women's State Championship
2/19/2026,6A - 107,,Peyton Smith,Jacksonville High School,9-0 3:17,F,Daphne Cummings,Northern Guilford High School,Greensboro,NC,2026 NCHSAA Women's State Championship
2/19/2026,6A - 107,,Peyton Smith,Jacksonville High School,6-0 1:24,F,Madison Bailey,Sun Valley High School,Greensboro,NC,2026 NCHSAA Women's State Championship
2/19/2026,6A - 107,,Peyton Smith,Jacksonville High School,13-4,MD,Sarah Frye,Middle Creek High School,Greensboro,NC,2026 NCHSAA Women's State Championship
2/19/2026,6A - 107,,Ryleigh Cline,Swansboro High School,10-0 2:39,F,Sydney Martin,Central Cabarrus High School,Greensboro,NC,2026 NCHSAA Women's State Championship
2/19/2026,6A - 107,,Sydney Martin,Central Cabarrus High School,7-0,DEC,Daphne Cummings,Northern Guilford High School,Greensboro,NC,2026 NCHSAA Women's State Championship
2/19/2026,6A - 114,,Ellen Zhang,East Chapel Hill,13-6 4:34,F,Brianna Munoz,Asheboro High School,Greensboro,NC,2026 NCHSAA Women's State Championship
2/19/2026,6A - 114,,Nyima Lovett,J.H. Rose,3-0 1:54,F,Sierra Steele,T.C. Roberson High School,Greensboro,NC,2026 NCHSAA Women's State Championship
2/19/2026,6A - 114,,Mia Ramirez-Padilla,Swansboro High School,4-1 4:54,F,Sierra Steele,T.C. Roberson High School,Greensboro,NC,2026 NCHSAA Women's State Championship
2/19/2026,6A - 114,,Sydney Mark,Asheville High School / SILSA,12-3,MD,Nyima Lovett,J.H. Rose,Greensboro,NC,2026 NCHSAA Women's State Championship
2/19/2026,6A - 114,,Navaeh Eudy,Sun Valley High School,3-0 0:32,F,Ellen Zhang,East Chapel Hill,Greensboro,NC,2026 NCHSAA Women's State Championship
2/19/2026,6A - 114,,Sydney Mark,Asheville High School / SILSA,12-2 3:22,F,Ellen Zhang,East Chapel Hill,Greensboro,NC,2026 NCHSAA Women's State Championship
2/19/2026,6A - 114,,Adriana Gruner Mattei,Northern Durham High School,7-0 2:38,F,Mia Ramirez-Padilla,Swansboro High School,Greensboro,NC,2026 NCHSAA Women's State Championship
2/19/2026,6A - 114,,Adriana Gruner Mattei,Northern Durham High School,5-0 3:29,F,Brianna Munoz,Asheboro High School,Greensboro,NC,2026 NCHSAA Women's State Championship
2/19/2026,6A - 114,,Nyima Lovett,J.H. Rose,5-3 3:25,F,Navaeh Eudy,Sun Valley High School,Greensboro,NC,2026 NCHSAA Women's State Championship
2/19/2026,6A - 114,,Adriana Gruner Mattei,Northern Durham High School,7-6,DEC,Navaeh Eudy,Sun Valley High School,Greensboro,NC,2026 NCHSAA Women's State Championship
2/19/2026,6A - 114,,Navaeh Eudy,Sun Valley High School,4-7 3:46,F,Mia Ramirez-Padilla,Swansboro High School,Greensboro,NC,2026 NCHSAA Women's State Championship
2/19/2026,6A - 114,,Sydney Mark,Asheville High School / SILSA,12-3,MD,Adriana Gruner Mattei,Northern Durham High School,Greensboro,NC,2026 NCHSAA Women's State Championship
2/19/2026,6A - 120,,Ellen Valentine,Charlotte Catholic High School,5-6 3:06,F,Mirabelle Chi,East Chapel Hill,Greensboro,NC,2026 NCHSAA Women's State Championship
2/19/2026,6A - 120,,Phoenix Anderson,Asheville High School / SILSA,0-0,FOR,Zamya Rodriquez,Westover High School,Greensboro,NC,2026 NCHSAA Women's State Championship
2/19/2026,6A - 120,,Adriana Miller,White Oak High School,10-2 3:20,F,Lara Garcia,Franklinton,Greensboro,NC,2026 NCHSAA Women's State Championship
2/19/2026,6A - 120,,Ellen Valentine,Charlotte Catholic High School,10-0,MD,Phoenix Anderson,Asheville High School / SILSA,Greensboro,NC,2026 NCHSAA Women's State Championship
2/19/2026,6A - 120,,Lara Garcia,Franklinton,16-1 3:44,F,Mirabelle Chi,East Chapel Hill,Greensboro,NC,2026 NCHSAA Women's State Championship
2/19/2026,6A - 120,,Nevaeh Smith,St. Stephens High School,2-0 1:53,F,Rayy Murphy,Alexander Central High School,Greensboro,NC,2026 NCHSAA Women's State Championship
2/19/2026,6A - 120,,Mirabelle Chi,East Chapel Hill,0-0,FOR,Zamya Rodriquez,Westover High School,Greensboro,NC,2026 NCHSAA Women's State Championship
2/19/2026,6A - 120,,Adriana Miller,White Oak High School,10-3 5:47,F,Ellen Valentine,Charlotte Catholic High School,Greensboro,NC,2026 NCHSAA Women's State Championship
2/19/2026,6A - 120,,Lara Garcia,Franklinton,3-0 2:12,F,Nevaeh Smith,St. Stephens High School,Greensboro,NC,2026 NCHSAA Women's State Championship
2/19/2026,6A - 120,,Nevaeh Smith,St. Stephens High School,3-0 4:20,F,Phoenix Anderson,Asheville High School / SILSA,Greensboro,NC,2026 NCHSAA Women's State Championship
2/19/2026,6A - 120,,Adriana Miller,White Oak High School,3-0 1:15,F,Rayy Murphy,Alexander Central High School,Greensboro,NC,2026 NCHSAA Women's State Championship
2/19/2026,6A - 120,,Lara Garcia,Franklinton,4-3 3:46,F,Nevaeh Smith,St. Stephens High School,Greensboro,NC,2026 NCHSAA Women's State Championship
2/19/2026,6A - 126,,Lauren Lewis,Gray`s Creek High School,12-8 3:24,F,Oriana Delgado,Franklinton,Greensboro,NC,2026 NCHSAA Women's State Championship
2/19/2026,6A - 126,,Amari McClearly,Ragsdale,10-0 1:51,F,Oriana Delgado,Franklinton,Greensboro,NC,2026 NCHSAA Women's State Championship
2/19/2026,6A - 126,,Lauren Lewis,Gray`s Creek High School,14-0 1:48,F,Angel Thornton,Olympic High School,Greensboro,NC,2026 NCHSAA Women's State Championship
2/19/2026,6A - 126,,LaNautica Johnson,Vance County High School,15-4 3:51,F,Abby Milbery,Swansboro High School,Greensboro,NC,2026 NCHSAA Women's State Championship
2/19/2026,6A - 126,,Abby Milbery,Swansboro High School,4-7 2:23,F,Andrea Thornton,Asheboro High School,Greensboro,NC,2026 NCHSAA Women's State Championship
2/19/2026,6A - 126,,Oriana Delgado,Franklinton,6-10 2:58,F,Abby Milbery,Swansboro High School,Greensboro,NC,2026 NCHSAA Women's State Championship
2/19/2026,6A - 126,,Amari McClearly,Ragsdale,13-5 4:58,F,Lauren Lewis,Gray`s Creek High School,Greensboro,NC,2026 NCHSAA Women's State Championship
2/19/2026,6A - 126,,LaNautica Johnson,Vance County High School,15-7 3:04,F,Angel Thornton,Olympic High School,Greensboro,NC,2026 NCHSAA Women's State Championship
2/19/2026,6A - 126,,LaNautica Johnson,Vance County High School,22-7 3:46,TF,Amari McClearly,Ragsdale,Greensboro,NC,2026 NCHSAA Women's State Championship
2/19/2026,6A - 126,,Oriana Delgado,Franklinton,9-4 2:21,F,Kali Schmitt,T.C. Roberson High School,Greensboro,NC,2026 NCHSAA Women's State Championship
2/19/2026,6A - 126,,Lauren Lewis,Gray`s Creek High School,10-4 5:58,F,Kali Schmitt,T.C. Roberson High School,Greensboro,NC,2026 NCHSAA Women's State Championship
2/19/2026,6A - 126,,Angel Thornton,Olympic High School,2-4 1:45,F,Andrea Thornton,Asheboro High School,Greensboro,NC,2026 NCHSAA Women's State Championship
2/19/2026,6A - 132,,Kayla McKay,Swansboro High School,0-0,M FOR,Anna Eversole,Sun Valley High School,Greensboro,NC,2026 NCHSAA Women's State Championship
2/19/2026,6A - 132,,Mia Lavigne,White Oak High School,0-0,M FOR,Kamryn Kling,T.C. Roberson High School,Greensboro,NC,2026 NCHSAA Women's State Championship
2/19/2026,6A - 132,,LilyAnn Blair,Union Pines High School,7-0 0:50,F,Mackenzie Feuss,Olympic High School,Greensboro,NC,2026 NCHSAA Women's State Championship
2/19/2026,6A - 132,,Thaliana Brown,Westover High School,0-0,M FOR,Kamryn Kling,T.C. Roberson High School,Greensboro,NC,2026 NCHSAA Women's State Championship
2/19/2026,6A - 132,,Mia Lavigne,White Oak High School,6-5,M FOR,Breyanna Mitchell,Ben L. Smith High School,Greensboro,NC,2026 NCHSAA Women's State Championship
2/19/2026,6A - 132,,LilyAnn Blair,Union Pines High School,15-2,MD,Mia Lavigne,White Oak High School,Greensboro,NC,2026 NCHSAA Women's State Championship
2/19/2026,6A - 132,,Mackenzie Feuss,Olympic High School,0-0,M FOR,Anna Eversole,Sun Valley High School,Greensboro,NC,2026 NCHSAA Women's State Championship
2/19/2026,6A - 132,,Thaliana Brown,Westover High School,17-2 4:35,TF,Kayla McKay,Swansboro High School,Greensboro,NC,2026 NCHSAA Women's State Championship
2/19/2026,6A - 132,,Mackenzie Feuss,Olympic High School,0-0,M FOR,Breyanna Mitchell,Ben L. Smith High School,Greensboro,NC,2026 NCHSAA Women's State Championship
2/19/2026,6A - 132,,Thaliana Brown,Westover High School,3-0 0:55,F,Mackenzie Feuss,Olympic High School,Greensboro,NC,2026 NCHSAA Women's State Championship
2/19/2026,6A - 132,,LilyAnn Blair,Union Pines High School,5-0 1:14,F,Kayla McKay,Swansboro High School,Greensboro,NC,2026 NCHSAA Women's State Championship
2/19/2026,6A - 132,,Breyanna Mitchell,Ben L. Smith High School,3-1 0:39,F,Thaliana Brown,Westover High School,Greensboro,NC,2026 NCHSAA Women's State Championship
2/19/2026,6A - 138,,Averi Baisley,Charlotte Catholic High School,0-0 0:57,F,Corinne Farmer,Middle Creek High School,Greensboro,NC,2026 NCHSAA Women's State Championship
2/19/2026,6A - 138,,MacKenzie Shaver,Union Pines High School,9-3 4:56,F,Averi Baisley,Charlotte Catholic High School,Greensboro,NC,2026 NCHSAA Women's State Championship
2/19/2026,6A - 138,,MacKenzie Shaver,Union Pines High School,7-0 0:41,F,Rosa Sevilla,T.C. Roberson High School,Greensboro,NC,2026 NCHSAA Women's State Championship
2/19/2026,6A - 138,,Chakira Kodjo,Seventy-First High School,0-0 0:31,F,Kaidynce Hines,Olympic High School,Greensboro,NC,2026 NCHSAA Women's State Championship
2/19/2026,6A - 138,,MacKenzie Shaver,Union Pines High School,10-1 1:04,F,Asmin Castaneda,Sun Valley High School,Greensboro,NC,2026 NCHSAA Women's State Championship
2/19/2026,6A - 138,,Reagan Murray,Franklinton,13-4 4:42,F,Rosa Sevilla,T.C. Roberson High School,Greensboro,NC,2026 NCHSAA Women's State Championship
2/19/2026,6A - 138,,Corinne Farmer,Middle Creek High School,2-3 2:46,F,Asmin Castaneda,Sun Valley High School,Greensboro,NC,2026 NCHSAA Women's State Championship
2/19/2026,6A - 138,,Averi Baisley,Charlotte Catholic High School,0-0 4:38,F,Chakira Kodjo,Seventy-First High School,Greensboro,NC,2026 NCHSAA Women's State Championship
2/19/2026,6A - 138,,Chakira Kodjo,Seventy-First High School,0-0,M FOR,Reagan Murray,Franklinton,Greensboro,NC,2026 NCHSAA Women's State Championship
2/19/2026,6A - 138,,Asmin Castaneda,Sun Valley High School,3-0 1:54,F,Reagan Murray,Franklinton,Greensboro,NC,2026 NCHSAA Women's State Championship
2/19/2026,6A - 138,,Chakira Kodjo,Seventy-First High School,6-0,DEC,Corinne Farmer,Middle Creek High School,Greensboro,NC,2026 NCHSAA Women's State Championship
2/19/2026,6A - 138,,Corinne Farmer,Middle Creek High School,8-5 2:51,F,Kaidynce Hines,Olympic High School,Greensboro,NC,2026 NCHSAA Women's State Championship
2/19/2026,6A - 145,,Amelia Pranka,Terry Sanford High School,3-0 0:19,F,Charity White,Harding University High School,Greensboro,NC,2026 NCHSAA Women's State Championship
2/19/2026,6A - 145,,Emily Bianchi,Statesville High School,16-2 5:56,F,Isla Flechsenhaar,Union Pines High School,Greensboro,NC,2026 NCHSAA Women's State Championship
2/19/2026,6A - 145,,Aydelynn Collins,Swansboro High School,6-2,DEC,Emily Bianchi,Statesville High School,Greensboro,NC,2026 NCHSAA Women's State Championship
2/19/2026,6A - 145,,Emily Bianchi,Statesville High School,5-0 1:34,F,Alonica Arellan-Scott,T.C. Roberson High School,Greensboro,NC,2026 NCHSAA Women's State Championship
2/19/2026,6A - 145,,Aydelynn Collins,Swansboro High School,3-0 1:16,F,Alonica Arellan-Scott,T.C. Roberson High School,Greensboro,NC,2026 NCHSAA Women's State Championship
2/19/2026,6A - 145,,Amelia Pranka,Terry Sanford High School,3-0 0:24,F,Zaniyah Shepard,White Oak High School,Greensboro,NC,2026 NCHSAA Women's State Championship
2/19/2026,6A - 145,,Amelia Pranka,Terry Sanford High School,3-0 1:48,F,Aydelynn Collins,Swansboro High School,Greensboro,NC,2026 NCHSAA Women's State Championship
2/19/2026,6A - 145,,Zaniyah Shepard,White Oak High School,18-1 3:36,TF,Nicole Figueroa,Olympic High School,Greensboro,NC,2026 NCHSAA Women's State Championship
2/19/2026,6A - 145,,Isla Flechsenhaar,Union Pines High School,7-0 2:15,F,Nicole Figueroa,Olympic High School,Greensboro,NC,2026 NCHSAA Women's State Championship
2/19/2026,6A - 145,,Alonica Arellan-Scott,T.C. Roberson High School,10-3 2:39,F,Charity White,Harding University High School,Greensboro,NC,2026 NCHSAA Women's State Championship
2/19/2026,6A - 145,,Zaniyah Shepard,White Oak High School,4-1 SV,DEC,Emily Bianchi,Statesville High School,Greensboro,NC,2026 NCHSAA Women's State Championship
2/19/2026,6A - 145,,Aydelynn Collins,Swansboro High School,7-0,DEC,Isla Flechsenhaar,Union Pines High School,Greensboro,NC,2026 NCHSAA Women's State Championship
2/19/2026,6A - 152,,Taylor Williams,Robert B. Glenn High School,3-0 1:02,F,Brianna Hernandez,Olympic High School,Greensboro,NC,2026 NCHSAA Women's State Championship
2/19/2026,6A - 152,,Ava Babich,Terry Sanford High School,2-0 1:37,F,Joleigh Faircloth,Harnett Central High School,Greensboro,NC,2026 NCHSAA Women's State Championship
2/19/2026,6A - 152,,Taylor Williams,Robert B. Glenn High School,3-0 1:08,F,Ava Babich,Terry Sanford High School,Greensboro,NC,2026 NCHSAA Women's State Championship
2/19/2026,6A - 152,,Latia Williams,Scotland High School,0-0,FOR,Inga Drake,Asheville High School / SILSA,Greensboro,NC,2026 NCHSAA Women's State Championship
2/19/2026,6A - 152,,Ava Babich,Terry Sanford High School,3-0 0:53,F,Gabby Canup,Southern Alamance High School,Greensboro,NC,2026 NCHSAA Women's State Championship
2/19/2026,6A - 152,,Brianna Hernandez,Olympic High School,3-0 1:34,F,Joleigh Faircloth,Harnett Central High School,Greensboro,NC,2026 NCHSAA Women's State Championship
2/19/2026,6A - 152,,Taylor Williams,Robert B. Glenn High School,8-2,DEC,Latia Williams,Scotland High School,Greensboro,NC,2026 NCHSAA Women's State Championship
2/19/2026,6A - 152,,Gabby Canup,Southern Alamance High School,11-3,MD,Brianna Hernandez,Olympic High School,Greensboro,NC,2026 NCHSAA Women's State Championship
2/19/2026,6A - 152,,Latia Williams,Scotland High School,3-0 0:55,F,Andrea Cisneros,Freedom High School,Greensboro,NC,2026 NCHSAA Women's State Championship
2/19/2026,6A - 152,,Ava Babich,Terry Sanford High School,7-2,DEC,Andrea Cisneros,Freedom High School,Greensboro,NC,2026 NCHSAA Women's State Championship
2/19/2026,6A - 152,,Gabby Canup,Southern Alamance High School,0-0,M FOR,Inga Drake,Asheville High School / SILSA,Greensboro,NC,2026 NCHSAA Women's State Championship
2/19/2026,6A - 152,,Andrea Cisneros,Freedom High School,2-3 1:38,F,Gabby Canup,Southern Alamance High School,Greensboro,NC,2026 NCHSAA Women's State Championship
2/19/2026,6A - 165,,Charlotte Rosenbalm,Watauga High School,10-8,DEC,Elisabeth Farley,Ragsdale,Greensboro,NC,2026 NCHSAA Women's State Championship
2/19/2026,6A - 165,,Elisabeth Farley,Ragsdale,6-3 2:35,F,Aliah SabbaghRabaiotti,Mount Tabor High School,Greensboro,NC,2026 NCHSAA Women's State Championship
2/19/2026,6A - 165,,Charlotte Rosenbalm,Watauga High School,15-4,MD,Ava McCoy,Terry Sanford High School,Greensboro,NC,2026 NCHSAA Women's State Championship
2/19/2026,6A - 165,,Emma BoyChuck,Swansboro High School,3-0 0:46,F,Aliah SabbaghRabaiotti,Mount Tabor High School,Greensboro,NC,2026 NCHSAA Women's State Championship
2/19/2026,6A - 165,,Emma BoyChuck,Swansboro High School,10-0 3:02,F,Georgia Cooper,Scotland High School,Greensboro,NC,2026 NCHSAA Women's State Championship
2/19/2026,6A - 165,,Charlotte Rosenbalm,Watauga High School,10-0,MD,Georgia Cooper,Scotland High School,Greensboro,NC,2026 NCHSAA Women's State Championship
2/19/2026,6A - 165,,Georgia Cooper,Scotland High School,17-1 2:42,TF,Elisabeth Farley,Ragsdale,Greensboro,NC,2026 NCHSAA Women's State Championship
2/19/2026,6A - 165,,Ava McCoy,Terry Sanford High School,0-0,M FOR,Milagros Perez,Robert B. Glenn High School,Greensboro,NC,2026 NCHSAA Women's State Championship
2/19/2026,6A - 165,,Leila Flechsenhaar,Union Pines High School,7-4 3:46,F,Emma BoyChuck,Swansboro High School,Greensboro,NC,2026 NCHSAA Women's State Championship
2/19/2026,6A - 165,,Leila Flechsenhaar,Union Pines High School,11-0 2:54,F,Charlotte Rosenbalm,Watauga High School,Greensboro,NC,2026 NCHSAA Women's State Championship
2/19/2026,6A - 165,,Leila Flechsenhaar,Union Pines High School,0-0,M FOR,Milagros Perez,Robert B. Glenn High School,Greensboro,NC,2026 NCHSAA Women's State Championship
2/19/2026,6A - 165,,Georgia Cooper,Scotland High School,5-0,DEC,Ava McCoy,Terry Sanford High School,Greensboro,NC,2026 NCHSAA Women's State Championship
2/19/2026,6A - 185,,Claire Icard,Alexander Central High School,4-2 2:26,F,Isabella Rodriguez,Northern Guilford High School,Greensboro,NC,2026 NCHSAA Women's State Championship
2/19/2026,6A - 185,,Nevaeh Williamson,Southern Lee,6-1 2:50,F,Joscelynn Johnson,Triton High School,Greensboro,NC,2026 NCHSAA Women's State Championship
2/19/2026,6A - 185,,Joscelynn Johnson,Triton High School,14-5 5:09,F,Isabella Rodriguez,Northern Guilford High School,Greensboro,NC,2026 NCHSAA Women's State Championship
2/19/2026,6A - 185,,Nevaeh Williamson,Southern Lee,15-2,MD,Alyvia Hawkins,Seventy-First High School,Greensboro,NC,2026 NCHSAA Women's State Championship
2/19/2026,6A - 185,,Mya Tillman,Union Pines High School,4-3,DEC,Joscelynn Johnson,Triton High School,Greensboro,NC,2026 NCHSAA Women's State Championship
2/19/2026,6A - 185,,Mya Tillman,Union Pines High School,1-3 3:53,F,Loren Johnson,Phillip O. Berry Academy of Technology,Greensboro,NC,2026 NCHSAA Women's State Championship
2/19/2026,6A - 185,,Claire Icard,Alexander Central High School,8-3,DEC,Mya Tillman,Union Pines High School,Greensboro,NC,2026 NCHSAA Women's State Championship
2/19/2026,6A - 185,,Isabella Rodriguez,Northern Guilford High School,3-0 0:30,F,Ashley Johnny,Asheville High School / SILSA,Greensboro,NC,2026 NCHSAA Women's State Championship
2/19/2026,6A - 185,,Nevaeh Williamson,Southern Lee,20-3 2:12,TF,Ashley Johnny,Asheville High School / SILSA,Greensboro,NC,2026 NCHSAA Women's State Championship
2/19/2026,6A - 185,,Alyvia Hawkins,Seventy-First High School,14-0,MD,Claire Icard,Alexander Central High School,Greensboro,NC,2026 NCHSAA Women's State Championship
2/19/2026,6A - 185,,Claire Icard,Alexander Central High School,11-6 5:42,F,Mya Tillman,Union Pines High School,Greensboro,NC,2026 NCHSAA Women's State Championship
2/19/2026,6A - 185,,Alyvia Hawkins,Seventy-First High School,7-0 2:21,F,Loren Johnson,Phillip O. Berry Academy of Technology,Greensboro,NC,2026 NCHSAA Women's State Championship
2/19/2026,6A - 235,,Saliyah Brooks,Seventy-First High School,3-0 0:46,F,Tamysha Austin,Harnett Central High School,Greensboro,NC,2026 NCHSAA Women's State Championship
2/19/2026,6A - 235,,Yahora Hakim,Olympic High School,0-0,FOR,Cara Brake,Northern Nash High School,Greensboro,NC,2026 NCHSAA Women's State Championship
2/19/2026,6A - 235,,Yahora Hakim,Olympic High School,0-0,BYE,,,Greensboro,NC,2026 NCHSAA Women's State Championship
2/19/2026,6A - 235,,Cara Brake,Northern Nash High School,3-0 1:09,F,Harper Pyatte,St. Stephens High School,Greensboro,NC,2026 NCHSAA Women's State Championship
2/19/2026,6A - 235,,Malea Vinson,White Oak High School,3-0 0:55,F,Yahora Hakim,Olympic High School,Greensboro,NC,2026 NCHSAA Women's State Championship
2/19/2026,6A - 235,,Malea Vinson,White Oak High School,6-2 5:56,F,Alaina Scherer,Asheboro High School,Greensboro,NC,2026 NCHSAA Women's State Championship
2/19/2026,6A - 235,,Saliyah Brooks,Seventy-First High School,0-0 1:40,F,Yahora Hakim,Olympic High School,Greensboro,NC,2026 NCHSAA Women's State Championship
2/19/2026,6A - 235,,Alaina Scherer,Asheboro High School,14-0 2:46,F,Cara Brake,Northern Nash High School,Greensboro,NC,2026 NCHSAA Women's State Championship
2/19/2026,6A - 235,,Saliyah Brooks,Seventy-First High School,0-0,BYE,,,Greensboro,NC,2026 NCHSAA Women's State Championship
2/19/2026,6A - 235,,Alaina Scherer,Asheboro High School,11-0 3:03,F,Tamysha Austin,Harnett Central High School,Greensboro,NC,2026 NCHSAA Women's State Championship
2/19/2026,6A - 235,,Tamysha Austin,Harnett Central High School,7-3 1:49,F,Harper Pyatte,St. Stephens High School,Greensboro,NC,2026 NCHSAA Women's State Championship
2/19/2026,6A - 235,,Malea Vinson,White Oak High School,7-2,DEC,Saliyah Brooks,Seventy-First High School,Greensboro,NC,2026 NCHSAA Women's State Championship
2/19/2026,7A - 100,,Natasha DeJesus-Valdivia,R J Reynolds,4-3,DEC,Abigail Barfield,Lumberton Senior High School,Greensboro,NC,2026 NCHSAA Women's State Championship
2/19/2026,7A - 100,,Mia Pardo,Jack Britt High School,6-1 1:20,F,Say Wah,Chapel Hill High School,Greensboro,NC,2026 NCHSAA Women's State Championship
2/19/2026,7A - 100,,Melanie Mendoza,Cary High School,13-12 2:52,F,Say Wah,Chapel Hill High School,Greensboro,NC,2026 NCHSAA Women's State Championship
2/19/2026,7A - 100,,Kisinda Johnson,South Garner High School,3-0 1:13,F,Natasha DeJesus-Valdivia,R J Reynolds,Greensboro,NC,2026 NCHSAA Women's State Championship
2/19/2026,7A - 100,,Mia Pardo,Jack Britt High School,11-2 3:31,F,Amory Mendoza,A.L. Brown High School,Greensboro,NC,2026 NCHSAA Women's State Championship
2/19/2026,7A - 100,,Morgan Carpenter,Pine Forest High School,13-10,DEC,Kisinda Johnson,South Garner High School,Greensboro,NC,2026 NCHSAA Women's State Championship
2/19/2026,7A - 100,,Morgan Carpenter,Pine Forest High School,20-5 4:39,TF,Abigail Barfield,Lumberton Senior High School,Greensboro,NC,2026 NCHSAA Women's State Championship
2/19/2026,7A - 100,,Kisinda Johnson,South Garner High School,3-0 0:57,F,Amory Mendoza,A.L. Brown High School,Greensboro,NC,2026 NCHSAA Women's State Championship
2/19/2026,7A - 100,,Amory Mendoza,A.L. Brown High School,0-0 1:19,F,Natasha DeJesus-Valdivia,R J Reynolds,Greensboro,NC,2026 NCHSAA Women's State Championship
2/19/2026,7A - 100,,Mia Pardo,Jack Britt High School,3-0,DEC,Morgan Carpenter,Pine Forest High School,Greensboro,NC,2026 NCHSAA Women's State Championship
2/19/2026,7A - 100,,Amory Mendoza,A.L. Brown High School,9-3 3:16,F,Melanie Mendoza,Cary High School,Greensboro,NC,2026 NCHSAA Women's State Championship
2/19/2026,7A - 100,,Kisinda Johnson,South Garner High School,0-0,M FOR,Melanie Mendoza,Cary High School,Greensboro,NC,2026 NCHSAA Women's State Championship
2/19/2026,7A - 107,,Bria Ma,Jack Britt High School,9-4 3:24,F,Isabella Butler,A.L. Brown High School,Greensboro,NC,2026 NCHSAA Women's State Championship
2/19/2026,7A - 107,,Isabella Butler,A.L. Brown High School,8-5,DEC,Abigail Roberts,Topsail,Greensboro,NC,2026 NCHSAA Women's State Championship
2/19/2026,7A - 107,,Kadance Aremia,East Wake High School,0-5 1:29,F,Isabella Butler,A.L. Brown High School,Greensboro,NC,2026 NCHSAA Women's State Championship
2/19/2026,7A - 107,,Kiera Hinson,Davie County,19-4 3:13,TF,Abigail Roberts,Topsail,Greensboro,NC,2026 NCHSAA Women's State Championship
2/19/2026,7A - 107,,Brianna Palmer,Cardinal Gibbons High School,4-0 1:42,F,Bria Ma,Jack Britt High School,Greensboro,NC,2026 NCHSAA Women's State Championship
2/19/2026,7A - 107,,Kadance Aremia,East Wake High School,3-0 1:30,F,Natalie O`brien,West Cabarrus High School,Greensboro,NC,2026 NCHSAA Women's State Championship
2/19/2026,7A - 107,,Isabella Butler,A.L. Brown High School,10-2,MD,Caelyn Kish,Mooresville High School,Greensboro,NC,2026 NCHSAA Women's State Championship
2/19/2026,7A - 107,,Caelyn Kish,Mooresville High School,4-5 2:53,F,Natalie O`brien,West Cabarrus High School,Greensboro,NC,2026 NCHSAA Women's State Championship
2/19/2026,7A - 107,,Brianna Palmer,Cardinal Gibbons High School,6-1 1:23,F,Caelyn Kish,Mooresville High School,Greensboro,NC,2026 NCHSAA Women's State Championship
2/19/2026,7A - 107,,Bria Ma,Jack Britt High School,3-0 0:29,F,Kiera Hinson,Davie County,Greensboro,NC,2026 NCHSAA Women's State Championship
2/19/2026,7A - 107,,Kadance Aremia,East Wake High School,5-0 0:46,F,Kiera Hinson,Davie County,Greensboro,NC,2026 NCHSAA Women's State Championship
2/19/2026,7A - 107,,Brianna Palmer,Cardinal Gibbons High School,3-0 1:54,F,Kadance Aremia,East Wake High School,Greensboro,NC,2026 NCHSAA Women's State Championship
2/19/2026,7A - 114,,Julianne Vindigni,Cleveland High School,6-0 2:17,F,Lyric Bingham,Rocky River High School,Greensboro,NC,2026 NCHSAA Women's State Championship
2/19/2026,7A - 114,,Sofia Salas,Ballantyne Ridge High School,8-0,M FOR,Amy Ortiz,Lumberton Senior High School,Greensboro,NC,2026 NCHSAA Women's State Championship
2/19/2026,7A - 114,,Julianne Vindigni,Cleveland High School,5-3 2:52,F,Amy Ortiz,Lumberton Senior High School,Greensboro,NC,2026 NCHSAA Women's State Championship
2/19/2026,7A - 114,,Zainab Hijawi,South Central High School,10-1 0:51,F,Avery Hall,Hickory Ridge High School,Greensboro,NC,2026 NCHSAA Women's State Championship
2/19/2026,7A - 114,,Zoeth Pardo,Jack Britt High School,9-1 3:34,F,Lyric Bingham,Rocky River High School,Greensboro,NC,2026 NCHSAA Women's State Championship
2/19/2026,7A - 114,,Zoeth Pardo,Jack Britt High School,3-0 0:43,F,Maddie Freeman,A.L. Brown High School,Greensboro,NC,2026 NCHSAA Women's State Championship
2/19/2026,7A - 114,,Lyric Bingham,Rocky River High School,3-0 0:36,F,Avery Hall,Hickory Ridge High School,Greensboro,NC,2026 NCHSAA Women's State Championship
2/19/2026,7A - 114,,Julianne Vindigni,Cleveland High School,10-1,MD,Zoeth Pardo,Jack Britt High School,Greensboro,NC,2026 NCHSAA Women's State Championship
2/19/2026,7A - 114,,Zainab Hijawi,South Central High School,13-0 2:37,F,Sofia Salas,Ballantyne Ridge High School,Greensboro,NC,2026 NCHSAA Women's State Championship
2/19/2026,7A - 114,,Amy Ortiz,Lumberton Senior High School,6-1 1:46,F,Maddie Freeman,A.L. Brown High School,Greensboro,NC,2026 NCHSAA Women's State Championship
2/19/2026,7A - 114,,Sofia Salas,Ballantyne Ridge High School,3-7 5:14,F,Zoeth Pardo,Jack Britt High School,Greensboro,NC,2026 NCHSAA Women's State Championship
2/19/2026,7A - 114,,Zainab Hijawi,South Central High School,3-0 1:11,F,Julianne Vindigni,Cleveland High School,Greensboro,NC,2026 NCHSAA Women's State Championship
2/19/2026,7A - 120,,Ashtyn Westbrook,Cape Fear High School,3-0 1:51,F,Karina Martinez,A.L. Brown High School,Greensboro,NC,2026 NCHSAA Women's State Championship
2/19/2026,7A - 120,,Sophia Hernandez,Jack Britt High School,16-4 5:18,F,Isabelle Salgado,Rocky River High School,Greensboro,NC,2026 NCHSAA Women's State Championship
2/19/2026,7A - 120,,Addison Gore,Garner Magnet High School,12-0 4:54,F,Sophia Hernandez,Jack Britt High School,Greensboro,NC,2026 NCHSAA Women's State Championship
2/19/2026,7A - 120,,Addison Gore,Garner Magnet High School,3-0 1:06,F,Mackenzie Hutchins,R J Reynolds,Greensboro,NC,2026 NCHSAA Women's State Championship
2/19/2026,7A - 120,,Addison Gore,Garner Magnet High School,3-0 0:51,F,Gabriella Gibson,Lake Norman High School,Greensboro,NC,2026 NCHSAA Women's State Championship
2/19/2026,7A - 120,,Gabriella Gibson,Lake Norman High School,13-2,MD,Jordyn Barrett,Topsail,Greensboro,NC,2026 NCHSAA Women's State Championship
2/19/2026,7A - 120,,Gabriella Gibson,Lake Norman High School,19-11,MD,Ashtyn Westbrook,Cape Fear High School,Greensboro,NC,2026 NCHSAA Women's State Championship
2/19/2026,7A - 120,,Sophia Hernandez,Jack Britt High School,1-0 3:37,F,Ashtyn Westbrook,Cape Fear High School,Greensboro,NC,2026 NCHSAA Women's State Championship
2/19/2026,7A - 120,,Karina Martinez,A.L. Brown High School,0-3 1:25,F,Jordyn Barrett,Topsail,Greensboro,NC,2026 NCHSAA Women's State Championship
2/19/2026,7A - 120,,Sophia Hernandez,Jack Britt High School,6-0 2:47,F,Karina Martinez,A.L. Brown High School,Greensboro,NC,2026 NCHSAA Women's State Championship
2/19/2026,7A - 120,,Isabelle Salgado,Rocky River High School,7-5 1:52,F,Mackenzie Hutchins,R J Reynolds,Greensboro,NC,2026 NCHSAA Women's State Championship
2/19/2026,7A - 120,,Ashtyn Westbrook,Cape Fear High School,0-0,M FOR,Isabelle Salgado,Rocky River High School,Greensboro,NC,2026 NCHSAA Women's State Championship
2/19/2026,7A - 126,,Nadia Hinton,Cary High School,0-0 1:40,F,Beverly Lesko,Hickory Ridge High School,Greensboro,NC,2026 NCHSAA Women's State Championship
2/19/2026,7A - 126,,Claire Ballard,New Bern High School,3-0 1:01,F,Sara Kidane,David W. Butler High School,Greensboro,NC,2026 NCHSAA Women's State Championship
2/19/2026,7A - 126,,Nadia Hinton,Cary High School,6-6 2:22,F,Mia Cartwright,Southwest Guilford High School,Greensboro,NC,2026 NCHSAA Women's State Championship
2/19/2026,7A - 126,,Abigail Brewer,Cleveland High School,3-0 1:27,F,Beverly Lesko,Hickory Ridge High School,Greensboro,NC,2026 NCHSAA Women's State Championship
2/19/2026,7A - 126,,Mia Cartwright,Southwest Guilford High School,3-0,M FOR,Sara Kidane,David W. Butler High School,Greensboro,NC,2026 NCHSAA Women's State Championship
2/19/2026,7A - 126,,Natalia Trejo,McDowell High School,3-0 0:32,F,Alexa Willis,Topsail,Greensboro,NC,2026 NCHSAA Women's State Championship
2/19/2026,7A - 126,,Mia Cartwright,Southwest Guilford High School,5-3 2:04,F,Nadia Hinton,Cary High School,Greensboro,NC,2026 NCHSAA Women's State Championship
2/19/2026,7A - 126,,Beverly Lesko,Hickory Ridge High School,8-2 4:11,F,Alexa Willis,Topsail,Greensboro,NC,2026 NCHSAA Women's State Championship
2/19/2026,7A - 126,,Mia Cartwright,Southwest Guilford High School,0-0 0:39,F,Natalia Trejo,McDowell High School,Greensboro,NC,2026 NCHSAA Women's State Championship
2/19/2026,7A - 126,,Claire Ballard,New Bern High School,6-0 0:58,F,Nadia Hinton,Cary High School,Greensboro,NC,2026 NCHSAA Women's State Championship
2/19/2026,7A - 126,,Claire Ballard,New Bern High School,15-0 4:45,TF,Abigail Brewer,Cleveland High School,Greensboro,NC,2026 NCHSAA Women's State Championship
2/19/2026,7A - 126,,Abigail Brewer,Cleveland High School,6-8 3:45,F,Natalia Trejo,McDowell High School,Greensboro,NC,2026 NCHSAA Women's State Championship
2/19/2026,7A - 132,,Isley Gadeberg,Lake Norman High School,3-0 0:51,F,Maria Sanchez Santiago,Cary High School,Greensboro,NC,2026 NCHSAA Women's State Championship
2/19/2026,7A - 132,,Italia Squicciarini,Topsail,6-7 3:56,F,Isley Gadeberg,Lake Norman High School,Greensboro,NC,2026 NCHSAA Women's State Championship
2/19/2026,7A - 132,,Isley Gadeberg,Lake Norman High School,8-0 3:37,F,Austyn Slack,Chapel Hill High School,Greensboro,NC,2026 NCHSAA Women's State Championship
2/19/2026,7A - 132,,Lindley Ziglar,Hickory Ridge High School,3-0 2:00,F,Kylee Thomas,New Bern High School,Greensboro,NC,2026 NCHSAA Women's State Championship
2/19/2026,7A - 132,,Kylee Thomas,New Bern High School,0-0,M FOR,Alexa Rubino,A.L. Brown High School,Greensboro,NC,2026 NCHSAA Women's State Championship
2/19/2026,7A - 132,,Austyn Slack,Chapel Hill High School,7-3 2:07,F,Maria Sanchez Santiago,Cary High School,Greensboro,NC,2026 NCHSAA Women's State Championship
2/19/2026,7A - 132,,Isabella Hernandez,Jack Britt High School,13-1 2:37,F,Italia Squicciarini,Topsail,Greensboro,NC,2026 NCHSAA Women's State Championship
2/19/2026,7A - 132,,Isley Gadeberg,Lake Norman High School,5-0 1:54,F,Kylee Thomas,New Bern High School,Greensboro,NC,2026 NCHSAA Women's State Championship
2/19/2026,7A - 132,,Austyn Slack,Chapel Hill High School,4-3 3:58,F,Lindley Ziglar,Hickory Ridge High School,Greensboro,NC,2026 NCHSAA Women's State Championship
2/19/2026,7A - 132,,Isabella Hernandez,Jack Britt High School,0-0,FOR,Alexa Rubino,A.L. Brown High School,Greensboro,NC,2026 NCHSAA Women's State Championship
2/19/2026,7A - 132,,Isabella Hernandez,Jack Britt High School,9-2 1:51,F,Lindley Ziglar,Hickory Ridge High School,Greensboro,NC,2026 NCHSAA Women's State Championship
2/19/2026,7A - 132,,Italia Squicciarini,Topsail,10-0 3:46,F,Austyn Slack,Chapel Hill High School,Greensboro,NC,2026 NCHSAA Women's State Championship
2/19/2026,7A - 138,,Benny Jenkins,Wake Forest High School,8-0 2:22,F,Isabella Fthenos,Lake Norman High School,Greensboro,NC,2026 NCHSAA Women's State Championship
2/19/2026,7A - 138,,Te`Andreia Webb,Jack Britt High School,3-0 1:00,F,Izzy Bryans,Hickory Ridge High School,Greensboro,NC,2026 NCHSAA Women's State Championship
2/19/2026,7A - 138,,Iyanna Crawford,Purnell Swett High School,20-4 3:27,TF,Kennedy Yow,A.L. Brown High School,Greensboro,NC,2026 NCHSAA Women's State Championship
2/19/2026,7A - 138,,Iyanna Crawford,Purnell Swett High School,15-4 1:21,F,Siennna Papineau,Cox Mill,Greensboro,NC,2026 NCHSAA Women's State Championship
2/19/2026,7A - 138,,Kennedy Yow,A.L. Brown High School,7-2,DEC,Benny Jenkins,Wake Forest High School,Greensboro,NC,2026 NCHSAA Women's State Championship
2/19/2026,7A - 138,,Kennedy Yow,A.L. Brown High School,16-8 4:47,F,Te`Andreia Webb,Jack Britt High School,Greensboro,NC,2026 NCHSAA Women's State Championship
2/19/2026,7A - 138,,Benny Jenkins,Wake Forest High School,3-1 2:47,F,Zedya Mitchell,South Central High School,Greensboro,NC,2026 NCHSAA Women's State Championship
2/19/2026,7A - 138,,Izzy Bryans,Hickory Ridge High School,3-2 UTB,DEC,Zedya Mitchell,South Central High School,Greensboro,NC,2026 NCHSAA Women's State Championship
2/19/2026,7A - 138,,Te`Andreia Webb,Jack Britt High School,3-0 0:25,F,Isabella Fthenos,Lake Norman High School,Greensboro,NC,2026 NCHSAA Women's State Championship
2/19/2026,7A - 138,,Zedya Mitchell,South Central High School,3-0 0:16,F,Siennna Papineau,Cox Mill,Greensboro,NC,2026 NCHSAA Women's State Championship
2/19/2026,7A - 138,,Benny Jenkins,Wake Forest High School,3-3 1:42,F,Te`Andreia Webb,Jack Britt High School,Greensboro,NC,2026 NCHSAA Women's State Championship
2/19/2026,7A - 138,,Iyanna Crawford,Purnell Swett High School,3-0 0:11,F,Izzy Bryans,Hickory Ridge High School,Greensboro,NC,2026 NCHSAA Women's State Championship
2/19/2026,7A - 145,,Olyve Havens,Chapel Hill High School,6-0,M FOR,Faith Bane,New Bern High School,Greensboro,NC,2026 NCHSAA Women's State Championship
2/19/2026,7A - 145,,Sierra Gruber,Cardinal Gibbons High School,7-0 4:10,F,Mirell Beaver,Heritage High School,Greensboro,NC,2026 NCHSAA Women's State Championship
2/19/2026,7A - 145,,Mirell Beaver,Heritage High School,0-0,M FOR,Faith Bane,New Bern High School,Greensboro,NC,2026 NCHSAA Women's State Championship
2/19/2026,7A - 145,,Sally Alcantara,R J Reynolds,12-3,MD,Sierra Gruber,Cardinal Gibbons High School,Greensboro,NC,2026 NCHSAA Women's State Championship
2/19/2026,7A - 145,,Sierra Gruber,Cardinal Gibbons High School,5-3,DEC,Emyiah Herring,Cleveland High School,Greensboro,NC,2026 NCHSAA Women's State Championship
2/19/2026,7A - 145,,Sally Alcantara,R J Reynolds,3-0 0:32,F,Mirell Beaver,Heritage High School,Greensboro,NC,2026 NCHSAA Women's State Championship
2/19/2026,7A - 145,,Sierra Gruber,Cardinal Gibbons High School,9-1 2:24,F,Heaven Battle,Grimsley Senior High School,Greensboro,NC,2026 NCHSAA Women's State Championship
2/19/2026,7A - 145,,Faith Bane,New Bern High School,3-0 0:34,F,Bella Taylor,McDowell High School,Greensboro,NC,2026 NCHSAA Women's State Championship
2/19/2026,7A - 145,,Emyiah Herring,Cleveland High School,6-1 1:00,F,Bella Taylor,McDowell High School,Greensboro,NC,2026 NCHSAA Women's State Championship
2/19/2026,7A - 145,,Olyve Havens,Chapel Hill High School,5-1,DEC,Emyiah Herring,Cleveland High School,Greensboro,NC,2026 NCHSAA Women's State Championship
2/19/2026,7A - 145,,Sally Alcantara,R J Reynolds,8-3 2:29,F,Olyve Havens,Chapel Hill High School,Greensboro,NC,2026 NCHSAA Women's State Championship
2/19/2026,7A - 145,,Mirell Beaver,Heritage High School,10-8,DEC,Heaven Battle,Grimsley Senior High School,Greensboro,NC,2026 NCHSAA Women's State Championship
2/19/2026,7A - 152,,Addison Jones,McDowell High School,8-1 1:00,F,Heavenly Lewis,South Garner High School,Greensboro,NC,2026 NCHSAA Women's State Championship
2/19/2026,7A - 152,,Stephanie Diaz Mendoza,Riverside High School (Durham),3-0 0:29,F,Alanna Sandoval,Grimsley Senior High School,Greensboro,NC,2026 NCHSAA Women's State Championship
2/19/2026,7A - 152,,Yzabella Weihe,Jack Britt High School,8-0 3:12,F,Addison Jones,McDowell High School,Greensboro,NC,2026 NCHSAA Women's State Championship
2/19/2026,7A - 152,,Kate Vasquez,A.L. Brown High School,9-2 1:57,F,Alaina Kaplan,Lake Norman High School,Greensboro,NC,2026 NCHSAA Women's State Championship
2/19/2026,7A - 152,,Alaina Kaplan,Lake Norman High School,7-1 0:59,F,Heavenly Lewis,South Garner High School,Greensboro,NC,2026 NCHSAA Women's State Championship
2/19/2026,7A - 152,,Kate Vasquez,A.L. Brown High School,7-0 2:29,F,Addison Jones,McDowell High School,Greensboro,NC,2026 NCHSAA Women's State Championship
2/19/2026,7A - 152,,Stephanie Diaz Mendoza,Riverside High School (Durham),21-5 4:22,TF,Kate Vasquez,A.L. Brown High School,Greensboro,NC,2026 NCHSAA Women's State Championship
2/19/2026,7A - 152,,Yzabella Weihe,Jack Britt High School,3-0 1:30,F,Alaina Kaplan,Lake Norman High School,Greensboro,NC,2026 NCHSAA Women's State Championship
2/19/2026,7A - 152,,Kate Vasquez,A.L. Brown High School,6-0 0:45,F,Kira Follett,New Bern High School,Greensboro,NC,2026 NCHSAA Women's State Championship
2/19/2026,7A - 152,,Addison Jones,McDowell High School,5-1 2:26,F,Alanna Sandoval,Grimsley Senior High School,Greensboro,NC,2026 NCHSAA Women's State Championship
2/19/2026,7A - 152,,Alanna Sandoval,Grimsley Senior High School,6-0 1:50,F,Kira Follett,New Bern High School,Greensboro,NC,2026 NCHSAA Women's State Championship
2/19/2026,7A - 152,,Stephanie Diaz Mendoza,Riverside High School (Durham),9-0 2:46,F,Yzabella Weihe,Jack Britt High School,Greensboro,NC,2026 NCHSAA Women's State Championship
2/19/2026,7A - 165,,Michaila Johnson,Cox Mill,2-0 4:58,F,Cecelia Nunemacher,Cardinal Gibbons High School,Greensboro,NC,2026 NCHSAA Women's State Championship
2/19/2026,7A - 165,,Naara Peralta,Cape Fear High School,6-1,DEC,Sydney Bailey,Heritage High School,Greensboro,NC,2026 NCHSAA Women's State Championship
2/19/2026,7A - 165,,Adalia Tamayo-Fryar,Southwest Guilford High School,3-0 0:48,F,Nevaeh Espaillat,David W. Butler High School,Greensboro,NC,2026 NCHSAA Women's State Championship
2/19/2026,7A - 165,,Cecelia Nunemacher,Cardinal Gibbons High School,4-2,DEC,Adalia Tamayo-Fryar,Southwest Guilford High School,Greensboro,NC,2026 NCHSAA Women's State Championship
2/19/2026,7A - 165,,Laynie Valerin,Cleveland High School,3-1 2:50,F,Haeun Im,Chapel Hill High School,Greensboro,NC,2026 NCHSAA Women's State Championship
2/19/2026,7A - 165,,Michaila Johnson,Cox Mill,3-0 1:26,F,Laynie Valerin,Cleveland High School,Greensboro,NC,2026 NCHSAA Women's State Championship
2/19/2026,7A - 165,,Naara Peralta,Cape Fear High School,14-6 4:41,F,Nevaeh Espaillat,David W. Butler High School,Greensboro,NC,2026 NCHSAA Women's State Championship
2/19/2026,7A - 165,,Adalia Tamayo-Fryar,Southwest Guilford High School,4-5 2:13,F,Laynie Valerin,Cleveland High School,Greensboro,NC,2026 NCHSAA Women's State Championship
2/19/2026,7A - 165,,Sydney Bailey,Heritage High School,3-0 0:38,F,Haeun Im,Chapel Hill High School,Greensboro,NC,2026 NCHSAA Women's State Championship
2/19/2026,7A - 165,,Cecelia Nunemacher,Cardinal Gibbons High School,7-2,DEC,Naara Peralta,Cape Fear High School,Greensboro,NC,2026 NCHSAA Women's State Championship
2/19/2026,7A - 165,,Naara Peralta,Cape Fear High School,10-0,M FOR,Adalia Tamayo-Fryar,Southwest Guilford High School,Greensboro,NC,2026 NCHSAA Women's State Championship
2/19/2026,7A - 165,,Michaila Johnson,Cox Mill,6-1 2:41,F,Sydney Bailey,Heritage High School,Greensboro,NC,2026 NCHSAA Women's State Championship
2/19/2026,7A - 185,,Clear Wesley,A.L. Brown High School,6-8 2:23,F,Savannah Oxendine,Purnell Swett High School,Greensboro,NC,2026 NCHSAA Women's State Championship
2/19/2026,7A - 185,,Erykah Kirkley,Independence High School,6-2 1:53,F,kaitlyn hatt,Fuquay-Varina High School,Greensboro,NC,2026 NCHSAA Women's State Championship
2/19/2026,7A - 185,,Savannah Oxendine,Purnell Swett High School,3-0 0:37,F,Erykah Kirkley,Independence High School,Greensboro,NC,2026 NCHSAA Women's State Championship
2/19/2026,7A - 185,,Lilliana McCall,Holly Springs High School,0-7 1:31,F,Leonna Armstrong,West Cabarrus High School,Greensboro,NC,2026 NCHSAA Women's State Championship
2/19/2026,7A - 185,,Clear Wesley,A.L. Brown High School,7-0 1:58,F,kaitlyn hatt,Fuquay-Varina High School,Greensboro,NC,2026 NCHSAA Women's State Championship
2/19/2026,7A - 185,,Clear Wesley,A.L. Brown High School,3-0 0:46,F,Giselle Vasquez,Cleveland High School,Greensboro,NC,2026 NCHSAA Women's State Championship
2/19/2026,7A - 185,,Erykah Kirkley,Independence High School,12-0 1:49,F,Izzy Dvorak,McDowell High School,Greensboro,NC,2026 NCHSAA Women's State Championship
2/19/2026,7A - 185,,Savannah Oxendine,Purnell Swett High School,3-0 0:40,F,Leonna Armstrong,West Cabarrus High School,Greensboro,NC,2026 NCHSAA Women's State Championship
2/19/2026,7A - 185,,kaitlyn hatt,Fuquay-Varina High School,9-0 2:40,F,Lilliana McCall,Holly Springs High School,Greensboro,NC,2026 NCHSAA Women's State Championship
2/19/2026,7A - 185,,kaitlyn hatt,Fuquay-Varina High School,5-2 1:24,F,Izzy Dvorak,McDowell High School,Greensboro,NC,2026 NCHSAA Women's State Championship
2/19/2026,7A - 185,,Erykah Kirkley,Independence High School,6-0 1:08,F,Lilliana McCall,Holly Springs High School,Greensboro,NC,2026 NCHSAA Women's State Championship
2/19/2026,7A - 185,,Izzy Dvorak,McDowell High School,3-0 0:32,F,Giselle Vasquez,Cleveland High School,Greensboro,NC,2026 NCHSAA Women's State Championship
2/19/2026,7A - 235,,Kahmali Fondinka,Jack Britt High School,6-1 1:29,F,Nina Howard,Pine Forest High School,Greensboro,NC,2026 NCHSAA Women's State Championship
2/19/2026,7A - 235,,Ella Taylor,Cary High School,7-10,DEF,Saniya Brown,Overhills High School,Greensboro,NC,2026 NCHSAA Women's State Championship
2/19/2026,7A - 235,,Ingrid Vargas,West Cabarrus High School,2-3 3:25,F,MaKaela Frederick,A.L. Brown High School,Greensboro,NC,2026 NCHSAA Women's State Championship
2/19/2026,7A - 235,,Kahmali Fondinka,Jack Britt High School,4-0 1:08,F,MaKaela Frederick,A.L. Brown High School,Greensboro,NC,2026 NCHSAA Women's State Championship
2/19/2026,7A - 235,,Saniya Brown,Overhills High School,8-9 3:11,F,Harper Hudson,Grimsley Senior High School,Greensboro,NC,2026 NCHSAA Women's State Championship
2/19/2026,7A - 235,,Ella Taylor,Cary High School,4-0 1:35,F,Ingrid Vargas,West Cabarrus High School,Greensboro,NC,2026 NCHSAA Women's State Championship
2/19/2026,7A - 235,,Saniya Brown,Overhills High School,17-2 4:49,TF,Lille Ward,Wake Forest High School,Greensboro,NC,2026 NCHSAA Women's State Championship
2/19/2026,7A - 235,,Nina Howard,Pine Forest High School,9-4 2:10,F,Harper Hudson,Grimsley Senior High School,Greensboro,NC,2026 NCHSAA Women's State Championship
2/19/2026,7A - 235,,Ella Taylor,Cary High School,16-3,MD,Kahmali Fondinka,Jack Britt High School,Greensboro,NC,2026 NCHSAA Women's State Championship
2/19/2026,7A - 235,,Lille Ward,Wake Forest High School,4-1 SV,DEC,Ingrid Vargas,West Cabarrus High School,Greensboro,NC,2026 NCHSAA Women's State Championship
2/19/2026,7A - 235,,Kahmali Fondinka,Jack Britt High School,4-1 3:28,F,Lille Ward,Wake Forest High School,Greensboro,NC,2026 NCHSAA Women's State Championship
2/19/2026,7A - 235,,Lille Ward,Wake Forest High School,14-5 4:47,F,Nina Howard,Pine Forest High School,Greensboro,NC,2026 NCHSAA Women's State Championship
2/19/2026,8A - 100,,Yesan Huang,Laney,15-1 3:44,F,Isabella Maurice,Hoke County High School,Greensboro,NC,2026 NCHSAA Women's State Championship
2/19/2026,8A - 100,,ChaYah Byrd,Mallard Creek High School,17-8,MD,Jada Bolton,Broughton,Greensboro,NC,2026 NCHSAA Women's State Championship
2/19/2026,8A - 100,,Yesan Huang,Laney,8-0 0:59,F,ChaYah Byrd,Mallard Creek High School,Greensboro,NC,2026 NCHSAA Women's State Championship
2/19/2026,8A - 100,,Isabella Maurice,Hoke County High School,11-10 3:26,F,Yume Wolfe,Athens Drive,Greensboro,NC,2026 NCHSAA Women's State Championship
2/19/2026,8A - 100,,Isabella Maurice,Hoke County High School,9-0,MD,Yana Menon,Panther Creek,Greensboro,NC,2026 NCHSAA Women's State Championship
2/19/2026,8A - 100,,Yume Wolfe,Athens Drive,7-2 2:00,F,Eden Michael,Pinecrest High School,Greensboro,NC,2026 NCHSAA Women's State Championship
2/19/2026,8A - 100,,Yana Menon,Panther Creek,0-0 2:14,F,Eden Michael,Pinecrest High School,Greensboro,NC,2026 NCHSAA Women's State Championship
2/19/2026,8A - 100,,Layan Zaitawi,West Forsyth High School,2-5 2:17,F,Yesan Huang,Laney,Greensboro,NC,2026 NCHSAA Women's State Championship
2/19/2026,8A - 100,,Layan Zaitawi,West Forsyth High School,15-13,DEC,Yume Wolfe,Athens Drive,Greensboro,NC,2026 NCHSAA Women's State Championship
2/19/2026,8A - 100,,Yume Wolfe,Athens Drive,11-1 1:40,F,ChaYah Byrd,Mallard Creek High School,Greensboro,NC,2026 NCHSAA Women's State Championship
2/19/2026,8A - 100,,Layan Zaitawi,West Forsyth High School,4-0 3:03,F,Yana Menon,Panther Creek,Greensboro,NC,2026 NCHSAA Women's State Championship
2/19/2026,8A - 100,,Isabella Maurice,Hoke County High School,5-1 2:27,F,Jada Bolton,Broughton,Greensboro,NC,2026 NCHSAA Women's State Championship
2/19/2026,8A - 107,,Solana Price,Pinecrest High School,0-0,M FOR,Arabella Stanley,Hoke County High School,Greensboro,NC,2026 NCHSAA Women's State Championship
2/19/2026,8A - 107,,Arabella Stanley,Hoke County High School,0-1 4:04,F,Faith Thomas,Laney,Greensboro,NC,2026 NCHSAA Women's State Championship
2/19/2026,8A - 107,,Sophia Gould,Millbrook,10-0,MD,Gizelle Eady,Mallard Creek High School,Greensboro,NC,2026 NCHSAA Women's State Championship
2/19/2026,8A - 107,,Gizelle Eady,Mallard Creek High School,6-4,DEC,Faith Thomas,Laney,Greensboro,NC,2026 NCHSAA Women's State Championship
2/19/2026,8A - 107,,Ascenzi Callahan,Green Level,16-0 4:06,TF,Ariana Merlos-Bueno,West Forsyth High School,Greensboro,NC,2026 NCHSAA Women's State Championship
2/19/2026,8A - 107,,Solana Price,Pinecrest High School,13-10,DEC,Sydney Halstead,Apex Friendship,Greensboro,NC,2026 NCHSAA Women's State Championship
2/19/2026,8A - 107,,Ascenzi Callahan,Green Level,3-0 1:14,F,Solana Price,Pinecrest High School,Greensboro,NC,2026 NCHSAA Women's State Championship
2/19/2026,8A - 107,,Ascenzi Callahan,Green Level,19-16,DEC,Sophia Gould,Millbrook,Greensboro,NC,2026 NCHSAA Women's State Championship
2/19/2026,8A - 107,,Sophia Gould,Millbrook,3-5 3:58,F,Arabella Stanley,Hoke County High School,Greensboro,NC,2026 NCHSAA Women's State Championship
2/19/2026,8A - 107,,Sydney Halstead,Apex Friendship,6-1,DEC,Gizelle Eady,Mallard Creek High School,Greensboro,NC,2026 NCHSAA Women's State Championship
2/19/2026,8A - 107,,Sydney Halstead,Apex Friendship,8-5,DEC,Ariana Merlos-Bueno,West Forsyth High School,Greensboro,NC,2026 NCHSAA Women's State Championship
2/19/2026,8A - 107,,Sydney Halstead,Apex Friendship,2-0,DEC,Solana Price,Pinecrest High School,Greensboro,NC,2026 NCHSAA Women's State Championship
2/19/2026,8A - 114,,Rachel McMulkin,Northwest Guilford High School,3-0 0:51,F,Shelly Hooker,West Forsyth High School,Greensboro,NC,2026 NCHSAA Women's State Championship
2/19/2026,8A - 114,,Sienna Drumgo,Green Hope,6-2 2:39,F,Rachel McMulkin,Northwest Guilford High School,Greensboro,NC,2026 NCHSAA Women's State Championship
2/19/2026,8A - 114,,Sienna Drumgo,Green Hope,15-0 4:06,TF,Sophia Griffith,Pinecrest High School,Greensboro,NC,2026 NCHSAA Women's State Championship
2/19/2026,8A - 114,,Jianna Gomez,Hoke County High School,9-8 3:24,F,Sienna Drumgo,Green Hope,Greensboro,NC,2026 NCHSAA Women's State Championship
2/19/2026,8A - 114,,Sienna Drumgo,Green Hope,6-2 2:43,F,Mary Jane Deen,Millbrook,Greensboro,NC,2026 NCHSAA Women's State Championship
2/19/2026,8A - 114,,Jamecca Edwards,Panther Creek,3-0 3:47,F,Helen Durham,Wakefield,Greensboro,NC,2026 NCHSAA Women's State Championship
2/19/2026,8A - 114,,Jianna Gomez,Hoke County High School,3-0 1:36,F,Mary Jane Deen,Millbrook,Greensboro,NC,2026 NCHSAA Women's State Championship
2/19/2026,8A - 114,,Jamecca Edwards,Panther Creek,3-1 0:46,F,Shelly Hooker,West Forsyth High School,Greensboro,NC,2026 NCHSAA Women's State Championship
2/19/2026,8A - 114,,Jianna Gomez,Hoke County High School,6-1 1:30,F,Jamecca Edwards,Panther Creek,Greensboro,NC,2026 NCHSAA Women's State Championship
2/19/2026,8A - 114,,Mary Jane Deen,Millbrook,0-1 2:44,F,Helen Durham,Wakefield,Greensboro,NC,2026 NCHSAA Women's State Championship
2/19/2026,8A - 114,,Helen Durham,Wakefield,6-2 4:53,F,Rachel McMulkin,Northwest Guilford High School,Greensboro,NC,2026 NCHSAA Women's State Championship
2/19/2026,8A - 114,,Mary Jane Deen,Millbrook,3-0 0:59,F,Sophia Griffith,Pinecrest High School,Greensboro,NC,2026 NCHSAA Women's State Championship
2/19/2026,8A - 120,,Harley Hardin,Hoke County High School,3-0 2:30,F,Hannah Carty,Willow Spring,Greensboro,NC,2026 NCHSAA Women's State Championship
2/19/2026,8A - 120,,Hannah Carty,Willow Spring,12-11,DEC,Brooke Jackson,Mallard Creek High School,Greensboro,NC,2026 NCHSAA Women's State Championship
2/19/2026,8A - 120,,Hannah Carty,Willow Spring,5-7 1:00,F,Valerie Martinez,South Mecklenburg High School,Greensboro,NC,2026 NCHSAA Women's State Championship
2/19/2026,8A - 120,,Lisa-Jean Foley,Millbrook,3-0 0:22,F,Valerie Martinez,South Mecklenburg High School,Greensboro,NC,2026 NCHSAA Women's State Championship
2/19/2026,8A - 120,,Valerie Martinez,South Mecklenburg High School,3-0 1:00,F,Dylan Thomas,Athens Drive,Greensboro,NC,2026 NCHSAA Women's State Championship
2/19/2026,8A - 120,,Brooke Jackson,Mallard Creek High School,8-0,MD,Laura Boyle,Green Hope,Greensboro,NC,2026 NCHSAA Women's State Championship
2/19/2026,8A - 120,,Laura Boyle,Green Hope,6-0 2:53,F,Sophia Black,East Mecklenburg High School,Greensboro,NC,2026 NCHSAA Women's State Championship
2/19/2026,8A - 120,,Hannah Carty,Willow Spring,17-3 4:56,F,Sophia Black,East Mecklenburg High School,Greensboro,NC,2026 NCHSAA Women's State Championship
2/19/2026,8A - 120,,Harley Hardin,Hoke County High School,10-0 3:19,F,Laura Boyle,Green Hope,Greensboro,NC,2026 NCHSAA Women's State Championship
2/19/2026,8A - 120,,Brooke Jackson,Mallard Creek High School,3-0 1:19,F,Dylan Thomas,Athens Drive,Greensboro,NC,2026 NCHSAA Women's State Championship
2/19/2026,8A - 120,,Lisa-Jean Foley,Millbrook,5-6 3:52,F,Harley Hardin,Hoke County High School,Greensboro,NC,2026 NCHSAA Women's State Championship
2/19/2026,8A - 120,,Lisa-Jean Foley,Millbrook,4-3 2:46,F,Brooke Jackson,Mallard Creek High School,Greensboro,NC,2026 NCHSAA Women's State Championship
2/19/2026,8A - 126,,Jala Webster-Jackson,Mallard Creek High School,5-0 2:59,F,Claire Swain,West Forsyth High School,Greensboro,NC,2026 NCHSAA Women's State Championship
2/19/2026,8A - 126,,Andi Wright,Hoke County High School,3-4 2:10,F,Olivia Johnson,Pinecrest High School,Greensboro,NC,2026 NCHSAA Women's State Championship
2/19/2026,8A - 126,,Mia Kiser,Laney,3-0 1:08,F,Mackenzie Sivulka,Millbrook,Greensboro,NC,2026 NCHSAA Women's State Championship
2/19/2026,8A - 126,,Mia Kiser,Laney,3-2,DEC,Mikaylah Potter,Corinth-Holders,Greensboro,NC,2026 NCHSAA Women's State Championship
2/19/2026,8A - 126,,Mackenzie Sivulka,Millbrook,2-0,DEC,Andi Wright,Hoke County High School,Greensboro,NC,2026 NCHSAA Women's State Championship
2/19/2026,8A - 126,,Mackenzie Sivulka,Millbrook,8-4 3:27,F,Jala Webster-Jackson,Mallard Creek High School,Greensboro,NC,2026 NCHSAA Women's State Championship
2/19/2026,8A - 126,,Jiselle Riley,Panther Creek,3-0 1:15,F,Olivia Johnson,Pinecrest High School,Greensboro,NC,2026 NCHSAA Women's State Championship
2/19/2026,8A - 126,,Mikaylah Potter,Corinth-Holders,7-4,DEC,Jiselle Riley,Panther Creek,Greensboro,NC,2026 NCHSAA Women's State Championship
2/19/2026,8A - 126,,Mikaylah Potter,Corinth-Holders,5-0 3:29,F,Andi Wright,Hoke County High School,Greensboro,NC,2026 NCHSAA Women's State Championship
2/19/2026,8A - 126,,Mackenzie Sivulka,Millbrook,7-6,DEC,Jala Webster-Jackson,Mallard Creek High School,Greensboro,NC,2026 NCHSAA Women's State Championship
2/19/2026,8A - 126,,Jala Webster-Jackson,Mallard Creek High School,0-0,M FOR,Jiselle Riley,Panther Creek,Greensboro,NC,2026 NCHSAA Women's State Championship
2/19/2026,8A - 126,,Mia Kiser,Laney,15-0 2:55,TF,Claire Swain,West Forsyth High School,Greensboro,NC,2026 NCHSAA Women's State Championship
2/19/2026,8A - 132,,Jadyn Magallanes,West Forsyth High School,11-0 1:32,F,Maya Gabrieli,Broughton,Greensboro,NC,2026 NCHSAA Women's State Championship
2/19/2026,8A - 132,,Jadyn Magallanes,West Forsyth High School,6-3 2:39,F,Morgan Pride,Ardrey Kell High School,Greensboro,NC,2026 NCHSAA Women's State Championship
2/19/2026,8A - 132,,Kylie Simpson,Leesville Road,3-0 0:52,F,Anna Kirillova,Providence High School,Greensboro,NC,2026 NCHSAA Women's State Championship
2/19/2026,8A - 132,,Kylie Simpson,Leesville Road,3-0 1:56,F,Morgan Pride,Ardrey Kell High School,Greensboro,NC,2026 NCHSAA Women's State Championship
2/19/2026,8A - 132,,Kierra Rush,Hoke County High School,16-5,MD,Gya Edwards,Panther Creek,Greensboro,NC,2026 NCHSAA Women's State Championship
2/19/2026,8A - 132,,Morgan Pride,Ardrey Kell High School,16-0 3:11,TF,Camila Demarco,Apex,Greensboro,NC,2026 NCHSAA Women's State Championship
2/19/2026,8A - 132,,Jadyn Magallanes,West Forsyth High School,2-0 1:52,F,Kylie Simpson,Leesville Road,Greensboro,NC,2026 NCHSAA Women's State Championship
2/19/2026,8A - 132,,Kierra Rush,Hoke County High School,3-0 1:59,F,Kylie Simpson,Leesville Road,Greensboro,NC,2026 NCHSAA Women's State Championship
2/19/2026,8A - 132,,Gya Edwards,Panther Creek,3-0 0:32,F,Anna Kirillova,Providence High School,Greensboro,NC,2026 NCHSAA Women's State Championship
2/19/2026,8A - 132,,Anna Kirillova,Providence High School,13-5,MD,Maya Gabrieli,Broughton,Greensboro,NC,2026 NCHSAA Women's State Championship
2/19/2026,8A - 132,,Gya Edwards,Panther Creek,3-0 0:59,F,Jadyn Magallanes,West Forsyth High School,Greensboro,NC,2026 NCHSAA Women's State Championship
2/19/2026,8A - 132,,Kierra Rush,Hoke County High School,3-0 1:18,F,Camila Demarco,Apex,Greensboro,NC,2026 NCHSAA Women's State Championship
2/19/2026,8A - 138,,Jasmine Laing,Providence High School,17-1 4:00,TF,Piper Godsey,Pinecrest High School,Greensboro,NC,2026 NCHSAA Women's State Championship
2/19/2026,8A - 138,,Jasmine Laing,Providence High School,17-0 2:17,TF,Marla Revilla Hernandez,Laney,Greensboro,NC,2026 NCHSAA Women's State Championship
2/19/2026,8A - 138,,Jasmine Laing,Providence High School,8-0 5:02,F,Jada Lebron,Hoke County High School,Greensboro,NC,2026 NCHSAA Women's State Championship
2/19/2026,8A - 138,,Piper Godsey,Pinecrest High School,4-1,DEC,Kynzee Roberts,Willow Spring,Greensboro,NC,2026 NCHSAA Women's State Championship
2/19/2026,8A - 138,,Marla Revilla Hernandez,Laney,2-0 3:25,F,Kynzee Roberts,Willow Spring,Greensboro,NC,2026 NCHSAA Women's State Championship
2/19/2026,8A - 138,,Ella Friedman,Millbrook,9-5,DEC,Marla Revilla Hernandez,Laney,Greensboro,NC,2026 NCHSAA Women's State Championship
2/19/2026,8A - 138,,Jada Lebron,Hoke County High School,3-0 2:00,F,Ella Friedman,Millbrook,Greensboro,NC,2026 NCHSAA Women's State Championship
2/19/2026,8A - 138,,Piper Godsey,Pinecrest High School,2-0 1:59,F,Addison Kmen,West Forsyth High School,Greensboro,NC,2026 NCHSAA Women's State Championship
2/19/2026,8A - 138,,Ella Friedman,Millbrook,3-0 1:50,F,Addison Kmen,West Forsyth High School,Greensboro,NC,2026 NCHSAA Women's State Championship
2/19/2026,8A - 138,,Addison Kmen,West Forsyth High School,3-1 2:03,F,Anna Luebke,Athens Drive,Greensboro,NC,2026 NCHSAA Women's State Championship
2/19/2026,8A - 138,,Jada Lebron,Hoke County High School,16-4 5:02,F,Anna Luebke,Athens Drive,Greensboro,NC,2026 NCHSAA Women's State Championship
2/19/2026,8A - 138,,Piper Godsey,Pinecrest High School,0-0 4:49,F,Ella Friedman,Millbrook,Greensboro,NC,2026 NCHSAA Women's State Championship
2/19/2026,8A - 145,,Sydney Simmons,Laney,3-0 1:15,F,Natalia Carter,Hoke County High School,Greensboro,NC,2026 NCHSAA Women's State Championship
2/19/2026,8A - 145,,Yezzika Brower,Athens Drive,10-4,DEC,Madison Spencer,Leesville Road,Greensboro,NC,2026 NCHSAA Women's State Championship
2/19/2026,8A - 145,,Anida Begic,East Mecklenburg High School,10-0 1:45,F,Tai-Lei Addison,Rolesville,Greensboro,NC,2026 NCHSAA Women's State Championship
2/19/2026,8A - 145,,Riley Paden,South Mecklenburg High School,3-0 1:00,F,Yezzika Brower,Athens Drive,Greensboro,NC,2026 NCHSAA Women's State Championship
2/19/2026,8A - 145,,Riley Paden,South Mecklenburg High School,3-0 1:13,F,Sydney Simmons,Laney,Greensboro,NC,2026 NCHSAA Women's State Championship
2/19/2026,8A - 145,,Natalia Carter,Hoke County High School,14-3 3:50,F,Tai-Lei Addison,Rolesville,Greensboro,NC,2026 NCHSAA Women's State Championship
2/19/2026,8A - 145,,Anida Begic,East Mecklenburg High School,9-2,DEC,Natalia Carter,Hoke County High School,Greensboro,NC,2026 NCHSAA Women's State Championship
2/19/2026,8A - 145,,Riley Paden,South Mecklenburg High School,3-0 1:29,F,Anida Begic,East Mecklenburg High School,Greensboro,NC,2026 NCHSAA Women's State Championship
2/19/2026,8A - 145,,Natalia Carter,Hoke County High School,8-0 1:57,F,Yezzika Brower,Athens Drive,Greensboro,NC,2026 NCHSAA Women's State Championship
2/19/2026,8A - 145,,Tai-Lei Addison,Rolesville,2-3 1:00,DEF,Ligiany Nilo,Palisades High School,Greensboro,NC,2026 NCHSAA Women's State Championship
2/19/2026,8A - 145,,Anida Begic,East Mecklenburg High School,9-0 5:54,F,Madison Spencer,Leesville Road,Greensboro,NC,2026 NCHSAA Women's State Championship
2/19/2026,8A - 145,,Sydney Simmons,Laney,12-4 3:47,F,Ligiany Nilo,Palisades High School,Greensboro,NC,2026 NCHSAA Women's State Championship
2/19/2026,8A - 152,,Aaliyah Paige,East Mecklenburg High School,3-0 2:20,F,Peyton Conway,Green Level,Greensboro,NC,2026 NCHSAA Women's State Championship
2/19/2026,8A - 152,,Aaliyah Paige,East Mecklenburg High School,7-6,DEC,Devan Bull,West Forsyth High School,Greensboro,NC,2026 NCHSAA Women's State Championship
2/19/2026,8A - 152,,Noelia Hipolito,Hoke County High School,11-1,MD,Elisha Nichols,Panther Creek,Greensboro,NC,2026 NCHSAA Women's State Championship
2/19/2026,8A - 152,,Elisha Nichols,Panther Creek,4-2,DEC,Camila Ruiz,Corinth-Holders,Greensboro,NC,2026 NCHSAA Women's State Championship
2/19/2026,8A - 152,,Genesis Escobar,Laney,0-1 2:31,F,Keigan Yurk,Pinecrest High School,Greensboro,NC,2026 NCHSAA Women's State Championship
2/19/2026,8A - 152,,Noelia Hipolito,Hoke County High School,8-0,MD,Devan Bull,West Forsyth High School,Greensboro,NC,2026 NCHSAA Women's State Championship
2/19/2026,8A - 152,,Devan Bull,West Forsyth High School,8-7 3:19,F,Genesis Escobar,Laney,Greensboro,NC,2026 NCHSAA Women's State Championship
2/19/2026,8A - 152,,Devan Bull,West Forsyth High School,3-0 2:42,F,Elisha Nichols,Panther Creek,Greensboro,NC,2026 NCHSAA Women's State Championship
2/19/2026,8A - 152,,Peyton Conway,Green Level,5-5 2:47,F,Noelia Hipolito,Hoke County High School,Greensboro,NC,2026 NCHSAA Women's State Championship
2/19/2026,8A - 152,,Noelia Hipolito,Hoke County High School,3-0 1:57,F,Genesis Escobar,Laney,Greensboro,NC,2026 NCHSAA Women's State Championship
2/19/2026,8A - 152,,Aaliyah Paige,East Mecklenburg High School,3-0 0:40,F,Camila Ruiz,Corinth-Holders,Greensboro,NC,2026 NCHSAA Women's State Championship
2/19/2026,8A - 152,,Peyton Conway,Green Level,3-0 1:22,F,Keigan Yurk,Pinecrest High School,Greensboro,NC,2026 NCHSAA Women's State Championship
2/19/2026,8A - 165,,SeRina Byrd,Mallard Creek High School,9-4 2:43,F,Hanna Ailee,Leesville Road,Greensboro,NC,2026 NCHSAA Women's State Championship
2/19/2026,8A - 165,,Hanna Ailee,Leesville Road,10-3,DEC,Kristal Sanchez Rodriguez,Broughton,Greensboro,NC,2026 NCHSAA Women's State Championship
2/19/2026,8A - 165,,Chanel Perez,Apex,3-0 1:24,F,SeRina Byrd,Mallard Creek High School,Greensboro,NC,2026 NCHSAA Women's State Championship
2/19/2026,8A - 165,,Nadia Barber,Hoke County High School,3-0 0:36,F,Avery Edwards,Millbrook,Greensboro,NC,2026 NCHSAA Women's State Championship
2/19/2026,8A - 165,,Nadia Barber,Hoke County High School,8-5 4:45,F,Hanna Ailee,Leesville Road,Greensboro,NC,2026 NCHSAA Women's State Championship
2/19/2026,8A - 165,,Chanel Perez,Apex,3-0 0:38,F,Jaslene Cumi Rivas,East Mecklenburg High School,Greensboro,NC,2026 NCHSAA Women's State Championship
2/19/2026,8A - 165,,Bella Almanza,West Forsyth High School,7-0 0:57,F,Avery Edwards,Millbrook,Greensboro,NC,2026 NCHSAA Women's State Championship
2/19/2026,8A - 165,,Avery Edwards,Millbrook,3-0 0:58,F,Jaslene Cumi Rivas,East Mecklenburg High School,Greensboro,NC,2026 NCHSAA Women's State Championship
2/19/2026,8A - 165,,Chanel Perez,Apex,7-0 1:07,F,Nadia Barber,Hoke County High School,Greensboro,NC,2026 NCHSAA Women's State Championship
2/19/2026,8A - 165,,SeRina Byrd,Mallard Creek High School,10-3 5:04,F,Bella Almanza,West Forsyth High School,Greensboro,NC,2026 NCHSAA Women's State Championship
2/19/2026,8A - 165,,Bella Almanza,West Forsyth High School,5-1 2:10,F,Nadia Barber,Hoke County High School,Greensboro,NC,2026 NCHSAA Women's State Championship
2/19/2026,8A - 165,,Bella Almanza,West Forsyth High School,6-2 1:29,F,Kristal Sanchez Rodriguez,Broughton,Greensboro,NC,2026 NCHSAA Women's State Championship
2/19/2026,8A - 185,,LaNesha Gause,Laney,9-1 4:51,F,Bella Abba,Wakefield,Greensboro,NC,2026 NCHSAA Women's State Championship
2/19/2026,8A - 185,,Hallie Mittelbuscher,Hoggard,2-0 1:41,F,Camille Rhodes,Mallard Creek High School,Greensboro,NC,2026 NCHSAA Women's State Championship
2/19/2026,8A - 185,,LaNesha Gause,Laney,0-3 1:30,F,Camille Rhodes,Mallard Creek High School,Greensboro,NC,2026 NCHSAA Women's State Championship
2/19/2026,8A - 185,,Bella Abba,Wakefield,3-0 0:50,F,Angelina Velasco,Pinecrest High School,Greensboro,NC,2026 NCHSAA Women's State Championship
2/19/2026,8A - 185,,Camille Rhodes,Mallard Creek High School,4-3,DEC,Khalayha Patterson,Corinth-Holders,Greensboro,NC,2026 NCHSAA Women's State Championship
2/19/2026,8A - 185,,Bella Abba,Wakefield,14-0 5:25,F,Samantha Rivas,South Mecklenburg High School,Greensboro,NC,2026 NCHSAA Women's State Championship
2/19/2026,8A - 185,,Khalayha Patterson,Corinth-Holders,4-1,DEC,Zaira Ramos,West Forsyth High School,Greensboro,NC,2026 NCHSAA Women's State Championship
2/19/2026,8A - 185,,LaNesha Gause,Laney,3-0 0:40,F,Zaira Ramos,West Forsyth High School,Greensboro,NC,2026 NCHSAA Women's State Championship
2/19/2026,8A - 185,,Samantha Rivas,South Mecklenburg High School,3-0 1:34,F,Hallie Mittelbuscher,Hoggard,Greensboro,NC,2026 NCHSAA Women's State Championship
2/19/2026,8A - 185,,Khalayha Patterson,Corinth-Holders,13-8,DEC,Hallie Mittelbuscher,Hoggard,Greensboro,NC,2026 NCHSAA Women's State Championship
2/19/2026,8A - 185,,Khalayha Patterson,Corinth-Holders,5-14 4:56,F,Samantha Rivas,South Mecklenburg High School,Greensboro,NC,2026 NCHSAA Women's State Championship
2/19/2026,8A - 185,,Hallie Mittelbuscher,Hoggard,4-3,DEC,Angelina Velasco,Pinecrest High School,Greensboro,NC,2026 NCHSAA Women's State Championship
2/19/2026,8A - 235,,Illeana Smith,Corinth-Holders,6-0 0:57,F,I`yonia Squirewell,Mallard Creek High School,Greensboro,NC,2026 NCHSAA Women's State Championship
2/19/2026,8A - 235,,Illeana Smith,Corinth-Holders,0-7 1:44,F,Vanessa Lopez,South Mecklenburg High School,Greensboro,NC,2026 NCHSAA Women's State Championship
2/19/2026,8A - 235,,Isla Daniels,Millbrook,3-0 1:07,F,Karsen Coptsias,Hoke County High School,Greensboro,NC,2026 NCHSAA Women's State Championship
2/19/2026,8A - 235,,Vanessa Lopez,South Mecklenburg High School,0-0 0:48,F,Mia Holden,Pinecrest High School,Greensboro,NC,2026 NCHSAA Women's State Championship
2/19/2026,8A - 235,,I`yonia Squirewell,Mallard Creek High School,0-0 0:16,F,Karsen Coptsias,Hoke County High School,Greensboro,NC,2026 NCHSAA Women's State Championship
2/19/2026,8A - 235,,Isla Daniels,Millbrook,1-0 4:55,F,Sophie Brown,Apex,Greensboro,NC,2026 NCHSAA Women's State Championship
2/19/2026,8A - 235,,Vanessa Lopez,South Mecklenburg High School,0-0 0:17,F,Sophie Brown,Apex,Greensboro,NC,2026 NCHSAA Women's State Championship
2/19/2026,8A - 235,,Leslie Barden,Laney,6-1 1:28,F,Mia Holden,Pinecrest High School,Greensboro,NC,2026 NCHSAA Women's State Championship
2/19/2026,8A - 235,,Sophie Brown,Apex,3-0 0:19,F,I`yonia Squirewell,Mallard Creek High School,Greensboro,NC,2026 NCHSAA Women's State Championship
2/19/2026,8A - 235,,Illeana Smith,Corinth-Holders,3-0 1:07,F,Vanessa Lopez,South Mecklenburg High School,Greensboro,NC,2026 NCHSAA Women's State Championship
2/19/2026,8A - 235,,Leslie Barden,Laney,7-0 4:19,F,Illeana Smith,Corinth-Holders,Greensboro,NC,2026 NCHSAA Women's State Championship
2/19/2026,8A - 235,,Leslie Barden,Laney,5-0 5:15,F,Isla Daniels,Millbrook,Greensboro,NC,2026 NCHSAA Women's State Championship
