name,state,gender,last_season_seen,seasons_seen,weights,bouts_we_hold,likely_still_in_school,faced_our_athlete,we_beat_them,national_placer,example_event
Kaelyn Ronnau,AE,unknown,2026,2025 2026,152,8,yes,yes,yes,no,NHSCA High School Nationals
Kai Lewis,AE,unknown,2025,2025,152,4,yes,yes,no,no,NHSCA High School Nationals
Charlie Powers,AK,unknown,2026,2025 2026,175 190 215,21,yes,no,no,yes,Fargo 16U Freestyle
Wallace Evans,AK,unknown,2026,2024 2025 2026,150 157,18,yes,yes,no,no,Fargo 16U Greco-Roman
Shaw Gerondale,AK,unknown,2025,2024 2025,132,11,yes,yes,yes,no,Fargo Junior Greco-Roman
Anthony Payne,AK,unknown,2025,2025,160,4,yes,yes,yes,no,NHSCA High School Nationals
William Atkinson,AL,unknown,2026,2023 2024 2025 2026,106 113 120 132,36,yes,yes,no,yes,Fargo Junior Freestyle
Riley Cornutt,AL,unknown,2026,2025 2026,157 165,13,yes,yes,yes,no,Fargo Junior Freestyle
Jackson Caballero,AL,unknown,2026,2023 2024 2025 2026,145 160,11,yes,yes,yes,no,NHSCA High School Nationals
Bentley Betts,AL,Girls,2026,2026,190,9,yes,no,no,yes,Fargo 16U Women's Freestyle
Cayden Ervin,AL,unknown,2025,2024 2025,170,8,yes,yes,yes,no,NHSCA High School Nationals
Jones Meadow,AL,unknown,2026,2025 2026,165,8,yes,yes,yes,yes,NHSCA High School Nationals
Lewis Miller,AL,unknown,2026,2025 2026,138 145,7,yes,yes,no,no,NHSCA High School Nationals
Artels James Jr,AL,unknown,2026,2026,105,7,yes,yes,yes,yes,NHSCA High School Nationals
Henrik Bokmeyer,AL,unknown,2026,2025 2026,135 152,6,yes,yes,yes,no,NHSCA High School Nationals
Connor Boos,AL,unknown,2026,2026,113,5,yes,yes,yes,no,NHSCA High School Nationals
Raidyn Tidwell,AL,unknown,2026,2025 2026,182 215,5,yes,yes,no,no,NHSCA High School Nationals
Caden Maddox,AL,unknown,2026,2026,285,5,yes,no,no,yes,NHSCA High School Nationals
Andrew Adams,AL,unknown,2025,2024 2025,157 175,5,yes,yes,no,no,Super 32
Jax Cooper,AL,unknown,2025,2024 2025,160,4,yes,yes,yes,no,NHSCA High School Nationals
Landon Rowan,AL,unknown,2026,2026,145,4,yes,yes,yes,no,NHSCA High School Nationals
Selah Schrock,AL,unknown,2026,2026,145,4,yes,yes,no,no,NHSCA High School Nationals
Grayson Scott,AL,unknown,2026,2026,175 190,4,yes,yes,yes,no,Fargo 16U Freestyle
Frank Chinoski,AL,unknown,2025,2025,180,3,yes,yes,yes,no,NHSCA High School Nationals
Allyss Gonzalez,AL,unknown,2026,2026,132,3,yes,yes,yes,no,NHSCA High School Nationals
Aiden Overton,AL,unknown,2026,2026,145,3,yes,yes,yes,no,NHSCA High School Nationals
Amir Findley,AL,unknown,2026,2026,160,3,yes,yes,yes,no,NHSCA High School Nationals
Josie Workman,AL,unknown,2026,2026,138,2,yes,yes,yes,no,NHSCA High School Nationals
Makiya McRae,AL,unknown,2026,2026,152,2,yes,yes,yes,no,NHSCA High School Nationals
Collin Wilson,AL,unknown,2026,2026,220,2,yes,yes,yes,no,NHSCA High School Nationals
Zachary Donalson,AR,unknown,2026,2025 2026,113 126,25,yes,no,no,yes,Fargo 16U Freestyle
Lewis Davis,AR,unknown,2026,2025 2026,113 132,23,yes,no,no,yes,Fargo 16U Freestyle
Ben Flaxman,AR,unknown,2025,2023 2024 2025,285,11,yes,yes,yes,no,Fargo Junior Freestyle
Alena Williams,AR,Girls,2025,2025,120,11,yes,no,no,yes,Fargo Junior Women's Freestyle
Ashley Thompson,AR,Girls,2026,2025 2026,145 155,10,yes,no,no,yes,Fargo Junior Women's Freestyle
Madelyn Medrano,AR,Girls,2026,2026,135,10,yes,no,no,yes,Fargo 16U Women's Freestyle
Henry Scott McDoniel,AR,unknown,2026,2026,150,7,yes,yes,no,no,Fargo 16U Greco-Roman
Kal-El Fluckiger,AZ,unknown,2026,2023 2024 2025 2026,160 175 190 195 215 285,58,yes,yes,no,yes,NHSCA High School Nationals
Gus Cardinal,AZ,unknown,2025,2023 2024 2025,120 144 145 150 157,49,yes,yes,yes,yes,NHSCA High School Nationals
Dean Anderson,AZ,unknown,2025,2023 2024 2025,132 138,42,yes,no,no,yes,NHSCA High School Nationals
Konner Larkin,AZ,unknown,2026,2023 2024 2025 2026,113 126 132 138,38,yes,yes,no,yes,NHSCA High School Nationals
Jozeph Valenzuela Smith,AZ,unknown,2026,2023 2024 2025 2026,152 157 165,38,yes,no,no,yes,Fargo Junior Freestyle
Ronald Robinson,AZ,unknown,2025,2023 2024 2025,170 175,32,yes,yes,no,no,Fargo Junior Freestyle
Jaiden Hernandez,AZ,unknown,2025,2023 2024 2025,126 132 138,29,yes,yes,yes,no,NHSCA High School Nationals
Landon Thomas,AZ,unknown,2025,2024 2025,138 144,27,yes,yes,no,yes,NHSCA High School Nationals
Joaquin Chacon,AZ,unknown,2026,2024 2025 2026,132 138,27,yes,no,no,yes,NHSCA High School Nationals
Angel Cejudo Jr.,AZ,unknown,2026,2024 2025 2026,126 132,25,yes,yes,no,yes,Super 32
Killian Kaneshige,AZ,unknown,2026,2024 2025 2026,100 106 113,24,yes,yes,no,no,NHSCA High School Nationals
Kobe Cunanan,AZ,unknown,2026,2025 2026,157 175,23,yes,no,no,yes,Super 32
Henry Ean Ofeciar,AZ,unknown,2025,2023 2024 2025,113 120 126 132,21,yes,yes,no,no,Fargo Junior Freestyle
Isreal Ibarra,AZ,unknown,2025,2023 2025,160 165,19,yes,no,no,yes,Fargo Junior Freestyle
Miller Williams,AZ,unknown,2026,2025 2026,85 100,16,yes,yes,no,yes,NHSCA High School Nationals
Reagan Mathers,AZ,Girls,2026,2025 2026,115 120,16,yes,no,no,yes,Fargo 16U Women's Freestyle
Kash Larkin,AZ,unknown,2026,2025 2026,106 126,15,yes,no,no,yes,Fargo 16U Freestyle
Emma Chacon,AZ,Girls,2026,2025 2026,130,13,yes,no,no,yes,Fargo Junior Women's Freestyle
Martynique Davis,AZ,Girls,2026,2025 2026,125,13,yes,no,no,yes,Fargo Junior Women's Freestyle
Brooklyn Perez,AZ,Girls,2026,2025 2026,130 135,13,yes,yes,no,yes,Fargo Junior Women's Freestyle
Isaac Hierro,AZ,unknown,2026,2026,94,12,yes,no,no,yes,Fargo 16U Freestyle
Romen Cruz,AZ,unknown,2026,2025 2026,119 144,11,yes,no,no,yes,NHSCA High School Nationals
Gus Armstrong,AZ,unknown,2026,2025 2026,138 145,11,yes,yes,no,no,NHSCA High School Nationals
Gunner Barron,AZ,unknown,2026,2026,135,9,yes,no,no,yes,NHSCA High School Nationals
Daphney Gomez,AZ,Girls,2026,2026,110,9,yes,no,no,yes,Fargo 16U Women's Freestyle
Ronald Robinson III,AZ,unknown,2025,2025,170,8,yes,yes,yes,yes,NHSCA High School Nationals
Delton Kaufmann,AZ,unknown,2025,2025,182,8,yes,no,no,yes,NHSCA High School Nationals
Nick Gandarilla,AZ,unknown,2026,2026,106,8,yes,no,no,yes,NHSCA High School Nationals
Dio DePaolo,AZ,unknown,2026,2024 2026,113 132,8,yes,yes,yes,no,Fargo Junior Freestyle
Angel Cejudo Jt.,AZ,unknown,2025,2025,126,7,yes,no,no,yes,NHSCA High School Nationals
Morgan Lucio,AZ,Girls,2025,2025,135,7,yes,yes,no,yes,Fargo Junior Women's Freestyle
Yamilett Cortez,AZ,Girls,2026,2026,145,7,yes,no,no,yes,Fargo 16U Women's Freestyle
Christian Snyder,AZ,unknown,2026,2026,150 152,6,yes,yes,yes,no,NHSCA High School Nationals
Aiden Arvizu,AZ,unknown,2026,2026,165,6,yes,yes,yes,no,Fargo 16U Freestyle
Bella Manno,AZ,Girls,2026,2026,105,6,yes,no,no,yes,Fargo 16U Women's Freestyle
Camila Torres,AZ,Girls,2026,2026,135,6,yes,no,no,yes,Fargo Junior Women's Freestyle
Steven Hiczewski,AZ,unknown,2026,2026,113,5,yes,yes,no,no,NHSCA High School Nationals
Jacianna Beltran,AZ,Girls,2025,2025,115,5,yes,yes,no,no,Fargo Junior Women's Freestyle
Cohen Spruce,AZ,unknown,2026,2026,105,4,yes,yes,yes,no,NHSCA High School Nationals
Aj Lopez,AZ,unknown,2025,2025,138,3,yes,yes,yes,no,Super 32
Keagan Hill,AZ,unknown,2026,2026,120,2,yes,yes,yes,no,NHSCA High School Nationals
Jayden Dela Rosa,CA,unknown,2026,2023 2024 2025 2026,126 132 145 150 157,46,yes,yes,yes,yes,NHSCA High School Nationals
Cameron Jackson,CA,unknown,2025,2023 2024 2025,100 113 120,32,yes,no,no,yes,Super 32
Jack Baker,CA,unknown,2026,2024 2025 2026,113 126 138,32,yes,no,no,yes,Fargo Junior Greco-Roman
Marco Costa,CA,unknown,2026,2025 2026,127 132 138,29,yes,no,no,yes,NHSCA High School Nationals
Mason McDonnell,CA,unknown,2026,2025 2026,157 190,29,yes,yes,no,yes,Fargo 16U Freestyle
Isaac Padilla,CA,unknown,2026,2023 2024 2025 2026,145 150 152 157 160,28,yes,yes,yes,yes,NHSCA High School Nationals
Jacob Rodriguez,CA,unknown,2026,2023 2024 2025 2026,85 105 113 120 132,26,yes,no,no,yes,NHSCA High School Nationals
Jacob Bell,CA,unknown,2025,2023 2024 2025,138 144 150,26,yes,yes,no,no,Super 32
Nicholas Hernandez,CA,unknown,2025,2023 2024 2025,152 157 160 165,25,yes,yes,no,no,NHSCA High School Nationals
Chris Huerta,CA,unknown,2025,2023 2024 2025,120 126 132,24,yes,yes,no,yes,Super 32
Mikel David Uyemura,CA,unknown,2025,2023 2024 2025,145 150 152 157,24,yes,no,no,yes,Super 32
Patricia Bray,CA,Girls,2026,2025 2026,114 115 120,23,yes,yes,no,no,NHSCA High School Nationals
Aiden Chur,CA,unknown,2025,2023 2024 2025,132 145 150 157,23,yes,yes,yes,no,NHSCA High School Nationals
Noah Sandlin,CA,unknown,2025,2024 2025,170 175 190,23,yes,no,no,yes,NHSCA High School Nationals
Areli Rodriguez,CA,Girls,2026,2025 2026,165 170,22,yes,yes,no,yes,NHSCA High School Nationals
Landon Salindong,CA,unknown,2026,2023 2025 2026,106 132 138,22,yes,yes,yes,no,Fargo Junior Freestyle
Jackson Humphrey,CA,unknown,2026,2025 2026,126 144,21,yes,no,no,yes,Super 32
David Daniels,CA,unknown,2025,2025,152 157,20,yes,no,no,yes,NHSCA High School Nationals
Gabriel Dela Rosa,CA,unknown,2025,2023 2024 2025,106 113 120,20,yes,yes,yes,no,Fargo Junior Freestyle
Isabella Lorenzana,CA,Girls,2026,2025 2026,207 235,19,yes,yes,no,yes,NHSCA High School Nationals
David McClurg,CA,unknown,2026,2025 2026,100 106 120,19,yes,yes,no,no,Fargo 16U Freestyle
Rasik Garvey,CA,unknown,2026,2025 2026,127 150,18,yes,yes,no,yes,NHSCA High School Nationals
Jack Ceja,CA,unknown,2026,2024 2025 2026,154 170 182 190,18,yes,yes,yes,no,NHSCA High School Nationals
Aiden Rosewarne,CA,unknown,2026,2025 2026,88 106,18,yes,no,no,yes,NHSCA High School Nationals
Samuel Svitana,CA,unknown,2026,2026,90 94,17,yes,no,no,yes,NHSCA High School Nationals
Ausome Guillermo,CA,unknown,2026,2025 2026,100 113,17,yes,yes,no,yes,Fargo 16U Freestyle
Frank Fuentes,CA,unknown,2026,2025 2026,100 106,17,yes,no,no,yes,Fargo Junior Freestyle
Gideon Gerber,CA,unknown,2025,2023 2025,160 170,16,yes,no,no,yes,NHSCA High School Nationals
Andre Sandoval Espana,CA,unknown,2025,2024 2025,215,16,yes,yes,no,no,Fargo 16U Freestyle
Jameson Moore,CA,unknown,2026,2024 2025 2026,144,16,yes,yes,yes,no,Fargo Junior Freestyle
Julian (Gullien) Holguin,CA,unknown,2026,2025 2026,126 138,16,yes,no,no,yes,Fargo 16U Freestyle
Alex Salas,CA,unknown,2025,2023 2024 2025,100 106 113,16,yes,yes,yes,no,Fargo Junior Freestyle
Kiana Lien,CA,Girls,2026,2025 2026,100 105,16,yes,yes,yes,yes,Fargo 16U Women's Freestyle
Isabella Fodera,CA,Girls,2026,2025 2026,105 115,16,yes,no,no,yes,Fargo 16U Women's Freestyle
Noah Moylan,CA,unknown,2026,2026,150,15,yes,yes,yes,no,Fargo 16U Freestyle
Quentin Walls,CA,unknown,2026,2026,106,15,yes,yes,no,yes,Fargo 16U Freestyle
Raymond Castillo,CA,unknown,2026,2025 2026,126 138,15,yes,no,no,yes,Fargo 16U Freestyle
Arel Francke,CA,unknown,2026,2026,175,15,yes,no,no,yes,Fargo 16U Freestyle
Me&#039;kala James,CA,Girls,2026,2025 2026,125,15,yes,no,no,yes,Fargo Junior Women's Freestyle
Alicia Serratos,CA,unknown,2025,2024 2025,100 107,14,yes,yes,no,yes,NHSCA High School Nationals
Ej Sheeran,CA,unknown,2026,2023 2024 2026,132 144 145,14,yes,yes,no,no,NHSCA High School Nationals
Jack Torosian,CA,unknown,2026,2026,157,14,yes,no,no,yes,Fargo 16U Freestyle
Hunter Luna,CA,unknown,2025,2024 2025,142 157,14,yes,yes,no,yes,Fargo Junior Freestyle
Olivia Munson,CA,Girls,2026,2025 2026,95 105,14,yes,no,no,yes,Fargo 16U Women's Freestyle
Lillian Fonceca,CA,Girls,2026,2025 2026,115,14,yes,no,no,yes,Fargo 16U Women's Freestyle
Annika Scott,CA,unknown,2026,2025 2026,114 120,13,yes,yes,no,yes,NHSCA High School Nationals
Elijah Orion Hill,CA,unknown,2025,2025,132 138,13,yes,yes,no,yes,NHSCA High School Nationals
Marley Nelson,CA,Girls,2026,2025 2026,126 130 132,13,yes,yes,yes,no,NHSCA High School Nationals
Bryson Constantino,CA,unknown,2026,2026,150 152,13,yes,yes,yes,no,NHSCA High School Nationals
Benjamin Rosen,CA,unknown,2026,2025 2026,165 175,13,yes,yes,yes,no,Fargo Junior Freestyle
Noah Soto,CA,unknown,2026,2026,175 190,13,yes,no,no,yes,Fargo 16U Freestyle
Tiffany Nguyen,CA,unknown,2026,2025 2026,114 126,12,yes,yes,yes,yes,NHSCA High School Nationals
Brodie Johnson,CA,unknown,2025,2024 2025,170,12,yes,no,no,yes,NHSCA High School Nationals
Manuel Ruiz,CA,unknown,2025,2024 2025,126 132,12,yes,yes,no,no,Fargo Junior Freestyle
Aaliyah Jurado,CA,unknown,2026,2025 2026,100,11,yes,yes,yes,no,NHSCA High School Nationals
Isabella Sermana,CA,unknown,2026,2026,126,11,yes,no,no,yes,NHSCA High School Nationals
Sebastian Gutierrez,CA,unknown,2026,2026,106 113,11,yes,no,no,yes,Fargo 16U Freestyle
Anabelle Serratos,CA,unknown,2025,2024 2025,114 120,10,yes,yes,no,no,NHSCA High School Nationals
Gabriel Jr. Barragan,CA,unknown,2025,2024 2025,175 182,10,yes,yes,yes,yes,NHSCA High School Nationals
Rocky Ortiz,CA,unknown,2026,2025 2026,180 195,10,yes,yes,no,yes,NHSCA High School Nationals
Isaiah Ebersbach,CA,unknown,2026,2026,145,10,yes,no,no,yes,NHSCA High School Nationals
Tyson Jones,CA,unknown,2026,2025 2026,113 127,10,yes,no,no,yes,NHSCA High School Nationals
Slater Hicks Hicks,CA,unknown,2025,2025,132,10,yes,no,no,yes,Super 32
Joseph Harriman,CA,unknown,2026,2025 2026,215,10,yes,yes,no,no,Fargo 16U Greco-Roman
Chandni Banks,CA,Girls,2025,2025,155,10,yes,no,no,yes,Fargo Junior Women's Freestyle
Kennedy Russell,CA,Girls,2025,2025,120,10,yes,no,no,yes,Fargo Junior Women's Freestyle
Haru Duus,CA,Girls,2026,2025 2026,145,10,yes,yes,no,no,Fargo 16U Women's Freestyle
Rio Rening,CA,Girls,2026,2026,120,10,yes,no,no,yes,Fargo 16U Women's Freestyle
Avery Jones,CA,unknown,2026,2024 2026,106 145,9,yes,yes,yes,no,NHSCA High School Nationals
Aiden Han,CA,unknown,2025,2024 2025,106 113,9,yes,yes,yes,no,NHSCA High School Nationals
Xander Birakos,CA,unknown,2026,2024 2026,160 195,9,yes,yes,no,no,NHSCA High School Nationals
Shane Ito,CA,unknown,2026,2025 2026,113 120,9,yes,yes,yes,no,NHSCA High School Nationals
Ames Michael Hoevker,CA,unknown,2025,2025,138,9,yes,yes,yes,yes,NHSCA High School Nationals
William Schindele,CA,unknown,2026,2025 2026,170 182,9,yes,yes,no,no,NHSCA High School Nationals
Marley Smith,CA,unknown,2026,2025 2026,235,9,yes,yes,no,no,NHSCA High School Nationals
Justice Commendatore,CA,unknown,2026,2025 2026,138 150,9,yes,yes,yes,no,NHSCA High School Nationals
Daniel (Mick) Moylan,CA,unknown,2025,2025,215,9,yes,yes,no,yes,Super 32
Adrian Barbosa,CA,unknown,2026,2026,165,9,yes,no,no,yes,Fargo 16U Freestyle
Briana Alvarado,CA,Girls,2025,2025,190,9,yes,no,no,yes,Fargo Junior Women's Freestyle
Josylyn Glass,CA,Girls,2026,2026,155,9,yes,no,no,yes,Fargo 16U Women's Freestyle
Natalin Hout,CA,Girls,2026,2026,145,9,yes,no,no,yes,Fargo Junior Women's Freestyle
Lucas Mendez,CA,unknown,2025,2024 2025,95 106,8,yes,yes,yes,no,NHSCA High School Nationals
Kylie-Ann Thach,CA,unknown,2026,2026,100,8,yes,yes,no,yes,NHSCA High School Nationals
Mathius Garza,CA,unknown,2026,2026,138,8,yes,no,no,yes,NHSCA High School Nationals
Avyon Bonner,CA,unknown,2026,2026,235,8,yes,yes,yes,yes,NHSCA High School Nationals
Jaelle Cortez,CA,Girls,2025,2025,100,8,yes,yes,yes,yes,Fargo Junior Women's Freestyle
Kaila Robles Rials,CA,Girls,2026,2025 2026,95,8,yes,yes,yes,no,Fargo 16U Women's Freestyle
Alexa Smith,CA,Girls,2026,2026,120,8,yes,no,no,yes,Fargo 16U Women's Freestyle
Jordan Yi-Berg,CA,unknown,2025,2025,90,7,yes,no,no,yes,NHSCA High School Nationals
Tiffany Bell,CA,unknown,2025,2025,185,7,yes,yes,no,yes,NHSCA High School Nationals
Preston Dacoco,CA,unknown,2026,2026,75,7,yes,no,no,yes,NHSCA High School Nationals
Katalina De Haro,CA,unknown,2026,2026,114,7,yes,yes,no,no,NHSCA High School Nationals
Selieni Paseka,CA,unknown,2026,2026,185,7,yes,no,no,yes,NHSCA High School Nationals
Jaxon Sanchez,CA,unknown,2026,2026,120,7,yes,yes,yes,no,Fargo 16U Freestyle
Zander Melendez,CA,unknown,2026,2026,88,7,yes,no,no,yes,Fargo 16U Freestyle
Cameron Bartlow,CA,unknown,2026,2026,106,7,yes,no,no,yes,Fargo 16U Freestyle
Stevie Joyce Martin,CA,Girls,2025,2025,120,7,yes,no,no,yes,Fargo Junior Women's Freestyle
Isabella Serrano,CA,Girls,2026,2025 2026,115 120,7,yes,yes,yes,no,Fargo 16U Women's Freestyle
Aleia Apostol,CA,Girls,2026,2026,125,7,yes,no,no,yes,Fargo 16U Women's Freestyle
Sophia Lazaro,CA,Girls,2026,2026,100,7,yes,no,no,yes,Fargo 16U Women's Freestyle
Tasi Maumausolo Matagi,CA,Girls,2026,2026,190,7,yes,no,no,yes,Fargo 16U Women's Freestyle
Emmyjane Bragg,CA,Girls,2026,2026,170,7,yes,no,no,yes,Fargo 16U Women's Freestyle
Angelica Serratos,CA,unknown,2025,2025,100,6,yes,yes,no,no,NHSCA High School Nationals
Samone Sandoval,CA,unknown,2026,2025 2026,145,6,yes,yes,no,no,NHSCA High School Nationals
Avyon Boner,CA,unknown,2025,2025,235,6,yes,yes,no,yes,NHSCA High School Nationals
Jesse Quiroz,CA,unknown,2026,2026,126,6,yes,yes,yes,no,NHSCA High School Nationals
Cooper Carling,CA,unknown,2026,2025 2026,126 132,6,yes,yes,yes,no,NHSCA High School Nationals
Lucius Hayden,CA,unknown,2026,2026,170,6,yes,yes,yes,no,NHSCA High School Nationals
Stryker Conley,CA,unknown,2026,2024 2026,215 220,6,yes,yes,yes,no,NHSCA High School Nationals
Aiden Salindong,CA,unknown,2026,2026,106,6,yes,yes,yes,no,Fargo 16U Freestyle
Alanna Harwell,CA,Girls,2026,2026,135,6,yes,yes,yes,no,Fargo Junior Women's Freestyle
Brady Mercer,CA,unknown,2025,2025,132,5,yes,yes,no,no,NHSCA High School Nationals
Kingston Coates,CA,unknown,2025,2024 2025,220,5,yes,yes,yes,no,NHSCA High School Nationals
Colton Meixner,CA,unknown,2026,2026,120,5,yes,yes,yes,no,NHSCA High School Nationals
Savina La Grass,CA,unknown,2026,2026,126,5,yes,yes,yes,no,NHSCA High School Nationals
Cameron Knourek,CA,unknown,2026,2026,132,5,yes,yes,no,no,NHSCA High School Nationals
Jersey Huynh,CA,unknown,2026,2026,152,5,yes,yes,yes,no,NHSCA High School Nationals
Avery Naven,CA,unknown,2026,2026,145,5,yes,yes,yes,no,NHSCA High School Nationals
Griffin Gerber,CA,unknown,2026,2026,170,5,yes,yes,yes,no,NHSCA High School Nationals
Estefany Caballero,CA,unknown,2026,2026,185,5,yes,yes,yes,no,NHSCA High School Nationals
Brody Jarrell,CA,unknown,2025,2025,85,4,yes,yes,no,no,NHSCA High School Nationals
Brook Weimer,CA,unknown,2026,2026,120,4,yes,yes,no,no,NHSCA High School Nationals
William Creech,CA,unknown,2026,2026,132,4,yes,yes,no,no,NHSCA High School Nationals
Monica Gomez,CA,unknown,2026,2026,126,4,yes,yes,no,no,NHSCA High School Nationals
Danielle Navarro,CA,unknown,2026,2026,138,4,yes,yes,no,no,NHSCA High School Nationals
Ryan Herring,CA,unknown,2026,2026,160,4,yes,yes,no,no,NHSCA High School Nationals
Jonsea Garcia,CA,unknown,2026,2026,170,4,yes,yes,no,no,NHSCA High School Nationals
Isabella Wyatt,CA,unknown,2026,2026,165,4,yes,yes,yes,no,NHSCA High School Nationals
Cj Lopez,CA,unknown,2025,2025,126,4,yes,yes,no,no,Super 32
Cruz Contreras,CA,unknown,2026,2026,138,4,yes,yes,no,no,Fargo Junior Freestyle
Caroline Collins,CA,Girls,2025,2025,115,4,yes,yes,no,no,Fargo Junior Women's Freestyle
Victoria Espinoza,CA,Girls,2025,2025,130,4,yes,yes,no,no,Fargo Junior Women's Freestyle
Breanna Bragg,CA,Girls,2026,2026,125,4,yes,yes,no,no,Fargo 16U Women's Freestyle
Daisy Infante,CA,Girls,2026,2026,115,4,yes,yes,yes,no,Fargo Junior Women's Freestyle
Riley Pestanas,CA,unknown,2026,2026,107,3,yes,yes,no,no,NHSCA High School Nationals
Kai Yi-Berg,CA,unknown,2026,2026,145,3,yes,yes,yes,no,NHSCA High School Nationals
Sophie Allen,CA,unknown,2026,2026,165,3,yes,yes,no,no,NHSCA High School Nationals
Mark Ramirez,CA,unknown,2025,2025,106,3,yes,yes,no,no,Super 32
Ruby Dominguez,CA,Girls,2025,2025,140,3,yes,yes,no,no,Fargo Junior Women's Freestyle
Joseph Gonthier,CA,unknown,2025,2025,120,2,yes,yes,yes,no,NHSCA High School Nationals
Sienna Ramirez,CA,unknown,2025,2025,235,2,yes,yes,yes,no,NHSCA High School Nationals
Samuel Jimenez,CA,unknown,2026,2026,120,2,yes,yes,yes,no,NHSCA High School Nationals
Joey Whitford,CA,unknown,2026,2026,132,2,yes,yes,yes,no,NHSCA High School Nationals
Trey Thomas,CA,unknown,2026,2026,152,2,yes,yes,yes,no,NHSCA High School Nationals
David Burchett,CO,unknown,2026,2023 2024 2025 2026,150 152 157,42,yes,no,no,yes,Fargo Junior Freestyle
Xander Rose,CO,unknown,2026,2024 2025 2026,285,30,yes,no,no,yes,NHSCA High School Nationals
Brison Romero,CO,unknown,2026,2025 2026,94 100,22,yes,no,no,yes,Fargo 16U Freestyle
Peggy Susan Dean,CO,Girls,2026,2025 2026,100 110,19,yes,yes,yes,yes,Fargo 16U Women's Freestyle
Stetson Gabel,CO,unknown,2026,2026,144 150,17,yes,yes,no,yes,Fargo 16U Freestyle
Davien Martinez,CO,unknown,2026,2026,119 126,16,yes,no,no,yes,NHSCA High School Nationals
Quint Copeland,CO,unknown,2026,2026,132,16,yes,no,no,yes,Fargo 16U Freestyle
Casen Becker,CO,unknown,2026,2026,106,15,yes,yes,no,yes,Fargo 16U Freestyle
Hudson Bragg,CO,unknown,2026,2026,138,14,yes,no,no,yes,Fargo 16U Freestyle
Jarek Gallegos,CO,unknown,2026,2025 2026,94,14,yes,no,no,yes,Fargo 16U Greco-Roman
SHAWN COFFEL,CO,unknown,2025,2025,106,11,yes,no,no,yes,Fargo 16U Freestyle
Truin Meneely,CO,unknown,2026,2026,106 113,7,yes,yes,no,no,Fargo 16U Freestyle
Laila Hustoles,CO,Girls,2025,2025,170,7,yes,no,no,yes,Fargo 16U Women's Freestyle
Cameron Hodge,CO,Girls,2025,2025,100,7,yes,no,no,yes,Fargo 16U Women's Freestyle
Weston Manuel,CO,unknown,2025,2024 2025,106 126,6,yes,yes,yes,no,NHSCA High School Nationals
Paige Hervey,CO,unknown,2026,2025 2026,120,6,yes,yes,no,no,NHSCA High School Nationals
Jack Opitz,CO,unknown,2026,2026,138 144,6,yes,yes,yes,no,NHSCA High School Nationals
Sydney Babi,CO,Girls,2026,2025 2026,115,6,yes,yes,yes,no,Fargo Junior Women's Freestyle
Logan Adamson,CO,unknown,2026,2025 2026,119 120,5,yes,yes,yes,no,NHSCA High School Nationals
Xander Ramirez,CO,unknown,2026,2025 2026,170 182,5,yes,yes,yes,no,NHSCA High School Nationals
Sophia Valdez,CO,Girls,2026,2026,95,5,yes,yes,no,yes,Fargo 16U Women's Freestyle
Andrew Dienhart,CO,unknown,2025,2024 2025,145 170,4,yes,yes,yes,no,NHSCA High School Nationals
Dominick Martinez,CO,unknown,2025,2025,152,3,yes,yes,yes,no,NHSCA High School Nationals
Zoe Greer,CO,Girls,2026,2026,95,3,yes,yes,yes,no,Fargo 16U Women's Freestyle
Addelynne Sidwell,CO,Girls,2026,2026,110,3,yes,yes,yes,no,Fargo Junior Women's Freestyle
Francisco Ibarra IV,CO,unknown,2025,2025,145,2,yes,yes,yes,no,NHSCA High School Nationals
Oliver Faler,CO,unknown,2026,2026,132,2,yes,yes,yes,no,NHSCA High School Nationals
Peyton Pacheco,CO,unknown,2026,2026,215,2,yes,yes,yes,no,Fargo Junior Freestyle
Lily Hart,CO,Girls,2025,2025,95,2,yes,yes,yes,no,Fargo 16U Women's Freestyle
Colby Houle,CT,unknown,2025,2023 2024 2025,119 126 132 138 145 150,48,yes,yes,no,yes,NHSCA High School Nationals
Chase Kastner,CT,unknown,2026,2023 2024 2025 2026,94 106 113 120 126 132,47,yes,yes,no,yes,Fargo Junior Freestyle
Ryan Schneider,CT,unknown,2026,2023 2024 2025 2026,160 182 190 195 215 285,45,yes,yes,yes,yes,NHSCA High School Nationals
Brighton Karvoski,CT,unknown,2026,2023 2024 2025 2026,90 113 126 138 150,34,yes,no,no,yes,NHSCA High School Nationals
Joey Cotter,CT,unknown,2026,2024 2025 2026,80 85 95 100,33,yes,no,no,yes,NHSCA High School Nationals
Jaxsen Bailey,CT,unknown,2026,2025 2026,126 138,33,yes,no,no,yes,NHSCA High School Nationals
Harry Kittredge,CT,unknown,2026,2023 2024 2025 2026,120 138 144 145 150,30,yes,yes,no,no,NHSCA High School Nationals
Eli Shea,CT,unknown,2026,2023 2024 2025 2026,75 85 100 106 113,28,yes,yes,yes,no,NHSCA High School Nationals
Jackson Heslin,CT,unknown,2025,2024 2025,126,25,yes,no,no,yes,Fargo Junior Freestyle
Landon Herdic,CT,unknown,2025,2023 2024 2025,80 106 120 126,21,yes,no,no,yes,NHSCA High School Nationals
Calli Gilchrist,CT,Girls,2025,2023 2024 2025,114 120,19,yes,yes,no,yes,Fargo Junior Women's Freestyle
Benjamin Zuckerman,CT,unknown,2025,2023 2025,126 132,18,yes,no,no,yes,NHSCA High School Nationals
Logan Bailey,CT,unknown,2026,2026,106,18,yes,yes,yes,no,NHSCA High School Nationals
Kasjan Wnuk,CT,unknown,2026,2025 2026,190 230,17,yes,no,no,yes,NHSCA High School Nationals
Joseph Pellicci,CT,unknown,2026,2024 2025 2026,120 132,17,yes,yes,yes,no,Fargo Junior Freestyle
Ryder Zychek,CT,unknown,2026,2026,142 144,16,yes,yes,no,no,NHSCA High School Nationals
Charlie Atkinson,CT,unknown,2026,2024 2025 2026,75 80 95,15,yes,yes,no,yes,NHSCA High School Nationals
Lincoln Snell,CT,unknown,2026,2026,215 230,15,yes,no,no,yes,NHSCA High School Nationals
Sarah Henckel,CT,Girls,2026,2025 2026,155,14,yes,no,no,yes,Fargo Junior Women's Freestyle
Hoshena Gemme,CT,Girls,2025,2023 2024 2025,107 126 155,14,yes,no,no,yes,NHSCA High School Nationals
Jax Sgrulletta,CT,unknown,2026,2025 2026,105 126,13,yes,yes,no,yes,NHSCA High School Nationals
Noah Blair,CT,unknown,2026,2024 2025 2026,75 80 106,12,yes,yes,yes,yes,NHSCA High School Nationals
Camron Veneziano,CT,unknown,2026,2025 2026,85 100,12,yes,no,no,yes,NHSCA High School Nationals
Indigo Kimball,CT,Girls,2026,2024 2025 2026,120 126 132,12,yes,yes,yes,no,NHSCA High School Nationals
Chase Reynolds,CT,unknown,2026,2025 2026,75 85,11,yes,no,no,yes,NHSCA High School Nationals
Mason Catalano,CT,unknown,2026,2025 2026,135 154,11,yes,no,no,yes,NHSCA High School Nationals
Philip Burns III,CT,unknown,2025,2025,75,9,yes,no,no,yes,NHSCA High School Nationals
Jackson Robles,CT,unknown,2026,2024 2025 2026,85 100 119,9,yes,yes,yes,no,NHSCA High School Nationals
Frank Scalia,CT,unknown,2025,2023 2024 2025,132 152 160,9,yes,yes,no,no,NHSCA High School Nationals
Dylan Bueno,CT,unknown,2026,2025 2026,145 152,8,yes,yes,no,no,NHSCA High School Nationals
Liam Carlin,CT,unknown,2025,2025,165,8,yes,no,no,yes,Fargo Junior Freestyle
Ethan Melendez,CT,unknown,2026,2026,113 120,7,yes,yes,yes,no,NHSCA High School Nationals
Tyler Silva,CT,unknown,2026,2026,182,7,yes,yes,no,yes,NHSCA High School Nationals
Anthony Lara,CT,unknown,2026,2025 2026,145,6,yes,yes,yes,no,NHSCA High School Nationals
Ari Lancin,CT,unknown,2025,2025,230,6,yes,no,no,yes,NHSCA High School Nationals
Tate Odell,CT,unknown,2026,2026,75,6,yes,no,no,yes,NHSCA High School Nationals
Carter Bowling,CT,unknown,2026,2026,80,6,yes,no,no,yes,NHSCA High School Nationals
Sam Forman,CT,unknown,2026,2026,100,6,yes,no,no,yes,Journeymen Fall Classic
Kayla Batres,CT,Girls,2025,2025,110,6,yes,no,no,yes,Fargo Junior Women's Freestyle
James Westrick,CT,unknown,2026,2025 2026,126 138,5,yes,yes,yes,no,NHSCA High School Nationals
Russell Stewart,CT,unknown,2025,2025,170,5,yes,yes,no,no,NHSCA High School Nationals
Brooke Dixon,CT,unknown,2026,2026,100,5,yes,yes,no,no,NHSCA High School Nationals
Brandon Llanos,CT,unknown,2026,2025 2026,106,4,yes,yes,yes,no,NHSCA High School Nationals
Adrian Adames,CT,unknown,2025,2023 2025,106 113,4,yes,yes,yes,no,NHSCA High School Nationals
Jax Opotzner,CT,unknown,2025,2025,113,4,yes,yes,yes,no,NHSCA High School Nationals
Dylan Waugh,CT,unknown,2026,2025 2026,132 138,4,yes,yes,yes,no,NHSCA High School Nationals
Brody Merritt,CT,unknown,2026,2026,106,4,yes,yes,yes,no,NHSCA High School Nationals
Collin Pelotte,CT,unknown,2026,2025 2026,182 220,4,yes,yes,yes,no,NHSCA High School Nationals
Connor Anziano-Harris,CT,unknown,2026,2026,106 113,4,yes,yes,yes,no,NHSCA High School Nationals
Jake Hamlin,CT,unknown,2025,2025,120,2,yes,yes,yes,no,NHSCA High School Nationals
Eli Wolfe,CT,unknown,2025,2025,182,2,yes,yes,yes,no,NHSCA High School Nationals
August Furman,CT,unknown,2025,2025,220,2,yes,yes,yes,no,NHSCA High School Nationals
Alena Niziolek,CT,unknown,2026,2026,120,2,yes,yes,yes,no,NHSCA High School Nationals
Leah Negron,CT,unknown,2026,2026,114,2,yes,yes,yes,no,NHSCA High School Nationals
Jaxson Jean,CT,unknown,2026,2026,132,2,yes,yes,yes,no,NHSCA High School Nationals
Gustavo Oliveira,CT,unknown,2026,2026,182,2,yes,yes,yes,no,NHSCA High School Nationals
Tristan Brettschneider,CT,unknown,2026,2026,182,2,yes,yes,yes,no,NHSCA High School Nationals
Jaylen Rose,CT,unknown,2026,2026,285,2,yes,yes,yes,no,NHSCA High School Nationals
Preston Olander,DC,unknown,2025,2024 2025,138 144,9,yes,yes,yes,no,NHSCA High School Nationals
Sophie Amini,DC,unknown,2026,2026,120,2,yes,yes,yes,no,NHSCA High School Nationals
Nick Walker,DE,unknown,2026,2023 2024 2025 2026,126 138 144 145 152 157,32,yes,yes,yes,yes,NHSCA High School Nationals
Clifton Bakhsh,DE,unknown,2025,2023 2024 2025,106 113 120,26,yes,yes,no,no,Fargo Junior Freestyle
Cody Bakhsh,DE,unknown,2026,2025 2026,94 113,19,yes,no,no,yes,Fargo 16U Freestyle
Autumn Littleton,DE,unknown,2026,2024 2025 2026,114 126 132,12,yes,yes,no,no,NHSCA High School Nationals
Rajat Bhaskaran,DE,unknown,2026,2024 2025 2026,138 145,8,yes,yes,yes,no,NHSCA High School Nationals
Lily Moffett,DE,unknown,2026,2025 2026,107,7,yes,yes,yes,no,NHSCA High School Nationals
Parker Hampton,DE,unknown,2026,2026,106,4,yes,yes,yes,no,NHSCA High School Nationals
Addison Weismiller,DE,unknown,2026,2024 2026,138 145,4,yes,yes,yes,no,NHSCA High School Nationals
Will Hendershot,DE,unknown,2025,2025,152,3,yes,yes,yes,no,NHSCA High School Nationals
Ryder Gomez,DE,unknown,2025,2025,127,3,yes,yes,yes,no,NHSCA High School Nationals
Nazeef Bush,DE,unknown,2025,2025,113,2,yes,yes,yes,no,NHSCA High School Nationals
Nazarii Paseniuk,EU,unknown,2026,2026,112,9,yes,no,no,yes,NHSCA High School Nationals
Zeno Moore,FL,unknown,2026,2023 2024 2025 2026,132 144 145 150 152 157 160,81,yes,yes,no,yes,Super 32
Charlie Desena,FL,unknown,2026,2023 2024 2025 2026,120 126 132 138 150 152 157,72,yes,yes,yes,yes,NHSCA High School Nationals
Liam Davis,FL,unknown,2026,2023 2024 2025 2026,106 113 120,57,yes,yes,no,yes,Super 32
Jayce Paridon,FL,unknown,2025,2023 2024 2025,132 138 144,54,yes,yes,no,yes,NHSCA High School Nationals
Lucas Boe,FL,unknown,2026,2024 2025 2026,157 160 165 175,52,yes,no,no,yes,NHSCA High School Nationals
Timmy Boda,FL,unknown,2026,2023 2024 2025 2026,100 113 119 126 138,49,yes,yes,yes,yes,NHSCA High School Nationals
Colton Bell,FL,unknown,2026,2023 2024 2025 2026,119 154 165 182 190 215 220,42,yes,yes,no,yes,NHSCA High School Nationals
Grant Silverfield,FL,unknown,2026,2024 2025 2026,190 195 215 285,34,yes,no,no,yes,NHSCA High School Nationals
Maya Alvarado,FL,Girls,2026,2023 2024 2025 2026,100 105 114 115,30,yes,yes,yes,no,NHSCA High School Nationals
Ethan Reilly,FL,unknown,2026,2024 2025 2026,112 126 132,30,yes,no,no,yes,NHSCA High School Nationals
Logan Price,FL,unknown,2026,2025 2026,126 127 132 138,29,yes,yes,no,no,NHSCA High School Nationals
Alexander Smith,FL,unknown,2025,2024 2025,190 215,29,yes,no,no,yes,Fargo Junior Freestyle
Alex Smith,FL,unknown,2025,2023 2024 2025,195 215,28,yes,yes,no,yes,NHSCA High School Nationals
Robert Kucharczk,FL,unknown,2025,2023 2024 2025,182 190,28,yes,yes,yes,yes,Fargo Junior Freestyle
Marlo Clark,FL,unknown,2025,2023 2024 2025,113 120 126,27,yes,yes,yes,no,NHSCA High School Nationals
Miguel Rojas,FL,unknown,2026,2024 2025 2026,157 175 182,25,yes,no,no,yes,NHSCA High School Nationals
Lucas Layne,FL,unknown,2026,2025 2026,95 112 113,24,yes,yes,no,yes,NHSCA High School Nationals
Matteo Gonzalez,FL,unknown,2026,2023 2024 2025 2026,119 127 132 144,21,yes,yes,yes,no,NHSCA High School Nationals
Ronin Gault,FL,unknown,2026,2023 2025 2026,170 175 182,21,yes,yes,yes,no,NHSCA High School Nationals
Parker Williams,FL,unknown,2026,2025 2026,94 100 106,20,yes,no,no,yes,NHSCA High School Nationals
Alexandra Thomas,FL,Girls,2026,2025 2026,95 100,20,yes,no,no,yes,NHSCA High School Nationals
Yandel Morales,FL,unknown,2026,2025 2026,132 138,19,yes,no,no,yes,NHSCA High School Nationals
Tyce Cole,FL,unknown,2026,2025 2026,285,19,yes,yes,yes,yes,NHSCA High School Nationals
Vlad Chechkovsky,FL,unknown,2026,2025 2026,165 170 175,18,yes,no,no,yes,NHSCA High School Nationals
Alyis Brown,FL,unknown,2026,2026,120,17,yes,yes,no,yes,Fargo 16U Freestyle
Ari Rupe,FL,unknown,2026,2025 2026,180 190 195,15,yes,no,no,yes,NHSCA High School Nationals
Jacob Levy,FL,unknown,2025,2024 2025,285,15,yes,yes,no,yes,Fargo Junior Freestyle
Marco DeMayo,FL,unknown,2026,2024 2025 2026,105 119 132,14,yes,yes,no,no,NHSCA High School Nationals
Merrick Miller,FL,unknown,2026,2023 2024 2026,126 145 160,14,yes,yes,no,no,NHSCA High School Nationals
Noah Desmond,FL,unknown,2026,2026,112 113,14,yes,no,no,yes,NHSCA High School Nationals
Nadav Nafshi,FL,unknown,2026,2025 2026,165 170,14,yes,yes,no,yes,NHSCA High School Nationals
Tyler Dekraker,FL,unknown,2026,2025 2026,138,14,yes,yes,no,yes,Super 32
Terriel Cooke,FL,unknown,2026,2026,165,14,yes,no,no,yes,Fargo 16U Freestyle
Kenly Estevez,FL,unknown,2026,2025 2026,100,14,yes,no,no,yes,Fargo 16U Greco-Roman
Aiden Hutchins,FL,unknown,2025,2023 2024 2025,144 152,13,yes,yes,yes,no,NHSCA High School Nationals
Jackson Angelo,FL,unknown,2026,2025 2026,170 175,13,yes,yes,no,no,NHSCA High School Nationals
Bryce Velez,FL,unknown,2026,2026,182 190,13,yes,no,no,yes,NHSCA High School Nationals
Matthew Lefevre,FL,unknown,2025,2024 2025,152 154,12,yes,yes,yes,yes,NHSCA High School Nationals
Ivan Kyryianenko,FL,unknown,2026,2025 2026,138 144,11,yes,yes,yes,no,NHSCA High School Nationals
Logan Pericht,FL,unknown,2026,2026,160 165,11,yes,yes,no,no,NHSCA High School Nationals
Brian Fernandez-Oritz,FL,unknown,2026,2025 2026,215 285,11,yes,yes,yes,no,Fargo Junior Freestyle
Clinton Legg,FL,unknown,2026,2023 2026,120 144,11,yes,no,no,yes,Fargo Junior Freestyle
Amaris Echezarreta,FL,unknown,2026,2024 2025 2026,152 165 185,10,yes,yes,yes,no,NHSCA High School Nationals
Gable Herl,FL,unknown,2026,2025 2026,165 230,10,yes,no,no,yes,NHSCA High School Nationals
Brandon Pantaleo,FL,unknown,2026,2025 2026,165 170,10,yes,yes,yes,yes,NHSCA High School Nationals
Liam Parker,FL,unknown,2026,2024 2026,88 106,10,yes,yes,no,no,NHSCA High School Nationals
Riley Alcantar,FL,unknown,2026,2026,120,10,yes,yes,no,yes,NHSCA High School Nationals
Suzie Polidor,FL,Girls,2026,2026,126 130,10,yes,yes,no,no,NHSCA High School Nationals
Samuel Josey,FL,unknown,2026,2026,190,10,yes,no,no,yes,Fargo 16U Freestyle
Joseph Handley,FL,unknown,2025,2025,106 113,9,yes,yes,yes,no,NHSCA High School Nationals
Jacob Balk,FL,unknown,2026,2024 2025 2026,138 152 160,9,yes,yes,yes,no,NHSCA High School Nationals
Christian Day,FL,unknown,2026,2026,135,9,yes,no,no,yes,NHSCA High School Nationals
Lucas Comora,FL,unknown,2026,2026,170 175,9,yes,yes,no,no,NHSCA High School Nationals
Gregory Reyes,FL,unknown,2026,2026,220,9,yes,no,no,yes,NHSCA High School Nationals
Shamus Regan,FL,unknown,2026,2026,138,9,yes,no,no,yes,Fargo Junior Freestyle
Brady Sher,FL,unknown,2026,2025 2026,85 105,8,yes,yes,yes,no,NHSCA High School Nationals
Joseph Sibaja,FL,unknown,2026,2025 2026,152,8,yes,yes,yes,no,NHSCA High School Nationals
Christopher Vazquez,FL,unknown,2025,2024 2025,127 142,8,yes,yes,yes,no,NHSCA High School Nationals
Luis Bastardos,FL,unknown,2026,2026,157 160,8,yes,yes,yes,no,NHSCA High School Nationals
Leonydes Peraza,FL,unknown,2026,2026,113,8,yes,no,no,yes,Fargo 16U Greco-Roman
Lucas Milian,FL,unknown,2026,2024 2025 2026,113 126,7,yes,yes,yes,no,NHSCA High School Nationals
Matthew Braddock,FL,unknown,2026,2024 2026,120 132,7,yes,yes,yes,no,NHSCA High School Nationals
Eysis Estes Brinson,FL,unknown,2025,2025,132,7,yes,yes,yes,yes,NHSCA High School Nationals
Clint Plotner-Legg,FL,unknown,2026,2026,138,7,yes,yes,no,yes,NHSCA High School Nationals
Lyla Kasztner,FL,unknown,2026,2026,145,7,yes,no,no,yes,NHSCA High School Nationals
Brody Leal,FL,unknown,2026,2026,154,7,yes,no,no,yes,NHSCA High School Nationals
Illia Kyrianenko,FL,unknown,2026,2026,150,7,yes,no,no,yes,Fargo 16U Freestyle
Derik Palmer,FL,unknown,2025,2024 2025,150 152,6,yes,yes,yes,no,NHSCA High School Nationals
Victoriya Devochkina,FL,unknown,2025,2025,145,6,yes,no,no,yes,NHSCA High School Nationals
Julian Almeida,FL,unknown,2025,2025,135,6,yes,yes,no,no,NHSCA High School Nationals
Cassidy Kephart,FL,Girls,2026,2026,107 115,6,yes,yes,no,no,NHSCA High School Nationals
Victoria Smith,FL,Girls,2026,2026,107 115,6,yes,yes,yes,no,NHSCA High School Nationals
Maria Houlshko,FL,unknown,2026,2026,138,6,yes,yes,no,no,NHSCA High School Nationals
Jake Arnesen,FL,unknown,2026,2025 2026,126,5,yes,yes,yes,no,NHSCA High School Nationals
George Selmeister,FL,unknown,2025,2024 2025,120 132,5,yes,yes,yes,no,NHSCA High School Nationals
Matyas Dercsar-Kovacs,FL,unknown,2025,2025,145,5,yes,yes,no,no,NHSCA High School Nationals
Lucca Aragon,FL,unknown,2025,2025,135,5,yes,yes,no,no,NHSCA High School Nationals
Christopher Lopez,FL,unknown,2025,2024 2025,135 142,5,yes,yes,yes,no,NHSCA High School Nationals
Sean Blouin,FL,unknown,2025,2024 2025,157 175,5,yes,yes,yes,no,Super 32
Nicholas Velazco,FL,unknown,2025,2025,170,4,yes,yes,yes,no,NHSCA High School Nationals
Trenton Honara,FL,unknown,2025,2025,220,4,yes,yes,yes,no,NHSCA High School Nationals
Logan Montero,FL,unknown,2026,2026,106,4,yes,yes,no,no,NHSCA High School Nationals
Milani Velasco,FL,Girls,2026,2025 2026,114 120,4,yes,yes,yes,no,NHSCA High School Nationals
Ethan Rega,FL,unknown,2026,2026,138,4,yes,yes,yes,no,NHSCA High School Nationals
Julian Brady,FL,unknown,2026,2026,138,4,yes,yes,yes,no,NHSCA High School Nationals
Casten Thacker,FL,unknown,2026,2026,160,4,yes,yes,yes,no,NHSCA High School Nationals
Porters Loveland,FL,unknown,2026,2026,220,4,yes,yes,yes,no,NHSCA High School Nationals
Demetrios Vogiatzis,FL,unknown,2026,2026,285,4,yes,yes,yes,no,NHSCA High School Nationals
Lennox Renfroe,FL,unknown,2026,2026,145,3,yes,yes,yes,no,NHSCA High School Nationals
Miguel Arredondo,FL,unknown,2026,2026,145,3,yes,yes,yes,no,NHSCA High School Nationals
Caleb Cole,FL,unknown,2026,2026,152,3,yes,yes,yes,no,NHSCA High School Nationals
Eric Green,FL,unknown,2026,2026,160,3,yes,yes,yes,no,NHSCA High School Nationals
Trysten Frey,FL,unknown,2026,2026,142,3,yes,yes,yes,no,NHSCA High School Nationals
Victor Dixon,FL,unknown,2025,2025,138,2,yes,yes,yes,no,NHSCA High School Nationals
Mason Gonzalez,FL,unknown,2025,2025,160,2,yes,yes,yes,no,NHSCA High School Nationals
Michael Hernandez,FL,unknown,2025,2025,160,2,yes,yes,yes,no,NHSCA High School Nationals
Alyssa Gerber,FL,unknown,2025,2025,165,2,yes,yes,yes,no,NHSCA High School Nationals
Wesley Price,FL,unknown,2026,2026,145,2,yes,yes,yes,no,NHSCA High School Nationals
Gabriela Perez,FL,unknown,2026,2026,138,2,yes,yes,yes,no,NHSCA High School Nationals
Zoey Catala,FL,unknown,2026,2026,145,2,yes,yes,yes,no,NHSCA High School Nationals
Kendall Bennett,FL,unknown,2026,2026,152,2,yes,yes,yes,no,NHSCA High School Nationals
Marcella Bonner,FL,Girls,2025,2025,190,2,yes,yes,yes,no,Fargo Junior Women's Freestyle
Christopher Metz,GA,unknown,2026,2023 2024 2025 2026,85 94 100 106 113 120,59,yes,yes,no,yes,NHSCA High School Nationals
Antonio Mills III,GA,unknown,2026,2023 2024 2025 2026,113 120 126,51,yes,yes,no,yes,Super 32
Cade Parent,GA,unknown,2025,2023 2024 2025,150 152 157 160 165,45,yes,yes,no,yes,Super 32
Cody Clarke,GA,unknown,2026,2023 2024 2025 2026,80 94 105 113 126,41,yes,no,no,yes,NHSCA High School Nationals
Dylan Reel,GA,unknown,2025,2023 2024 2025,152 157 170 175 182 190,40,yes,no,no,yes,NHSCA High School Nationals
Kirra Mitchell,GA,Girls,2026,2025 2026,100 105 107 110,33,yes,yes,yes,yes,NHSCA High School Nationals
Christopher Swann,GA,unknown,2025,2023 2024 2025,94 100 106 113,33,yes,no,no,yes,NHSCA High School Nationals
Billy Hamilton,GA,unknown,2026,2023 2024 2025 2026,112 126 132 138 145,28,yes,yes,no,yes,NHSCA High School Nationals
Logan W. Paradice,GA,unknown,2025,2023 2024 2025,144 145 150,28,yes,no,no,yes,Fargo Junior Freestyle
Daniel Krutules,GA,unknown,2026,2023 2024 2025 2026,126 132 138 144 152,27,yes,yes,yes,no,NHSCA High School Nationals
Jaden WESLEY Rakestraw,GA,unknown,2025,2025,285,22,yes,no,no,yes,NHSCA High School Nationals
Will Hughes,GA,unknown,2026,2024 2025 2026,85 95 105 106,21,yes,yes,no,yes,NHSCA High School Nationals
Cayden Bagley,GA,unknown,2026,2024 2025 2026,75 85 106,18,yes,yes,no,no,NHSCA High School Nationals
Jefferson Cuttino,GA,unknown,2025,2023 2024 2025,126 138 144 145,18,yes,yes,yes,no,NHSCA High School Nationals
Michael Madda,GA,unknown,2026,2024 2025 2026,120 126,15,yes,yes,yes,no,NHSCA High School Nationals
Jt Bowers,GA,unknown,2025,2023 2024 2025,157 160 165,14,yes,yes,yes,no,NHSCA High School Nationals
Timothy Brown III,GA,unknown,2026,2024 2025 2026,165 170 182,14,yes,yes,yes,no,NHSCA High School Nationals
Aiden Simmons,GA,unknown,2026,2023 2024 2025 2026,106 113 126 132,14,yes,yes,yes,no,NHSCA High School Nationals
Josiah Boyden,GA,unknown,2025,2023 2025,120 132,14,yes,no,no,yes,Fargo Junior Greco-Roman
Jackson Bowman,GA,unknown,2025,2024 2025,80 95,12,yes,yes,no,yes,NHSCA High School Nationals
Reid Gober,GA,unknown,2026,2025 2026,154 170,12,yes,yes,yes,yes,NHSCA High School Nationals
Jack Litten,GA,unknown,2026,2024 2025 2026,142 150 152 154,12,yes,yes,yes,no,NHSCA High School Nationals
Bryan De morais,GA,unknown,2026,2025 2026,165 170 175,12,yes,yes,yes,no,NHSCA High School Nationals
Antonio Ruiz,GA,unknown,2026,2025 2026,215 220 230,12,yes,yes,no,yes,NHSCA High School Nationals
Jack Pierce,GA,unknown,2026,2025 2026,127 154,11,yes,yes,no,yes,NHSCA High School Nationals
Alessandro Vitello Jr.,GA,unknown,2026,2026,132,11,yes,yes,no,no,Fargo 16U Freestyle
Grant Goodman,GA,unknown,2025,2024 2025,285,10,yes,no,no,yes,NHSCA High School Nationals
Christopher Nemcovic,GA,unknown,2026,2025 2026,80 90,10,yes,no,no,yes,NHSCA High School Nationals
Brock Gunnels,GA,unknown,2025,2024 2025,132 138,10,yes,yes,yes,no,NHSCA High School Nationals
Matthew Ramos,GA,unknown,2026,2025 2026,105,9,yes,yes,yes,no,NHSCA High School Nationals
Kyle Joyce,GA,unknown,2026,2026,160 165,9,yes,yes,yes,no,NHSCA High School Nationals
Chi Chi Williams,GA,unknown,2026,2025 2026,114,8,yes,yes,no,no,NHSCA High School Nationals
X'zavion Colcough,GA,unknown,2025,2023 2024 2025,195 230,8,yes,yes,no,no,NHSCA High School Nationals
Chase Downing,GA,unknown,2026,2026,85,8,yes,no,no,yes,NHSCA High School Nationals
Beau Abbott,GA,unknown,2026,2026,119,8,yes,no,no,yes,NHSCA High School Nationals
Tristan Hembree,GA,unknown,2025,2024 2025,127 138,7,yes,yes,yes,no,NHSCA High School Nationals
Blake Rizzo,GA,unknown,2025,2024 2025,195 220,7,yes,yes,no,no,NHSCA High School Nationals
LeFabian Williams,GA,unknown,2025,2023 2024 2025,220 285,7,yes,yes,yes,no,NHSCA High School Nationals
William Thomas,GA,unknown,2025,2025,285,7,yes,no,no,yes,NHSCA High School Nationals
Kara-lynn Dover,GA,Girls,2026,2026,114 115,7,yes,yes,yes,no,NHSCA High School Nationals
Asher Asad,GA,unknown,2026,2026,85,7,yes,no,no,yes,NHSCA High School Nationals
Cooper Moreland,GA,unknown,2026,2025 2026,138 145 157,7,yes,yes,yes,no,NHSCA High School Nationals
Kam Dotson,GA,unknown,2026,2026,160,7,yes,no,no,yes,NHSCA High School Nationals
Ozzy Elliott,GA,unknown,2026,2026,135,7,yes,no,no,yes,NHSCA High School Nationals
Hudson Glaze,GA,unknown,2026,2026,165,7,yes,no,no,yes,NHSCA High School Nationals
Kelson Newman,GA,unknown,2026,2026,142,7,yes,yes,yes,yes,NHSCA High School Nationals
Avery Lipscomb,GA,unknown,2026,2025 2026,112,6,yes,yes,yes,no,NHSCA High School Nationals
Jack Lavinder,GA,unknown,2026,2025 2026,182,6,yes,yes,yes,no,NHSCA High School Nationals
Kameron Dotson,GA,unknown,2025,2025,135,6,yes,yes,yes,yes,NHSCA High School Nationals
Elijah Rozier,GA,unknown,2026,2026,120,6,yes,yes,no,no,NHSCA High School Nationals
Joseph Bazan,GA,unknown,2026,2025 2026,126,6,yes,yes,yes,no,NHSCA High School Nationals
Kayo De Morais,GA,unknown,2025,2025,175,6,yes,yes,yes,no,Fargo 16U Freestyle
Hudson Smith,GA,unknown,2026,2025 2026,145,5,yes,yes,yes,no,NHSCA High School Nationals
Andrew Ramirez,GA,unknown,2025,2025,145,5,yes,yes,no,no,NHSCA High School Nationals
Cooper Davis,GA,unknown,2026,2024 2026,126 138,5,yes,yes,yes,no,NHSCA High School Nationals
Luke Nichols,GA,unknown,2026,2026,182,5,yes,no,no,yes,NHSCA High School Nationals
Boomer Palmer,GA,unknown,2025,2025,126,4,yes,yes,yes,no,NHSCA High School Nationals
Mason Summerville,GA,unknown,2025,2023 2025,120 138,4,yes,yes,yes,no,NHSCA High School Nationals
Kevin Poythress Jr.,GA,unknown,2025,2025,145,4,yes,yes,yes,no,NHSCA High School Nationals
Blake Kennedy,GA,unknown,2025,2024 2025,152 160,4,yes,yes,yes,no,NHSCA High School Nationals
Benjamin Barlow,GA,unknown,2025,2025,127,4,yes,yes,yes,no,NHSCA High School Nationals
Joell Hodge,GA,unknown,2026,2026,132,4,yes,yes,yes,no,NHSCA High School Nationals
Ariana Rios,GA,unknown,2026,2026,126,4,yes,yes,no,no,NHSCA High School Nationals
Cadence Bryant,GA,unknown,2025,2025,170,3,yes,yes,yes,no,NHSCA High School Nationals
Aiden Nam,GA,unknown,2026,2026,106,3,yes,yes,no,no,NHSCA High School Nationals
Adam Dolha,GA,unknown,2026,2026,120,3,yes,yes,yes,no,NHSCA High School Nationals
Jordan Stevens,GA,unknown,2026,2026,126,3,yes,yes,yes,no,NHSCA High School Nationals
Londen Barber,GA,unknown,2026,2026,145,3,yes,yes,yes,no,NHSCA High School Nationals
Jordan Walker,GA,unknown,2026,2026,145,3,yes,yes,yes,no,NHSCA High School Nationals
Nathaniel Cates,GA,unknown,2025,2025,150,3,yes,yes,no,no,Super 32
Natalie Lippstreu,GA,Girls,2026,2026,100,3,yes,yes,no,no,Fargo 16U Women's Freestyle
Kevin Pugh,GA,unknown,2025,2025,120,2,yes,yes,yes,no,NHSCA High School Nationals
Kyle Lafferty,GA,unknown,2025,2025,126,2,yes,yes,yes,no,NHSCA High School Nationals
Reagan McFadden,GA,unknown,2025,2025,120,2,yes,yes,yes,no,NHSCA High School Nationals
Jerome Tillery,GA,unknown,2025,2025,132,2,yes,yes,yes,no,NHSCA High School Nationals
Deonte Smith,GA,unknown,2025,2025,138,2,yes,yes,yes,no,NHSCA High School Nationals
Dyeirre Gaines,GA,unknown,2025,2025,145,2,yes,yes,yes,no,NHSCA High School Nationals
Austin Eddy,GA,unknown,2025,2025,152,2,yes,yes,yes,no,NHSCA High School Nationals
Jonathan Fuller,GA,unknown,2026,2026,106,2,yes,yes,yes,no,NHSCA High School Nationals
Lily Armistead,GA,unknown,2026,2026,120,2,yes,yes,yes,no,NHSCA High School Nationals
Michelle Hernandez,GA,unknown,2026,2026,120,2,yes,yes,yes,no,NHSCA High School Nationals
Dallas Seale,GA,unknown,2026,2026,145,2,yes,yes,yes,no,NHSCA High School Nationals
Jacob Henkel,GA,unknown,2026,2026,145,2,yes,yes,yes,no,NHSCA High School Nationals
Joshua Nicolas,GA,unknown,2026,2026,160,2,yes,yes,yes,no,NHSCA High School Nationals
Cameron Harper,GA,unknown,2026,2026,160,2,yes,yes,yes,no,NHSCA High School Nationals
Joshua Cruz,GA,unknown,2026,2026,285,2,yes,yes,yes,no,NHSCA High School Nationals
Colton Hersey,GA,unknown,2026,2026,285,2,yes,yes,yes,no,NHSCA High School Nationals
Jayden Stone,GA,unknown,2025,2025,144,2,yes,yes,yes,no,Super 32
Ziya Karadeni,GA,unknown,2025,2025,165,2,yes,yes,yes,no,Fargo Junior Greco-Roman
Irving Bicoy III,HI,unknown,2026,2024 2025 2026,113 120 126,20,yes,yes,no,no,Fargo Junior Freestyle
Kayne-Lin Chun,HI,Girls,2026,2026,105,7,yes,no,no,yes,Fargo 16U Women's Freestyle
Makayla-Lee Paclib,HI,Girls,2025,2025,125,6,yes,yes,yes,no,Fargo Junior Women's Freestyle
Bas Diaz,IA,unknown,2025,2023 2024 2025,145 150 157,44,yes,no,no,yes,Super 32
Timothy Koester,IA,unknown,2025,2023 2024 2025,126 132,44,yes,no,no,yes,Fargo Junior Freestyle
Joe Constable,IA,unknown,2026,2024 2025 2026,285,35,yes,no,no,yes,Fargo Junior Freestyle
Maximus Riggins,IA,unknown,2025,2023 2024 2025,120 126,35,yes,no,no,yes,Fargo Junior Freestyle
Jase Jaspers,IA,unknown,2025,2023 2024 2025,138 144,29,yes,yes,no,no,Fargo Junior Freestyle
Cyrus Millage,IA,unknown,2026,2025 2026,88 100,27,yes,no,no,yes,Fargo 16U Freestyle
Shay Lundvall,IA,unknown,2026,2025 2026,88 100,24,yes,no,no,yes,Fargo 16U Freestyle
Macklin Penner,IA,unknown,2026,2024 2025 2026,165 175,23,yes,yes,yes,no,Fargo Junior Freestyle
Jaxsen Vestal,IA,unknown,2025,2023 2024 2025,100,22,yes,no,no,yes,Fargo Junior Freestyle
Waylon Cressell,IA,unknown,2026,2025 2026,175 190,21,yes,yes,no,yes,Super 32
Damien Yeoman,IA,unknown,2026,2024 2026,88 113,21,yes,no,no,yes,Fargo Junior Freestyle
"Eddie Woody, Jr.",IA,unknown,2026,2024 2025 2026,106 120 132,21,yes,no,no,yes,Fargo Junior Freestyle
Henry Christensen,IA,unknown,2025,2024 2025,215,21,yes,no,no,yes,Fargo Junior Freestyle
Brenden Heying,IA,unknown,2025,2023 2024 2025,160 190,17,yes,no,no,yes,Fargo Junior Freestyle
Carter Eddy,IA,unknown,2026,2025 2026,215,16,yes,no,no,yes,Fargo 16U Freestyle
Joseph Monge,IA,unknown,2025,2023 2024 2025,190 215 220,16,yes,yes,yes,no,Fargo Junior Freestyle
Garrett Bills,IA,unknown,2026,2026,132,15,yes,no,no,yes,Fargo 16U Freestyle
Isabella Miller,IA,Girls,2026,2025 2026,130 135,13,yes,no,no,yes,Fargo 16U Women's Freestyle
Ashur Whitmer,IA,unknown,2026,2026,113,12,yes,no,no,yes,Fargo 16U Freestyle
Bo Link,IA,unknown,2026,2026,126,12,yes,yes,no,no,Fargo 16U Freestyle
Blest Woods,IA,unknown,2026,2026,165,12,yes,yes,yes,yes,Fargo 16U Freestyle
Johnathan Thompson,IA,unknown,2026,2025 2026,88 94,11,yes,no,no,yes,Fargo 16U Freestyle
Esaias Koethe,IA,unknown,2026,2026,106,11,yes,yes,no,no,Fargo 16U Freestyle
Owin Koethe,IA,unknown,2026,2026,150,11,yes,no,no,yes,Fargo 16U Freestyle
Jasper Sonberg,IA,unknown,2026,2024 2025 2026,138 144,10,yes,yes,yes,no,Fargo 16U Freestyle
Emmett Shedek,IA,unknown,2026,2025 2026,175,10,yes,yes,yes,no,Fargo 16U Freestyle
Mya Van Beek,IA,Girls,2026,2025 2026,95,10,yes,no,no,yes,Fargo Junior Women's Freestyle
Lincoln Whitcome,IA,unknown,2026,2026,113,8,yes,yes,no,no,Fargo 16U Freestyle
Brooxton Lundgren,IA,unknown,2026,2026,165,8,yes,no,no,yes,Fargo 16U Freestyle
Maximus Brady,IA,unknown,2025,2025,138,8,yes,no,no,yes,Fargo Junior Freestyle
Case Freeman,IA,unknown,2026,2026,94,7,yes,no,no,yes,Fargo 16U Freestyle
Hugo Hughes,IA,unknown,2026,2026,126,7,yes,yes,yes,no,Fargo 16U Freestyle
Rex Edmonds,IA,unknown,2026,2025 2026,138 150,7,yes,yes,yes,no,Fargo 16U Freestyle
Carl Shew,IA,unknown,2025,2025,132,6,yes,yes,yes,no,Fargo 16U Freestyle
Kai McDonald,IA,unknown,2026,2026,88,5,yes,no,no,yes,Fargo 16U Freestyle
Cash Frey,IA,unknown,2026,2026,215,5,yes,yes,no,no,Fargo 16U Freestyle
Carter Siebel,IA,unknown,2025,2025,132,5,yes,yes,no,no,Fargo Junior Freestyle
Tysen Stangel,IA,unknown,2025,2023 2025,113 165,5,yes,yes,yes,no,Fargo Junior Greco-Roman
Jaheim Wright,IA,unknown,2026,2026,285,4,yes,yes,yes,no,NHSCA High School Nationals
Grayson Bowman,IA,unknown,2026,2026,150,3,yes,yes,yes,no,Fargo 16U Freestyle
Garrett Kuch,IA,unknown,2025,2025,132,2,yes,yes,yes,no,Fargo Junior Greco-Roman
Brand'n Edstrom,ID,unknown,2025,2024 2025,100 113,24,yes,no,no,yes,Fargo 16U Freestyle
Ivan Ivanov,ID,unknown,2026,2024 2025 2026,157 175,21,yes,no,no,yes,Fargo Junior Greco-Roman
Lincoln Steele,ID,unknown,2026,2025 2026,144 150,20,yes,yes,no,yes,Fargo 16U Freestyle
Brand&#039;n Edstrom,ID,unknown,2026,2026,120,14,yes,no,no,yes,Fargo Junior Freestyle
Dillon Robinson,ID,unknown,2026,2025 2026,95 113,5,yes,yes,yes,no,NHSCA High School Nationals
Zachry Teal,ID,unknown,2026,2026,106,5,yes,yes,no,no,NHSCA High School Nationals
Bridger Adams,ID,unknown,2026,2026,106,4,yes,yes,yes,no,Fargo 16U Freestyle
Chris Victoria,ID,unknown,2025,2025,120,4,yes,yes,yes,no,Fargo 16U Greco-Roman
Robert Ruscitti,IL,unknown,2026,2024 2025 2026,113 126 132,47,yes,yes,yes,yes,Super 32
Thomas Banas,IL,unknown,2026,2023 2024 2025 2026,126 132 138 144,47,yes,yes,no,yes,Fargo 16U Freestyle
Vincent DeMarco,IL,unknown,2026,2023 2024 2025 2026,88 100 106 113,43,yes,no,no,yes,Fargo Junior Freestyle
Jeremy Marshall,IL,unknown,2026,2023 2024 2025 2026,285,42,yes,no,no,yes,Fargo Junior Freestyle
Shane Stream,IL,unknown,2026,2024 2025 2026,126 132 138,29,yes,yes,yes,yes,Super 32
Michael Danial,IL,unknown,2026,2025 2026,285,24,yes,no,no,yes,Fargo 16U Freestyle
Arkail Griffin-Edwards,IL,unknown,2026,2024 2025 2026,165 175 190,23,yes,yes,yes,yes,Fargo Junior Freestyle
Samuel Swais,IL,unknown,2026,2024 2025 2026,215,23,yes,yes,no,no,Fargo Junior Freestyle
Rocco Valvano,IL,unknown,2026,2025 2026,94 100 106,21,yes,no,no,yes,Fargo Junior Freestyle
Quentin Williams,IL,unknown,2025,2023 2024 2025,94 100,20,yes,yes,no,yes,Fargo Junior Freestyle
Jaden Washington,IL,unknown,2026,2026,126,16,yes,no,no,yes,Fargo 16U Freestyle
Jeffrey Dunaway,IL,unknown,2026,2025 2026,126 132,16,yes,no,no,yes,Fargo 16U Freestyle
Jaxon Jorgensen,IL,unknown,2026,2025 2026,138 144 145,15,yes,yes,yes,no,NHSCA High School Nationals
Anastasia Rodnikova,IL,Girls,2026,2025 2026,130,15,yes,no,no,yes,Fargo 16U Women's Freestyle
Khole Perez,IL,Girls,2026,2025 2026,110 120,15,yes,no,no,yes,Fargo 16U Women's Freestyle
Casey Koerner,IL,unknown,2026,2025 2026,100 106,14,yes,yes,yes,no,Fargo 16U Freestyle
Jacob Alvarez,IL,unknown,2026,2023 2024 2026,113 132 157,14,yes,yes,yes,no,Fargo Junior Freestyle
Reese Babcock,IL,unknown,2026,2025 2026,94 100,14,yes,no,no,yes,Fargo 16U Freestyle
Jeremiah Hayes,IL,unknown,2026,2026,144,14,yes,no,no,yes,Fargo 16U Freestyle
Logan Van Duyne,IL,unknown,2026,2024 2025 2026,190 215,14,yes,yes,no,no,Fargo Junior Greco-Roman
Aidan Rowells,IL,unknown,2025,2023 2024 2025,170 175 190,14,yes,yes,no,no,Fargo Junior Greco-Roman
Elio Gil,IL,unknown,2026,2025 2026,106 113,13,yes,no,no,yes,NHSCA High School Nationals
Axel Rodriguez,IL,unknown,2026,2026,144,13,yes,yes,yes,no,Fargo 16U Freestyle
Maximus Pearch,IL,unknown,2026,2026,138,13,yes,no,no,yes,Fargo 16U Freestyle
Andre Rice,IL,unknown,2026,2024 2025 2026,113,13,yes,yes,no,no,Fargo Junior Greco-Roman
Kendra Ege,IL,Girls,2026,2025 2026,95 100,13,yes,no,no,yes,Fargo 16U Women's Freestyle
Grady Glowacki,IL,unknown,2026,2026,94,12,yes,no,no,yes,Fargo 16U Freestyle
Cole Lemberg,IL,unknown,2026,2026,106,12,yes,no,no,yes,Fargo 16U Freestyle
Justin Powell,IL,unknown,2025,2024 2025,285,12,yes,yes,no,no,Fargo 16U Greco-Roman
Jackson Bell,IL,unknown,2025,2024 2025,100 106,12,yes,yes,yes,no,Fargo Junior Freestyle
Alexis Penley,IL,Girls,2026,2025 2026,170,12,yes,no,no,yes,Fargo 16U Women's Freestyle
Art Bytyqi,IL,unknown,2026,2026,175,11,yes,yes,yes,no,Fargo 16U Freestyle
Vincent Konecki,IL,unknown,2026,2025 2026,132 144 145,10,yes,yes,yes,no,NHSCA High School Nationals
Caleb Elvin Noble,IL,unknown,2025,2025,113,10,yes,no,no,yes,Super 32
Patrick Hulne,IL,unknown,2026,2025 2026,144,10,yes,yes,no,no,Fargo Junior Freestyle
Anthony Samanich,IL,unknown,2026,2026,285,10,yes,no,no,yes,Fargo 16U Freestyle
Camden Spiniolas,IL,unknown,2026,2026,132 144,9,yes,yes,no,no,NHSCA High School Nationals
Matthew Laird,IL,unknown,2026,2025 2026,132 144,9,yes,yes,yes,no,Fargo 16U Greco-Roman
Aryanna Geiger,IL,Girls,2026,2026,135,9,yes,no,no,yes,Fargo 16U Women's Freestyle
Alexander Tack,IL,unknown,2025,2024 2025,165 175,8,yes,yes,no,no,Super 32
Giovonni Nix,IL,unknown,2026,2026,88 94,8,yes,no,no,yes,Fargo 16U Freestyle
Braxton Glodo,IL,unknown,2026,2026,150,8,yes,yes,yes,no,Fargo 16U Freestyle
Ty&#039;Quavion Smart,IL,unknown,2026,2026,175,8,yes,yes,no,yes,Fargo Junior Greco-Roman
Asreilla Wallace,IL,Girls,2026,2025 2026,235,8,yes,no,no,yes,Fargo 16U Women's Freestyle
Kennedy Hogan,IL,Girls,2026,2026,105,8,yes,no,no,yes,Fargo 16U Women's Freestyle
Kaidreaus Richardson,IL,unknown,2026,2026,157,7,yes,yes,yes,no,Fargo Junior Freestyle
Otis Davis,IL,unknown,2026,2026,175,7,yes,yes,no,yes,Fargo 16U Freestyle
Larry Quirk,IL,unknown,2025,2023 2025,100 113,7,yes,yes,yes,no,Fargo Junior Greco-Roman
Anastasia Crum,IL,Girls,2026,2026,235,7,yes,no,no,yes,Fargo 16U Women's Freestyle
Carl Cody Weidner,IL,unknown,2026,2026,106,6,yes,yes,yes,no,NHSCA High School Nationals
Lucas Parietti,IL,unknown,2025,2025,175,5,yes,yes,no,no,Super 32
Marquis Deloach,IL,unknown,2025,2025,157,5,yes,yes,no,no,Fargo Junior Greco-Roman
Evan Matkovich,IL,unknown,2025,2025,150,4,yes,yes,yes,no,Fargo Junior Freestyle
Jacee Mardirosian,IL,Girls,2026,2025 2026,140 155,4,yes,yes,yes,no,Fargo 16U Women's Freestyle
Zane Mochocki,IL,unknown,2026,2026,152,3,yes,yes,yes,no,NHSCA High School Nationals
Carl Weidner,IL,unknown,2025,2025,106,3,yes,yes,no,no,Super 32
Gregory Harkey,IL,unknown,2025,2025,150,3,yes,yes,yes,no,Super 32
Marcus Macias,IL,unknown,2025,2025,165,3,yes,yes,yes,no,Fargo Junior Greco-Roman
Jaylene Dealba,IL,Girls,2026,2026,207,3,yes,yes,yes,no,Fargo 16U Women's Freestyle
Simone Dyer,IL,Girls,2025,2025,120,2,yes,yes,yes,no,Fargo Junior Women's Freestyle
Caleb Schaefer,IN,unknown,2026,2023 2024 2025 2026,106 113 126 132,44,yes,yes,no,yes,Fargo Junior Freestyle
Chase Kline,IN,unknown,2026,2024 2025 2026,138 144 150,33,yes,yes,yes,no,Super 32
Camden Williams,IN,unknown,2026,2024 2025 2026,215 285,33,yes,no,no,yes,Fargo Junior Freestyle
Isabel Kaplan,IN,Girls,2026,2025 2026,107 110 114 115,25,yes,yes,no,yes,NHSCA High School Nationals
Patrick Dowty,IN,unknown,2026,2024 2025 2026,120 132 138 150,24,yes,yes,no,no,Fargo 16U Freestyle
Elijah Broady,IN,unknown,2026,2023 2024 2025 2026,126 132 157,24,yes,yes,yes,no,Fargo Junior Freestyle
Elijah Ogle,IN,unknown,2026,2023 2024 2025 2026,100 106 113 120 126 132 138,21,yes,yes,yes,no,Super 32
Xavier Flores,IN,unknown,2026,2025 2026,132 138,21,yes,yes,yes,no,Fargo 16U Freestyle
Ryan Hockaday,IN,unknown,2026,2024 2025 2026,126 132,20,yes,yes,yes,no,Super 32
Jayland Davis,IN,unknown,2026,2024 2025 2026,88 100,20,yes,no,no,yes,Fargo Junior Freestyle
Joseph Paun,IN,unknown,2026,2025 2026,144 157,20,yes,yes,no,no,Fargo 16U Freestyle
Vanbawi Lian,IN,unknown,2026,2025 2026,285,19,yes,no,no,yes,NHSCA High School Nationals
Cameron Schofield,IN,unknown,2026,2024 2026,88 113,19,yes,no,no,yes,Fargo Junior Freestyle
Aidan Costello,IN,unknown,2025,2023 2024 2025,165 175,19,yes,no,no,yes,Fargo Junior Freestyle
Alden Walker,IN,unknown,2026,2024 2025 2026,100 106 113 120 126 132,18,yes,yes,yes,no,Super 32
Kyla Johnson,IN,Girls,2025,2023 2025,120 125 126,17,yes,no,no,yes,NHSCA High School Nationals
A.W. VanKirk,IN,unknown,2026,2026,285,16,yes,no,no,yes,Fargo 16U Freestyle
Adrian Haughn,IN,unknown,2026,2025 2026,152 157,15,yes,yes,no,no,NHSCA High School Nationals
Kolten Land,IN,unknown,2026,2024 2026,88 113,15,yes,yes,no,no,Fargo Junior Freestyle
Eleanor Robertson,IN,Girls,2026,2025 2026,155 170,14,yes,no,no,yes,Fargo 16U Women's Freestyle
Colton Wiseman,IN,unknown,2026,2026,94,13,yes,no,no,yes,Fargo 16U Freestyle
Josiah Stanton,IN,unknown,2026,2025 2026,113 132,13,yes,no,no,yes,Fargo 16U Freestyle
Elias Faith,IN,unknown,2026,2026,100,11,yes,no,no,yes,Fargo 16U Freestyle
Olivia Crull,IN,Girls,2026,2025 2026,110 115,11,yes,yes,no,no,Fargo Junior Women's Freestyle
Kale Shotts,IN,unknown,2025,2024 2025,175 190,9,yes,yes,no,no,Fargo 16U Greco-Roman
Alice Gill,IN,Girls,2026,2026,120 125,8,yes,yes,no,no,NHSCA High School Nationals
Chazz Robinson,IN,unknown,2026,2026,126,8,yes,yes,no,yes,NHSCA High School Nationals
Lincoln Hinchman,IN,unknown,2026,2026,150,8,yes,no,no,yes,Fargo 16U Freestyle
Katelyn Rowles,IN,Girls,2026,2025 2026,95,8,yes,yes,no,yes,Fargo Junior Women's Freestyle
Scarlett Rudnick,IN,Girls,2026,2025 2026,105 110,8,yes,yes,yes,no,Fargo 16U Women's Freestyle
Jeremiah Maldonado,IN,unknown,2026,2026,80,7,yes,no,no,yes,NHSCA High School Nationals
Isaac Temple,IN,unknown,2026,2025 2026,132 150,7,yes,yes,no,no,Fargo 16U Freestyle
Heather Crull,IN,Girls,2025,2025,105,7,yes,no,no,yes,Fargo Junior Women's Freestyle
Braylon Maynard,IN,unknown,2026,2025 2026,170 182,6,yes,yes,yes,no,NHSCA High School Nationals
Kody James,IN,unknown,2025,2025,154,6,yes,yes,yes,yes,NHSCA High School Nationals
Jayce Hancock,IN,unknown,2026,2025 2026,195,6,yes,yes,yes,no,NHSCA High School Nationals
Elani Alvarez,IN,unknown,2026,2025 2026,120 126,5,yes,yes,yes,no,NHSCA High School Nationals
Jet Deaton,IN,unknown,2026,2025 2026,95 105,5,yes,yes,yes,no,NHSCA High School Nationals
Meagan Thomas,IN,unknown,2026,2026,100,5,yes,yes,no,no,NHSCA High School Nationals
Lyric Mitchell,IN,unknown,2025,2025,152,4,yes,yes,yes,no,NHSCA High School Nationals
Hayden Mancilla,IN,unknown,2025,2025,175,4,yes,yes,no,no,Super 32
Steven Hunter,IN,unknown,2025,2025,145,3,yes,yes,no,no,NHSCA High School Nationals
Carlos Diaz,IN,unknown,2026,2026,120,3,yes,yes,yes,no,NHSCA High School Nationals
Anthony Bustamante,IN,unknown,2026,2026,152,3,yes,yes,yes,no,NHSCA High School Nationals
John Bair,IN,unknown,2026,2026,215,3,yes,yes,yes,no,Fargo Junior Freestyle
Chase Koznarsky,IN,unknown,2026,2026,113,3,yes,yes,no,no,Fargo 16U Greco-Roman
Emiliano Diaz,IN,unknown,2025,2025,113,2,yes,yes,yes,no,NHSCA High School Nationals
Uriah Conyer,IN,unknown,2025,2025,105,2,yes,yes,yes,no,NHSCA High School Nationals
Anuj Kulal,IN,unknown,2026,2026,120,2,yes,yes,yes,no,NHSCA High School Nationals
Maximus Evans-Pryor,KS,unknown,2026,2024 2025 2026,175,26,yes,yes,no,no,Fargo Junior Greco-Roman
Josie Wilson,KS,Girls,2026,2025 2026,100 107 110,22,yes,yes,yes,yes,NHSCA High School Nationals
Silas McCloy,KS,unknown,2025,2024 2025,126 132 138,21,yes,no,no,yes,NHSCA High School Nationals
Averie Counts,KS,Girls,2026,2025 2026,125 130,15,yes,no,no,yes,Fargo 16U Women's Freestyle
Xander Swoyer,KS,unknown,2025,2024 2025,285,14,yes,no,no,yes,NHSCA High School Nationals
Jade Wilson,KS,Girls,2026,2025 2026,105 107,14,yes,yes,yes,no,NHSCA High School Nationals
Kiley Dillow,KS,Girls,2026,2025 2026,170,14,yes,no,no,yes,Fargo Junior Women's Freestyle
Leolyn Karnowski,KS,Girls,2026,2025 2026,155 170,14,yes,no,no,yes,Fargo 16U Women's Freestyle
Kaison Miller,KS,Girls,2026,2025 2026,125 135,14,yes,no,no,yes,Fargo 16U Women's Freestyle
Siobhan Flanner,KS,Girls,2026,2025 2026,155 170,13,yes,no,no,yes,Fargo 16U Women's Freestyle
Scarlett Yeager,KS,Girls,2026,2025 2026,140 155,13,yes,no,no,yes,Fargo 16U Women's Freestyle
Gray Joyce,KS,Girls,2026,2025 2026,145,12,yes,yes,no,yes,Fargo 16U Women's Freestyle
Crystal Loera,KS,Girls,2025,2025,120 125,11,yes,no,no,yes,NHSCA High School Nationals
Julissa Rodriguez,KS,unknown,2025,2023 2025,114 120,11,yes,yes,no,no,NHSCA High School Nationals
Marina Loera,KS,Girls,2025,2025,110 114,10,yes,yes,no,no,NHSCA High School Nationals
Lulu Kirk,KS,Girls,2026,2025 2026,207,10,yes,no,no,yes,Fargo 16U Women's Freestyle
Maya Tarbet,KS,unknown,2025,2023 2025,126,9,yes,yes,no,no,NHSCA High School Nationals
Zy'ion Martin,KS,unknown,2026,2026,106,9,yes,no,no,yes,NHSCA High School Nationals
Hayleen Martinez,KS,Girls,2025,2025,190,9,yes,no,no,yes,Fargo Junior Women's Freestyle
Madalyn Riedinger,KS,Girls,2026,2025 2026,105 110,8,yes,yes,yes,no,Fargo Junior Women's Freestyle
Laetyn Boltz,KS,Girls,2026,2026,115,6,yes,yes,no,no,Fargo 16U Women's Freestyle
Presley Beard,KS,Girls,2026,2026,125,6,yes,yes,no,yes,Fargo 16U Women's Freestyle
Kaylee Thompson,KS,Girls,2026,2026,190,6,yes,no,no,yes,Fargo 16U Women's Freestyle
Peyton Smith,KS,unknown,2026,2026,235,5,yes,yes,no,no,NHSCA High School Nationals
Hailey Estrada,KS,Girls,2026,2026,105,4,yes,yes,no,no,Fargo 16U Women's Freestyle
Braylen Livingston,KY,unknown,2026,2025 2026,160 170,8,yes,yes,yes,no,NHSCA High School Nationals
Austin Goodpaster,KY,unknown,2026,2026,285,7,yes,no,no,yes,NHSCA High School Nationals
Virginia White,KY,unknown,2026,2026,145,5,yes,yes,yes,no,NHSCA High School Nationals
Maximus Baxter,KY,unknown,2026,2026,182,5,yes,no,no,yes,NHSCA High School Nationals
Makyla Fowler,KY,unknown,2026,2026,126,3,yes,yes,yes,no,NHSCA High School Nationals
Evan Martin,KY,unknown,2026,2026,113,2,yes,yes,yes,no,NHSCA High School Nationals
Brannan Ransom,KY,unknown,2026,2026,132,2,yes,yes,yes,no,NHSCA High School Nationals
Kash Clementi,LA,unknown,2026,2025 2026,85 95,15,yes,no,no,yes,NHSCA High School Nationals
Benjamin Milam,LA,unknown,2026,2026,119,8,yes,no,no,yes,NHSCA High School Nationals
Cole Bourquard,LA,unknown,2026,2026,85,7,yes,no,no,yes,NHSCA High School Nationals
Dean Vaeth,LA,unknown,2026,2026,170,5,yes,yes,yes,no,NHSCA High School Nationals
Samuel Lanosga,LA,unknown,2026,2026,285,5,yes,no,no,yes,NHSCA High School Nationals
Chris Godso,LA,unknown,2026,2026,285,5,yes,no,no,yes,NHSCA High School Nationals
Quetzicalli Guevara Tapia,LA,unknown,2025,2025,126,4,yes,yes,no,no,NHSCA High School Nationals
Jace Bardell,LA,unknown,2026,2026,106,4,yes,yes,yes,no,NHSCA High School Nationals
Thomas Abington,LA,unknown,2026,2026,160,4,yes,yes,yes,no,NHSCA High School Nationals
Gage Robinson,LA,unknown,2025,2025,145,3,yes,yes,yes,no,NHSCA High School Nationals
Shepherd Baumer,LA,unknown,2026,2026,120,3,yes,yes,yes,no,NHSCA High School Nationals
Keith Hodge,LA,unknown,2026,2026,138,3,yes,yes,yes,no,NHSCA High School Nationals
Matthew Pierce,LA,unknown,2026,2026,160,2,yes,yes,yes,no,NHSCA High School Nationals
Alexander Bajoras,MA,unknown,2025,2023 2024 2025,285,42,yes,yes,no,yes,NHSCA High School Nationals
Musa Tamaradze,MA,unknown,2025,2023 2024 2025,120 126,40,yes,no,no,yes,NHSCA High School Nationals
Isaac Novod,MA,unknown,2026,2023 2024 2025 2026,113 120 126 138,39,yes,yes,no,no,Super 32
Julian Rios,MA,unknown,2025,2023 2024 2025,106 113 120,37,yes,no,no,yes,Super 32
Elliott Humphries,MA,unknown,2025,2023 2024 2025,157 160 165 170 175,34,yes,yes,no,yes,NHSCA High School Nationals
Shea Morris,MA,unknown,2026,2023 2024 2025 2026,120 138 144 145 150,33,yes,no,no,yes,NHSCA High School Nationals
Declan Bligh,MA,unknown,2025,2023 2024 2025,145 152 157 165,25,yes,yes,no,no,Fargo Junior Freestyle
Henry Santini,MA,unknown,2026,2023 2024 2025 2026,112 127 144 145 165,23,yes,yes,yes,yes,NHSCA High School Nationals
Preston Burroughs,MA,unknown,2026,2025 2026,165 175,23,yes,no,no,yes,Fargo Junior Freestyle
Noah Beshara,MA,unknown,2026,2024 2025 2026,144 145 150 152,22,yes,yes,no,no,NHSCA High School Nationals
Dylan Frechette,MA,unknown,2026,2025 2026,95 112 120,16,yes,yes,yes,no,NHSCA High School Nationals
Dominic DiCenso,MA,unknown,2026,2023 2024 2025 2026,132 145 152 160,16,yes,yes,yes,no,NHSCA High School Nationals
Sara McLaughlin,MA,Girls,2025,2023 2024 2025,114 125,16,yes,yes,no,yes,NHSCA High School Nationals
Zayde Facchetti,MA,unknown,2026,2025 2026,182 220,15,yes,no,no,yes,NHSCA High School Nationals
Jaden Fullerton,MA,unknown,2026,2023 2024 2025 2026,142 160 170,14,yes,yes,yes,no,NHSCA High School Nationals
Eugene Miller IV,MA,unknown,2026,2025 2026,145,13,yes,yes,yes,no,NHSCA High School Nationals
Micah Mcgrath,MA,unknown,2026,2024 2026,80 100,10,yes,yes,yes,no,NHSCA High School Nationals
Jack Leone,MA,unknown,2026,2024 2026,180 182,10,yes,yes,yes,yes,NHSCA High School Nationals
Dereon Tremblay,MA,unknown,2026,2024 2025 2026,126 132 138,9,yes,yes,yes,no,NHSCA High School Nationals
Tommy Osborne,MA,unknown,2025,2024 2025,220,8,yes,yes,yes,yes,NHSCA High School Nationals
Liam Kay,MA,unknown,2026,2024 2025 2026,132,8,yes,yes,yes,no,NHSCA High School Nationals
Brody Sayers,MA,unknown,2025,2025,113,8,yes,no,no,yes,NHSCA High School Nationals
Zach Lim,MA,unknown,2026,2026,145,8,yes,yes,no,no,NHSCA High School Nationals
Avi Meltzer,MA,unknown,2025,2024 2025,144 150,8,yes,yes,yes,no,Fargo Junior Freestyle
Corynne McNulty,MA,Girls,2025,2025,130,8,yes,yes,no,yes,Fargo Junior Women's Freestyle
Denzel Morales,MA,unknown,2026,2025 2026,152,7,yes,yes,yes,no,NHSCA High School Nationals
Peter Rincan Jr,MA,unknown,2026,2026,126,7,yes,no,no,yes,NHSCA High School Nationals
Michael Barry,MA,unknown,2026,2025 2026,120 126,6,yes,yes,yes,no,NHSCA High School Nationals
Cole Chase,MA,unknown,2025,2024 2025,160,6,yes,yes,no,no,NHSCA High School Nationals
Jonel Cruz,MA,unknown,2026,2025 2026,127 138,6,yes,yes,no,no,NHSCA High School Nationals
Connor Welock,MA,unknown,2026,2026,145,6,yes,yes,no,no,NHSCA High School Nationals
Brooklyn Murray,MA,Girls,2026,2026,95,6,yes,no,no,yes,Fargo 16U Women's Freestyle
Paul Casagranda,MA,unknown,2026,2025 2026,152 160,5,yes,yes,yes,no,NHSCA High School Nationals
Kaelib Reynolds,MA,unknown,2026,2024 2026,160 170,5,yes,yes,yes,no,NHSCA High School Nationals
Jack Dragoumanos Dragoumanos,MA,unknown,2025,2025,138,5,yes,yes,no,no,Super 32
Nerivaldo DaTrinidade Jr.,MA,unknown,2025,2025,285,4,yes,no,no,yes,NHSCA High School Nationals
Samuel West,MA,unknown,2026,2026,120 126,4,yes,yes,yes,no,NHSCA High School Nationals
Daniel Estrada Colon,MA,unknown,2026,2026,160,4,yes,yes,yes,no,NHSCA High School Nationals
Luke Calder,MA,unknown,2025,2024 2025,165,4,yes,yes,yes,no,Fargo 16U Freestyle
Dillan Mueller,MA,unknown,2026,2026,132,3,yes,yes,yes,no,NHSCA High School Nationals
Abdullah Peterson,MA,unknown,2026,2026,145,3,yes,yes,yes,no,NHSCA High School Nationals
Joaquin Welch,MA,unknown,2026,2026,145,3,yes,yes,yes,no,NHSCA High School Nationals
Jack Steele,MA,unknown,2025,2025,145,2,yes,yes,yes,no,NHSCA High School Nationals
Andrew Davison,MA,unknown,2025,2025,152,2,yes,yes,yes,no,NHSCA High School Nationals
Jack Davidson,MA,unknown,2025,2025,182,2,yes,yes,yes,no,NHSCA High School Nationals
Jayson Encarnacao,MA,unknown,2026,2026,113,2,yes,yes,yes,no,NHSCA High School Nationals
Dominic Stamp,MA,unknown,2026,2026,145,2,yes,yes,yes,no,NHSCA High School Nationals
Maxwell McKenzie,MA,unknown,2026,2026,152,2,yes,yes,yes,no,NHSCA High School Nationals
Luke Kelley,MA,unknown,2026,2026,160,2,yes,yes,yes,no,NHSCA High School Nationals
Noah Tucker,MD,unknown,2026,2023 2024 2025 2026,127 152 157 160 175 182,63,yes,no,no,yes,NHSCA High School Nationals
Salah Tsarni,MD,unknown,2025,2023 2024 2025,135 160 165 170 175,56,yes,yes,no,yes,NHSCA High School Nationals
Evan Boblits,MD,unknown,2025,2023 2024 2025,138 144 145 150 152,56,yes,no,no,yes,NHSCA High School Nationals
Tyler Stephens,MD,unknown,2026,2023 2025 2026,126 138 144,37,yes,no,no,yes,NHSCA High School Nationals
Tyler Verceles,MD,unknown,2026,2024 2025 2026,94 106 113 120,37,yes,yes,no,yes,Super 32
Brooklyn Pickett,MD,unknown,2026,2024 2025 2026,138 144 150 157,33,yes,yes,yes,yes,Super 32
Jayden Jackson,MD,unknown,2026,2024 2025 2026,120 126,30,yes,yes,no,yes,NHSCA High School Nationals
Kesi Tsarni,MD,Girls,2026,2025 2026,132 140 145,28,yes,yes,no,yes,NHSCA High School Nationals
Zane Leitzel,MD,unknown,2025,2023 2024 2025,138 150,25,yes,yes,no,yes,NHSCA High School Nationals
Joshua Hale,MD,unknown,2026,2023 2024 2025 2026,126 132 138 144 145,20,yes,yes,yes,no,NHSCA High School Nationals
Quin Regnier,MD,unknown,2026,2024 2025 2026,135 152,15,yes,yes,yes,yes,NHSCA High School Nationals
Charles Cooper,MD,unknown,2026,2025 2026,100 106,14,yes,yes,no,yes,NHSCA High School Nationals
Jake Jones Jr,MD,unknown,2026,2025 2026,127 142,14,yes,yes,yes,yes,NHSCA High School Nationals
Summer Mutschler,MD,Girls,2026,2025 2026,105 110,14,yes,no,no,yes,Fargo 16U Women's Freestyle
Logan Brickley,MD,unknown,2025,2024 2025,75 80,13,yes,yes,no,yes,NHSCA High School Nationals
Dylan Verceles,MD,unknown,2026,2026,88,13,yes,no,no,yes,Fargo 16U Freestyle
Charlie Mutschler,MD,unknown,2026,2026,120 126,12,yes,yes,no,no,NHSCA High School Nationals
Taina Fernandez,MD,Girls,2025,2025,135,12,yes,no,no,yes,Fargo Junior Women's Freestyle
Dylan Overton,MD,unknown,2026,2025 2026,80 90,11,yes,no,no,yes,NHSCA High School Nationals
Alex Riehl,MD,unknown,2025,2023 2024 2025,138 145 152 165,11,yes,yes,yes,no,NHSCA High School Nationals
Weston Baumgartner,MD,unknown,2026,2026,132 138,11,yes,no,no,yes,Fargo 16U Freestyle
Eli Chesla,MD,unknown,2025,2023 2025,106 113,10,yes,yes,no,no,NHSCA High School Nationals
Evan Gavin,MD,unknown,2026,2025 2026,220,10,yes,yes,yes,no,NHSCA High School Nationals
Declan Solito,MD,unknown,2026,2024 2026,75 80,10,yes,yes,yes,yes,NHSCA High School Nationals
Ryder Kolat,MD,unknown,2026,2024 2026,138 152,9,yes,yes,no,no,NHSCA High School Nationals
Emma Higgs,MD,Girls,2026,2025 2026,152 155 170,9,yes,yes,no,no,NHSCA High School Nationals
Calleigh McBride,MD,Girls,2026,2025 2026,100,8,yes,yes,yes,no,NHSCA High School Nationals
Logan King,MD,unknown,2026,2025 2026,126 138,8,yes,yes,yes,no,NHSCA High School Nationals
Braidyn Taby,MD,unknown,2025,2025,95,8,yes,yes,yes,yes,NHSCA High School Nationals
Elijah Josey,MD,unknown,2025,2025,182,8,yes,no,no,yes,NHSCA High School Nationals
Johnny Snyder,MD,unknown,2026,2026,165,7,yes,no,no,yes,NHSCA High School Nationals
Billy Tracey,MD,unknown,2026,2026,75,6,yes,no,no,yes,NHSCA High School Nationals
Troy Plankenhorn,MD,unknown,2026,2026,90,6,yes,no,no,yes,NHSCA High School Nationals
Max Solis,MD,unknown,2026,2026,170,6,yes,yes,no,yes,NHSCA High School Nationals
Evan Smith-Matlock,MD,unknown,2025,2025,285,5,yes,no,no,yes,NHSCA High School Nationals
Makaiya Robinette,MD,unknown,2026,2026,114,5,yes,yes,no,no,NHSCA High School Nationals
Liam Kilner,MD,unknown,2025,2025,160,4,yes,yes,yes,no,NHSCA High School Nationals
James Miller III,MD,unknown,2026,2026,195,4,yes,yes,yes,no,NHSCA High School Nationals
Javel Fayad,MD,unknown,2025,2025,152,3,yes,yes,no,no,NHSCA High School Nationals
Mia Samuel,MD,unknown,2026,2026,100,3,yes,yes,yes,no,NHSCA High School Nationals
Yelena Torres-Guzman,MD,unknown,2026,2026,235,3,yes,yes,yes,no,NHSCA High School Nationals
Kelvin Zimmerman,MD,unknown,2025,2025,113,2,yes,yes,yes,no,NHSCA High School Nationals
Derrell Davis,MD,unknown,2025,2025,145,2,yes,yes,yes,no,NHSCA High School Nationals
William Colson,MD,unknown,2025,2025,145,2,yes,yes,yes,no,NHSCA High School Nationals
Brian Vickers,MD,unknown,2025,2025,170,2,yes,yes,yes,no,NHSCA High School Nationals
Sage Sturgis,MD,unknown,2026,2026,114,2,yes,yes,yes,no,NHSCA High School Nationals
Landon Garnett,MD,unknown,2026,2026,145,2,yes,yes,yes,no,NHSCA High School Nationals
Payton Westlynn,MD,unknown,2026,2026,105,2,yes,yes,yes,no,NHSCA High School Nationals
Amelia Gonzalez Ventura,MD,unknown,2026,2026,185,2,yes,yes,yes,no,NHSCA High School Nationals
Sora Mae Bukoski,ME,Girls,2026,2025 2026,107 110,27,yes,yes,no,yes,NHSCA High School Nationals
Sam Winship,ME,unknown,2026,2024 2025 2026,75 95 106,25,yes,yes,yes,yes,NHSCA High School Nationals
Wynn Pooler,ME,unknown,2025,2023 2025,113 126,11,yes,yes,no,no,NHSCA High School Nationals
William Harding,ME,unknown,2026,2026,152,7,yes,yes,no,no,NHSCA High School Nationals
Cole Albert,ME,unknown,2025,2023 2025,144 150,7,yes,yes,no,no,Fargo Junior Freestyle
Wiliam Harding,ME,unknown,2025,2025,154,6,yes,no,no,yes,NHSCA High School Nationals
Connor Skidgell,ME,unknown,2026,2025 2026,195 220,5,yes,yes,yes,no,NHSCA High School Nationals
Colby Raeside,ME,unknown,2026,2025 2026,138 145,4,yes,yes,yes,no,NHSCA High School Nationals
Ben Thomas,ME,unknown,2025,2025,220,4,yes,yes,yes,no,NHSCA High School Nationals
Levi Sarbanis,ME,unknown,2026,2026,152,3,yes,yes,yes,no,NHSCA High School Nationals
John Foote,ME,unknown,2026,2026,144,3,yes,yes,yes,no,Fargo Junior Freestyle
Grace Woods,ME,unknown,2025,2025,145,2,yes,yes,yes,no,NHSCA High School Nationals
JayDen Williams,MI,unknown,2025,2023 2024 2025,152 165,43,yes,yes,yes,yes,Fargo 16U Greco-Roman
Dominick Sindone,MI,unknown,2026,2025 2026,88 94,16,yes,no,no,yes,Fargo 16U Freestyle
Ashton Prahin,MI,unknown,2026,2025 2026,157 190,14,yes,no,no,yes,Fargo 16U Freestyle
Layne O&#039;Neil,MI,unknown,2026,2026,215,12,yes,no,no,yes,Fargo Junior Freestyle
Cody Thompson,MI,unknown,2026,2025 2026,150 165,11,yes,yes,yes,no,Fargo 16U Greco-Roman
Lyla Hensen,MI,Girls,2026,2025 2026,190 207,10,yes,no,no,yes,Fargo 16U Women's Freestyle
Bryson Coyer,MI,unknown,2025,2025,120,8,yes,yes,no,no,Fargo 16U Greco-Roman
Wesley Honiss,MI,unknown,2025,2025,132,7,yes,yes,yes,no,Fargo 16U Freestyle
Ella Giallombardo,MI,Girls,2026,2025 2026,100,7,yes,yes,yes,no,Fargo 16U Women's Freestyle
Jaxson Boucher,MI,unknown,2026,2026,120,6,yes,yes,yes,no,Fargo 16U Freestyle
Asher Procunier,MI,unknown,2026,2026,106,6,yes,yes,no,no,Fargo 16U Freestyle
Murphy Rousse,MI,unknown,2026,2026,150,5,yes,yes,yes,no,Fargo 16U Greco-Roman
Gavin Sebastian,MI,unknown,2026,2026,175,5,yes,yes,no,no,Fargo 16U Greco-Roman
Molly Root,MI,Girls,2026,2025 2026,100 105,5,yes,yes,yes,no,Fargo Junior Women's Freestyle
Kyle McGraw,MI,unknown,2025,2025,113,4,yes,yes,yes,no,Fargo Junior Freestyle
Halle Morgan,MI,Girls,2026,2026,170,4,yes,yes,no,no,Fargo 16U Women's Freestyle
John Quinlan,MI,unknown,2025,2025,132,3,yes,yes,yes,no,Super 32
Benny Crowley,MI,unknown,2026,2026,190,2,yes,yes,yes,no,Fargo Junior Greco-Roman
Chase Shults,MI,unknown,2026,2026,144,2,yes,yes,yes,no,Fargo 16U Greco-Roman
Jackson Jacobs,MI,unknown,2025,2025,113,2,yes,yes,yes,no,Fargo Junior Freestyle
Alex Gau,MN,unknown,2026,2024 2025 2026,126 132,25,yes,no,no,yes,Fargo Junior Freestyle
Kadin Martin,MN,unknown,2026,2025 2026,138 150 152 157,21,yes,yes,no,no,NHSCA High School Nationals
Grady Weinbrenner,MN,unknown,2026,2024 2025 2026,144 165 175,20,yes,yes,yes,yes,Fargo Junior Greco-Roman
Adrian Fuchs,MN,unknown,2026,2025 2026,215,18,yes,no,no,yes,Fargo 16U Freestyle
Jack Barz,MN,unknown,2025,2023 2025,145 152 175,17,yes,yes,yes,yes,NHSCA High School Nationals
Phillip Harris,MN,unknown,2026,2026,215,17,yes,yes,no,yes,Fargo 16U Freestyle
Brecken Wacholz,MN,unknown,2025,2025,190,13,yes,no,no,yes,Fargo 16U Freestyle
Hudson Truax,MN,unknown,2026,2023 2025 2026,106 132 145,12,yes,yes,yes,no,NHSCA High School Nationals
Clayton Danielson,MN,unknown,2025,2023 2025,220 285,11,yes,yes,yes,no,NHSCA High School Nationals
Seth Cossentine,MN,unknown,2026,2025 2026,170 175,11,yes,yes,yes,no,NHSCA High School Nationals
Ryan Fuenffinger,MN,unknown,2026,2026,106,11,yes,yes,yes,no,Fargo 16U Freestyle
Emily Novak,MN,Girls,2025,2025,170,11,yes,no,no,yes,Fargo Junior Women's Freestyle
Creed Koll,MN,unknown,2026,2025 2026,152 157,9,yes,yes,no,no,NHSCA High School Nationals
Seth Ramsdell,MN,unknown,2026,2026,126,8,yes,no,no,yes,NHSCA High School Nationals
Natalia Zoller,MN,unknown,2026,2026,152,8,yes,yes,yes,yes,NHSCA High School Nationals
Luke Sanborn,MN,unknown,2026,2025 2026,138 144 150 157,8,yes,yes,yes,no,Fargo 16U Greco-Roman
Jack Wolf,MN,unknown,2026,2026,182,6,yes,yes,yes,no,NHSCA High School Nationals
Charli Snyder,MN,unknown,2026,2026,132,3,yes,yes,no,no,NHSCA High School Nationals
Nolan Ford,MN,unknown,2026,2026,157,3,yes,yes,yes,no,Fargo Junior Freestyle
Gabrielle Zoller,MN,unknown,2026,2026,145,2,yes,yes,yes,no,NHSCA High School Nationals
Lucas Parietti,MO,unknown,2025,2023 2024 2025,138 157 160,24,yes,no,no,yes,NHSCA High School Nationals
Will Scherer,MO,unknown,2025,2023 2024 2025,138 157 165,22,yes,no,no,yes,Fargo Junior Greco-Roman
Israel Borge,MO,unknown,2025,2023 2025,120 132 138,21,yes,yes,no,no,NHSCA High School Nationals
Dalton McDaniel,MO,unknown,2026,2025 2026,113 120,21,yes,yes,yes,no,NHSCA High School Nationals
Curtis Zion Borge,MO,unknown,2025,2023 2025,126 132 138,20,yes,yes,no,no,NHSCA High School Nationals
George Bringus,MO,unknown,2026,2026,132,12,yes,yes,no,no,NHSCA High School Nationals
Philip Fiagan,MO,unknown,2026,2024 2026,165 170,11,yes,yes,yes,no,NHSCA High School Nationals
Alexander Hall,MO,unknown,2025,2025,100,11,yes,yes,no,yes,Fargo 16U Freestyle
Cohenn Stark,MO,unknown,2025,2024 2025,170 182,8,yes,yes,no,no,NHSCA High School Nationals
Shane Oswald,MO,unknown,2026,2026,145,8,yes,no,no,yes,NHSCA High School Nationals
Dylan Moore,MO,unknown,2026,2026,175,8,yes,yes,yes,no,Fargo 16U Freestyle
Tucker Miller,MO,unknown,2025,2024 2025,285,8,yes,yes,yes,no,Fargo 16U Greco-Roman
Mabel Rogers,MO,Girls,2026,2026,115,8,yes,no,no,yes,Fargo 16U Women's Freestyle
Jacob Vanderiet,MO,unknown,2026,2026,144,7,yes,yes,yes,no,Fargo 16U Freestyle
Jackson Robinson,MO,unknown,2026,2024 2026,120 138,6,yes,yes,no,no,NHSCA High School Nationals
Colton Benwell,MO,unknown,2026,2026,106,6,yes,yes,no,no,Fargo 16U Freestyle
Carlos Juarez Ramirez,MO,unknown,2026,2026,106,5,yes,yes,no,no,NHSCA High School Nationals
Ellie Drennon,MO,Girls,2026,2026,235,5,yes,no,no,yes,Fargo 16U Women's Freestyle
Malena Borja,MO,Girls,2026,2026,235,5,yes,no,no,yes,Fargo 16U Women's Freestyle
Zainab Albadri,MO,Girls,2026,2026,120,4,yes,yes,no,no,Fargo 16U Women's Freestyle
Emmalyn Gaeta,MO,unknown,2026,2026,165,3,yes,yes,yes,no,NHSCA High School Nationals
Wyatt Fortune,MO,unknown,2026,2026,120,3,yes,yes,yes,no,Fargo 16U Freestyle
Elias Haralson,MO,unknown,2026,2026,190,3,yes,yes,yes,no,Fargo 16U Freestyle
Ashlin Stivers,MO,unknown,2026,2026,126,2,yes,yes,yes,no,NHSCA High School Nationals
Aiden Hansel,MS,unknown,2026,2025 2026,132 138,5,yes,yes,yes,no,Fargo Junior Freestyle
Christopher Grossman,MT,unknown,2026,2023 2024 2025 2026,106 120 126 132 138,50,yes,no,no,yes,NHSCA High School Nationals
Mason Pierce,MT,unknown,2026,2026,150,4,yes,yes,yes,no,Fargo 16U Freestyle
Brieon Mayfield,NA,unknown,2026,2026,215,3,yes,yes,no,no,NC Super 32 Early Entry
Carson Griffin,NA,unknown,2026,2026,132,1,yes,yes,yes,no,NC Super 32 Early Entry
Jack Harty,NC,unknown,2025,2023 2024 2025,154 160 165 175 182,41,yes,yes,yes,yes,NHSCA High School Nationals
Joshua Stonebraker,NC,unknown,2026,2025 2026,138 150 152 157,27,yes,yes,yes,no,Junior National Duals - Junior Freestyle Duals
Seth Downing,NC,unknown,2026,2023 2024 2025 2026,145 152 157 165 170,18,yes,yes,yes,no,NHSCA High School Nationals
Shawn Bass,NC,unknown,2025,2023 2024 2025,126 132 138 144 150,17,yes,yes,no,no,NHSCA High School Nationals
Sam Gosnell,NC,unknown,2025,2023 2024 2025,106 113 120 126,16,yes,yes,yes,no,NHSCA High School Nationals
Jose Flores,NC,unknown,2025,2023 2024 2025,220,16,yes,yes,yes,yes,NHSCA High School Nationals
Steven Faubion,NC,unknown,2026,2024 2025 2026,112 135 180,13,yes,no,no,yes,NHSCA High School Nationals
Conrad Sherburne,NC,unknown,2026,2023 2024 2026,215 220 230,13,yes,yes,yes,yes,NHSCA High School Nationals
Cade Riddle,NC,unknown,2026,2025 2026,100 113,12,yes,no,no,yes,NHSCA High School Nationals
Easten Binckley,NC,unknown,2026,2024 2025 2026,165 170 182,12,yes,no,no,yes,NHSCA High School Nationals
William Moorehead,NC,unknown,2026,2025 2026,127 135,12,yes,no,no,yes,NHSCA High School Nationals
Kacey Bonds,NC,unknown,2026,2023 2024 2026,160 165 180,12,yes,no,no,yes,NHSCA High School Nationals
Jake McCord,NC,unknown,2025,2024 2025,126 145 157,11,yes,yes,no,no,NHSCA High School Nationals
Peter Htoo,NC,unknown,2026,2025 2026,132 138,9,yes,yes,yes,no,NHSCA High School Nationals
Eli Warren,NC,unknown,2026,2023 2024 2025 2026,106 120 132 145,8,yes,yes,yes,no,NHSCA High School Nationals
Drew Taylor,NC,unknown,2025,2023 2025,138 142,8,yes,yes,yes,no,NHSCA High School Nationals
Michael Vazquez,NC,unknown,2025,2025,285,8,yes,yes,yes,yes,NHSCA High School Nationals
Nevaeh Williamson,NC,Girls,2026,2026,185 190,8,yes,yes,yes,no,Fargo Junior Women's Freestyle
Efrain Rivera,NC,unknown,2025,2023 2025,106 120,7,yes,yes,yes,no,NHSCA High School Nationals
Coy Greer,NC,unknown,2025,2025,160,7,yes,no,no,yes,NHSCA High School Nationals
Jalen Terry-Winston,NC,unknown,2025,2024 2025,285,7,yes,yes,yes,no,NHSCA High School Nationals
Antonio Escobar,NC,unknown,2025,2025,285,7,yes,no,no,yes,NHSCA High School Nationals
Kiyan Bassiri,NC,unknown,2026,2026,85,7,yes,no,no,yes,NHSCA High School Nationals
Dino Lambos,NC,unknown,2026,2024 2025 2026,95 120 126,7,yes,yes,yes,no,NHSCA High School Nationals
Eli Oakley,NC,unknown,2026,2026,145,7,yes,yes,no,no,NHSCA High School Nationals
Clayton Chapman,NC,unknown,2026,2026,119,7,yes,no,no,yes,NHSCA High School Nationals
Chase Janawsky,NC,unknown,2026,2026,135,7,yes,no,no,yes,NHSCA High School Nationals
Darrian Watlington,NC,unknown,2026,2026,180,7,yes,no,no,yes,NHSCA High School Nationals
Michael Milton,NC,unknown,2025,2023 2025,120 145,6,yes,yes,yes,no,NHSCA High School Nationals
Aidan Plemons,NC,unknown,2025,2025,195,6,yes,yes,yes,yes,NHSCA High School Nationals
Thomas Salinas,NC,unknown,2026,2026,138,6,yes,yes,yes,no,NHSCA High School Nationals
J'serie Womble,NC,unknown,2025,2024 2025,138 145,5,yes,yes,yes,no,NHSCA High School Nationals
Aslan Demurchiyev,NC,unknown,2025,2025,138,5,yes,yes,yes,no,NHSCA High School Nationals
William Murray,NC,unknown,2025,2025,145 150,5,yes,yes,yes,no,NHSCA High School Nationals
Gunner Ramage,NC,unknown,2025,2025,180,5,yes,yes,no,yes,NHSCA High School Nationals
Everon Riddle,NC,unknown,2026,2026,144,4,yes,yes,yes,no,Fargo Junior Greco-Roman
Augustine Rahaim,NC,unknown,2025,2025,126,4,yes,yes,yes,no,NHSCA High School Nationals
Kylen Beheler,NC,unknown,2025,2025,120,3,yes,yes,yes,no,NHSCA High School Nationals
Edgar Vasquez,NC,unknown,2026,2026,126,3,yes,yes,yes,no,NHSCA High School Nationals
Isaac Hensley,NC,unknown,2025,2025,138,2,yes,yes,yes,no,NHSCA High School Nationals
Randy Solis,NC,unknown,2025,2025,152,2,yes,yes,yes,no,NHSCA High School Nationals
Jessi Davidson,NC,unknown,2025,2025,160,2,yes,yes,yes,no,NHSCA High School Nationals
Kaiden Deaton,NC,unknown,2026,2026,145,2,yes,yes,yes,no,NHSCA High School Nationals
Joshua Kellis,NC,unknown,2026,2026,145,2,yes,yes,yes,no,NHSCA High School Nationals
William Ward,ND,unknown,2026,2024 2026,190 215,21,yes,no,no,yes,Fargo Junior Freestyle
Clacny Meyer,ND,unknown,2026,2026,145,6,yes,yes,yes,no,NHSCA High School Nationals
Noach Swenson,ND,unknown,2026,2026,160,4,yes,yes,yes,no,NHSCA High School Nationals
Adonis Bonar II,NE,unknown,2025,2023 2024 2025,182 190,36,yes,no,no,yes,Fargo Junior Freestyle
Maxum Rodgers,NE,unknown,2026,2025 2026,150 165,13,yes,yes,no,no,Fargo 16U Greco-Roman
Apollo Cardenas,NE,unknown,2026,2026,150,9,yes,yes,yes,no,Fargo 16U Freestyle
Tucker Brill,NE,unknown,2026,2026,126,9,yes,yes,yes,no,Fargo 16U Freestyle
Paxton Terry,NE,unknown,2026,2026,100 106,7,yes,yes,yes,no,Fargo 16U Freestyle
Bryx Leichleiter,NE,unknown,2026,2026,106,6,yes,yes,no,no,Fargo 16U Freestyle
Parsa Riazikhah,NE,unknown,2026,2026,175,6,yes,yes,yes,no,Fargo 16U Freestyle
Zac Snow,NE,unknown,2025,2023 2024 2025,106 120 132,6,yes,yes,yes,no,Fargo Junior Freestyle
Peyton Eklund,NE,Girls,2026,2026,105,6,yes,yes,no,no,Fargo 16U Women's Freestyle
Jaxon Ebner,NE,unknown,2026,2026,150,5,yes,yes,yes,no,Fargo 16U Freestyle
Finn Williams,NE,unknown,2026,2026,132,5,yes,yes,yes,no,Fargo 16U Freestyle
Vincent White,NE,unknown,2025,2025,120,4,yes,yes,yes,no,Fargo 16U Freestyle
Abduwahab Unle,NE,unknown,2026,2026,126,3,yes,yes,no,no,Fargo 16U Freestyle
Lesliegh Lovings,NE,Girls,2025,2025,145,2,yes,yes,yes,no,Fargo Junior Women's Freestyle
Emma Schneider,NE,Girls,2026,2026,207,2,yes,yes,yes,no,Fargo 16U Women's Freestyle
Cole Glynn,NH,unknown,2025,2023 2025,106 113,15,yes,yes,yes,yes,NHSCA High School Nationals
Rhys Dewar,NH,unknown,2025,2023 2024 2025,154 160 170,15,yes,yes,yes,yes,NHSCA High School Nationals
Benjamin Byrne,NH,unknown,2026,2023 2024 2025 2026,145 152,12,yes,yes,yes,no,NHSCA High School Nationals
Zachary Paris,NH,unknown,2026,2025 2026,75 95,10,yes,no,no,yes,NHSCA High School Nationals
Brennen Burkholder,NH,unknown,2025,2025,230,5,yes,no,no,yes,NHSCA High School Nationals
John McDevitt,NH,unknown,2025,2024 2025,145,4,yes,yes,yes,no,NHSCA High School Nationals
Teegan Owens,NH,unknown,2026,2026,106,4,yes,yes,no,no,NHSCA High School Nationals
Carter Lemire,NH,unknown,2026,2026,152,4,yes,yes,yes,no,NHSCA High School Nationals
Jaron Todisco Coulon,NH,unknown,2025,2025,106,2,yes,yes,yes,no,NHSCA High School Nationals
Wesley Steinruck,NH,unknown,2026,2026,106,2,yes,yes,yes,no,NHSCA High School Nationals
Finnegan Parello,NH,unknown,2026,2026,145,2,yes,yes,yes,no,NHSCA High School Nationals
Jack Abramson,NJ,unknown,2026,2023 2024 2025 2026,106 112 120 126 132 138 150,46,yes,yes,no,yes,NHSCA High School Nationals
Andrew Bonita,NJ,unknown,2026,2024 2025 2026,120 126 132,39,yes,yes,no,yes,NHSCA High School Nationals
Luke Stempkowski,NJ,unknown,2026,2023 2024 2025 2026,119 138 144 152 157 165,39,yes,yes,no,yes,NHSCA High School Nationals
Gino Schinina,NJ,unknown,2025,2023 2024 2025,126 132 138,39,yes,yes,no,yes,Super 32
Alex Reyes,NJ,unknown,2025,2024 2025,182 190,38,yes,no,no,yes,NHSCA High School Nationals
River Hibler,NJ,unknown,2026,2023 2025 2026,100 126 132,34,yes,no,no,yes,NHSCA High School Nationals
Bobby Duffy,NJ,unknown,2026,2023 2024 2025 2026,120 126 144 150,33,yes,no,no,yes,Super 32
Chad McConnell,NJ,unknown,2026,2024 2025 2026,160 170 175,32,yes,yes,no,yes,NHSCA High School Nationals
Anthony Curlo,NJ,unknown,2026,2024 2025 2026,100 106 113 120,32,yes,yes,no,no,NHSCA High School Nationals
Pj Terranova,NJ,unknown,2026,2023 2024 2025 2026,100 106 126 138,28,yes,no,no,yes,Super 32
Julian Zargo,NJ,unknown,2026,2023 2024 2025 2026,85 94 100 113 120,28,yes,yes,no,no,Super 32
Michael Lamb,NJ,unknown,2025,2023 2024 2025,106 113 120 132,27,yes,yes,no,no,NHSCA High School Nationals
August moser,NJ,unknown,2025,2024 2025,285,26,yes,no,no,yes,NHSCA High School Nationals
Koray Kage Jones,NJ,unknown,2025,2023 2025,160 165,26,yes,no,no,yes,Fargo Junior Freestyle
Guy Oelsner,NJ,unknown,2026,2023 2025 2026,182 195 215 220,25,yes,yes,no,yes,NHSCA High School Nationals
Luke Tompkins,NJ,unknown,2026,2024 2025 2026,154 160 165,24,yes,no,no,yes,NHSCA High School Nationals
Michael Batista,NJ,unknown,2026,2023 2024 2026,106 113 120,24,yes,no,no,yes,Fargo Junior Freestyle
Tristan Rosemeyer,NJ,unknown,2026,2023 2024 2025 2026,100 106 112 113,23,yes,yes,no,no,NHSCA High School Nationals
Isaias Hernandez,NJ,unknown,2026,2023 2025 2026,119 132 138 144,23,yes,yes,no,no,NHSCA High School Nationals
Aidan Squier,NJ,unknown,2025,2023 2024 2025,175 182 190,23,yes,no,no,yes,Fargo Junior Greco-Roman
William Webb,NJ,unknown,2025,2024 2025,100 106,22,yes,no,no,yes,Fargo 16U Freestyle
Parker Quinn,NJ,unknown,2026,2024 2025 2026,138 152 157,21,yes,yes,yes,yes,NHSCA High School Nationals
Pietro Velardi,NJ,unknown,2026,2025 2026,95 105 106,21,yes,yes,yes,yes,NHSCA High School Nationals
William Sakoutis,NJ,unknown,2025,2023 2024 2025,126 132 138 150,21,yes,yes,no,no,Super 32
Jordan Segal,NJ,unknown,2026,2023 2025 2026,100 120 126 132,20,yes,yes,yes,yes,NHSCA High School Nationals
Michael Perna,NJ,unknown,2026,2026,100 106,20,yes,yes,no,no,NHSCA High School Nationals
Jack Anello,NJ,unknown,2026,2024 2026,95 120,20,yes,yes,yes,yes,Fargo 16U Freestyle
Chase Dubuque,NJ,unknown,2025,2023 2024 2025,94 100 106,19,yes,no,no,yes,Fargo Junior Freestyle
Anthony Borrometi,NJ,unknown,2025,2023 2024 2025,120 144,18,yes,yes,no,no,Super 32
Xavier Ortega,NJ,unknown,2025,2024 2025,132 138,18,yes,yes,no,no,NHSCA High School Nationals
Dante DePaul,NJ,unknown,2026,2024 2025 2026,120 132 150,18,yes,yes,no,yes,NHSCA High School Nationals
Owen Garriques,NJ,unknown,2026,2025 2026,138 152 165,18,yes,yes,no,yes,NHSCA High School Nationals
Enzo Triola,NJ,unknown,2025,2023 2024 2025,142 160 165,18,yes,no,no,yes,NHSCA High School Nationals
Eli Glover,NJ,unknown,2026,2024 2025 2026,119 132 135,18,yes,no,no,yes,NHSCA High School Nationals
Jack Cole,NJ,unknown,2025,2023 2025,85 126,18,yes,no,no,yes,Super 32
Ryan Goldstein,NJ,unknown,2025,2023 2024 2025,119 120,17,yes,yes,yes,no,NHSCA High School Nationals
Hunter Lee,NJ,unknown,2026,2025 2026,75 90,17,yes,no,no,yes,NHSCA High School Nationals
Ryan Morgan,NJ,unknown,2026,2024 2025 2026,95 105 138,17,yes,no,no,yes,NHSCA High School Nationals
Matthew Gorbatuk,NJ,unknown,2026,2025 2026,180 195 215,17,yes,yes,no,yes,NHSCA High School Nationals
Vincent Anello,NJ,unknown,2026,2025 2026,126 132,17,yes,no,no,yes,Fargo Junior Freestyle
Nick Schwartz,NJ,unknown,2025,2024 2025,144 157,17,yes,no,no,yes,Fargo 16U Freestyle
Adam Sepulveda,NJ,unknown,2026,2025 2026,180 190 195,16,yes,no,no,yes,NHSCA High School Nationals
Edward George,NJ,unknown,2025,2023 2024 2025,88 94 106,16,yes,no,no,yes,Fargo Junior Freestyle
Joey Barchetto,NJ,unknown,2026,2025 2026,75 80,15,yes,no,no,yes,NHSCA High School Nationals
Dylan Hersh,NJ,unknown,2026,2023 2024 2025 2026,120 126 138,15,yes,yes,yes,no,NHSCA High School Nationals
Travis Bauer,NJ,unknown,2025,2023 2024 2025,106 113,14,yes,yes,yes,yes,NHSCA High School Nationals
Matthew Gould,NJ,unknown,2025,2023 2024 2025,113 120 126,14,yes,yes,no,no,Super 32
George Dipsey,NJ,unknown,2026,2026,94,14,yes,no,no,yes,Fargo 16U Freestyle
August Katz,NJ,unknown,2025,2023 2024 2025,132 138 144 150 157,14,yes,yes,yes,no,Fargo Junior Greco-Roman
Joseph Formosa,NJ,unknown,2026,2025 2026,105 120 126,13,yes,yes,yes,no,NHSCA High School Nationals
Frank DiMarzio,NJ,unknown,2026,2025 2026,182 195,13,yes,yes,no,yes,NHSCA High School Nationals
Amir Perry,NJ,unknown,2026,2025 2026,135 154,13,yes,no,no,yes,NHSCA High School Nationals
Taina McGowan,NJ,Girls,2026,2025 2026,114 130,13,yes,yes,no,yes,NHSCA High School Nationals
Grey Henecker,NJ,Girls,2026,2025 2026,110 115 120,13,yes,yes,no,no,NHSCA High School Nationals
Jeremy Negron,NJ,unknown,2026,2024 2026,132,13,yes,no,no,yes,NHSCA High School Nationals
Aidan Yarussi,NJ,unknown,2026,2024 2025 2026,132 138,13,yes,yes,no,no,Fargo Junior Freestyle
Michael Mirassol,NJ,unknown,2025,2024 2025,106 120,12,yes,yes,no,no,NHSCA High School Nationals
Frank Damminger,NJ,unknown,2026,2024 2025 2026,195 220,12,yes,yes,yes,yes,NHSCA High School Nationals
Michael Horn,NJ,unknown,2025,2023 2024 2025,138,12,yes,yes,no,no,NHSCA High School Nationals
Jacob Inserra,NJ,unknown,2025,2023 2025,112 138,12,yes,no,no,yes,Fargo 16U Greco-Roman
Harry Asatrian,NJ,unknown,2025,2025,152 157,11,yes,yes,no,yes,Super 32
Sullivan Hawkes,NJ,unknown,2026,2024 2026,138 144 145,11,yes,yes,yes,no,NHSCA High School Nationals
Ryan McConaghy,NJ,unknown,2025,2024 2025,106 113,11,yes,yes,no,no,NHSCA High School Nationals
Ryder Bernholz,NJ,unknown,2026,2026,170 175,11,yes,no,no,yes,NHSCA High School Nationals
Victoria Carbonaro,NJ,Girls,2026,2025 2026,125,11,yes,yes,yes,yes,Fargo 16U Women's Freestyle
Michael Echeverri,NJ,unknown,2026,2025 2026,120,10,yes,yes,no,no,NHSCA High School Nationals
Nicholas Paulino,NJ,unknown,2026,2023 2025 2026,105 126 145,10,yes,yes,no,no,NHSCA High School Nationals
Lilliana Massenzio,NJ,Girls,2025,2025,130 132,10,yes,yes,yes,no,NHSCA High School Nationals
Emmanuel Gusfa,NJ,unknown,2026,2025 2026,145 157,10,yes,no,no,yes,NHSCA High School Nationals
Xavier Gusfa,NJ,unknown,2026,2025 2026,135 154,10,yes,no,no,yes,NHSCA High School Nationals
Benjamin Marques,NJ,unknown,2025,2025,175,10,yes,yes,no,no,Fargo 16U Freestyle
Mason Irwin,NJ,unknown,2026,2026,94,10,yes,no,no,yes,Fargo 16U Freestyle
Joey Ruiz,NJ,unknown,2025,2023 2025,157 160,9,yes,yes,no,no,NHSCA High School Nationals
Paige De Caro,NJ,Girls,2025,2025,155,9,yes,no,no,yes,Fargo Junior Women's Freestyle
Alexandria Barskiy,NJ,Girls,2026,2026,115,9,yes,yes,no,yes,Fargo 16U Women's Freestyle
Ryan Yang,NJ,unknown,2025,2025,138,8,yes,yes,no,no,NHSCA High School Nationals
Josiah Barrera,NJ,unknown,2025,2024 2025,154 180,8,yes,yes,yes,no,NHSCA High School Nationals
Brady Little,NJ,unknown,2025,2025,142,8,yes,no,no,yes,NHSCA High School Nationals
Alfredo Bermudez,NJ,unknown,2026,2024 2026,138 150 157,8,yes,yes,yes,no,NHSCA High School Nationals
Brayden De Jesus,NJ,unknown,2026,2026,105,8,yes,no,no,yes,NHSCA High School Nationals
Lily Henderson,NJ,Girls,2025,2025,107 115,7,yes,yes,yes,no,NHSCA High School Nationals
John Tarantino,NJ,unknown,2025,2025,95,7,yes,yes,yes,yes,NHSCA High School Nationals
Ryan Blewett,NJ,unknown,2025,2025,95,7,yes,no,no,yes,NHSCA High School Nationals
Lukas Katsigiannis,NJ,unknown,2025,2025,152,7,yes,yes,no,no,NHSCA High School Nationals
Timothy Williams,NJ,unknown,2025,2024 2025,152,7,yes,yes,yes,no,NHSCA High School Nationals
Finn McKeon,NJ,unknown,2026,2025 2026,160,7,yes,yes,yes,no,NHSCA High School Nationals
Jake Appello,NJ,unknown,2026,2026,106,7,yes,yes,no,no,NHSCA High School Nationals
Levi Foote,NJ,unknown,2026,2026,195,7,yes,no,no,yes,NHSCA High School Nationals
Marie Sharp,NJ,Girls,2025,2025,120,7,yes,no,no,yes,Fargo 16U Women's Freestyle
Alex Rosciano,NJ,unknown,2025,2025,113,6,yes,yes,yes,no,NHSCA High School Nationals
3g Gonzalez,NJ,unknown,2025,2025,138,6,yes,yes,no,no,NHSCA High School Nationals
Zack Lombreglia,NJ,unknown,2025,2025,154,6,yes,yes,yes,yes,NHSCA High School Nationals
Noah Kalebek,NJ,unknown,2026,2026,75,6,yes,no,no,yes,NHSCA High School Nationals
Alessia De Lucia,NJ,Girls,2026,2026,100 107,6,yes,yes,no,no,NHSCA High School Nationals
Dominic Velardi,NJ,unknown,2026,2026,85,6,yes,no,no,yes,NHSCA High School Nationals
Luke Pluchino,NJ,unknown,2026,2026,90,6,yes,no,no,yes,NHSCA High School Nationals
Chris Wolf,NJ,unknown,2026,2026,105,6,yes,yes,no,no,NHSCA High School Nationals
Landon Bartell,NJ,unknown,2026,2026,220,6,yes,no,no,yes,NHSCA High School Nationals
Teddy Harris,NJ,unknown,2026,2026,285,6,yes,no,no,yes,NHSCA High School Nationals
Mason Martinez,NJ,unknown,2026,2026,165,6,yes,no,no,yes,NHSCA High School Nationals
Charlie Wylie,NJ,Girls,2025,2025,110,6,yes,yes,no,yes,Fargo Junior Women's Freestyle
Ethan Smolinski,NJ,unknown,2026,2026,138,5,yes,yes,yes,no,NHSCA High School Nationals
Matthew Brown,NJ,unknown,2026,2026,180,5,yes,no,no,yes,NHSCA High School Nationals
Kyle Figueroa,NJ,unknown,2025,2025,126,4,yes,yes,no,no,NHSCA High School Nationals
Greyson Perkins,NJ,unknown,2025,2025,85,4,yes,yes,yes,no,NHSCA High School Nationals
Dante Donaldson,NJ,unknown,2025,2025,285,4,yes,yes,no,no,NHSCA High School Nationals
Leo Reilly,NJ,unknown,2026,2026,106,4,yes,yes,no,no,NHSCA High School Nationals
William Stapleton,NJ,unknown,2026,2026,132,4,yes,yes,no,no,NHSCA High School Nationals
Ethan De La Cruz,NJ,unknown,2025,2025,144,4,yes,yes,no,no,Super 32
Daniel Byrne,NJ,unknown,2025,2025,152,3,yes,yes,no,no,NHSCA High School Nationals
Maksim Marrero,NJ,unknown,2026,2026,138,3,yes,yes,yes,no,NHSCA High School Nationals
Shyla Fleetwood,NJ,unknown,2026,2026,138,3,yes,yes,yes,no,NHSCA High School Nationals
Samantha Sottilare,NJ,unknown,2026,2026,185,3,yes,yes,yes,no,NHSCA High School Nationals
Josiah Gibson,NJ,unknown,2025,2025,113,2,yes,yes,yes,no,NHSCA High School Nationals
Isaac Garay,NJ,unknown,2025,2025,138,2,yes,yes,yes,no,NHSCA High School Nationals
Shpresa Leka,NJ,unknown,2025,2025,132,2,yes,yes,yes,no,NHSCA High School Nationals
Linkin Dimaya,NJ,unknown,2026,2026,120,2,yes,yes,yes,no,NHSCA High School Nationals
James Villafana,NJ,unknown,2026,2026,145,2,yes,yes,yes,no,NHSCA High School Nationals
Jacob Segui,NJ,unknown,2026,2026,142,2,yes,yes,yes,no,NHSCA High School Nationals
"Joseph """"Mako"""" Vezzosi",NJ,unknown,2025,2025,120,2,yes,yes,yes,no,Super 32
Daniel Benbrook,NJ,unknown,2025,2025,175,2,yes,yes,yes,no,Super 32
Elijah Montoya-Mora,NM,unknown,2026,2025 2026,120 126 132,16,yes,yes,yes,no,Fargo 16U Freestyle
Caylee Rivera,NM,Girls,2026,2026,235,7,yes,no,no,yes,Fargo 16U Women's Freestyle
Braxton Smith,NM,unknown,2026,2026,120,6,yes,yes,no,no,NHSCA High School Nationals
Livan Padron,NM,unknown,2026,2026,285,5,yes,no,no,yes,NHSCA High School Nationals
Emberlynn Lopez,NM,Girls,2026,2026,110,2,yes,yes,yes,no,Fargo Junior Women's Freestyle
F Valentine Popadiuc,NM,unknown,2025,2025,138,1,yes,no,no,yes,Fargo Junior Freestyle
Abraham Coronado,NV,unknown,2025,2024 2025,120 126,32,yes,no,no,yes,NHSCA High School Nationals
Brandon Avila ramos,NV,unknown,2026,2023 2025 2026,80 113 120 126,26,yes,yes,no,no,NHSCA High School Nationals
Lucas Forman,NV,unknown,2025,2024 2025,88 94 106,19,yes,no,no,yes,NHSCA High School Nationals
Ryker Rollans,NV,unknown,2026,2026,88,12,yes,no,no,yes,Fargo 16U Freestyle
Cade Ruckle,NV,unknown,2026,2026,100,11,yes,no,no,yes,Fargo 16U Freestyle
Cooper Robinson,NV,unknown,2026,2026,127,7,yes,no,no,yes,NHSCA High School Nationals
William Theofanopoulos,NV,unknown,2026,2026,165,7,yes,no,no,yes,NHSCA High School Nationals
Hailey Worden,NV,Girls,2026,2026,125,7,yes,no,no,yes,Fargo 16U Women's Freestyle
Elijah Tabasa,NV,unknown,2026,2025 2026,106 113,6,yes,yes,yes,no,NHSCA High School Nationals
Marley Baker,NV,unknown,2026,2026,220,5,yes,no,no,yes,NHSCA High School Nationals
Raymond Smith,NV,unknown,2025,2025,285,4,yes,yes,no,no,NHSCA High School Nationals
Rhyden Hicks,NV,unknown,2026,2026,106,3,yes,yes,yes,no,NHSCA High School Nationals
Oumar Tounkara,NY,unknown,2025,2023 2024 2025,106 113,50,yes,yes,no,yes,Super 32
Christopher Noto,NY,unknown,2026,2023 2024 2025 2026,120 126 132,43,yes,yes,yes,yes,NHSCA High School Nationals
Kasen Hardy,NY,unknown,2026,2024 2025 2026,230 285,32,yes,no,no,yes,NHSCA High School Nationals
William Soto,NY,unknown,2025,2023 2024 2025,100 106,31,yes,no,no,yes,Fargo 16U Freestyle
Jordan Hill,NY,unknown,2026,2024 2025 2026,85 100 106 113 120,30,yes,yes,no,no,NHSCA High School Nationals
Brett Crawford,NY,unknown,2026,2023 2024 2025 2026,106 113 120,29,yes,no,no,yes,NHSCA High School Nationals
Daniel Jones,NY,unknown,2026,2025 2026,119 132 144 150,26,yes,no,no,yes,NHSCA High School Nationals
Caleb Brown,NY,unknown,2026,2025 2026,119 132 144,25,yes,no,no,yes,NHSCA High School Nationals
Hans Wiederkehr,NY,unknown,2026,2025 2026,285,23,yes,no,no,yes,NHSCA High School Nationals
Ana Carolina Lockard,NY,Girls,2026,2025 2026,145 155,21,yes,yes,no,yes,NHSCA High School Nationals
Leona Gao,NY,Girls,2026,2023 2024 2025 2026,100 107 114 115,19,yes,yes,yes,no,NHSCA High School Nationals
Jonathan Cutrone,NY,unknown,2026,2023 2024 2025 2026,90 113 120 126,18,yes,yes,yes,no,NHSCA High School Nationals
Brody Shaffer,NY,unknown,2026,2025 2026,119 132 138,18,yes,yes,no,yes,NHSCA High School Nationals
Arianna Balsamo,NY,Girls,2026,2024 2025 2026,142 145,17,yes,yes,yes,no,NHSCA High School Nationals
James Nalbone,NY,unknown,2026,2024 2025 2026,126 132,17,yes,yes,no,no,NHSCA High School Nationals
Christopher Belmonte,NY,unknown,2025,2023 2024 2025,285,17,yes,yes,no,yes,Fargo Junior Freestyle
Nikolas Marnika,NY,unknown,2026,2024 2025 2026,126 144 150,16,yes,yes,no,no,NHSCA High School Nationals
Logan Willis,NY,unknown,2026,2023 2024 2025 2026,126 132 145,16,yes,yes,no,no,NHSCA High School Nationals
Blake Patrick,NY,unknown,2026,2025 2026,132 135 144,16,yes,yes,no,no,NHSCA High School Nationals
Mason Earley,NY,unknown,2026,2024 2025 2026,190 195,16,yes,yes,yes,no,NHSCA High School Nationals
Edward Stavros,NY,unknown,2026,2025 2026,126 138,16,yes,no,no,yes,NHSCA High School Nationals
Adam Khan,NY,unknown,2026,2026,126 132,16,yes,yes,yes,no,NHSCA High School Nationals
Richard Wood,NY,unknown,2025,2023 2024 2025,120 132 138,15,yes,yes,no,no,NHSCA High School Nationals
Aiden Nassire,NY,unknown,2026,2024 2025 2026,170 175 182 190,15,yes,yes,yes,no,NHSCA High School Nationals
Christopher Nocca,NY,unknown,2026,2024 2025 2026,157 160 165,15,yes,yes,no,no,NHSCA High School Nationals
Andrew Poh,NY,unknown,2026,2025 2026,113 120,14,yes,no,no,yes,NHSCA High School Nationals
Kweku Arthur-Mensah,NY,unknown,2025,2024 2025,285,14,yes,yes,yes,yes,NHSCA High School Nationals
Finnegan O'Brien,NY,unknown,2025,2024 2025,126 132,14,yes,no,no,yes,Fargo 16U Freestyle
Landon Lee,NY,unknown,2025,2024 2025,285,12,yes,no,no,yes,NHSCA High School Nationals
Jason Ellis,NY,unknown,2026,2025 2026,90 95,12,yes,no,no,yes,NHSCA High School Nationals
Andrew Frost,NY,unknown,2026,2026,190 195,12,yes,no,no,yes,NHSCA High School Nationals
Alesandro Restrepo,NY,unknown,2025,2024 2025,90 100,12,yes,yes,yes,yes,Fargo 16U Freestyle
Aiden Vollmer,NY,unknown,2026,2024 2025 2026,106 113 132,11,yes,yes,no,no,NHSCA High School Nationals
casey powers,NY,unknown,2026,2024 2025 2026,100 106 113,11,yes,yes,yes,no,NHSCA High School Nationals
Maximus Taylor,NY,unknown,2025,2024 2025,152 170,11,yes,yes,yes,no,NHSCA High School Nationals
Nicholas Zadvinskiy,NY,unknown,2025,2024 2025,160 165 190,11,yes,yes,yes,no,NHSCA High School Nationals
Lucus Pai,NY,unknown,2025,2023 2024 2025,80 100 113,11,yes,no,no,yes,NHSCA High School Nationals
Michael LaBella,NY,unknown,2026,2025 2026,127 165,11,yes,no,no,yes,NHSCA High School Nationals
Joshua Jorgge,NY,unknown,2025,2024 2025,160 182,11,yes,yes,yes,no,NHSCA High School Nationals
Rj Tinyes,NY,unknown,2025,2024 2025,220,11,yes,yes,yes,yes,NHSCA High School Nationals
Jake Sobylak,NY,unknown,2026,2026,138 150,11,yes,yes,no,no,NHSCA High School Nationals
Quinn Hunt,NY,unknown,2026,2023 2024 2026,120 145 160,11,yes,yes,yes,no,NHSCA High School Nationals
Jackson Harrison,NY,unknown,2026,2024 2026,113 132 138,10,yes,yes,yes,no,NHSCA High School Nationals
Colin Matone,NY,unknown,2026,2024 2025 2026,120 126 132,10,yes,yes,yes,no,NHSCA High School Nationals
Robert Obser,NY,unknown,2025,2023 2024 2025,80 90 106,10,yes,yes,yes,no,NHSCA High School Nationals
Blake Burtis,NY,unknown,2025,2023 2024 2025,120 126 132,10,yes,yes,yes,no,NHSCA High School Nationals
Trevor Mueller,NY,unknown,2026,2025 2026,160 182,10,yes,no,no,yes,NHSCA High School Nationals
Thomas Reed,NY,unknown,2026,2024 2025 2026,195,10,yes,no,no,yes,NHSCA High School Nationals
Reid Richardson,NY,unknown,2026,2024 2025 2026,112 127 132,10,yes,yes,yes,no,NHSCA High School Nationals
Liam Matson,NY,unknown,2026,2024 2025 2026,88 106,10,yes,yes,yes,no,Fargo Junior Freestyle
Andrew Aparo,NY,unknown,2025,2023 2024 2025,113,9,yes,yes,no,no,NHSCA High School Nationals
Lucas Cianci,NY,unknown,2026,2024 2025 2026,75 85 106,9,yes,yes,no,no,NHSCA High School Nationals
Alexander Poh,NY,unknown,2026,2025 2026,95 106,9,yes,yes,no,no,NHSCA High School Nationals
James Chicco,NY,unknown,2025,2025,145 157,9,yes,yes,yes,no,NHSCA High School Nationals
Jake A Nieto,NY,unknown,2026,2026,138,9,yes,no,no,yes,NHSCA High School Nationals
Tyler Hohlman,NY,unknown,2026,2024 2025 2026,90 106 113,8,yes,yes,yes,no,NHSCA High School Nationals
Camil Cruz,NY,unknown,2026,2025 2026,113,8,yes,yes,yes,no,NHSCA High School Nationals
Ryan Ryszetnyk,NY,unknown,2026,2025 2026,100 105,8,yes,yes,yes,no,NHSCA High School Nationals
James Galiano,NY,unknown,2025,2024 2025,138 152,8,yes,yes,yes,no,NHSCA High School Nationals
Ryan Horner,NY,unknown,2026,2025 2026,127 145,8,yes,yes,yes,no,NHSCA High School Nationals
Colton Graham,NY,unknown,2026,2025 2026,135 152,8,yes,yes,yes,no,NHSCA High School Nationals
Caiden Cruz,NY,unknown,2026,2026,75,8,yes,no,no,yes,NHSCA High School Nationals
Adam Dorn,NY,unknown,2026,2026,100,8,yes,no,no,yes,NHSCA High School Nationals
Cole Riddiough,NY,unknown,2026,2026,152 157,8,yes,yes,yes,no,NHSCA High School Nationals
Jaxson Tocco,NY,unknown,2026,2026,100 106,8,yes,no,no,yes,Fargo Junior Freestyle
Dalton Danza,NY,unknown,2025,2023 2025,215 220,8,yes,yes,yes,no,Fargo Junior Freestyle
Andrew Wickenden,NY,unknown,2025,2023 2024 2025,119 120 126,7,yes,yes,yes,no,NHSCA High School Nationals
Javone Dawkins,NY,unknown,2026,2024 2026,126 132,7,yes,yes,yes,no,NHSCA High School Nationals
Cael Bruce,NY,unknown,2025,2024 2025,113 120 126,7,yes,yes,yes,no,NHSCA High School Nationals
Lucas Pugliese,NY,unknown,2025,2023 2024 2025,119 132 145,7,yes,yes,yes,no,NHSCA High School Nationals
Luke Armendariz,NY,unknown,2025,2023 2024 2025,127 138 152,7,yes,yes,yes,no,NHSCA High School Nationals
Eric Bocanegra,NY,unknown,2025,2025,106,7,yes,no,no,yes,NHSCA High School Nationals
Francis Segura,NY,unknown,2026,2025 2026,120,7,yes,yes,yes,no,NHSCA High School Nationals
Chase Allocca,NY,unknown,2025,2024 2025,120 126,7,yes,yes,yes,no,NHSCA High School Nationals
Garrett Mehlenbacher,NY,unknown,2026,2025 2026,132 138,7,yes,yes,yes,no,NHSCA High School Nationals
Coda Clifford,NY,unknown,2026,2025 2026,95 112,7,yes,yes,yes,no,NHSCA High School Nationals
Alexandra Shuster,NY,Girls,2025,2023 2025,132 135 138,7,yes,yes,yes,no,NHSCA High School Nationals
Cruz Labrie,NY,unknown,2026,2024 2025 2026,112 127 138,7,yes,yes,yes,no,NHSCA High School Nationals
Matthew Quintero,NY,unknown,2026,2025 2026,182,7,yes,yes,yes,no,NHSCA High School Nationals
Harley Eidens,NY,Girls,2026,2026,107 115,7,yes,yes,yes,no,NHSCA High School Nationals
David Delgado Jr.,NY,unknown,2026,2026,95,7,yes,no,no,yes,NHSCA High School Nationals
Jack Degl,NY,unknown,2026,2023 2026,152 170,7,yes,yes,no,no,NHSCA High School Nationals
Frank Dibenedetto,NY,unknown,2026,2026,182,7,yes,yes,no,no,NHSCA High School Nationals
Ryker McCarthy,NY,unknown,2026,2026,285,7,yes,no,no,yes,NHSCA High School Nationals
Albert Lula,NY,unknown,2025,2024 2025,106 120,6,yes,yes,yes,no,NHSCA High School Nationals
Devin Pellizzi,NY,unknown,2026,2025 2026,126 145,6,yes,yes,no,no,NHSCA High School Nationals
Jack Merecka,NY,unknown,2025,2024 2025,80 100,6,yes,yes,yes,no,NHSCA High School Nationals
Max Acevedo,NY,unknown,2025,2023 2024 2025,145 160,6,yes,yes,yes,no,NHSCA High School Nationals
Ana Carolina Mindlin Lockard,NY,unknown,2025,2025,145,6,yes,yes,yes,yes,NHSCA High School Nationals
Carson Turner,NY,unknown,2025,2025,170 175,6,yes,yes,yes,no,NHSCA High School Nationals
Chris Ferranti,NY,unknown,2025,2024 2025,160 170,6,yes,yes,yes,no,NHSCA High School Nationals
Nicholas Frele,NY,unknown,2025,2023 2024 2025,170 220,6,yes,yes,yes,no,NHSCA High School Nationals
Ethan Dunham,NY,unknown,2025,2025,230,6,yes,no,no,yes,NHSCA High School Nationals
Nicholas Maliarakis,NY,unknown,2026,2026,80,6,yes,no,no,yes,NHSCA High School Nationals
Austin Bader,NY,unknown,2026,2025 2026,120 132,5,yes,yes,yes,no,NHSCA High School Nationals
Eli Faus,NY,unknown,2026,2025 2026,126 132,5,yes,yes,yes,no,NHSCA High School Nationals
Cole Lograno,NY,unknown,2026,2025 2026,126 145,5,yes,yes,yes,no,NHSCA High School Nationals
Noah Murray,NY,unknown,2026,2025 2026,152 160,5,yes,yes,yes,no,NHSCA High School Nationals
Jake DeBellis,NY,unknown,2026,2025 2026,106 112,5,yes,yes,no,no,NHSCA High School Nationals
Cooper Doxstader,NY,unknown,2025,2025,165 170,5,yes,yes,yes,no,NHSCA High School Nationals
Alexandra Lubczenko,NY,unknown,2025,2024 2025,152 165,5,yes,yes,yes,no,NHSCA High School Nationals
Antero Encarnacion,NY,unknown,2025,2025,285,5,yes,no,no,yes,NHSCA High School Nationals
Mark Gorny,NY,unknown,2026,2026,132,5,yes,yes,yes,no,NHSCA High School Nationals
Gabriel Taveras,NY,unknown,2026,2026,152,5,yes,yes,yes,no,NHSCA High School Nationals
Ryan Muller,NY,unknown,2026,2026,145,5,yes,yes,no,no,NHSCA High School Nationals
Jerry Harman,NY,unknown,2026,2026,152,5,yes,yes,yes,no,NHSCA High School Nationals
Kai Tiringer,NY,unknown,2026,2026,152,5,yes,yes,yes,no,NHSCA High School Nationals
Nolan Kelly,NY,unknown,2026,2026,152,5,yes,yes,yes,no,NHSCA High School Nationals
Mason Mosca,NY,unknown,2026,2026,160,5,yes,yes,yes,no,NHSCA High School Nationals
Nicholas Sevilla,NY,unknown,2026,2026,182,5,yes,yes,yes,no,NHSCA High School Nationals
Chris Parisi,NY,unknown,2026,2026,220,5,yes,no,no,yes,NHSCA High School Nationals
John Bonura,NY,unknown,2025,2025,165,5,yes,yes,no,no,Fargo 16U Freestyle
Zavanna Evans,NY,Girls,2026,2026,235,5,yes,no,no,yes,Fargo 16U Women's Freestyle
Mason Murphy,NY,unknown,2026,2025 2026,106 120,4,yes,yes,yes,no,NHSCA High School Nationals
Zach Rooks,NY,unknown,2025,2025,138,4,yes,yes,yes,no,NHSCA High School Nationals
Caleb Morbillo,NY,unknown,2026,2025 2026,126,4,yes,yes,yes,no,NHSCA High School Nationals
Steven Abreu,NY,unknown,2025,2025,95,4,yes,yes,no,no,NHSCA High School Nationals
Jack Cusumano,NY,unknown,2025,2025,138,4,yes,yes,no,no,NHSCA High School Nationals
Lorenzo Zacarese,NY,unknown,2026,2025 2026,138 145,4,yes,yes,yes,no,NHSCA High School Nationals
Chase Shirley,NY,unknown,2025,2025,100,4,yes,yes,yes,no,NHSCA High School Nationals
Mohanad Mahmoud,NY,unknown,2026,2025 2026,182 195,4,yes,yes,yes,no,NHSCA High School Nationals
Owen Raleigh,NY,unknown,2025,2025,170 175,4,yes,yes,yes,no,NHSCA High School Nationals
Patrick Quinn,NY,unknown,2026,2025 2026,195 220,4,yes,yes,yes,no,NHSCA High School Nationals
Mason Sampilo,NY,unknown,2026,2026,120,4,yes,yes,yes,no,NHSCA High School Nationals
Oliver Ross,NY,unknown,2026,2026,220,4,yes,yes,yes,no,NHSCA High School Nationals
Maya Hoke,NY,Girls,2025,2025,115,4,yes,yes,yes,no,Fargo Junior Women's Freestyle
Yondel Gonzalez,NY,unknown,2025,2025,106,3,yes,yes,yes,no,NHSCA High School Nationals
James DeRosa,NY,unknown,2025,2025,95,3,yes,yes,yes,no,NHSCA High School Nationals
Liam Torpey,NY,unknown,2025,2025,152,3,yes,yes,yes,no,NHSCA High School Nationals
Tj Hurba,NY,unknown,2025,2025,119,3,yes,yes,no,no,NHSCA High School Nationals
John Rowland,NY,unknown,2025,2025,182,3,yes,yes,yes,no,NHSCA High School Nationals
Zach Boudreau,NY,unknown,2026,2026,113,3,yes,yes,yes,no,NHSCA High School Nationals
Vincent Coppola,NY,unknown,2026,2026,152,3,yes,yes,yes,no,NHSCA High School Nationals
Maximus Heckman,NY,unknown,2026,2026,160,3,yes,yes,yes,no,NHSCA High School Nationals
Luke LeBlanc,NY,unknown,2025,2025,120,2,yes,yes,yes,no,NHSCA High School Nationals
Connor Murphy,NY,unknown,2025,2025,126,2,yes,yes,yes,no,NHSCA High School Nationals
Joseph Marotta,NY,unknown,2025,2025,152,2,yes,yes,yes,no,NHSCA High School Nationals
Cole DeLuca,NY,unknown,2025,2025,105,2,yes,yes,yes,no,NHSCA High School Nationals
Joseph DiMaria,NY,unknown,2025,2025,152,2,yes,yes,yes,no,NHSCA High School Nationals
Jaxon Koenig,NY,unknown,2025,2025,182,2,yes,yes,yes,no,NHSCA High School Nationals
Toma Smith,NY,unknown,2025,2025,180,2,yes,yes,yes,no,NHSCA High School Nationals
Tyler Williams,NY,unknown,2026,2026,106,2,yes,yes,yes,no,NHSCA High School Nationals
Yousef Moslehi,NY,unknown,2025,2025,285,2,yes,yes,yes,no,NHSCA High School Nationals
Maxwell Johnson-Summers,NY,unknown,2026,2026,120,2,yes,yes,yes,no,NHSCA High School Nationals
Ariana Xie,NY,unknown,2026,2026,132,2,yes,yes,yes,no,NHSCA High School Nationals
Jaden Bilicki,NY,unknown,2026,2026,152,2,yes,yes,yes,no,NHSCA High School Nationals
Jonathan Abzun,NY,unknown,2026,2026,152,2,yes,yes,yes,no,NHSCA High School Nationals
Ryan Townsend,NY,unknown,2026,2026,285,2,yes,yes,yes,no,NHSCA High School Nationals
Ryan Kennedy,OH,unknown,2025,2023 2024 2025,120 126 132 138 144,47,yes,yes,no,yes,NHSCA High School Nationals
Braydon Studer,OH,unknown,2026,2024 2025 2026,113 120,32,yes,yes,yes,yes,NHSCA High School Nationals
Isaiah Callahan,OH,unknown,2026,2023 2024 2025 2026,126 138 144 150,31,yes,yes,no,no,Super 32
Anthony Kroninger,OH,unknown,2025,2023 2024 2025,170 175 182 190,29,yes,no,no,yes,Fargo Junior Freestyle
Liam Montgomery,OH,unknown,2025,2023 2024 2025,120 126 132,26,yes,yes,no,no,NHSCA High School Nationals
Mason Garno,OH,unknown,2026,2025 2026,215 220,25,yes,yes,yes,yes,NHSCA High School Nationals
Dmytro Chubenko,OH,unknown,2025,2023 2024 2025,132 138 150,25,yes,no,no,yes,Fargo Junior Greco-Roman
Samuel Adams,OH,unknown,2025,2024 2025,94 113 120,24,yes,yes,no,no,NHSCA High School Nationals
Weston Borgers,OH,unknown,2025,2024 2025,120 138,23,yes,yes,no,yes,Fargo 16U Freestyle
Jakob Hoke,OH,unknown,2026,2025 2026,175,23,yes,no,no,yes,Fargo Junior Freestyle
Maksym Chubenko,OH,unknown,2025,2023 2024 2025,138 144,23,yes,no,no,yes,Fargo Junior Greco-Roman
Tristan Gibson,OH,unknown,2026,2024 2025 2026,142 152 165 170 175,22,yes,yes,yes,no,NHSCA High School Nationals
Xander Webber,OH,unknown,2026,2025 2026,94 113,22,yes,no,no,yes,Fargo 16U Freestyle
Gabriel McNally,OH,unknown,2026,2025 2026,160 175 182,21,yes,yes,no,yes,NHSCA High School Nationals
Colton Domer,OH,unknown,2026,2023 2024 2025 2026,152 154 160 170,20,yes,no,no,yes,NHSCA High School Nationals
Peyton Ogles,OH,unknown,2026,2025 2026,165 170 175,20,yes,yes,yes,no,NHSCA High School Nationals
Brandon Veno,OH,unknown,2025,2023 2024 2025,120 126 138,19,yes,yes,no,no,NHSCA High School Nationals
Jackson Gayheart,OH,unknown,2026,2025 2026,190 195,19,yes,yes,yes,no,NHSCA High School Nationals
Thomas Gorski,OH,unknown,2026,2025 2026,138 152 157,17,yes,yes,yes,yes,NHSCA High School Nationals
Daniel Hoke,OH,unknown,2026,2025 2026,215,16,yes,yes,no,no,Fargo Junior Freestyle
Isaak Wickham,OH,unknown,2026,2024 2025 2026,132 145,15,yes,yes,no,no,NHSCA High School Nationals
Talon Boyd,OH,unknown,2026,2024 2025 2026,160 170 175,15,yes,yes,no,no,NHSCA High School Nationals
Gauge Woods,OH,unknown,2026,2025 2026,182 190,15,yes,yes,yes,yes,NHSCA High School Nationals
Ryker Leonard,OH,unknown,2026,2024 2025 2026,88 94 100,15,yes,no,no,yes,Fargo Junior Freestyle
Jayden Maillard,OH,unknown,2026,2025 2026,132 138,14,yes,yes,yes,no,NHSCA High School Nationals
Matthew Frey,OH,unknown,2026,2023 2024 2026,154 170 182,14,yes,yes,yes,no,NHSCA High School Nationals
Gabe Stevens,OH,unknown,2026,2024 2025 2026,120 126,13,yes,yes,no,no,NHSCA High School Nationals
Dalin Mendell,OH,unknown,2026,2025 2026,127 142 144,13,yes,yes,no,yes,NHSCA High School Nationals
Michael Hamsher,OH,unknown,2026,2024 2025 2026,180 230,13,yes,no,no,yes,NHSCA High School Nationals
Bentley Gayheart,OH,unknown,2026,2025 2026,160 165,13,yes,yes,yes,yes,NHSCA High School Nationals
Maxwell Beck,OH,unknown,2026,2023 2024 2026,113 120 138,13,yes,yes,yes,no,NHSCA High School Nationals
Cameron Smith,OH,unknown,2026,2026,88,13,yes,no,no,yes,Fargo 16U Freestyle
Luke Gorski,OH,unknown,2025,2024 2025,120 132,12,yes,yes,no,yes,NHSCA High School Nationals
Hunter Hinkle,OH,unknown,2026,2024 2025 2026,126 132 152,12,yes,yes,yes,no,NHSCA High School Nationals
Jaycion Everett,OH,unknown,2026,2024 2025 2026,132 145,12,yes,yes,no,no,NHSCA High School Nationals
Kolten Hmel,OH,unknown,2025,2024 2025,138,12,yes,yes,yes,yes,NHSCA High School Nationals
Mason Pitzen,OH,unknown,2026,2025 2026,100 112,12,yes,yes,yes,yes,NHSCA High School Nationals
Noah Sandlin,OH,unknown,2026,2026,182 190,12,yes,yes,yes,yes,NHSCA High School Nationals
Carter Smith,OH,unknown,2025,2025,94 106,12,yes,no,no,yes,Super 32
Gabe McNally,OH,unknown,2026,2024 2025 2026,165 175 190,12,yes,yes,no,no,Fargo 16U Freestyle
Jaxon Holtz,OH,unknown,2026,2025 2026,88 94,12,yes,no,no,yes,Fargo 16U Freestyle
Nathan Moser,OH,unknown,2025,2024 2025,126 132 138,11,yes,yes,yes,no,Super 32
Dylan Miller,OH,unknown,2026,2024 2025 2026,132 138 152,11,yes,yes,yes,no,NHSCA High School Nationals
Dominic McCullough,OH,unknown,2026,2024 2025 2026,230 285,11,yes,no,no,yes,NHSCA High School Nationals
Andrew Moro,OH,unknown,2026,2025 2026,145 150,11,yes,yes,no,no,NHSCA High School Nationals
Finnegan Meade,OH,unknown,2026,2026,127,11,yes,no,no,yes,NHSCA High School Nationals
Tamyia Whittsette,OH,Girls,2026,2025 2026,185 190,11,yes,yes,yes,no,NHSCA High School Nationals
Danny Waite II,OH,unknown,2025,2024 2025,132 145,10,yes,yes,no,no,NHSCA High School Nationals
John Childs,OH,unknown,2026,2023 2025 2026,120 145,10,yes,yes,yes,no,NHSCA High School Nationals
Mason Rider,OH,unknown,2025,2023 2024 2025,138 145 152,10,yes,yes,no,no,NHSCA High School Nationals
Landon Lucas,OH,unknown,2026,2025 2026,175 190,10,yes,yes,no,no,Fargo 16U Freestyle
Josiah Puller,OH,unknown,2025,2025,150,10,yes,yes,no,no,Fargo 16U Greco-Roman
Maddux Nauman,OH,unknown,2026,2025 2026,132 138,9,yes,yes,yes,no,NHSCA High School Nationals
Joey Heskett,OH,unknown,2026,2025 2026,126 132 138,9,yes,yes,yes,no,Super 32
Christopher Soeder,OH,unknown,2026,2026,215,9,yes,no,no,yes,Fargo 16U Freestyle
Andrea Acheampong,OH,Girls,2026,2025 2026,115 120,9,yes,yes,no,no,Fargo Junior Women's Freestyle
Luke Spiess,OH,unknown,2026,2024 2025 2026,106 126 138,8,yes,yes,yes,no,NHSCA High School Nationals
Andrew Druschel,OH,unknown,2026,2025 2026,132 138,8,yes,yes,yes,no,NHSCA High School Nationals
Brody Palm,OH,unknown,2026,2025 2026,138 145,8,yes,yes,yes,no,NHSCA High School Nationals
Denis Kodakov Gil,OH,unknown,2025,2025,152,8,yes,yes,yes,yes,NHSCA High School Nationals
Paul Gallo,OH,unknown,2025,2023 2024 2025,170 190 195,8,yes,yes,no,no,NHSCA High School Nationals
Dillon King,OH,unknown,2025,2023 2025,195 220,8,yes,no,no,yes,NHSCA High School Nationals
Grady Hayden,OH,unknown,2026,2026,152,8,yes,yes,no,yes,NHSCA High School Nationals
Anderson Palian,OH,unknown,2025,2024 2025,285,8,yes,yes,no,no,Super 32
Lincoln James,OH,unknown,2026,2026,150,8,yes,no,no,yes,Fargo 16U Freestyle
Lyric Hetzer,OH,Girls,2025,2025,110,8,yes,no,no,yes,Fargo 16U Women's Freestyle
Matthew Tomaino,OH,unknown,2026,2026,145,7,yes,yes,no,no,NHSCA High School Nationals
Khary Jr McCall,OH,unknown,2026,2026,170,7,yes,yes,no,no,NHSCA High School Nationals
Parker Workman,OH,unknown,2026,2026,100,7,yes,no,no,yes,Fargo 16U Freestyle
Lucas Mitchell,OH,unknown,2026,2025 2026,132 152,6,yes,yes,yes,no,NHSCA High School Nationals
Hayden DiPuccio,OH,unknown,2025,2024 2025,170,6,yes,yes,yes,no,NHSCA High School Nationals
Isabella Ndinga Mbappe,OH,unknown,2026,2026,114,6,yes,yes,no,no,NHSCA High School Nationals
Ayden Hudson,OH,unknown,2026,2024 2026,126 132,6,yes,yes,yes,no,NHSCA High School Nationals
Cael Smith,OH,unknown,2026,2026,150,6,yes,yes,no,no,Fargo 16U Freestyle
Makenley Harker,OH,Girls,2026,2025 2026,95 100,6,yes,yes,yes,no,Fargo 16U Women's Freestyle
Raena Todhunter,OH,Girls,2026,2025 2026,100 105,6,yes,yes,no,no,Fargo 16U Women's Freestyle
Addison Lyon,OH,Girls,2025,2025,135,6,yes,yes,no,no,Fargo Junior Women's Freestyle
Jackson Love,OH,unknown,2026,2025 2026,170 182,5,yes,yes,yes,no,NHSCA High School Nationals
Ta'Mya Bouie,OH,unknown,2026,2026,114,5,yes,yes,yes,no,NHSCA High School Nationals
JayZhan Jones,OH,unknown,2026,2026,138,5,yes,yes,yes,no,NHSCA High School Nationals
Gage Stull,OH,unknown,2026,2026,220,5,yes,yes,yes,no,NHSCA High School Nationals
Robert Bowers,OH,unknown,2026,2026,285,5,yes,no,no,yes,NHSCA High School Nationals
John Riley,OH,unknown,2026,2025 2026,144 150,5,yes,yes,yes,no,Fargo Junior Greco-Roman
Russell David Little,OH,unknown,2025,2025,145,4,yes,yes,yes,no,NHSCA High School Nationals
Janna Rahman,OH,unknown,2026,2026,120,4,yes,yes,yes,no,NHSCA High School Nationals
Nadia Johnson,OH,unknown,2026,2026,235,4,yes,yes,no,no,NHSCA High School Nationals
Alanna Smith,OH,Girls,2025,2025,135,4,yes,yes,no,no,Fargo 16U Women's Freestyle
John (Jack) Berry,OH,unknown,2025,2025,160,3,yes,yes,yes,no,NHSCA High School Nationals
Vincenzo Busdeker,OH,unknown,2025,2025,127,3,yes,yes,yes,no,NHSCA High School Nationals
Anthony Salazar,OH,unknown,2025,2025,170,3,yes,yes,yes,no,NHSCA High School Nationals
Calvin Edwards,OH,unknown,2025,2025,182,3,yes,yes,yes,no,NHSCA High School Nationals
Blake Wilson,OH,unknown,2026,2026,106,3,yes,yes,yes,no,NHSCA High School Nationals
Mallory Meggitt,OH,unknown,2026,2026,126,3,yes,yes,no,no,NHSCA High School Nationals
Zyon Smith,OH,unknown,2026,2026,126,3,yes,yes,no,no,NHSCA High School Nationals
JoJo Bogan,OH,unknown,2026,2026,235,3,yes,yes,yes,no,NHSCA High School Nationals
Braylon McNett,OH,unknown,2026,2026,220,3,yes,yes,yes,no,NHSCA High School Nationals
Carter Martin,OH,unknown,2026,2026,157,3,yes,yes,no,no,Fargo 16U Freestyle
Chaniella Carter-Sparks,OH,unknown,2026,2026,120,2,yes,yes,yes,no,NHSCA High School Nationals
Waylon Hertel,OH,unknown,2026,2026,145,2,yes,yes,yes,no,NHSCA High School Nationals
Bradley Fischer,OH,unknown,2025,2025,144,2,yes,yes,yes,no,Super 32
Colten Pollock,OH,unknown,2025,2025,150,2,yes,yes,yes,no,Fargo 16U Freestyle
Austin Kawanishi,OH,unknown,2025,2025,132,2,yes,yes,yes,no,Fargo Junior Greco-Roman
F Thomas Lindsay,OH,unknown,2025,2025,132,1,yes,no,no,yes,Fargo 16U Freestyle
Thomas Verrette,OK,unknown,2025,2024 2025,132 138 144,38,yes,yes,no,yes,Super 32
Diesel Pedersen,OK,unknown,2026,2024 2025 2026,132 138 150 157,23,yes,yes,no,yes,Fargo 16U Greco-Roman
Reyon Williams,OK,unknown,2025,2024 2025,165 175,17,yes,yes,yes,no,Fargo 16U Greco-Roman
Thomas Baker,OK,unknown,2025,2024 2025,126,15,yes,no,no,yes,NHSCA High School Nationals
Clover Williams,OK,Girls,2026,2025 2026,140,15,yes,no,no,yes,Fargo 16U Women's Freestyle
Rhodes Molenda,OK,unknown,2025,2025,285,14,yes,no,no,yes,Super 32
Levi Dicksion,OK,unknown,2025,2024 2025,138 144,14,yes,yes,yes,no,Fargo 16U Freestyle
Corbin Wooley,OK,unknown,2025,2024 2025,144 150 157,14,yes,yes,yes,no,Fargo 16U Greco-Roman
Marcel Hawkins,OK,unknown,2026,2026,138,14,yes,no,no,yes,Fargo 16U Freestyle
Kyrian Perez,OK,Girls,2026,2025 2026,100,13,yes,no,no,yes,Fargo Junior Women's Freestyle
Korbin Ingram,OK,unknown,2026,2025 2026,144 150,11,yes,yes,no,no,Fargo 16U Freestyle
Carsten Cagle,OK,unknown,2026,2025 2026,138 144,11,yes,yes,yes,no,Fargo 16U Greco-Roman
Rosco Lewis,OK,unknown,2026,2026,190,11,yes,no,no,yes,Fargo 16U Freestyle
Devon Frazier,OK,unknown,2025,2024 2025,126 132,11,yes,yes,yes,no,Fargo Junior Freestyle
Max Burd,OK,unknown,2026,2026,120,10,yes,yes,no,no,Fargo 16U Freestyle
Slade Theriot,OK,unknown,2026,2025 2026,215 285,9,yes,yes,yes,no,Fargo 16U Freestyle
Dalton Perkins,OK,unknown,2026,2026,95,8,yes,no,no,yes,NHSCA High School Nationals
Bo Courtney,OK,unknown,2025,2024 2025,94 100,8,yes,yes,yes,no,Fargo Junior Freestyle
Jett George,OK,unknown,2026,2026,175,8,yes,yes,yes,no,Fargo 16U Freestyle
Kylee Ooton,OK,Girls,2026,2026,100,8,yes,yes,yes,yes,Fargo 16U Women's Freestyle
Sasha Williams,OK,Girls,2026,2026,140,8,yes,no,no,yes,Fargo 16U Women's Freestyle
Joshua Compton,OK,unknown,2025,2025,150,7,yes,yes,yes,no,Fargo 16U Greco-Roman
Rachel Garcia,OK,Girls,2026,2026,130,7,yes,no,no,yes,Fargo 16U Women's Freestyle
Talan Tucker,OK,unknown,2026,2025 2026,144 150,6,yes,yes,yes,no,Fargo 16U Freestyle
Colton Herron,OK,unknown,2026,2026,175,6,yes,yes,yes,no,Fargo 16U Freestyle
Ki&#039;Morah Cathey,OK,Girls,2026,2026,140,6,yes,no,no,yes,Fargo 16U Women's Freestyle
Rylan Harvey,OK,unknown,2026,2026,175 190,5,yes,yes,yes,no,Fargo Junior Freestyle
Tammie Shipman,OK,unknown,2026,2026,145,4,yes,yes,no,no,NHSCA High School Nationals
Wyatt Leonard,OK,unknown,2025,2025,165,2,yes,yes,yes,no,Fargo Junior Freestyle
Briar James,OK,unknown,2025,2025,150,2,yes,yes,yes,no,Fargo 16U Freestyle
Kenzie Hopper,OK,Girls,2025,2025,235,2,yes,yes,yes,no,Fargo 16U Women's Freestyle
Aidan Larson,OR,unknown,2026,2023 2024 2026,120 126 138,28,yes,yes,yes,no,Fargo Junior Freestyle
Joshua Enoch,OR,unknown,2026,2024 2025 2026,113 120,22,yes,no,no,yes,Fargo Junior Greco-Roman
Elliot Wullbrandt,OR,unknown,2026,2025 2026,132 138 144,18,yes,no,no,yes,Fargo 16U Freestyle
Olivia Hernandez,OR,Girls,2026,2026,100,6,yes,no,no,yes,Fargo 16U Women's Freestyle
Lee Issel,OR,unknown,2025,2025,138,5,yes,yes,yes,no,Fargo 16U Greco-Roman
Adyson Harper,OR,Girls,2025,2025,155,2,yes,yes,yes,no,Fargo 16U Women's Freestyle
Nicholas Singer,PA,unknown,2026,2023 2024 2025 2026,152 170 175 190,46,yes,yes,no,yes,Fargo Junior Freestyle
Jason Dube,PA,unknown,2026,2024 2025 2026,138 144 145 150,35,yes,no,no,yes,NHSCA High School Nationals
Wyatt Fry,PA,unknown,2025,2023 2024 2025,126 132 138 144 145,30,yes,yes,no,yes,NHSCA High School Nationals
Hayden Andrus,PA,unknown,2025,2023 2025,126 132 138,26,yes,no,no,yes,NHSCA High School Nationals
Lucas Reeves,PA,unknown,2026,2025 2026,132,26,yes,yes,no,no,Super 32
Caden Yanarella,PA,unknown,2025,2024 2025,132 138,26,yes,no,no,yes,Super 32
Ryan Mitchell,PA,unknown,2026,2024 2025 2026,138 145 152,25,yes,yes,no,yes,NHSCA High School Nationals
Aiden Beimel,PA,unknown,2025,2023 2024 2025,120 126,25,yes,yes,no,no,NHSCA High School Nationals
Jason Foutz,PA,unknown,2025,2023 2024 2025,100 106 113,25,yes,yes,yes,yes,Fargo Junior Freestyle
Levi Richmond,PA,unknown,2025,2023 2024 2025,132 144 150,25,yes,yes,yes,no,Fargo Junior Freestyle
Cole Householder,PA,unknown,2025,2023 2024 2025,144 150 157 165,24,yes,yes,no,no,Fargo Junior Freestyle
Jack Chamberlain,PA,unknown,2025,2023 2024 2025,160 165,23,yes,no,no,yes,NHSCA High School Nationals
Chaney Lewis Jr.,PA,unknown,2026,2025 2026,165,23,yes,yes,no,yes,Fargo 16U Freestyle
Luis Alberto-Desilva,PA,unknown,2025,2023 2024 2025,144 145,23,yes,no,no,yes,Fargo Junior Greco-Roman
Will McNeal,PA,unknown,2026,2025 2026,142 145 150,22,yes,yes,no,yes,NHSCA High School Nationals
Ned Kauffman,PA,unknown,2026,2023 2025 2026,126 138 144,22,yes,no,no,yes,Fargo Junior Greco-Roman
Eli Oberheim,PA,unknown,2026,2024 2025 2026,85 90 100,20,yes,no,no,yes,NHSCA High School Nationals
Jacob Bacon,PA,unknown,2025,2023 2024 2025,170 175,20,yes,yes,no,no,NHSCA High School Nationals
Justin Farnsworth,PA,unknown,2026,2024 2025 2026,100 113 126,20,yes,no,no,yes,Fargo Junior Freestyle
Sanchir Edington,PA,unknown,2026,2025 2026,112 120,19,yes,yes,yes,yes,NHSCA High School Nationals
Zavier Olver,PA,unknown,2026,2024 2025 2026,75 85 100,18,yes,yes,no,yes,NHSCA High School Nationals
Connor Gillahan,PA,unknown,2026,2024 2025 2026,182 190,18,yes,no,no,yes,NHSCA High School Nationals
Tyler Dekraker,PA,unknown,2025,2024 2025,132 138,18,yes,no,no,yes,Fargo Junior Freestyle
Declan O'Byrne,PA,unknown,2025,2025,138 144,17,yes,no,no,yes,NHSCA High School Nationals
Coy Bryson,PA,unknown,2025,2023 2024 2025,160 170,17,yes,yes,yes,no,NHSCA High School Nationals
Gabriel Dorman,PA,unknown,2025,2023 2024 2025,144 145 152 157,17,yes,yes,no,no,Fargo Junior Freestyle
Gabe Johnson,PA,unknown,2025,2023 2024 2025,142 160 170,16,yes,yes,no,yes,NHSCA High School Nationals
Emma Grimes,PA,Girls,2026,2025 2026,130 135,16,yes,no,no,yes,Fargo 16U Women's Freestyle
Fred Bachmann,PA,unknown,2025,2024 2025,113 132,15,yes,no,no,yes,Super 32
Brady Colville,PA,unknown,2025,2023 2024 2025,126 138 145,15,yes,yes,yes,no,NHSCA High School Nationals
Ryder Ream,PA,unknown,2026,2026,106,15,yes,yes,yes,yes,Fargo 16U Freestyle
Thomas Oswald,PA,unknown,2026,2024 2025 2026,120 126 132,14,yes,yes,yes,no,Super 32
Mikey McNeal,PA,unknown,2026,2025 2026,105 138,14,yes,no,no,yes,NHSCA High School Nationals
Joey Synan,PA,unknown,2025,2025,100 106,14,yes,no,no,yes,Super 32
Leo Murillo,PA,unknown,2025,2025,88,14,yes,no,no,yes,Fargo 16U Freestyle
Grayson Davis,PA,unknown,2025,2024 2025,119 132,14,yes,no,no,yes,Fargo 16U Freestyle
Neve O&#039;Byrne,PA,Girls,2026,2025 2026,125,14,yes,no,no,yes,Fargo 16U Women's Freestyle
Scott Lamplugh Jr,PA,unknown,2026,2024 2025 2026,135 152 170,13,yes,yes,yes,no,NHSCA High School Nationals
Emma Bacon,PA,Girls,2026,2025 2026,125 135,13,yes,no,no,yes,Fargo Junior Women's Freestyle
Gabe Campanelli,PA,unknown,2026,2025 2026,120,12,yes,no,no,yes,NHSCA High School Nationals
Shamus Regan,PA,unknown,2025,2024 2025,113 132,12,yes,no,no,yes,Fargo Junior Freestyle
Elaina Mercadante,PA,unknown,2026,2023 2024 2025 2026,114 120 126,11,yes,yes,yes,no,NHSCA High School Nationals
Joseph Gassert,PA,unknown,2025,2023 2025,285,11,yes,yes,yes,no,NHSCA High School Nationals
JoJo LaRocco,PA,unknown,2026,2026,106,11,yes,yes,no,no,NHSCA High School Nationals
Matthew O&#039;Neill,PA,unknown,2026,2026,150,11,yes,no,no,yes,Fargo Junior Freestyle
Nelson Villafane,PA,unknown,2026,2024 2026,75 100,11,yes,no,no,yes,Fargo 16U Freestyle
Jack Stonebraker,PA,unknown,2025,2025,100 106,11,yes,yes,no,yes,Fargo 16U Freestyle
Haydyn Horwat,PA,unknown,2026,2025 2026,75 90,10,yes,no,no,yes,NHSCA High School Nationals
Jackson Orrell,PA,unknown,2025,2023 2024 2025,120 126,10,yes,yes,no,no,NHSCA High School Nationals
Jax Brentzel,PA,unknown,2026,2025 2026,100 106,10,yes,yes,no,no,NHSCA High School Nationals
Gabriel Paradis,PA,unknown,2025,2024 2025,127 142,10,yes,yes,no,yes,NHSCA High School Nationals
Steve Mytych,PA,unknown,2026,2026,95,10,yes,no,no,yes,NHSCA High School Nationals
Riley Alcantar,PA,unknown,2025,2024 2025,106 120,10,yes,yes,no,no,Fargo 16U Freestyle
Remington LaFlamme,PA,Girls,2026,2025 2026,170,10,yes,no,no,yes,Fargo 16U Women's Freestyle
Lucia Crossken,PA,Girls,2026,2025 2026,130 135,10,yes,yes,yes,no,Fargo 16U Women's Freestyle
Pierce Reinhart,PA,unknown,2025,2024 2025,120 126,9,yes,yes,yes,no,NHSCA High School Nationals
Molly Leaf,PA,unknown,2026,2025 2026,132 138,9,yes,yes,yes,no,NHSCA High School Nationals
Kamora Gilbreath,PA,unknown,2026,2024 2025 2026,126,9,yes,yes,yes,no,NHSCA High School Nationals
Emma Arnold,PA,Girls,2026,2025 2026,138 140,9,yes,yes,yes,no,NHSCA High School Nationals
John Mozzani,PA,unknown,2025,2025,127,9,yes,no,no,yes,NHSCA High School Nationals
Michael Gibson,PA,unknown,2025,2024 2025,285,9,yes,yes,yes,no,NHSCA High School Nationals
Luke Benedict,PA,unknown,2026,2026,138,9,yes,no,no,yes,NHSCA High School Nationals
Nicky Negron jr,PA,unknown,2026,2026,152,9,yes,no,no,yes,NHSCA High School Nationals
Kade Chortanoff,PA,unknown,2026,2026,127,9,yes,no,no,yes,NHSCA High School Nationals
Thomas Potsko,PA,unknown,2026,2026,138 142,9,yes,yes,yes,yes,NHSCA High School Nationals
Robert MacDowell,PA,unknown,2026,2024 2026,230 285,9,yes,no,no,yes,NHSCA High School Nationals
Brennan Breisinger,PA,unknown,2026,2026,215,9,yes,no,no,yes,Fargo 16U Freestyle
Kaylee Dayhoff,PA,Girls,2026,2025 2026,125 130,9,yes,yes,yes,no,Fargo 16U Women's Freestyle
Connor Burns,PA,unknown,2026,2024 2025 2026,90 106 120,8,yes,yes,yes,no,NHSCA High School Nationals
Travis Walton,PA,unknown,2025,2023 2025,145 170,8,yes,yes,no,no,NHSCA High School Nationals
Christopher DellaBella,PA,unknown,2025,2023 2025,195 285,8,yes,yes,yes,no,NHSCA High School Nationals
Paeton Miller,PA,unknown,2026,2026,75,8,yes,no,no,yes,NHSCA High School Nationals
Walker Hoffman,PA,unknown,2026,2026,94,8,yes,no,no,yes,Fargo 16U Freestyle
Mitchell Chen,PA,unknown,2026,2026,132,8,yes,no,no,yes,Fargo 16U Freestyle
Grayson Hostetter,PA,unknown,2026,2026,150,8,yes,no,no,yes,Fargo 16U Freestyle
Zach LaBryer,PA,unknown,2025,2023 2024 2025,160 175,8,yes,yes,yes,no,Fargo Junior Greco-Roman
Raenah Smith,PA,Girls,2026,2026,125,8,yes,yes,no,yes,Fargo Junior Women's Freestyle
Dominik Coleman,PA,unknown,2025,2025,85,7,yes,no,no,yes,NHSCA High School Nationals
Mitchel Bailey,PA,unknown,2026,2026,170,7,yes,yes,yes,yes,NHSCA High School Nationals
Trevor Hess,PA,unknown,2026,2026,154,7,yes,no,no,yes,NHSCA High School Nationals
Timothy Schechterly,PA,unknown,2025,2024 2025,142 165,7,yes,yes,no,no,Super 32
Logan Rang,PA,unknown,2026,2026,88,7,yes,no,no,yes,Fargo 16U Freestyle
Lexi Pancoast,PA,Girls,2025,2025,95,7,yes,no,no,yes,Fargo 16U Women's Freestyle
Timi Coles,PA,Girls,2026,2026,100,7,yes,no,no,yes,Fargo 16U Women's Freestyle
Joey Cappa,PA,Girls,2025,2025,105 107,6,yes,yes,yes,no,NHSCA High School Nationals
Maddox Mehelic,PA,unknown,2025,2025,85,6,yes,yes,no,no,NHSCA High School Nationals
J. Eduardo Franco,PA,unknown,2025,2025,170,6,yes,yes,yes,no,NHSCA High School Nationals
Dom Butera,PA,unknown,2025,2024 2025,132,6,yes,yes,yes,no,Super 32
Garrett Whalen,PA,unknown,2026,2026,88,6,yes,no,no,yes,Fargo 16U Freestyle
Taylor Orner,PA,Girls,2025,2025,207,6,yes,no,no,yes,Fargo Junior Women's Freestyle
Hannah Hornick,PA,Girls,2025,2023 2024 2025,145 152 170,6,yes,yes,yes,no,NHSCA High School Nationals
Zaria Phillips,PA,unknown,2026,2025 2026,100 107,5,yes,yes,yes,no,NHSCA High School Nationals
Armani Malave,PA,unknown,2025,2025,120,5,yes,yes,no,no,NHSCA High School Nationals
Coy Koller,PA,unknown,2025,2025,152,5,yes,yes,no,no,NHSCA High School Nationals
Justin Bennethum,PA,unknown,2025,2025,165,5,yes,no,no,yes,NHSCA High School Nationals
Aiden Crouse,PA,unknown,2026,2026,112,5,yes,yes,yes,no,NHSCA High School Nationals
Trenton Kenny,PA,unknown,2026,2026,230,5,yes,no,no,yes,NHSCA High School Nationals
Joseph (J.J.) Mihalichko,PA,unknown,2026,2026,285,5,yes,no,no,yes,NHSCA High School Nationals
Grayden Paris,PA,unknown,2026,2026,88,5,yes,no,no,yes,Fargo 16U Freestyle
Riley McHenry,PA,unknown,2026,2025 2026,107 114,4,yes,yes,yes,no,NHSCA High School Nationals
Anthony Bellace,PA,unknown,2026,2025 2026,126 132,4,yes,yes,yes,no,NHSCA High School Nationals
Taysean Giles,PA,unknown,2025,2025,105,4,yes,yes,yes,no,NHSCA High School Nationals
Trent Reese,PA,unknown,2025,2025,152,4,yes,yes,yes,no,NHSCA High School Nationals
Dakoda Packer,PA,unknown,2025,2025,152,4,yes,yes,yes,no,NHSCA High School Nationals
Katherine (Kai) Czaplicki,PA,unknown,2025,2025,152,4,yes,yes,yes,no,NHSCA High School Nationals
Braelynn Lee,PA,unknown,2026,2025 2026,235,4,yes,yes,yes,no,NHSCA High School Nationals
Brendan Swift,PA,unknown,2026,2026,132,4,yes,yes,yes,no,NHSCA High School Nationals
Kaitlynn Arnold,PA,unknown,2026,2026,152,4,yes,yes,yes,no,NHSCA High School Nationals
Arshley Coulange,PA,unknown,2026,2026,165,4,yes,yes,no,no,NHSCA High School Nationals
Xavier Arciliares,PA,unknown,2026,2026,113,4,yes,yes,yes,no,Fargo Junior Greco-Roman
Kelly Zacherl,PA,Girls,2026,2026,100,4,yes,yes,yes,no,Fargo 16U Women's Freestyle
Cassidy Carl,PA,unknown,2025,2025,114,3,yes,yes,yes,no,NHSCA High School Nationals
Aden Stout,PA,unknown,2025,2025,138,3,yes,yes,no,no,NHSCA High School Nationals
Gunnar Faux,PA,unknown,2025,2025,95,3,yes,yes,yes,no,NHSCA High School Nationals
Julien Sepelyak,PA,unknown,2025,2025,170,3,yes,yes,yes,no,NHSCA High School Nationals
Benjamin Cruz,PA,unknown,2025,2025,182,3,yes,yes,yes,no,NHSCA High School Nationals
Ethan Koloski,PA,unknown,2025,2025,220,3,yes,yes,yes,no,NHSCA High School Nationals
Koralyz Luyando,PA,unknown,2026,2026,114,3,yes,yes,no,no,NHSCA High School Nationals
Alex Reiling,PA,unknown,2026,2026,170,3,yes,yes,no,no,NHSCA High School Nationals
Lawson Sparks,PA,unknown,2025,2025,106,3,yes,yes,no,no,Super 32
Cole Retos,PA,unknown,2026,2026,190,3,yes,yes,yes,no,Fargo 16U Freestyle
Myla Good,PA,Girls,2026,2026,140,3,yes,yes,yes,no,Fargo 16U Women's Freestyle
Kora Luyando,PA,unknown,2025,2025,107,2,yes,yes,yes,no,NHSCA High School Nationals
Erin Anglemyer,PA,unknown,2025,2025,114,2,yes,yes,yes,no,NHSCA High School Nationals
John Dadario,PA,unknown,2025,2025,170,2,yes,yes,yes,no,NHSCA High School Nationals
Nick Freehling,PA,unknown,2026,2026,106,2,yes,yes,yes,no,NHSCA High School Nationals
Mersadies Caris,PA,unknown,2026,2026,114,2,yes,yes,yes,no,NHSCA High School Nationals
Shay Branch,PA,unknown,2026,2026,120,2,yes,yes,yes,no,NHSCA High School Nationals
Ej Lingenfield,PA,unknown,2026,2026,138,2,yes,yes,yes,no,NHSCA High School Nationals
Paige Becker,PA,unknown,2026,2026,132,2,yes,yes,yes,no,NHSCA High School Nationals
Marco Hutcherson,PA,unknown,2025,2025,132,2,yes,yes,yes,no,Super 32
Kaz Morosetti,RI,unknown,2026,2023 2024 2025 2026,220 285,43,yes,yes,no,yes,NHSCA High School Nationals
Isael Perez,RI,unknown,2025,2023 2025,170 175 182,33,yes,no,no,yes,NHSCA High School Nationals
Robert Douangmala,RI,unknown,2025,2023 2024 2025,112 120 126,22,yes,yes,no,yes,NHSCA High School Nationals
Myles Burroughs,RI,unknown,2025,2024 2025,138 144 152,22,yes,no,no,yes,NHSCA High School Nationals
Robby Newton,RI,unknown,2026,2023 2024 2025 2026,106 113 120 126,21,yes,yes,yes,no,NHSCA High School Nationals
Andrew McCarthy,RI,unknown,2025,2024 2025,138 144,18,yes,no,no,yes,NHSCA High School Nationals
Preston Burroughs,RI,unknown,2025,2024 2025,154 157 160,18,yes,no,no,yes,NHSCA High School Nationals
Ashton Cornicelli,RI,unknown,2026,2024 2025 2026,75 88,14,yes,yes,yes,no,NHSCA High School Nationals
Gian Richardson,RI,unknown,2025,2024 2025,180 182,13,yes,no,no,yes,NHSCA High School Nationals
Emilio Santana,RI,unknown,2026,2023 2024 2025 2026,75 80 106,9,yes,yes,yes,no,NHSCA High School Nationals
Yovani Reyes,RI,unknown,2026,2024 2025 2026,90 100 105,9,yes,yes,yes,no,NHSCA High School Nationals
Aiden Grover,RI,unknown,2026,2024 2025 2026,142 152 160,9,yes,yes,yes,no,NHSCA High School Nationals
Desmond Archer,RI,unknown,2026,2024 2025 2026,142 145,9,yes,yes,yes,no,NHSCA High School Nationals
William Morosetti,RI,unknown,2026,2025 2026,230 285,9,yes,no,no,yes,NHSCA High School Nationals
Jaxson Grover,RI,unknown,2026,2024 2025 2026,127 142 152,8,yes,yes,yes,no,NHSCA High School Nationals
Matthew Williams,RI,unknown,2026,2025 2026,119 132,7,yes,yes,yes,no,NHSCA High School Nationals
Dylan Ross,RI,unknown,2026,2026,180,6,yes,no,no,yes,NHSCA High School Nationals
Aiden Clark,RI,unknown,2026,2025 2026,220,5,yes,yes,yes,no,NHSCA High School Nationals
Alijah Elefante,RI,unknown,2026,2026,230,5,yes,no,no,yes,NHSCA High School Nationals
Ezrah Schonrog,RI,unknown,2026,2026,195,5,yes,yes,yes,yes,NHSCA High School Nationals
Louie Pacheco,RI,unknown,2025,2025,160,4,yes,yes,yes,no,NHSCA High School Nationals
Dino De Marzio,RI,unknown,2026,2026,132,3,yes,yes,yes,no,NHSCA High School Nationals
Tobias Stockwell,RI,unknown,2026,2026,145,3,yes,yes,yes,no,NHSCA High School Nationals
Max Vasquez,RI,unknown,2025,2025,138,2,yes,yes,yes,no,NHSCA High School Nationals
Anthony Gordaner,RI,unknown,2025,2025,220,2,yes,yes,yes,no,NHSCA High School Nationals
Ellason Hannon,RI,unknown,2026,2026,120,2,yes,yes,yes,no,NHSCA High School Nationals
Julian Gewirtz,RI,unknown,2026,2026,182,2,yes,yes,yes,no,NHSCA High School Nationals
Carter Lirgg,SC,unknown,2026,2024 2025 2026,80 95 100 106 113,32,yes,no,no,yes,NHSCA High School Nationals
William Tripp,SC,unknown,2026,2023 2024 2025 2026,150 152 160 165,32,yes,yes,yes,no,NHSCA High School Nationals
Shamus Regan,SC,unknown,2025,2023 2024 2025,106 120 132,24,yes,no,no,yes,Super 32
William Jakeway,SC,unknown,2025,2023 2024 2025,100 113 120,24,yes,no,no,yes,Fargo Junior Greco-Roman
Maximiliano Johnson,SC,unknown,2025,2023 2024 2025,112 120 126 132 144,21,yes,yes,yes,no,NHSCA High School Nationals
Will Edwards,SC,unknown,2025,2023 2024 2025,119 120 132 138,18,yes,yes,yes,no,NHSCA High School Nationals
Henry Martin Schultz,SC,unknown,2026,2023 2024 2025 2026,132 138 144,18,yes,yes,yes,no,NHSCA High School Nationals
Ryan Osolin,SC,unknown,2026,2025 2026,105 119,15,yes,yes,no,yes,NHSCA High School Nationals
Angely Mendez,SC,Girls,2026,2025 2026,114 115,14,yes,yes,no,no,NHSCA High School Nationals
Bryan Davis Jr,SC,unknown,2026,2023 2024 2025 2026,120 126,14,yes,yes,yes,no,NHSCA High School Nationals
Peter Vaporis,SC,unknown,2026,2024 2025 2026,120 138,13,yes,yes,yes,no,Super 32
Kj Keith,SC,unknown,2026,2025 2026,80 106,9,yes,no,no,yes,NHSCA High School Nationals
Caleb Wilson,SC,unknown,2025,2023 2024 2025,120 126 132,9,yes,yes,yes,no,NHSCA High School Nationals
Skylin Darnell,SC,Girls,2026,2026,120 125,9,yes,yes,yes,no,NHSCA High School Nationals
Nathan Ahlgren,SC,unknown,2026,2025 2026,100 113,8,yes,yes,yes,no,NHSCA High School Nationals
Jack Hannagan,SC,unknown,2026,2024 2025 2026,138 144 152,8,yes,yes,yes,no,NHSCA High School Nationals
Billy Hoelscher,SC,unknown,2025,2024 2025,220 285,8,yes,yes,yes,no,NHSCA High School Nationals
Juda Rowell,SC,unknown,2026,2026,126 132,8,yes,yes,yes,no,NHSCA High School Nationals
Thomas DeLauro,SC,unknown,2026,2026,180,8,yes,no,no,yes,NHSCA High School Nationals
Xavier Rodgers,SC,unknown,2025,2023 2024 2025,144 145 152,7,yes,yes,yes,no,NHSCA High School Nationals
Brett Ballard,SC,unknown,2026,2025 2026,127 142,7,yes,yes,no,no,NHSCA High School Nationals
Ej Gaters,SC,unknown,2025,2024 2025,220,7,yes,yes,yes,no,NHSCA High School Nationals
Dalton Hinson,SC,unknown,2026,2026,142,7,yes,no,no,yes,NHSCA High School Nationals
Caleb Casillas,SC,unknown,2026,2025 2026,142 160 165,6,yes,yes,yes,no,NHSCA High School Nationals
Liam Finney,SC,unknown,2026,2024 2026,95 120,6,yes,yes,no,no,NHSCA High School Nationals
Michael Buccino,SC,unknown,2026,2025 2026,113 120,5,yes,yes,yes,no,NHSCA High School Nationals
Jacob Javier,SC,unknown,2026,2025 2026,132 138,5,yes,yes,yes,no,NHSCA High School Nationals
Jacob Powell,SC,unknown,2025,2025,152,5,yes,yes,yes,no,NHSCA High School Nationals
Trey Dagenais,SC,unknown,2026,2024 2026,152 230,5,yes,yes,yes,no,NHSCA High School Nationals
Connor White,SC,unknown,2025,2024 2025,195 220,4,yes,yes,yes,no,NHSCA High School Nationals
William Spencer,SC,unknown,2026,2025 2026,152 160,4,yes,yes,yes,no,NHSCA High School Nationals
Nathan Moore,SC,unknown,2026,2025 2026,135 152,4,yes,yes,yes,no,NHSCA High School Nationals
Madilyn Beck,SC,unknown,2026,2026,107,4,yes,yes,no,no,NHSCA High School Nationals
Nova Estrada,SC,Girls,2026,2026,120,4,yes,yes,yes,no,Fargo 16U Women's Freestyle
John Matthew Stevens,SC,unknown,2025,2025,132,3,yes,yes,yes,no,NHSCA High School Nationals
Evan Majarais,SC,unknown,2025,2025,182,3,yes,yes,yes,no,NHSCA High School Nationals
Lorick Staton,SC,unknown,2026,2026,106,3,yes,yes,yes,no,NHSCA High School Nationals
Brynna Keys,SC,unknown,2026,2026,114,3,yes,yes,yes,no,NHSCA High School Nationals
Parker Dalgard,SC,unknown,2026,2026,120,3,yes,yes,yes,no,NHSCA High School Nationals
Audrey Naughton,SC,unknown,2026,2026,120,3,yes,yes,yes,no,NHSCA High School Nationals
Jake Lutz,SC,unknown,2026,2026,138,3,yes,yes,yes,no,NHSCA High School Nationals
Lillian Grigg,SC,unknown,2026,2026,235,3,yes,yes,no,no,NHSCA High School Nationals
Zachary Chrobocinski,SC,unknown,2025,2025,126,2,yes,yes,yes,no,NHSCA High School Nationals
Tanner Caster,SC,unknown,2025,2025,138,2,yes,yes,yes,no,NHSCA High School Nationals
Ethan Ruiz,SC,unknown,2026,2026,132,2,yes,yes,yes,no,NHSCA High School Nationals
Jairo Donis,SC,unknown,2026,2026,132,2,yes,yes,yes,no,NHSCA High School Nationals
Ethan Keisler,SC,unknown,2026,2026,142,2,yes,yes,yes,no,NHSCA High School Nationals
Bella Williams,SC,unknown,2026,2026,235,2,yes,yes,yes,no,NHSCA High School Nationals
Carson Dupill,SD,unknown,2025,2024 2025,120 126,13,yes,yes,no,no,Fargo Junior Freestyle
F Keenan Sheridan,SD,unknown,2025,2025,175,1,yes,no,no,yes,Fargo Junior Freestyle
Joseph Uhorchuk,TN,unknown,2026,2023 2024 2025 2026,106 113 120 126,73,yes,yes,no,yes,Super 32
Hudson Chittum,TN,unknown,2025,2023 2024 2025,88 106,29,yes,no,no,yes,Super 32
John Longley,TN,unknown,2026,2024 2025 2026,138 145 150,28,yes,yes,no,no,NHSCA High School Nationals
Qwyntan Dyer,TN,unknown,2026,2024 2025 2026,95 106 120,18,yes,yes,no,no,NHSCA High School Nationals
Jhakai Roller,TN,unknown,2026,2025 2026,100 113,17,yes,no,no,yes,Fargo 16U Freestyle
Susannah Duke,TN,Girls,2026,2024 2025 2026,107 114 115 125,16,yes,yes,yes,no,NHSCA High School Nationals
Chase Smith,TN,unknown,2026,2026,94,13,yes,no,no,yes,Fargo 16U Freestyle
Ryleigh Sturgill,TN,Girls,2026,2025 2026,100 105,13,yes,no,no,yes,Fargo 16U Women's Freestyle
Dauson Flint,TN,unknown,2025,2023 2024 2025,112 120 138,11,yes,yes,yes,no,NHSCA High School Nationals
Locke Sessions,TN,unknown,2025,2024 2025,106 113 126,11,yes,yes,yes,no,NHSCA High School Nationals
Evelin Ochoa,TN,unknown,2025,2024 2025,126 132,11,yes,yes,yes,no,NHSCA High School Nationals
Wyatt Ballay,TN,unknown,2026,2025 2026,75 80,10,yes,no,no,yes,NHSCA High School Nationals
Clayton Loftis,TN,unknown,2026,2025 2026,132 152 165,10,yes,yes,yes,no,NHSCA High School Nationals
Houston Rettig,TN,unknown,2026,2024 2025 2026,195 215 220,10,yes,yes,yes,no,NHSCA High School Nationals
Mac Jamison,TN,unknown,2025,2024 2025,75 80,9,yes,no,no,yes,NHSCA High School Nationals
Braxton Pulley,TN,unknown,2026,2026,220,9,yes,yes,yes,yes,NHSCA High School Nationals
Adam Perez,TN,unknown,2025,2023 2024 2025,126 132,8,yes,yes,yes,no,NHSCA High School Nationals
Ace Robinson,TN,unknown,2025,2024 2025,138,8,yes,yes,no,no,NHSCA High School Nationals
Brody Lewis,TN,unknown,2026,2025 2026,152,7,yes,yes,yes,no,NHSCA High School Nationals
Hunter Bales,TN,unknown,2026,2025 2026,132 145,6,yes,yes,no,no,NHSCA High School Nationals
Ethan Voorhees,TN,unknown,2026,2025 2026,170 182,6,yes,yes,no,no,NHSCA High School Nationals
Maddox Reed,TN,unknown,2026,2025 2026,152,5,yes,yes,yes,no,NHSCA High School Nationals
Ahvare Galbreath,TN,unknown,2025,2025,170,4,yes,yes,yes,no,NHSCA High School Nationals
Nate Wade,TN,unknown,2025,2025,182,4,yes,yes,yes,no,NHSCA High School Nationals
Thaddeus Yacopino,TN,unknown,2026,2026,105,4,yes,yes,yes,no,NHSCA High School Nationals
Landon Kelley,TN,unknown,2026,2026,152,4,yes,yes,no,no,NHSCA High School Nationals
Landen Dilley,TN,unknown,2026,2026,160,4,yes,yes,yes,no,NHSCA High School Nationals
Sophia Lee,TN,Girls,2026,2026,120,4,yes,yes,no,no,Fargo 16U Women's Freestyle
Seth Stanigar,TN,unknown,2025,2025,160,3,yes,yes,yes,no,NHSCA High School Nationals
Terrellyn Cannon,TN,unknown,2026,2026,145,3,yes,yes,yes,no,NHSCA High School Nationals
Caleb Gomes,TN,unknown,2026,2026,182,3,yes,yes,yes,no,NHSCA High School Nationals
Karson McCrary,TN,unknown,2026,2026,152,2,yes,yes,yes,no,NHSCA High School Nationals
Nia Gaskill,TN,unknown,2026,2026,235,2,yes,yes,yes,no,NHSCA High School Nationals
Catelynne Cays,TN,Girls,2025,2025,115,2,yes,yes,yes,no,Fargo Junior Women's Freestyle
Sean Perez Jr,TX,unknown,2026,2024 2025 2026,170 175 182,28,yes,yes,no,yes,NHSCA High School Nationals
Jonah Arellano,TX,unknown,2025,2023 2024 2025,113 120 126,27,yes,yes,yes,no,Fargo Junior Freestyle
Steel Meyers,TX,unknown,2025,2024 2025,145 165 170,25,yes,yes,no,yes,NHSCA High School Nationals
Grady Kelts,TX,unknown,2026,2025 2026,150 165 170,23,yes,yes,yes,yes,NHSCA High School Nationals
Walker Walls,TX,unknown,2025,2023 2024 2025,220 285,22,yes,yes,yes,yes,NHSCA High School Nationals
Hunter Avalos,TX,unknown,2025,2025,144,18,yes,yes,no,no,Super 32
Gabriel Rodriguez,TX,unknown,2026,2024 2025 2026,138 145,16,yes,yes,no,no,NHSCA High School Nationals
WIlliam Yoshida,TX,unknown,2026,2025 2026,106 113,15,yes,yes,yes,no,NHSCA High School Nationals
Diego Ramirez,TX,unknown,2026,2023 2024 2026,138 145 152,15,yes,yes,no,no,NHSCA High School Nationals
Javin Jackson-Bey,TX,unknown,2025,2024 2025,132 138,14,yes,no,no,yes,NHSCA High School Nationals
Alex Choo,TX,unknown,2026,2025 2026,126 132,14,yes,yes,no,no,NHSCA High School Nationals
D'Angelo Zuniga,TX,unknown,2025,2024 2025,112 120,13,yes,no,no,yes,NHSCA High School Nationals
Leslie Hall,TX,unknown,2026,2024 2025 2026,106 120 132,13,yes,yes,yes,no,Fargo Junior Freestyle
Damian Bodiu,TX,unknown,2026,2026,285,13,yes,no,no,yes,Fargo Junior Freestyle
Ethan Gentry,TX,unknown,2026,2025 2026,90 105,12,yes,no,no,yes,NHSCA High School Nationals
Caleb Hennig,TX,unknown,2026,2025 2026,126 138,10,yes,yes,yes,no,NHSCA High School Nationals
Nathaniel Burchfiel,TX,unknown,2025,2023 2024 2025,132 138,10,yes,yes,yes,no,NHSCA High School Nationals
Joshua Brooks,TX,unknown,2026,2026,138 144,10,yes,yes,yes,yes,NHSCA High School Nationals
Jax Zamarripa,TX,unknown,2026,2025 2026,138 144,10,yes,yes,yes,no,Fargo 16U Greco-Roman
Andrew Rodriguez,TX,unknown,2026,2026,106 152,9,yes,yes,no,no,NHSCA High School Nationals
Jackson Barnhisel,TX,unknown,2025,2025,220 285,9,yes,yes,yes,yes,NHSCA High School Nationals
Lilli Ramos,TX,Girls,2026,2025 2026,145 165,9,yes,yes,no,no,NHSCA High School Nationals
Mikey Ruiz,TX,unknown,2025,2025,126,9,yes,yes,no,yes,Fargo Junior Freestyle
Bryce Lavoie,TX,unknown,2026,2026,120,8,yes,yes,yes,no,Fargo 16U Freestyle
Tyler Donnette,TX,unknown,2026,2024 2026,138 145,7,yes,yes,no,no,NHSCA High School Nationals
Aaron Rodriguez,TX,unknown,2026,2026,112,7,yes,yes,no,no,NHSCA High School Nationals
Isaiah Goff,TX,unknown,2025,2024 2025,195 220,6,yes,yes,yes,no,NHSCA High School Nationals
Ryu Renzo Calderon,TX,unknown,2026,2026,120,6,yes,yes,no,no,NHSCA High School Nationals
Carter Cox,TX,unknown,2025,2025,150,6,yes,yes,yes,no,Fargo 16U Greco-Roman
Arian Cardenas,TX,unknown,2026,2026,190,6,yes,yes,yes,no,Fargo 16U Freestyle
Alexa Rodriguez Lopez,TX,Girls,2025,2025,95,6,yes,no,no,yes,Fargo Junior Women's Freestyle
Landri VonGonten,TX,Girls,2025,2025,130,6,yes,yes,no,yes,Fargo 16U Women's Freestyle
Audrey Cunningham,TX,Girls,2026,2026,110,6,yes,no,no,yes,Fargo 16U Women's Freestyle
Alessandra Toscano,TX,unknown,2025,2025,107,5,yes,yes,no,no,NHSCA High School Nationals
Jackson Ewing,TX,unknown,2026,2026,145,5,yes,yes,yes,no,NHSCA High School Nationals
Rykardo Villafuerte,TX,unknown,2025,2025,100,5,yes,yes,yes,no,Fargo Junior Greco-Roman
Fernando Jimeno,TX,unknown,2026,2026,113,5,yes,yes,no,no,Fargo 16U Freestyle
Devin M Quantz,TX,unknown,2025,2025,285,4,yes,yes,yes,no,NHSCA High School Nationals
Caedon Nelson,TX,unknown,2026,2026,160,4,yes,yes,yes,no,NHSCA High School Nationals
Deshaun Lebron,TX,unknown,2026,2026,106,4,yes,yes,yes,no,Fargo Junior Freestyle
Harvey Mills,TX,unknown,2026,2026,175,4,yes,yes,yes,no,Fargo 16U Freestyle
Kylie Smith,TX,Girls,2025,2024 2025,107 115,4,yes,yes,yes,no,NHSCA High School Nationals
Sofia Vaca,TX,Girls,2026,2026,155,4,yes,yes,no,no,Fargo Junior Women's Freestyle
Hazel Zamora,TX,unknown,2026,2026,126,3,yes,yes,yes,no,NHSCA High School Nationals
Brayden James,TX,unknown,2025,2025,106,3,yes,yes,no,no,Fargo 16U Freestyle
Soliel Macias,TX,Girls,2026,2026,170,3,yes,yes,no,no,Fargo 16U Women's Freestyle
Chuck Stevens,TX,unknown,2026,2026,132,2,yes,yes,yes,no,NHSCA High School Nationals
Alexander Trevino,TX,unknown,2026,2026,138,2,yes,yes,yes,no,NHSCA High School Nationals
Keian Linnell,UT,unknown,2026,2024 2025 2026,75 88,20,yes,no,no,yes,NHSCA High School Nationals
Tyler Khoundet,UT,unknown,2025,2023 2024 2025,126 132 138,19,yes,yes,yes,no,NHSCA High School Nationals
Joseph Whitford,UT,unknown,2026,2025 2026,127 138 145,18,yes,no,no,yes,NHSCA High School Nationals
Grady Swalberg,UT,unknown,2026,2025 2026,100 106,18,yes,no,no,yes,Fargo Junior Freestyle
Caleb Heyder,UT,unknown,2026,2025 2026,88 94,17,yes,no,no,yes,Fargo 16U Freestyle
Zion Talia,UT,unknown,2026,2024 2026,175 182 190,14,yes,yes,no,no,NHSCA High School Nationals
Hunter Hurl,UT,unknown,2025,2024 2025,106 126,14,yes,yes,no,yes,Fargo Junior Greco-Roman
Kyler Olson,UT,unknown,2025,2024 2025,180 215 220,13,yes,yes,yes,yes,NHSCA High School Nationals
Gunner Knudsen,UT,unknown,2026,2026,132,13,yes,no,no,yes,Fargo 16U Freestyle
Tevia Nau Rarick,UT,Girls,2026,2025 2026,190,11,yes,yes,no,yes,Fargo 16U Women's Freestyle
Kamon Thompson,UT,unknown,2026,2025 2026,157 160,8,yes,yes,yes,no,NHSCA High School Nationals
Tyler Carlos,UT,unknown,2026,2025 2026,113 126,6,yes,yes,yes,no,NHSCA High School Nationals
Jake Zesiger,UT,unknown,2026,2026,113,6,yes,yes,no,no,NHSCA High School Nationals
Ben Ploehn,UT,unknown,2025,2025,126,5,yes,yes,no,no,NHSCA High School Nationals
Chase Weight,UT,unknown,2026,2026,106,5,yes,yes,yes,no,NHSCA High School Nationals
Korvin Bayles,UT,unknown,2026,2026,132,5,yes,yes,no,no,Fargo 16U Freestyle
Samuel Birch,UT,unknown,2026,2026,175,5,yes,yes,yes,no,Fargo 16U Freestyle
Andrew Jones,UT,unknown,2025,2025,126,4,yes,yes,yes,no,NHSCA High School Nationals
Evan Brubaker,UT,unknown,2026,2026,150,4,yes,yes,yes,no,Fargo 16U Freestyle
Dillan Thacker,UT,unknown,2026,2026,182,2,yes,yes,yes,no,NHSCA High School Nationals
Tyler Hood,VA,unknown,2025,2023 2024 2025,138 145 150 152,53,yes,yes,no,yes,NHSCA High School Nationals
Royce Wetzler,VA,unknown,2026,2023 2024 2025 2026,90 106 113 120,51,yes,no,no,yes,NHSCA High School Nationals
Henry Jones,VA,unknown,2026,2024 2025 2026,119 120 126 132,44,yes,yes,no,no,NHSCA High School Nationals
Drew Roggie,VA,unknown,2025,2023 2024 2025,113 120 126 132,39,yes,no,no,yes,NHSCA High School Nationals
Townsend Winans,VA,unknown,2026,2023 2024 2025 2026,170 182 190 195,38,yes,yes,no,no,NHSCA High School Nationals
Noah Rankin,VA,unknown,2026,2023 2024 2025 2026,113 120 126 138,38,yes,yes,yes,no,NHSCA High School Nationals
William Brooks,VA,unknown,2026,2023 2024 2025 2026,145 152 157 160 165,37,yes,yes,yes,no,NHSCA High School Nationals
Lance Clelland,VA,unknown,2026,2023 2024 2025 2026,220 230 285,35,yes,yes,no,yes,NHSCA High School Nationals
Hayden Thompson,VA,unknown,2025,2023 2024 2025,120 126 138 144 145 150,31,yes,yes,yes,no,NHSCA High School Nationals
Emmitt Henley,VA,unknown,2026,2023 2024 2025 2026,100 119 127 138 144 150,31,yes,yes,no,yes,NHSCA High School Nationals
Zachary Leftwich,VA,unknown,2026,2025 2026,215 230,26,yes,no,no,yes,NHSCA High School Nationals
Benjamin Proper,VA,unknown,2026,2024 2026,105 120,25,yes,no,no,yes,NHSCA High School Nationals
Dennis Barker,VA,unknown,2026,2023 2024 2025 2026,135 142 144 145 150,23,yes,yes,yes,no,NHSCA High School Nationals
Elijah Hill,VA,unknown,2026,2024 2025 2026,145 150 152,23,yes,yes,yes,no,NHSCA High School Nationals
Kael Macdonald,VA,unknown,2026,2025 2026,180 182 190,22,yes,yes,yes,yes,NHSCA High School Nationals
Abai Beishembiev,VA,unknown,2026,2023 2024 2025 2026,138 144 145 152,21,yes,yes,no,no,NHSCA High School Nationals
Trent Carter,VA,unknown,2026,2024 2025 2026,85 100 106 113,20,yes,yes,yes,no,NHSCA High School Nationals
Jacob Stewart,VA,unknown,2026,2023 2024 2025 2026,120 132,19,yes,yes,yes,no,NHSCA High School Nationals
Preston Van Hoven,VA,unknown,2025,2023 2024 2025,75 85,18,yes,yes,yes,yes,NHSCA High School Nationals
William Potter IV,VA,unknown,2026,2024 2025 2026,182 195,18,yes,no,no,yes,NHSCA High School Nationals
Olivia Mancha,VA,Girls,2026,2025 2026,95 100,17,yes,yes,yes,no,NHSCA High School Nationals
Ashton-Michael Ritz,VA,unknown,2026,2024 2025 2026,152 160 165 170 175,17,yes,yes,no,no,NHSCA High School Nationals
Kameron Harrell,VA,unknown,2026,2023 2025 2026,106 113,16,yes,no,no,yes,NHSCA High School Nationals
Aaron McDonald,VA,unknown,2026,2024 2025 2026,119 142 154,15,yes,no,no,yes,NHSCA High School Nationals
Caleb Haney,VA,unknown,2025,2024 2025,126 132 138,14,yes,yes,no,no,NHSCA High School Nationals
Autumn Smith,VA,unknown,2026,2024 2025 2026,120 126 132,14,yes,yes,yes,no,NHSCA High School Nationals
Chase Hughes,VA,unknown,2026,2024 2025 2026,127 152 160 165,13,yes,yes,yes,no,NHSCA High School Nationals
Gary English,VA,unknown,2026,2024 2025 2026,132 138,12,yes,yes,yes,no,NHSCA High School Nationals
Nicolas Barrett,VA,unknown,2026,2025 2026,138 142 160,12,yes,yes,yes,yes,NHSCA High School Nationals
Braxton Rankin,VA,unknown,2026,2025 2026,100 106,12,yes,yes,yes,no,NHSCA High School Nationals
Paul Eaton,VA,unknown,2026,2025 2026,106 113,11,yes,yes,no,no,NHSCA High School Nationals
Evan Herlands,VA,unknown,2026,2024 2025 2026,165 170,11,yes,yes,no,no,NHSCA High School Nationals
Micah Gillespie,VA,unknown,2025,2023 2024 2025,220 285,11,yes,yes,yes,no,NHSCA High School Nationals
"Jeremy Cannedy, Jr.",VA,unknown,2026,2025 2026,120 126,10,yes,yes,yes,no,Fargo 16U Freestyle
Adam Gordy,VA,unknown,2026,2025 2026,80 95,9,yes,no,no,yes,NHSCA High School Nationals
Mahalia Adams,VA,Girls,2025,2025,190 235,9,yes,yes,no,yes,NHSCA High School Nationals
Ryker Carter,VA,unknown,2026,2023 2024 2025 2026,112 127 154 160,9,yes,yes,yes,no,NHSCA High School Nationals
Kenneth Eaton,VA,unknown,2026,2023 2025 2026,75 94 106,9,yes,yes,yes,no,NHSCA High School Nationals
Joshua Golightly Jr.,VA,unknown,2026,2026,120,9,yes,yes,yes,no,Fargo 16U Freestyle
Jacob Bothell,VA,unknown,2026,2024 2025 2026,113 126,8,yes,yes,yes,no,NHSCA High School Nationals
Ryder Allen,VA,unknown,2026,2023 2025 2026,145 152,8,yes,yes,yes,no,NHSCA High School Nationals
Curtis Cubbage,VA,unknown,2026,2026,127,8,yes,no,no,yes,NHSCA High School Nationals
Seth Hopkins,VA,unknown,2026,2024 2025 2026,85 100 113,7,yes,yes,yes,no,NHSCA High School Nationals
Sawyer Roper,VA,unknown,2026,2025 2026,105 112,7,yes,yes,yes,no,NHSCA High School Nationals
Liam O?Neill,VA,unknown,2026,2026,90,7,yes,no,no,yes,NHSCA High School Nationals
Brady Cramer,VA,unknown,2026,2024 2026,120 132,6,yes,yes,yes,no,NHSCA High School Nationals
Jackson Ruppel-Lee,VA,unknown,2026,2024 2025 2026,160 170,6,yes,yes,yes,no,NHSCA High School Nationals
Brady Zabriskie,VA,unknown,2025,2024 2025,90 100,6,yes,yes,yes,no,NHSCA High School Nationals
Olivia Smith,VA,Girls,2026,2026,114 120,6,yes,yes,yes,no,NHSCA High School Nationals
Lazaro Torralba Bridon,VA,unknown,2026,2026,152,6,yes,yes,no,no,NHSCA High School Nationals
Cade Bailey,VA,unknown,2026,2026,220,6,yes,yes,yes,yes,NHSCA High School Nationals
Lawson Clelland,VA,unknown,2026,2026,230,6,yes,no,no,yes,NHSCA High School Nationals
Aiden Lawson,VA,unknown,2026,2025 2026,113 126,5,yes,yes,yes,no,NHSCA High School Nationals
Joseph Fortunato,VA,unknown,2025,2024 2025,113,5,yes,yes,yes,no,NHSCA High School Nationals
Karmyn Lopez,VA,unknown,2026,2025 2026,114 120,5,yes,yes,yes,no,NHSCA High School Nationals
Corey Fazekas,VA,unknown,2025,2025,138,5,yes,yes,no,no,NHSCA High School Nationals
Joshua Wong,VA,unknown,2025,2024 2025,152,5,yes,yes,yes,no,NHSCA High School Nationals
Owen King,VA,unknown,2026,2025 2026,154 182,5,yes,yes,yes,no,NHSCA High School Nationals
Quin Carter,VA,unknown,2026,2026,152,5,yes,yes,no,no,NHSCA High School Nationals
Alexis Jordan,VA,unknown,2026,2025 2026,114 120,4,yes,yes,yes,no,NHSCA High School Nationals
Michael Garcia III,VA,unknown,2025,2025,138,4,yes,yes,no,no,NHSCA High School Nationals
Grissom Edwards,VA,unknown,2025,2025,160,4,yes,yes,yes,no,NHSCA High School Nationals
Jye Lewis,VA,unknown,2025,2024 2025,135 165,4,yes,yes,yes,no,NHSCA High School Nationals
Bella Cartwright,VA,unknown,2026,2026,132,4,yes,yes,yes,no,NHSCA High School Nationals
Alexis Nicholas,VA,unknown,2026,2026,132,4,yes,yes,yes,no,NHSCA High School Nationals
Natalya Whitaker,VA,unknown,2026,2026,152,4,yes,yes,yes,no,NHSCA High School Nationals
Evelyn Cartwright,VA,unknown,2026,2026,165,4,yes,yes,no,no,NHSCA High School Nationals
Max Murray,VA,unknown,2026,2026,160,4,yes,yes,yes,no,NHSCA High School Nationals
Anthony Conte,VA,unknown,2026,2026,142,4,yes,yes,yes,no,NHSCA High School Nationals
Benjamin Buchanan,VA,unknown,2025,2025,105,3,yes,yes,yes,no,NHSCA High School Nationals
Mia Cardenas,VA,unknown,2025,2025,152,3,yes,yes,yes,no,NHSCA High School Nationals
Colton Miller,VA,unknown,2026,2026,106,3,yes,yes,yes,no,NHSCA High School Nationals
Nicky D'Orta,VA,unknown,2026,2026,113,3,yes,yes,yes,no,NHSCA High School Nationals
Serenity Williams,VA,unknown,2026,2026,114,3,yes,yes,yes,no,NHSCA High School Nationals
Maggie Winans,VA,unknown,2026,2026,120,3,yes,yes,yes,no,NHSCA High School Nationals
Cruz Liu,VA,unknown,2026,2026,145,3,yes,yes,yes,no,NHSCA High School Nationals
Tristan Skiff,VA,unknown,2026,2026,152,3,yes,yes,yes,no,NHSCA High School Nationals
Macey Cleary,VA,unknown,2026,2026,235,3,yes,yes,yes,no,NHSCA High School Nationals
Landon Williams,VA,unknown,2026,2026,195,3,yes,yes,yes,no,NHSCA High School Nationals
Logan Keesee,VA,unknown,2025,2025,126,3,yes,yes,yes,no,Super 32
Jeremiah Chinyere Okiyi,VA,unknown,2025,2025,120,2,yes,yes,yes,no,NHSCA High School Nationals
Jaden Adams,VA,unknown,2025,2025,138,2,yes,yes,yes,no,NHSCA High School Nationals
Moses Stacks,VA,unknown,2025,2025,145,2,yes,yes,yes,no,NHSCA High School Nationals
Riley Wallace,VA,unknown,2025,2025,138,2,yes,yes,yes,no,NHSCA High School Nationals
Gavan Peake,VA,unknown,2025,2025,152,2,yes,yes,yes,no,NHSCA High School Nationals
Elijah Wilburn,VA,unknown,2025,2025,170,2,yes,yes,yes,no,NHSCA High School Nationals
Caleb Flores,VA,unknown,2026,2026,106,2,yes,yes,yes,no,NHSCA High School Nationals
"Patrick McMillan, Jr.",VA,unknown,2025,2025,220,2,yes,yes,yes,no,NHSCA High School Nationals
Ayden Moss,VA,unknown,2025,2025,220,2,yes,yes,yes,no,NHSCA High School Nationals
Harrison Gulotta,VA,unknown,2026,2026,132,2,yes,yes,yes,no,NHSCA High School Nationals
Conner Orth,VA,unknown,2026,2026,160,2,yes,yes,yes,no,NHSCA High School Nationals
Kasey Suttor,VA,unknown,2026,2026,160,2,yes,yes,yes,no,NHSCA High School Nationals
Lauren Pitcock,VA,unknown,2026,2026,165,2,yes,yes,yes,no,NHSCA High School Nationals
Kamil Johnson,VA,unknown,2026,2026,185,2,yes,yes,yes,no,NHSCA High School Nationals
Ryan OKeefe,VA,unknown,2025,2025,126,2,yes,yes,yes,no,Super 32
Youssef Askari,VA,unknown,2025,2025,132,2,yes,yes,yes,no,Super 32
F Zachary Leftwich,VA,unknown,2025,2025,215,1,yes,no,no,yes,Fargo 16U Greco-Roman
Luke Galipeau,VT,unknown,2026,2023 2024 2025 2026,90 113 120 126 132,23,yes,yes,no,no,NHSCA High School Nationals
Hailey Isham,VT,Girls,2026,2025 2026,132 140 145,8,yes,yes,yes,no,NHSCA High School Nationals
David Marcellus,VT,unknown,2026,2025 2026,138 145,4,yes,yes,yes,no,NHSCA High School Nationals
Elijah Jensen,WA,unknown,2026,2026,88,11,yes,no,no,yes,Fargo 16U Freestyle
Andrew Monteith,WA,unknown,2025,2025,132,8,yes,yes,yes,no,Fargo 16U Greco-Roman
Rai Quinata,WA,unknown,2026,2026,105,7,yes,yes,yes,no,NHSCA High School Nationals
Emily Ortiz,WA,Girls,2026,2025 2026,145,6,yes,yes,yes,no,NHSCA High School Nationals
Princess Saili,WA,Girls,2026,2026,190,6,yes,no,no,yes,Fargo 16U Women's Freestyle
Koa Fetters,WA,unknown,2025,2025,113,4,yes,yes,no,no,Super 32
Seth Allaben,WA,unknown,2025,2025,220,3,yes,yes,yes,no,NHSCA High School Nationals
Maximus Uckun,WA,unknown,2026,2026,160,3,yes,yes,yes,no,NHSCA High School Nationals
Rylan Transfiguracion,WA,unknown,2026,2026,113,3,yes,yes,yes,no,Fargo Junior Freestyle
Elizabeth Briggs,WA,Girls,2026,2026,125,3,yes,yes,yes,no,Fargo Junior Women's Freestyle
Alexander Penzkover,WI,unknown,2026,2024 2025 2026,132 144 150,37,yes,yes,no,yes,Fargo Junior Greco-Roman
Treyton Altuve,WI,unknown,2026,2025 2026,190,24,yes,no,no,yes,Fargo 16U Freestyle
Tomm Heiser,WI,unknown,2026,2024 2025 2026,157 175,22,yes,no,no,yes,Fargo Junior Freestyle
Daelin Cody,WI,Girls,2026,2025 2026,120 130,17,yes,no,no,yes,Fargo 16U Women's Freestyle
Madilyn Peach,WI,Girls,2026,2025 2026,125 130,15,yes,no,no,yes,Fargo Junior Women's Freestyle
Eldon Roth,WI,unknown,2026,2025 2026,94 100,14,yes,no,no,yes,Fargo Junior Greco-Roman
Michael Daleiden,WI,unknown,2026,2025 2026,150 165,13,yes,no,no,yes,Fargo 16U Greco-Roman
Cassidy O&#039;Connell,WI,Girls,2026,2025 2026,95 105,13,yes,yes,yes,yes,Fargo 16U Women's Freestyle
Morgan Johnson,WI,Girls,2026,2025 2026,120 125,13,yes,no,no,yes,Fargo 16U Women's Freestyle
Kimura Segerson-Hutter,WI,Girls,2026,2025 2026,170 207,13,yes,yes,no,yes,Fargo Junior Women's Freestyle
Grady Nicklay,WI,unknown,2025,2024 2025,144 150,12,yes,yes,yes,no,Fargo 16U Greco-Roman
Erika Sleznikow,WI,Girls,2026,2025 2026,135 140,12,yes,no,no,yes,Fargo 16U Women's Freestyle
Cora Stewart,WI,Girls,2026,2025 2026,110 115,12,yes,no,no,yes,Fargo 16U Women's Freestyle
Reed Akkerman,WI,unknown,2026,2026,88,11,yes,no,no,yes,Fargo 16U Freestyle
Harlow Skenandore,WI,Girls,2026,2025 2026,140,11,yes,no,no,yes,Fargo 16U Women's Freestyle
Kit Alsaker,WI,Girls,2026,2025 2026,130 135,11,yes,yes,yes,no,Fargo 16U Women's Freestyle
Annabella Nelson,WI,Girls,2026,2025 2026,130 135,11,yes,no,no,yes,Fargo 16U Women's Freestyle
Isaac Dunnom,WI,unknown,2026,2025 2026,165 175,10,yes,yes,yes,no,Fargo 16U Greco-Roman
Cole Train Vanderwerff,WI,unknown,2026,2026,88,10,yes,no,no,yes,Fargo 16U Freestyle
Rhadei Kuck,WI,unknown,2025,2024 2025,144 150,10,yes,yes,no,no,Fargo Junior Greco-Roman
Faye Schachtner,WI,Girls,2026,2025 2026,125 135,10,yes,yes,no,no,Fargo 16U Women's Freestyle
Everett Zeitler,WI,unknown,2026,2026,150,9,yes,no,no,yes,Fargo 16U Greco-Roman
Josiah Beltran,WI,unknown,2025,2025,144,9,yes,no,no,yes,Fargo 16U Greco-Roman
Autumn King,WI,Girls,2026,2025 2026,207,9,yes,yes,no,yes,Fargo 16U Women's Freestyle
Brynlee Vaughan,WI,Girls,2026,2025 2026,155,9,yes,yes,no,no,Fargo 16U Women's Freestyle
Ember Zupanc,WI,Girls,2026,2026,115,9,yes,no,no,yes,Fargo 16U Women's Freestyle
Keilan Yang,WI,unknown,2026,2026,113,8,yes,no,no,yes,Fargo 16U Freestyle
Brody Ernest,WI,unknown,2026,2024 2026,144 157,8,yes,yes,yes,no,Fargo Junior Greco-Roman
Kriss Vazquez,WI,unknown,2026,2026,285,8,yes,no,no,yes,Fargo 16U Greco-Roman
Katie Davidson,WI,Girls,2026,2026,140,8,yes,no,no,yes,Fargo 16U Women's Freestyle
Dilynn Albrecht,WI,Girls,2026,2026,105,8,yes,no,no,yes,Fargo Junior Women's Freestyle
Lucian Lorenz,WI,unknown,2026,2026,285,7,yes,no,no,yes,Fargo 16U Greco-Roman
Lilliana Banks,WI,Girls,2025,2025,135,7,yes,no,no,yes,Fargo Junior Women's Freestyle
Mya Beckett,WI,Girls,2026,2026,100,7,yes,no,no,yes,Fargo 16U Women's Freestyle
Anthony Rickman,WI,unknown,2026,2025 2026,165 215,6,yes,yes,yes,no,Fargo 16U Greco-Roman
Aaliyah Miller,WI,Girls,2026,2026,170,6,yes,no,no,yes,Fargo 16U Women's Freestyle
Mercedes Kruse,WI,Girls,2026,2026,207,6,yes,no,no,yes,Fargo 16U Women's Freestyle
Maximus Davis,WI,unknown,2026,2026,157,5,yes,yes,no,no,Fargo Junior Freestyle
Jake Gondik,WI,unknown,2026,2026,106,4,yes,yes,yes,no,Fargo Junior Freestyle
Joseph Moore,WI,unknown,2026,2025 2026,165 175,4,yes,yes,yes,no,Fargo Junior Greco-Roman
Colin Weber,WI,unknown,2026,2026,106,4,yes,yes,no,no,Fargo 16U Greco-Roman
Hazel Holden,WI,Girls,2026,2026,95,4,yes,yes,yes,no,Fargo 16U Women's Freestyle
Sydney Turner,WI,Girls,2026,2026,155,3,yes,yes,no,no,Fargo Junior Women's Freestyle
Wyatt Vargas,WI,unknown,2025,2025,144,2,yes,yes,yes,no,Fargo 16U Freestyle
Frank Juresh,WI,unknown,2025,2025,106,2,yes,yes,yes,no,Fargo Junior Greco-Roman
Meadow Vierck,WI,Girls,2025,2025,110,2,yes,yes,yes,no,Fargo 16U Women's Freestyle
Tony Mohwish III,WV,unknown,2026,2024 2025 2026,85 100 120,19,yes,no,no,yes,NHSCA High School Nationals
Jett Hines,WV,unknown,2026,2026,112 113,16,yes,no,no,yes,NHSCA High School Nationals
Brock Humphrey,WV,unknown,2025,2025,113,14,yes,yes,no,no,NHSCA High School Nationals
Georgie Mamakos,WV,unknown,2026,2025 2026,132 138,13,yes,yes,yes,no,NHSCA High School Nationals
Griffin Smith,WV,unknown,2026,2025 2026,95 100,13,yes,yes,yes,yes,NHSCA High School Nationals
Anthony Preolitti,WV,unknown,2026,2026,170,11,yes,no,no,yes,NHSCA High School Nationals
Collin Artman,WV,unknown,2026,2025 2026,85 100,10,yes,no,no,yes,NHSCA High School Nationals
Emmitt Myers,WV,unknown,2026,2026,135 144,10,yes,no,no,yes,NHSCA High School Nationals
Caleb Flanagan,WV,unknown,2026,2024 2026,113 120,8,yes,yes,no,no,NHSCA High School Nationals
James Hedrick,WV,unknown,2026,2026,180,7,yes,no,no,yes,NHSCA High School Nationals
Easton Spaulding,WV,unknown,2026,2026,142,3,yes,yes,yes,no,NHSCA High School Nationals
Seth Adkins,WV,unknown,2025,2025,145,2,yes,yes,yes,no,NHSCA High School Nationals
Garrin Hatfield,WV,unknown,2026,2026,113,2,yes,yes,yes,no,NHSCA High School Nationals
Tori Hovatter,WV,unknown,2026,2026,107,2,yes,yes,yes,no,NHSCA High School Nationals
Owen Woodrum,WV,unknown,2026,2026,145,2,yes,yes,yes,no,NHSCA High School Nationals
John-John Akers,WV,unknown,2026,2026,195,2,yes,yes,yes,no,NHSCA High School Nationals
Draedyn Johnson,WY,unknown,2025,2023 2024 2025,160 170,8,yes,yes,yes,no,NHSCA High School Nationals
Joshuah Hernandez,WY,unknown,2026,2026,120,7,yes,yes,yes,no,Fargo 16U Freestyle
Rebecca Oetken,WY,unknown,2025,2025,185,6,yes,no,no,yes,NHSCA High School Nationals
Wes Holman,WY,unknown,2026,2026,150,5,yes,yes,yes,no,Fargo 16U Freestyle
Travis Hurtado,WY,unknown,2025,2025,157,4,yes,yes,yes,no,Fargo Junior Greco-Roman
Braden Ghormley,WY,unknown,2026,2026,126,4,yes,yes,yes,no,Fargo 16U Freestyle
Trent Oakley,WY,unknown,2026,2026,157,4,yes,yes,yes,no,Fargo 16U Freestyle
Hailey Robinson,WY,Girls,2026,2026,105,4,yes,yes,yes,no,Fargo 16U Women's Freestyle
Taylor Freeman,WY,Girls,2026,2026,105,3,yes,yes,yes,no,Fargo Junior Women's Freestyle
